"License Number","Status Changed From/To","Type| Dup","Original Issue Date","Expir. Date","Primary Owner and Premises Addr.","Mailing Addr.","Transfer-From/To","Conditions","Escrow","District Code","Geo Code","Prem Street","City","County","Zip Code","Mailing Street","Mailing City","Mailing Zip Code","Mailing State"
"53650","REVPEN ACTIVE","21 | 0","07/28/1970","10/31/2024","DBA: S M & BS LIQUORS INC                        S M & BS LIQUORS INC                         9467 S NORMANDIE AVE,                         LOS ANGELES, CA  90044","","","","","4","1900","9467 S NORMANDIE AVE","LOS ANGELES","19","90044","","","",""
"53650","REVPEN ACTIVE","21 | 0","07/28/1970","10/31/2024","DBA: S M & BS LIQUORS INC                        S M & BS LIQUORS INC                         9467 S NORMANDIE AVE,                         LOS ANGELES, CA  90044","","","","","4","1900","9467 S NORMANDIE AVE","LOS ANGELES","19","90044","","","",""
"260511","SUREND CANCEL","41 | 0","05/17/1991","01/31/2024","DBA: TACO LOCO                        REBOLLAR, GONZALO H                         640 S COAST HWY,                         LAGUNA BEACH, CA  92651","","","7","","11","3011","640 S COAST HWY","LAGUNA BEACH","30","92651","","","",""
"355765","ACTIVE CANCEL","41 | 0","11/08/1999","10/31/2024","DBA: LUIGIS SANDWICH PALACE                        SHETAYA, JAMAL OGLAH                         326 LITTLEFIELD AVE,                         SOUTH SAN FRANCISCO, CA  94080","","41-272044/ 41-651347","","","25","4114","326 LITTLEFIELD AVE","SOUTH SAN FRANCISCO","41","94080","","","",""
"355765","ACTIVE CANCEL","41 | 0","11/08/1999","10/31/2024","DBA: LUIGIS SANDWICH PALACE                        SHETAYA, JAMAL OGLAH                         326 LITTLEFIELD AVE,                         SOUTH SAN FRANCISCO, CA  94080","","41-272044/ 41-651347","","","25","4114","326 LITTLEFIELD AVE","SOUTH SAN FRANCISCO","41","94080","","","",""
"398778","ACTIVE SUSPEN","47 | 1","05/21/2003","04/30/2024","DBA: SAMBA BRAZILIAN STEAK HOUSE                        SOUTH BAY RESTAURANT GROUP INCORPORATED                         207 N HARBOR DR,                         REDONDO BEACH, CA  90277-2508","","47-158590","","","3","1946","207 N HARBOR DR","REDONDO BEACH","19","90277","","","",""
"398778","ACTIVE SUSPEN","58 | 1","05/21/2003","04/30/2024","DBA: SAMBA BRAZILIAN STEAK HOUSE                        SOUTH BAY RESTAURANT GROUP INCORPORATED                         207 N HARBOR DR,                         REDONDO BEACH, CA  90277-2508","","47-158590","","","3","1946","207 N HARBOR DR","REDONDO BEACH","19","90277","","","",""
"398778","ACTIVE SUSPEN","47 | 1","05/21/2003","04/30/2024","DBA: SAMBA BRAZILIAN STEAK HOUSE                        SOUTH BAY RESTAURANT GROUP INCORPORATED                         207 N HARBOR DR,                         REDONDO BEACH, CA  90277-2508","","47-158590","","","3","1946","207 N HARBOR DR","REDONDO BEACH","19","90277","","","",""
"421810","ACTIVE CANCEL","41 | 0","02/15/2005","11/30/2024","DBA: SIAM PALACE THAI CUISINE                        NUNTAYA, SAGUL                         22545 FOOTHILL BLVD,                         HAYWARD, CA  94541","","41-420025/ 41-654545","","","22","0106","22545 FOOTHILL BLVD","HAYWARD","01","94541","","","",""
"425475","ACTIVE CANCEL","47 | 1","06/15/2005","05/31/2024","DBA: PATINA CATERING AT DESCANSO GARDENS                        PATINA GROUP NEWCO LLC THE                         1418 DESCANSO DR,                         LA CANADA FLINTRIDGE, CA  91011","250 DELAWARE AVE, 12TH FLR - LICENSING                              BUFFALO, NY  14202","47-401991/ 47-653612","7,A","","5","1979","1418 DESCANSO DR","LA CANADA FLINTRIDGE","19","91011","250 DELAWARE AVE, 12TH FLR - LICENSING","BUFFALO","14202","NY"
"425475","ACTIVE CANCEL","68 | 1","06/15/2005","05/31/2024","DBA: PATINA CATERING AT DESCANSO GARDENS                        PATINA GROUP NEWCO LLC THE                         1418 DESCANSO DR,                         LA CANADA FLINTRIDGE, CA  91011","250 DELAWARE AVE, 12TH FLR - LICENSING                              BUFFALO, NY  14202","47-401991/ 47-653612","7,A","","5","1979","1418 DESCANSO DR","LA CANADA FLINTRIDGE","19","91011","250 DELAWARE AVE, 12TH FLR - LICENSING","BUFFALO","14202","NY"
"447133","ACTIVE CANCEL","20 | 0","12/04/2006","11/30/2024","DBA: VIENTIANE ORIENTAL MARKET                        VIENTIANE ORIENTAL MARKET INC.                         288 S MAIN ST,                         PORTERVILLE, CA  93257-4741","284 S MAIN ST                              PORTERVILLE, CA  93257-4741","20-252899/ 20-653163","","","21","5404","288 S MAIN ST","PORTERVILLE","54","93257","284 S MAIN ST","PORTERVILLE","93257","CA"
"464247","ACTIVE CANCEL","48 | 2","11/23/2009","10/31/2024","DBA: WORTHINGTONS TAVERN                        SHELBYZ ENTERPRISES INC                         3587 UNIVERSITY AVE,                         RIVERSIDE, CA  92501-3328","","47-409448/ 48-654247","7","","7","3312","3587 UNIVERSITY AVE","RIVERSIDE","33","92501","","","",""
"464247","ACTIVE CANCEL","58 | 2","11/23/2009","10/31/2024","DBA: WORTHINGTONS TAVERN                        SHELBYZ ENTERPRISES INC                         3587 UNIVERSITY AVE,                         RIVERSIDE, CA  92501-3328","","47-409448/ 48-654247","7","","7","3312","3587 UNIVERSITY AVE","RIVERSIDE","33","92501","","","",""
"464247","ACTIVE CANCEL","77 | 2","11/23/2009","10/31/2024","DBA: WORTHINGTONS TAVERN                        SHELBYZ ENTERPRISES INC                         3587 UNIVERSITY AVE,                         RIVERSIDE, CA  92501-3328","","47-409448/ 48-654247","7","","7","3312","3587 UNIVERSITY AVE","RIVERSIDE","33","92501","","","",""
"468552","ACTIVE SUREND","21 | 0","09/05/2008","08/31/2024","DBA: R COUNTRY MARKET                        KHALIL, AZIZ                         2948 GRAND AVE,                         LOS OLIVOS, CA  93441","P O BOX 410                              LOS OLIVOS, CA  93441","21-380087","7","","13","4200","2948 GRAND AVE","LOS OLIVOS","42","93441","P O BOX 410","LOS OLIVOS","93441","CA"
"468552","ACTIVE SUREND","41 | 0","09/05/2008","08/31/2024","DBA: R COUNTRY MARKET                        KHALIL, AZIZ                         2948 GRAND AVE,                         LOS OLIVOS, CA  93441","P O BOX 410                              LOS OLIVOS, CA  93441","41-443431","7","","13","4200","2948 GRAND AVE","LOS OLIVOS","42","93441","P O BOX 410","LOS OLIVOS","93441","CA"
"478094","REVPEN ACTIVE","61 | 0","11/05/2010","10/31/2024","DBA: EAGLE ROCK BREWERY                        EAGLE ROCK BREWERY LLC                         3056 ROSWELL ST,                         LOS ANGELES, CA  90065-2214","","","7","","4","1933","3056 ROSWELL ST","LOS ANGELES","19","90065","","","",""
"478094","REVPEN ACTIVE","61 | 0","11/05/2010","10/31/2024","DBA: EAGLE ROCK BREWERY                        EAGLE ROCK BREWERY LLC                         3056 ROSWELL ST,                         LOS ANGELES, CA  90065-2214","","","7","","4","1933","3056 ROSWELL ST","LOS ANGELES","19","90065","","","",""
"478290","REVPEN ACTIVE","41 | 0","11/19/2009","10/31/2024","DBA: CAFE HOMME                        PAK, SOOK YANG                         3377 WILSHIRE BLVD, STE 109,                         LOS ANGELES, CA  90010-1851","","","7","","4","1933","3377 WILSHIRE BLVD, STE 109","LOS ANGELES","19","90010","","","",""
"478290","REVPEN ACTIVE","41 | 0","11/19/2009","10/31/2024","DBA: CAFE HOMME                        PAK, SOOK YANG                         3377 WILSHIRE BLVD, STE 109,                         LOS ANGELES, CA  90010-1851","","","7","","4","1933","3377 WILSHIRE BLVD, STE 109","LOS ANGELES","19","90010","","","",""
"479635","SUREND CANCEL","21 | 0","09/10/2009","08/31/2024","DBA: CVS PHARMACY 9705                        GARFIELD BEACH CVS LLC                         13181 PEYTON DR,                         CHINO HILLS, CA  91709-6002","1 CVS DR, MC# 1160                              WOONSOCKET, RI  02895-6146","21-439379/ 21-649891","","","7","3623","13181 PEYTON DR","CHINO HILLS","36","91709","1 CVS DR, MC# 1160","WOONSOCKET","02895","RI"
"506473","ACTIVE CANCEL","41 | 0","01/26/2011","12/31/2024","DBA: HOOK BURGER BISTRO                        ROSE HOOK L-PSHIP                         1811 N ROSE AVE,                         OXNARD, CA  93030-2600","23 HITCHCOCK WAY, STE 107                              SANTA BARBARA, CA  93105-6156","41-501625/ 41-653327","7","","12","5603","1811 N ROSE AVE","OXNARD","56","93030","23 HITCHCOCK WAY, STE 107","SANTA BARBARA","93105","CA"
"506694","ACTIVE SUSPEN","41 | 1","04/15/2011","08/31/2024","DBA: VIKING GARDEN RESTAURANT                        ALVAREZ, LEONEL                         446 & 448 ALISAL RD, STE C D & E,                         SOLVANG, CA  93463-3736","","41-468413","7","","13","4206","446 & 448 ALISAL RD, STE C D & E","SOLVANG","42","93463","","","",""
"506694","ACTIVE SUSPEN","58 | 1","04/15/2011","08/31/2024","DBA: VIKING GARDEN RESTAURANT                        ALVAREZ, LEONEL                         446 & 448 ALISAL RD, STE C D & E,                         SOLVANG, CA  93463-3736","","41-468413","7","","13","4206","446 & 448 ALISAL RD, STE C D & E","SOLVANG","42","93463","","","",""
"511685","ACTIVE CANCEL","20 | 0","12/20/2011","11/30/2024","DBA: LA COLONIAL MARKET                        JUNG, KIL JAE                         1013 S CENTRE ST,                         SAN PEDRO, CA  90731-4217","","20-506178/ 20-654438","","MADRONA PARK ESCROW INC 23868 HAWTHORNE BLVD STE 101 TORRANCE, CA  90505-8205","3","1933","1013 S CENTRE ST","SAN PEDRO","19","90731","","","",""
"523280","ACTIVE CANCEL","20 | 0","10/31/2012","09/30/2024","DBA: GRASSROOTS NATURAL MARKET & KITCHEN                        GREENMEADOW ENTERPRISES                         1119 FAIR OAKS AVE,                         SOUTH PASADENA, CA  91030-3311","","","7","","2","1957","1119 FAIR OAKS AVE","SOUTH PASADENA","19","91030","","","",""
"524254","ACTIVE CANCEL","21 | 0","10/03/2012","09/30/2024","DBA: HILLSDALE MARKET                        TANDEL, MANUBHAI BUDHABHAI                         212 E HILLSDALE BLVD,                         SAN MATEO, CA  94403-2819","","21-500365/ 21-654176","","LAW OFFICE OF JAMEEL M SHIHADEH 333 GELLERT BLVD STE 145 DALY CITY, CA  94015","25","4113","212 E HILLSDALE BLVD","SAN MATEO","41","94403","","","",""
"535785","ACTIVE SUSPEN","41 | 0","12/06/2013","11/30/2023","DBA: PHO CRAZY                        PHO CRAZY LLC                         320 W 3RD ST, STE G,                         SANTA ROSA, CA  95401-7627","","41-533242","","","27","4904","320 W 3RD ST, STE G","SANTA ROSA","49","95401","","","",""
"537651","ACTIVE CANCEL","47 | 1","06/02/2014","05/31/2024","DBA: EL CANGREJO NICE                        CMB RESTAURANT GROUP INC                         510 HIDDEN VALLEY PKWY, STE 101,                         CORONA, CA  92879-8618","1311 S WANAMAKER AVE                              ONTARIO, CA  91761","","5","","7","3306","510 HIDDEN VALLEY PKWY, STE 101","CORONA","33","92879","1311 S WANAMAKER AVE","ONTARIO","91761","CA"
"537651","ACTIVE CANCEL","58 | 1","06/02/2014","05/31/2024","DBA: EL CANGREJO NICE                        CMB RESTAURANT GROUP INC                         510 HIDDEN VALLEY PKWY, STE 101,                         CORONA, CA  92879-8618","1311 S WANAMAKER AVE                              ONTARIO, CA  91761","","5","","7","3306","510 HIDDEN VALLEY PKWY, STE 101","CORONA","33","92879","1311 S WANAMAKER AVE","ONTARIO","91761","CA"
"539768","ACTIVE CANCEL","23 | 0","03/11/2014","02/29/2024","DBA: ALE INDUSTRIES LLC                        ALE INDUSTRIES LLC                         3096 E 10TH ST,                         OAKLAND, CA  94601-2960","","23-475935","","","22","0109","3096 E 10TH ST","OAKLAND","01","94601","","","",""
"555339","PEND ACTIVE","02 | 0","01/29/2024","06/30/2024","DBA: SOUR CELLARS BARREL ROOM                        SOUR CELLARS LLC                         9495 9TH ST, UNIT B, C, D,                         RANCHO CUCAMONGA, CA  91730-4564","9495 9TH ST, UNIT D                              RANCHO CUCAMONGA, CA  91730","","","","7","3615","9495 9TH ST, UNIT B, C, D","RANCHO CUCAMONGA","36","91730","9495 9TH ST, UNIT D","RANCHO CUCAMONGA","91730","CA"
"555522","SUREND SUSPEN","41 | 0","05/08/2015","04/30/2024","DBA: SALINAS PIZZA & PINTS                        CHAIDEZ FAMILY LLC                         156 E LAUREL DR,                         SALINAS, CA  93906-2860","","41-398124","","CHICAGO TITLE 1460 W SEVENTH ST STE 102 HANFORD, CA  93230","26","2708","156 E LAUREL DR","SALINAS","27","93906","","","",""
"561317","ACTIVE CANCEL","20 | 0","03/09/2016","02/29/2024","DBA: PLAZA DR ARCO AMPM                        3804 PLAZA DRIVE, INC.                         3804 PLAZA DR,                         OCEANSIDE, CA  92056-4623","11465 WOODSIDE AVE                              SANTEE, CA  92071-4725","20-525289/ 20-655161","","ALLISON-MCCLOSKEY EC 4820 EL CAJON BLVD SAN DIEGO, CA  92115-4695","9","3709","3804 PLAZA DR","OCEANSIDE","37","92056","11465 WOODSIDE AVE","SANTEE","92071","CA"
"564412","REVPEN ACTIVE","41 | 0","11/14/2016","10/31/2024","BEZEL AMERICA INC                         6801 HOLLYWOOD BLVD, #T3-315,                         LOS ANGELES, CA  90028-6136","6801 HOLLYWOOD BLVD, #317                              LOS ANGELES, CA  90028","","7","","4","1933","6801 HOLLYWOOD BLVD, #T3-315","LOS ANGELES","19","90028","6801 HOLLYWOOD BLVD, #317","LOS ANGELES","90028","CA"
"564412","REVPEN ACTIVE","41 | 0","11/14/2016","10/31/2024","BEZEL AMERICA INC                         6801 HOLLYWOOD BLVD, #T3-315,                         LOS ANGELES, CA  90028-6136","6801 HOLLYWOOD BLVD, #317                              LOS ANGELES, CA  90028","","7","","4","1933","6801 HOLLYWOOD BLVD, #T3-315","LOS ANGELES","19","90028","6801 HOLLYWOOD BLVD, #317","LOS ANGELES","90028","CA"
"566710","AUTREV SUREND","48 | 0","10/10/2016","09/30/2024","DBA: GENEVER                        GENEVER LLC                         3123 BEVERLY BLVD,                         LOS ANGELES, CA  90057","","47-500649","7","ABC ESCROW  2222 DAMON STREET  LOS ANGELES, CA  90021","4","1933","3123 BEVERLY BLVD","LOS ANGELES","19","90057","","","",""
"566710","AUTREV SUREND","48 | 0","10/10/2016","09/30/2024","DBA: GENEVER                        GENEVER LLC                         3123 BEVERLY BLVD,                         LOS ANGELES, CA  90057","","47-500649","7","ABC ESCROW  2222 DAMON STREET  LOS ANGELES, CA  90021","4","1933","3123 BEVERLY BLVD","LOS ANGELES","19","90057","","","",""
"571980","REVPEN ACTIVE","20 | 0","11/03/2016","10/31/2024","DBA: OM GROUP OIL MISSION                        OM GROUP OIL INC                         335 MISSION ST,                         SANTA CRUZ, CA  95060","200 S FRONTAGE RD , STE 310                              BURR RIDGE, IL  60527","20-506024","","","26","4402","335 MISSION ST","SANTA CRUZ","44","95060","200 S FRONTAGE RD , STE 310","BURR RIDGE","60527","IL"
"571980","REVPEN ACTIVE","20 | 0","11/03/2016","10/31/2024","DBA: OM GROUP OIL MISSION                        OM GROUP OIL INC                         335 MISSION ST,                         SANTA CRUZ, CA  95060","200 S FRONTAGE RD , STE 310                              BURR RIDGE, IL  60527","20-506024","","","26","4402","335 MISSION ST","SANTA CRUZ","44","95060","200 S FRONTAGE RD , STE 310","BURR RIDGE","60527","IL"
"572960","SUSPEN ACTIVE","48 | 0","08/28/2017","04/30/2024","DBA: OK CORRAL                        KLEINHEINZ, GEORGE ERIC                         27065 HWY 88,                         PIONEER, CA  95666","PO BOX 833                              PIONEER, CA  95666","47-572960","7","","23","0300","27065 HWY 88","PIONEER","03","95666","PO BOX 833","PIONEER","95666","CA"
"573040","SUREND CANCEL","21 | 0","12/23/2016","11/30/2024","DBA: MAC'S BAIT & TACKLE                        LORD, DONNA                         25 BEN HULSE HWY,                         PALO VERDE, CA  92266","178 KRISTENS COURT DR.                              MOORSEVILLE, NC  28115","","5","","8","1300","25 BEN HULSE HWY","PALO VERDE","13","92266","178 KRISTENS COURT DR.","MOORSEVILLE","28115","NC"
"573944","ACTIVE CANCEL","47 | 1","04/26/2017","03/31/2024","DBA: MOCKINGBIRD CAFE                        MOCKINGBIRD 13TH STREET INVESTORS LP                         416 13TH ST,                         OAKLAND, CA  94612-2602","","","5","","22","0109","416 13TH ST","OAKLAND","01","94612","","","",""
"573944","ACTIVE CANCEL","58 | 1","04/26/2017","03/31/2024","DBA: MOCKINGBIRD CAFE                        MOCKINGBIRD 13TH STREET INVESTORS LP                         416 13TH ST,                         OAKLAND, CA  94612-2602","","","5","","22","0109","416 13TH ST","OAKLAND","01","94612","","","",""
"588424","ACTIVE NREN","23 | 0","12/19/2018","11/30/2023","DBA: WINGWALKER BREWING                        TARRTHAIL MADRA BREWING, LLC                          235 W MAPLE AVE,                         MONROVIA, CA  91016-3329","","","","","2","1937","235 W MAPLE AVE","MONROVIA","19","91016","","","",""
"588911","ACTIVE SUSPEN","40 | 0","10/10/2019","09/30/2024","DBA: FRESBREW                        FRESBREW, LLC                         810 E OLIVE AVE,                         FRESNO, CA  93728-3333","","","7","","21","1005","810 E OLIVE AVE","FRESNO","10","93728","","","",""
"591543","SUSPEN ACTIVE","47 | 0","07/31/2018","06/30/2024","DBA: EL DIA DE LOS PUERCOS AT THE RIVERSIDE FOOD LAB                        DDLP RFL INC                         3605 MARKET ST, UNIT 11,                         RIVERSIDE, CA  92501-2842","1718 E MARDINA ST                              WEST COVINA, CA  91791-1314","","7,A","","7","3312","3605 MARKET ST, UNIT 11","RIVERSIDE","33","92501","1718 E MARDINA ST","WEST COVINA","91791","CA"
"594862","PEND ACTIVE","02 | 0","01/29/2024","06/30/2024","DBA: INDIAN VALLEY BREWING COMPANY                        INDIAN VALLEY BREWING, LLC                         1016 RAILROAD AVE,                         NOVATO, CA  94945-2510","","","","","27","2110","1016 RAILROAD AVE","NOVATO","21","94945","","","",""
"596197","REVPEN ACTIVE","17 | 1","11/02/2018","10/31/2024","DBA: VIGNE DIRECT LLC                        VIGNE DIRECT LLC                         1425 W 12TH ST, APT 151,                         LOS ANGELES, CA  90015-4502","","","7","","4","1933","1425 W 12TH ST, APT 151","LOS ANGELES","19","90015","","","",""
"596197","REVPEN ACTIVE","17 | 1","11/02/2018","10/31/2024","DBA: VIGNE DIRECT LLC                        VIGNE DIRECT LLC                         1425 W 12TH ST, APT 151,                         LOS ANGELES, CA  90015-4502","","","7","","4","1933","1425 W 12TH ST, APT 151","LOS ANGELES","19","90015","","","",""
"596197","REVPEN ACTIVE","09 | 1","11/02/2018","10/31/2024","DBA: VIGNE DIRECT LLC                        VIGNE DIRECT LLC                         1425 W 12TH ST, APT 151,                         LOS ANGELES, CA  90015-4502","","","7","","4","1933","1425 W 12TH ST, APT 151","LOS ANGELES","19","90015","","","",""
"596197","REVPEN ACTIVE","09 | 1","11/02/2018","10/31/2024","DBA: VIGNE DIRECT LLC                        VIGNE DIRECT LLC                         1425 W 12TH ST, APT 151,                         LOS ANGELES, CA  90015-4502","","","7","","4","1933","1425 W 12TH ST, APT 151","LOS ANGELES","19","90015","","","",""
"597064","ACTIVE CANCEL","41 | 0","12/06/2018","11/30/2024","DBA: VEGAN PLATE                        GATC LLC                         1821 DOUGLAS BLVD, STE C5,                         ROSEVILLE, CA  95661-2910","","41-397817/ 41-654130","","OLD REPUBLIC TITLE COMPANY 1000 BURNETT AVE #400 CONCORD, CA  94520","23","3105","1821 DOUGLAS BLVD, STE C5","ROSEVILLE","31","95661","","","",""
"598763","ACTIVE SUREND","47 | 1","06/12/2020","05/31/2024","OAKWOOD PARK LLC                         1305 ABBOT KINNEY BLVD,                         VENICE, CA  90291-3739","","47-526423","2,7","ABC ESCROW 2222 DAMON STREET  LOS ANGELES, CA  90021","3","1933","1305 ABBOT KINNEY BLVD","VENICE","19","90291","","","",""
"598763","ACTIVE SUREND","58 | 1","06/12/2020","05/31/2024","OAKWOOD PARK LLC                         1305 ABBOT KINNEY BLVD,                         VENICE, CA  90291-3739","","47-526423","2,7","ABC ESCROW 2222 DAMON STREET  LOS ANGELES, CA  90021","3","1933","1305 ABBOT KINNEY BLVD","VENICE","19","90291","","","",""
"601575","ACTIVE CANCEL","41 | 0","05/29/2019","04/30/2024","DBA: BAYROOT LEBANESE CUISINE                        GMG CUISINE INC                         1130 BROADWAY,                         BURLINGAME, CA  94010-3422","","","","","25","4103","1130 BROADWAY","BURLINGAME","41","94010","","","",""
"605808","SUSPEN ACTIVE","21 | 0","09/06/2019","08/31/2024","DBA: JJ LIQUOR                        BD SUPER CORP                         840 W ROSECRANS AVE,                         COMPTON, CA  90222","","21-579802","7","UNITED ESCROW 3600 WILSHIRE BLVD #913 LOS ANGELES, CA  90010","3","1912","840 W ROSECRANS AVE","COMPTON","19","90222","","","",""
"605808","SUSPEN ACTIVE","21 | 0","09/06/2019","08/31/2024","DBA: JJ LIQUOR                        BD SUPER CORP                         840 W ROSECRANS AVE,                         COMPTON, CA  90222","","21-579802","7","UNITED ESCROW 3600 WILSHIRE BLVD #913 LOS ANGELES, CA  90010","3","1912","840 W ROSECRANS AVE","COMPTON","19","90222","","","",""
"605935","ACTIVE SUSPEN","41 | 0","10/29/2019","09/30/2024","DBA: EL CHAPARRO                        PEREZ CABRERA, PABLO                         1087 23RD ST,                         RICHMOND, CA  94804-1258","","","7","","22","0709","1087 23RD ST","RICHMOND","07","94804","","","",""
"608237","ACTIVE CANCEL","41 | 0","09/20/2019","08/31/2024","DBA: CHEVE Y BARBACHA                        FRIDOLIS LLC                         13121 PERRIS BLVD, STE 102-103,                         MORENO VALLEY, CA  92553-4213","PO BOX 8022                              MORENO VALLEY, CA  92552-8022","","7","","7","3321","13121 PERRIS BLVD, STE 102-103","MORENO VALLEY","33","92553","PO BOX 8022","MORENO VALLEY","92552","CA"
"610073","REVPEN ACTIVE","47 | 1","11/25/2019","10/31/2024","DBA: TAURUS STEAKHOUSE                        CUVEE 727,LLC                         725-729 LAUREL ST,                         SAN CARLOS, CA  94070","181 4TH AVE                              SAN MATEO, CA  94401","47-407894","7","FIDELITY NATIONAL TITLE CO 405 PRIMROSE RD BURLINGAME, CA  94010","25","4112","725-729 LAUREL ST","SAN CARLOS","41","94070","181 4TH AVE","SAN MATEO","94401","CA"
"610073","REVPEN ACTIVE","47 | 1","11/25/2019","10/31/2024","DBA: TAURUS STEAKHOUSE                        CUVEE 727,LLC                         725-729 LAUREL ST,                         SAN CARLOS, CA  94070","181 4TH AVE                              SAN MATEO, CA  94401","47-407894","7","FIDELITY NATIONAL TITLE CO 405 PRIMROSE RD BURLINGAME, CA  94010","25","4112","725-729 LAUREL ST","SAN CARLOS","41","94070","181 4TH AVE","SAN MATEO","94401","CA"
"610073","REVPEN ACTIVE","58 | 1","11/25/2019","10/31/2024","DBA: TAURUS STEAKHOUSE                        CUVEE 727,LLC                         725-729 LAUREL ST,                         SAN CARLOS, CA  94070","181 4TH AVE                              SAN MATEO, CA  94401","47-407894","7","FIDELITY NATIONAL TITLE CO 405 PRIMROSE RD BURLINGAME, CA  94010","25","4112","725-729 LAUREL ST","SAN CARLOS","41","94070","181 4TH AVE","SAN MATEO","94401","CA"
"610073","REVPEN ACTIVE","58 | 1","11/25/2019","10/31/2024","DBA: TAURUS STEAKHOUSE                        CUVEE 727,LLC                         725-729 LAUREL ST,                         SAN CARLOS, CA  94070","181 4TH AVE                              SAN MATEO, CA  94401","47-407894","7","FIDELITY NATIONAL TITLE CO 405 PRIMROSE RD BURLINGAME, CA  94010","25","4112","725-729 LAUREL ST","SAN CARLOS","41","94070","181 4TH AVE","SAN MATEO","94401","CA"
"612025","ACTIVE SUSPEN","41 | 0","10/20/2020","09/30/2024","DBA: LIMITLESS AXES AND ALES                        LIMITLESS AXE LOUNGE, INC.                         1809 SANTA RITA RD, STE  A&B,                         PLEASANTON, CA  94566-4783","PO BOX 2453                              MURPHYS, CA  95247","","7","","22","0111","1809 SANTA RITA RD, STE  A&B","PLEASANTON","01","94566","PO BOX 2453","MURPHYS","95247","CA"
"613576","SUREND CANCEL","41 | 0","02/27/2020","01/31/2024","DBA: EL CARIBBEAN SEAFOOD RESTAURANT                        EL CARIBBEAN CORP                          17371 VALLEY BLVD,                         LA PUENTE, CA  91744-5653","","41-569072/ 41-651126","","PENN ESCROW INC 1818 W BEVERLY BLVD STE 103 MONTEBELLO, CA  90640","2","1930","17371 VALLEY BLVD","LA PUENTE","19","91744","","","",""
"614938","ACTIVE CANCEL","41 | 0","07/17/2020","06/30/2024","JIMENEZ, HECTOR                         1220 W BURBANK BLVD,                         BURBANK, CA  91506-1416","","41-554341/ 41-651134","7","CLOSING AGENTS ESCROW INC 914 N HOLLYWOOD WAY BURBANK, CA  91505","5","1910","1220 W BURBANK BLVD","BURBANK","19","91506","","","",""
"618765","ACTIVE CANCEL","20 | 0","10/15/2020","09/30/2024","DBA: KRUSE DAIRY                        SNP MARKET, INC                         9621 KRUSE RD,                         PICO RIVERA, CA  90660-1432","532 N MARIPOSA AVE, #101                              LOS ANGELES, CA  90004","20-593930/ 20-654427","7","HANA ESCROW COMPANY IN 3580 WILSHIRE BLVD STE 1170 LOS ANGELES, CA  90010","2","1944","9621 KRUSE RD","PICO RIVERA","19","90660","532 N MARIPOSA AVE, #101","LOS ANGELES","90004","CA"
"622442","ACTIVE SUREND","20 | 0","09/08/2021","08/31/2024","DBA: R & S MARKET                        R&S MARKET                         8802 CYPRESS AVE,                         RIVERSIDE, CA  92503-1817","","20-595155","","AFFILIATE ESCROW 3914 MURPHY CANYON RD STE A144 SAN DIEGO, CA  92123","7","3312","8802 CYPRESS AVE","RIVERSIDE","33","92503","","","",""
"623286","PEND ACTIVE","18 | 1","01/30/2024","12/31/2024","DBA: REGAL WINE COMPANY                         REGAL III LLC                         133 AVIATION BLVD, STE 100,                         SANTA ROSA, CA  95403-8279","421 AVIATION BLVD                              SANTA ROSA, CA  95403-1069","","","","27","4900","133 AVIATION BLVD, STE 100","SANTA ROSA","49","95403","421 AVIATION BLVD","SANTA ROSA","95403","CA"
"623286","PEND ACTIVE","12 | 1","01/30/2024","12/31/2024","DBA: REGAL WINE COMPANY                         REGAL III LLC                         133 AVIATION BLVD, STE 100,                         SANTA ROSA, CA  95403-8279","421 AVIATION BLVD                              SANTA ROSA, CA  95403-1069","","","","27","4900","133 AVIATION BLVD, STE 100","SANTA ROSA","49","95403","421 AVIATION BLVD","SANTA ROSA","95403","CA"
"624974","ACTIVE SUSPEN","41 | 0","06/09/2021","05/31/2024","DBA: EL CHICANO                        SANCHEZ ORTEGA, JUAN  ANGEL                         1551 S MAIN ST,                         WILLITS, CA  95490-4311","","","","","27","2304","1551 S MAIN ST","WILLITS","23","95490","","","",""
"625324","ACTIVE CANCEL","23 | 0","09/16/2021","01/31/2024","DBA: ROULEUR BREWING COMPANY                        HAIR TRIGGER LLC                         2899 UNIVERSITY AVE,                         SAN DIEGO, CA  92104","3583 WILD OAK LN                              ESCONDIDO, CA  92027-6513","","7","","10","3710","2899 UNIVERSITY AVE","SAN DIEGO","37","92104","3583 WILD OAK LN","ESCONDIDO","92027","CA"
"628223","ACTIVE SUSPEN","41 | 0","12/14/2021","11/30/2024","DBA: CHICAGOS PIZZA WITH TWIST                        KAMBOJ INVESTMENTS INC                         1156 S MAIN ST, STE B,                         MANTECA, CA  95337","233 SPRINGFIELD DR                              MANTECA, CA  95337","","","","29","3903","1156 S MAIN ST, STE B","MANTECA","39","95337","233 SPRINGFIELD DR","MANTECA","95337","CA"
"629095","ACTIVE CANCEL","47 | 0","10/15/2021","09/30/2024","DBA: FOLSOM TAP HOUSE                        SKYWORKS  ENTERPRISES, INC                         25005 BLUE RAVINE RD, STE 140,                         FOLSOM, CA  95630-5706","1976 WESLEY DR                              FOLSOM, CA  95630","47-540642/ 47-654070","7","CAPITOL CITY ESCROW  3838 WATT AVE  STE F-610  SACRAMENTO, CA  95821","23","3401","25005 BLUE RAVINE RD, STE 140","FOLSOM","34","95630","1976 WESLEY DR","FOLSOM","95630","CA"
"632262","ACTIVE CANCEL","20 | 0","02/16/2022","01/31/2024","DBA: FOWLER FOOD CENTER                        MUFTAH, QASSIM MOHAMED                         220 E MERCED ST,                         FOWLER, CA  93625-2313","","20-567080/ 20-654992","","LENNAR TITLE, INC.  7555 N PALM AVENUE SUITE 210 FRESNO, CA  93711","21","1004","220 E MERCED ST","FOWLER","10","93625","","","",""
"632902","REVPEN NREN","82 | 0","11/09/2021","10/31/2023","DBA: STANDARD MEADERY                        STANDARD MEADERY LLC                         11 W PARK BLVD,                         VILLA PARK, IL  60181","","","","","75","9999","11 W PARK BLVD","VILLA PARK","","60181","","","",""
"633548","AUTREV ACTIVE","20 | 0","12/07/2021","08/31/2024","IBRAHIM, OSAMA                         8609 LONG BEACH BLVD,                         SOUTH GATE, CA  90280-2721","","20-608565","","","2","1956","8609 LONG BEACH BLVD","SOUTH GATE","19","90280","","","",""
"633548","AUTREV ACTIVE","20 | 0","12/07/2021","08/31/2024","IBRAHIM, OSAMA                         8609 LONG BEACH BLVD,                         SOUTH GATE, CA  90280-2721","","20-608565","","","2","1956","8609 LONG BEACH BLVD","SOUTH GATE","19","90280","","","",""
"633728","ACTIVE SUSPEN","41 | 0","01/26/2022","12/31/2024","DBA: HUCKLEBERRY'S BREAKFAST AND LUNCH                        TYBA HOLDINGS INC                         1116 E STANLEY BLVD,                         LIVERMORE, CA  94550-4156","4912 CENTRAL WAY, STE 3                              FAIRFIELD, CA  94534","","","","22","0107","1116 E STANLEY BLVD","LIVERMORE","01","94550","4912 CENTRAL WAY, STE 3","FAIRFIELD","94534","CA"
"637672","ACTIVE CANCEL","41 | 0","09/19/2022","08/31/2024","DBA: ROOSTERS ON THE RIVER                        ROOSTERS ON THE RIVER LLC                         23166 ASH CREEK RD,                         ANDERSON, CA  96007","","41-290643/ 41-650727","","CAL-SIERRA TITLE COMPANY 295 MAIN ST QUINCY, CA  95971","31","4500","23166 ASH CREEK RD","ANDERSON","45","96007","","","",""
"638302","SUREND CANCEL","20 | 0","09/07/2022","08/31/2024","JWC STORES INC                         301 E BIDWELL ST,                         FOLSOM, CA  95630-3114","","20-626749/ 20-654123","7","CAPITAL TRUST ESCROW 280 S BEVERLY DR #300 BEVERLY HILLS, CA  90212","23","3401","301 E BIDWELL ST","FOLSOM","34","95630","","","",""
"638493","WTHDRN PENDING","20 | 0","","","DBA: HONEST BOTTLE SHOP, THE                        HONEST BOTTLE SHOP, THE                         4511 EAGLE ROCK BLVD,                         LOS ANGELES, CA  90041-3214","","","7","","4","1933","4511 EAGLE ROCK BLVD","LOS ANGELES","19","90041","","","",""
"638493","PEND WITHDRAWN","42 | 0","","","DBA: HONEST BOTTLE SHOP, THE                        HONEST BOTTLE SHOP, THE                         4511 EAGLE ROCK BLVD,                         LOS ANGELES, CA  90041-3214","","","","","4","1933","4511 EAGLE ROCK BLVD","LOS ANGELES","19","90041","","","",""
"638493","PEND WITHDRAWN","86 | 0","","","DBA: HONEST BOTTLE SHOP, THE                        HONEST BOTTLE SHOP, THE                         4511 EAGLE ROCK BLVD,                         LOS ANGELES, CA  90041-3214","","","","","4","1933","4511 EAGLE ROCK BLVD","LOS ANGELES","19","90041","","","",""
"639473","ACTIVE CANCEL","41 | 0","10/11/2022","09/30/2024","DBA: CAJUN NI KUYA                        ENRIQUEZ, CECILIA GONZALES                         10328 1/2 - 10330 RESEDA BLVD,                         NORTHRIDGE, CA  91326-3433","2016 ALSCOT AVE                              SIMI VALLEY, CA  93063-3806","41-543637/ 41-654510","7","GLEN OAKS ESCROW 184 N CANON DR STE B BEVERLY HILLS, CA  90210","5","1933","10328 1/2 - 10330 RESEDA BLVD","NORTHRIDGE","19","91326","2016 ALSCOT AVE","SIMI VALLEY","93063","CA"
"639713","ACTIVE CANCEL","41 | 0","10/26/2022","09/30/2024","DBA: TANG TANG TANG                        SMCC GROUP LLC                         1679 WILLOW PASS RD,                         CONCORD, CA  94519-2611","","","","","22","0703","1679 WILLOW PASS RD","CONCORD","07","94519","","","",""
"642036","REVPEN ACTIVE","47 | 0","11/07/2022","10/31/2024","DBA: CALABASH INC                        CALABASH, INC                          2300 VALDEZ ST, STE A,                         OAKLAND, CA  94612-3127","","47-609765","5,7","","22","0109","2300 VALDEZ ST, STE A","OAKLAND","01","94612","","","",""
"642036","REVPEN ACTIVE","47 | 0","11/07/2022","10/31/2024","DBA: CALABASH INC                        CALABASH, INC                          2300 VALDEZ ST, STE A,                         OAKLAND, CA  94612-3127","","47-609765","5,7","","22","0109","2300 VALDEZ ST, STE A","OAKLAND","01","94612","","","",""
"642991","ACTIVE CANCEL","47 | 0","07/05/2023","06/30/2024","DBA: SAN JOSE MAC + CHEESE                        AIMHIGH ESG LLC                         SJ INTL AIRPORT, TERMINAL B, UNIT NC-13D,                         SAN JOSE, CA  95110","4300 REDWOOD HWY, STE 100                              SAN RAFAEL, CA  94903-2103","","A","","25","4313","SJ INTL AIRPORT, TERMINAL B, UNIT NC-13D","SAN JOSE","43","95110","4300 REDWOOD HWY, STE 100","SAN RAFAEL","94903","CA"
"643637","PEND ACTIVE","42 | 0","01/29/2024","12/31/2024","DBA: FLOURISHING ART DESIGN STUDIO                        COLLINS VENTURES INC                         413 E 19TH ST,                         BAKERSFIELD, CA  93305-5107","407 E 19TH ST                              BAKERSFIELD, CA  93305","","7","","6","1501","413 E 19TH ST","BAKERSFIELD","15","93305","407 E 19TH ST","BAKERSFIELD","93305","CA"
"644396","PEND ACTIVE","67 | 0","01/30/2024","12/31/2024","DBA: ORBIT PALM SPRINGS                         ORBIT PS HOLDINGS LLC                          562 W ARENAS RD,                         PALM SPRINGS, CA  92262-6348","803 N PALM CANYON DR, UNIT 7                              PALM SPRINGS, CA  92262-4438","67-460228","","CHICAGO TITLE COMPANY 364 S INDIAN CANYON DR PALM SPRINGS, CA  92262-7827","8","3310","562 W ARENAS RD","PALM SPRINGS","33","92262","803 N PALM CANYON DR, UNIT 7","PALM SPRINGS","92262","CA"
"645099","PEND WITHDRAWN","20 | 0","","","DBA: QUICK CORNER                        GAP SINGHS, LLC                         357 E TULARE ST,                         DINUBA, CA  93618-2308","PO BOX 3273                              MERCED, CA  95344-1273","578100","","LENNAR TITLE, INC.  7555 N PALM AVENUE SUITE 210 FRESNO, CA  93711","21","5401","357 E TULARE ST","DINUBA","54","93618","PO BOX 3273","MERCED","95344","CA"
"645453","PEND ACTIVE","41 | 0","01/29/2024","12/31/2024","DBA: COMMON THEORY                        CT2 GROUP INC                         1980 OPTIMA ST,                         CHULA VISTA, CA  91915","4805 CONVOY ST                              SAN DIEGO, CA  92111-1610","","7","","10","3702","1980 OPTIMA ST","CHULA VISTA","37","91915","4805 CONVOY ST","SAN DIEGO","92111","CA"
"646023","PEND ACTIVE","41 | 0","01/30/2024","12/31/2024","DBA: TAQUERIA LA NUEVA VALLARTA LLC #2                        TAQUERIA LA NUEVA VALLARTA LLC #2                         3305 NORTHGATE BLVD,                         SACRAMENTO, CA  95834","1830 EDGEMORE AVE                              SACRAMENTO, CA  95835","","7","","23","3405","3305 NORTHGATE BLVD","SACRAMENTO","34","95834","1830 EDGEMORE AVE","SACRAMENTO","95835","CA"
"646024","PEND ACTIVE","20 | 0","01/30/2024","09/30/2024","DBA: ALATORRE MARKET                        ALATORRE MARKET, INC.                         1709 N WILLOWBROOK AVE,                         COMPTON, CA  90222","300 TEJON PL, STE 4                              PALOS VERDES ESTATES, CA  90274","20-279749","","","3","1912","1709 N WILLOWBROOK AVE","COMPTON","19","90222","300 TEJON PL, STE 4","PALOS VERDES ESTATES","90274","CA"
"646324","PEND ACTIVE","02 | 0","01/29/2024","06/30/2024","COPPER SIX LLC                         3426 WOOLSEY RD,                         WINDSOR, CA  95492-9649","PO BOX 1071                              NOVATO, CA  94948-1071","","","","27","4900","3426 WOOLSEY RD","WINDSOR","49","95492","PO BOX 1071","NOVATO","94948","CA"
"647140","R64B ACTIVE","47 | 0","12/14/2023","11/30/2024","DBA: STAR LEAF                        BOWEN & BERLIN CORP                         641 E COLORADO BLVD,                         PASADENA, CA  91101-2005","","47-598049","","ABC ESCROW 2222 DAMON ST  LOS ANGELES, CA  90021","2","1943","641 E COLORADO BLVD","PASADENA","19","91101","","","",""
"647568","R64B ACTIVE","47 | 0","10/09/2023","09/30/2024","DBA: SUSPIRO                        RESMEX PARTNERS LLC                         3060 OLSEN DR, STE 20,                         SAN JOSE, CA  95128-2155","PO BOX 411015                              SAN FRANCISCO, CA  94141-1015","47-578196","7","INNOVATIVE ESCROW 28212 KELLY JOHNSON PKWY STE. 100 VALENCIA, CA  91355","25","4313","3060 OLSEN DR, STE 20","SAN JOSE","43","95128","PO BOX 411015","SAN FRANCISCO","94141","CA"
"647568","R64B ACTIVE","47 | 0","10/09/2023","09/30/2024","DBA: SUSPIRO                        RESMEX PARTNERS LLC                         3060 OLSEN DR, STE 20,                         SAN JOSE, CA  95128-2155","PO BOX 411015                              SAN FRANCISCO, CA  94141-1015","47-578196","7","INNOVATIVE ESCROW 28212 KELLY JOHNSON PKWY STE. 100 VALENCIA, CA  91355","25","4313","3060 OLSEN DR, STE 20","SAN JOSE","43","95128","PO BOX 411015","SAN FRANCISCO","94141","CA"
"647889","PEND ACTIVE","41 | 0","01/30/2024","12/31/2024","DBA: EL BEBEDERO MEXICAN & SEAFOOD                        EL BEBEDERO MEXICAN & SEAFOOD                         1873 PALM AVE,                         SAN DIEGO, CA  92154","","41-634855","7","","10","3710","1873 PALM AVE","SAN DIEGO","37","92154","","","",""
"647973","PEND ACTIVE","41 | 0","01/29/2024","12/31/2024","DBA: CHAMSUTGOL BBQ                        EBENEZER SIJAYA, INC.                         3731 FOOTHILL BLVD, UNIT H & J,                         GLENDALE, CA  91214-1701","","","","","5","1921","3731 FOOTHILL BLVD, UNIT H & J","GLENDALE","19","91214","","","",""
"648933","PEND WITHDRAWN","20 | 0","","","DBA: FOR THE CULTURE BRANDS                        FOR THE CULTURE BRANDS LLC                         1741 E MARSHALL PLACE,                         LONG BEACH, CA  90807-3701","","","I, 7","","3","1932","1741 E MARSHALL PLACE","LONG BEACH","19","90807","","","",""
"648933","PEND WITHDRAWN","17 | 0","","","DBA: FOR THE CULTURE BRANDS                        FOR THE CULTURE BRANDS LLC                         1741 E MARSHALL PLACE,                         LONG BEACH, CA  90807-3701","","","7","","3","1932","1741 E MARSHALL PLACE","LONG BEACH","19","90807","","","",""
"649170","PEND ACTIVE","23 | 0","01/29/2024","01/31/2025","DBA: BLACK PLAGUE BREWING                        DARK AGES BREWERY LLC                         2899 UNIVERSITY AVE,                         SAN DIEGO, CA  92104","","23-625324","7","","10","3710","2899 UNIVERSITY AVE","SAN DIEGO","37","92104","","","",""
"649653","PEND ACTIVE","09 | 1","01/29/2024","06/30/2024","DBA: WINE RETRIEVER, LLC                        WINE RETRIEVER LLC                         4001 HIGHWAY 128,                         GEYSERVILLE, CA  95441-9492","4531 SIMONTON RD                              FARMERS BRANCH, TX  75244","","","","27","4900","4001 HIGHWAY 128","GEYSERVILLE","49","95441","4531 SIMONTON RD","FARMERS BRANCH","75244","TX"
"649653","PEND ACTIVE","02 | 1","01/29/2024","06/30/2024","DBA: WINE RETRIEVER, LLC                        WINE RETRIEVER LLC                         4001 HIGHWAY 128,                         GEYSERVILLE, CA  95441-9492","4531 SIMONTON RD                              FARMERS BRANCH, TX  75244","","","","27","4900","4001 HIGHWAY 128","GEYSERVILLE","49","95441","4531 SIMONTON RD","FARMERS BRANCH","75244","TX"
"649714","PEND ACTIVE","18 | 1","01/30/2024","12/31/2024","DBA: JMV IMPORTERS INC                        JMV IMPORTERS INC.                         26340 DIAMOND PL, STE 110-120,                         SANTA CLARITA, CA  91350-2705","6124 CASE AVE                               NORTH HOLLYWOOD, CA  91606-4923","18-622492","","","5","1985","26340 DIAMOND PL, STE 110-120","SANTA CLARITA","19","91350","6124 CASE AVE","NORTH HOLLYWOOD","91606","CA"
"649714","PEND ACTIVE","12 | 1","01/30/2024","12/31/2024","DBA: JMV IMPORTERS INC                        JMV IMPORTERS INC.                         26340 DIAMOND PL, STE 110-120,                         SANTA CLARITA, CA  91350-2705","6124 CASE AVE                               NORTH HOLLYWOOD, CA  91606-4923","18-622492","","","5","1985","26340 DIAMOND PL, STE 110-120","SANTA CLARITA","19","91350","6124 CASE AVE","NORTH HOLLYWOOD","91606","CA"
"649720","PEND ACTIVE","20 | 0","01/29/2024","12/31/2024","DBA: CONVENIENT FOOD MART                        TSEGAYA, BIRUKTAWIT                         4377 W PICO BLVD, STE 1,                         LOS ANGELES, CA  90019-3100","","","7","","4","1933","4377 W PICO BLVD, STE 1","LOS ANGELES","19","90019","","","",""
"649891","PEND ACTIVE","21 | 0","01/29/2024","12/31/2024","DBA: G&M #22                        G & M OIL CO LLC                         159 S EUCLID AVE,                         UPLAND, CA  91786-6646","16868 A STREET                              HUNTINGTON BEACH, CA  92647-4831","21-479635","","CALIFORNIA BUSINESS ESCROW INC 1748 MAIN ST ESCALON, CA  95320-1927","7","3611","159 S EUCLID AVE","UPLAND","36","91786","16868 A STREET","HUNTINGTON BEACH","92647","CA"
"650494","PEND ACTIVE","58 | 1","01/29/2024","12/31/2024","LUPE'S COCINA LLC                         510 HIDDEN VALLEY PKWY, STE 101,                         CORONA, CA  92879-8618","26 SANTA CATRINA                              SANTA MARGARITA, CA  92688","47-537651","","THE ESCROW SPECTRUM INC 15615 ALTON PKWY STE 450 IRVINE, CA  92618-3308","7","3306","510 HIDDEN VALLEY PKWY, STE 101","CORONA","33","92879","26 SANTA CATRINA","SANTA MARGARITA","92688","CA"
"650494","PEND ACTIVE","47 | 1","01/29/2024","12/31/2024","LUPE'S COCINA LLC                         510 HIDDEN VALLEY PKWY, STE 101,                         CORONA, CA  92879-8618","26 SANTA CATRINA                              SANTA MARGARITA, CA  92688","47-537651","","THE ESCROW SPECTRUM INC 15615 ALTON PKWY STE 450 IRVINE, CA  92618-3308","7","3306","510 HIDDEN VALLEY PKWY, STE 101","CORONA","33","92879","26 SANTA CATRINA","SANTA MARGARITA","92688","CA"
"650550","PEND ACTIVE","02 | 0","01/29/2024","06/30/2024","DBA: ORANGE BOOTS WINE                        ORANGE BOOTS WINE LLC                         330 ZACHARY ST , UNIT 107 & 108,                         MOORPARK, CA  93021-2072","PO BOX 35101                              LOS ANGELES, CA  93021","","","","12","5610","330 ZACHARY ST , UNIT 107 & 108","MOORPARK","56","93021","PO BOX 35101","LOS ANGELES","93021","CA"
"650727","PEND ACTIVE","41 | 0","01/29/2024","12/31/2024","DBA: ROOSTERS BAR & GRILL                        LAZY JP ENTERPRISES, INC.                         23166 ASH CREEK RD,                         ANDERSON, CA  96007","3906 BALLS FERRY RD                              COTTONWOOD, CA  96022","41-637672","","FIDELITY TITLE 2001 MARKET ST STE 100 REDDING, CA  96001","31","4500","23166 ASH CREEK RD","ANDERSON","45","96007","3906 BALLS FERRY RD","COTTONWOOD","96022","CA"
"650844","ACTIVE SUSPEN","41 | 0","09/08/2023","08/31/2024","DBA: SIREN'S SONG TAVERN THE                        BALLAMBANGJANG LLC                         325 2ND ST, STE 101,                         EUREKA, CA  95501-0499","","","7","","28","1203","325 2ND ST, STE 101","EUREKA","12","95501","","","",""
"650871","PEND ACTIVE","20 | 0","01/30/2024","12/31/2024","DBA: PETITE PHILI                        BREGMAN FAMILY REVOCABLE TRUST                         25825 JOSEFA LN,                         LOS ALTOS HILLS, CA  94022-4547","","","7,I","","25","4306","25825 JOSEFA LN","LOS ALTOS HILLS","43","94022","","","",""
"650871","PEND ACTIVE","17 | 0","01/30/2024","12/31/2024","DBA: PETITE PHILI                        BREGMAN FAMILY REVOCABLE TRUST                         25825 JOSEFA LN,                         LOS ALTOS HILLS, CA  94022-4547","","","7","","25","4306","25825 JOSEFA LN","LOS ALTOS HILLS","43","94022","","","",""
"650952","PEND ACTIVE","14 | 0","01/29/2024","12/31/2024","DBA: ALLEN DISTRIBUTION                        ALLEN DISTRIBUTION, LP                         4580 LOGISTICS DR,                         STOCKTON, CA  95215","1532 COMMERCE AVE                               CARLISLE , PA  17015","","","","29","3905","4580 LOGISTICS DR","STOCKTON","39","95215","1532 COMMERCE AVE","CARLISLE","17015","PA"
"651126","PEND ACTIVE","41 | 0","01/29/2024","12/31/2024","MURRIETA DE LA CRUZ, JOSE  RAMON                         17371 VALLEY BLVD,                         LA PUENTE, CA  91744-5653","8243 LANKIN ST                              DOWNEY, CA  90242-3701","41-613576","","MOSAIC ESCROW 451 W BONITA AVE SUITE 1 SAN DIMAS, CA  91773","2","1930","17371 VALLEY BLVD","LA PUENTE","19","91744","8243 LANKIN ST","DOWNEY","90242","CA"
"651134","PEND ACTIVE","41 | 0","01/29/2024","06/30/2024","DBA: ISABELLA'S ITALIAN KITCHEN                        ISABELLA'S ITALIAN KITCHEN INC                         1220 W BURBANK BLVD,                         BURBANK, CA  91506-1416","","41-614938","7,8","","5","1910","1220 W BURBANK BLVD","BURBANK","19","91506","","","",""
"651151","PEND ACTIVE","41 | 0","01/29/2024","12/31/2024","DBA: PELICANA CHICKEN                        JU & YE INC                         19540 VALLCO PKWY , STE 110,                         CUPERTINO, CA  95014-7150","92 GOODMAN LN                              MILPITAS, CA  95035-6255","","7","","25","4303","19540 VALLCO PKWY , STE 110","CUPERTINO","43","95014","92 GOODMAN LN","MILPITAS","95035","CA"
"651347","PEND ACTIVE","41 | 0","01/30/2024","10/31/2024","DBA: LUIGIS SANDWICH PALACE                        SHETAYA BUSINESS, INC.                         284 HARBOR WAY ,                         SOUTH SAN FRANCISCO, CA  94080","","41-355765","8","","25","4114","284 HARBOR WAY","SOUTH SAN FRANCISCO","41","94080","","","",""
"651368","PEND ACTIVE","41 | 0","01/29/2024","12/31/2024","DBA: CHEVE Y BARBACHA                        CDMX LLC                         13121 PERRIS BLVD, STE 102-103,                         MORENO VALLEY, CA  92553-4213","PO BOX 8161                              MORENO VALLEY, CA  92552","41-608237","7","NONE","7","3321","13121 PERRIS BLVD, STE 102-103","MORENO VALLEY","33","92553","PO BOX 8161","MORENO VALLEY","92552","CA"
"651976","PEND ACTIVE","17 | 0","01/29/2024","12/31/2024","DBA: SKS CELLARS                        SKS CELLARS LLC                         213 STAGE TRAIL RD,                         CAMARILLO, CA  93010-7572","","","7","","12","5608","213 STAGE TRAIL RD","CAMARILLO","56","93010","","","",""
"651976","PEND ACTIVE","20 | 0","01/29/2024","12/31/2024","DBA: SKS CELLARS                        SKS CELLARS LLC                         213 STAGE TRAIL RD,                         CAMARILLO, CA  93010-7572","","","7,I","","12","5608","213 STAGE TRAIL RD","CAMARILLO","56","93010","","","",""
"653163","PEND ACTIVE","20 | 0","01/29/2024","12/31/2024","DBA: PORTERVILLE APPLE MARKET                        A&S GROCERS INC                         284 S MAIN ST,                         PORTERVILLE, CA  93257-4741","111 N CENTRAL VALLEY HWY                              SHAFTER, CA  93263","20-447133","","TICOR TITLE 10000 STOCKDALE HWY #101 BAKERSFIELD, CA  93311","21","5404","284 S MAIN ST","PORTERVILLE","54","93257","111 N CENTRAL VALLEY HWY","SHAFTER","93263","CA"
"653327","PEND ACTIVE","41 | 0","01/29/2024","12/31/2024","DBA: HOOK BURGER BISTRO                        HOOK BURGER RESTAURANT GROUP LLC                         1811 N ROSE AVE,                         OXNARD, CA  93030-2600","30511 AVENIDA DE LAS FLORES, #1069                              RANCHO SANTA MARGARITA, CA  92688-3941","41-506473","7","","12","5603","1811 N ROSE AVE","OXNARD","56","93030","30511 AVENIDA DE LAS FLORES, #1069","RANCHO SANTA MARGARITA","92688","CA"
"653425","PEND ACTIVE","20 | 0","01/29/2024","12/31/2024","DBA: ALVARADO 76 SERVICE                        BARN,  KULJIT SINGH                         31901 ALVARADO BLVD,                         UNION CITY, CA  94587","","","","","22","0113","31901 ALVARADO BLVD","UNION CITY","01","94587","","","",""
"653556","PEND WITHDRAWN","47 | 0","","","DBA: RANCH HOUSE, THE                        RANCH HOUSE OJAI, THE                         102 BESANT RD,                         OJAI, CA  93023-2305","600 MONTE VISTA DR                              SANTA PAULA, CA  93060","545582","","CHICAGO TITLE COMPANY 475 W CHANNEL ISLANDS BL 108 PORT HUENEME, CA  93041","12","5600","102 BESANT RD","OJAI","56","93023","600 MONTE VISTA DR","SANTA PAULA","93060","CA"
"653612","PEND ACTIVE","68 | 1","01/29/2024","12/31/2024","DBA: SODEXO LIVE!                        VOLUME SERVICES INC                         1418 DESCANSO DR,                         LA CANADA FLINTRIDGE, CA  91011","1 INDEPENDENCE PT, STE 305                              GREENVILLE, SC  29615","47-425475","7,A","ABC ESCROW 2222 DAMON STREET  LOS ANGELES, CA  90021","5","1979","1418 DESCANSO DR","LA CANADA FLINTRIDGE","19","91011","1 INDEPENDENCE PT, STE 305","GREENVILLE","29615","SC"
"653612","PEND ACTIVE","47 | 1","01/29/2024","12/31/2024","DBA: SODEXO LIVE!                        VOLUME SERVICES INC                         1418 DESCANSO DR,                         LA CANADA FLINTRIDGE, CA  91011","1 INDEPENDENCE PT, STE 305                              GREENVILLE, SC  29615","47-425475","7,A","ABC ESCROW 2222 DAMON STREET  LOS ANGELES, CA  90021","5","1979","1418 DESCANSO DR","LA CANADA FLINTRIDGE","19","91011","1 INDEPENDENCE PT, STE 305","GREENVILLE","29615","SC"
"653669","PEND ACTIVE","41 | 0","01/30/2024","12/31/2024","DBA: HELLO TEMAKI                        HELLO TEMAKI INC                         9261 LAGUNA SPRINGS DR, STE 150,                         ELK GROVE, CA  95757-8093","","","7","","23","3407","9261 LAGUNA SPRINGS DR, STE 150","ELK GROVE","34","95757","","","",""
"653759","PEND ACTIVE","41 | 0","01/30/2024","12/31/2024","DBA: THAI FAMILY SISTERS RESTAURANT                         THAI FAMILY SISTERS RESTAURANT CORPORATION                         130 S MOUNTAIN AVE, STE P,                         UPLAND, CA  91786-6267","2275 S MAIN ST, STE 101A                              C/O EMERALD ESCROW INC, CORONA, CA  92882-5303","41-648765","","EMERALD ESCROW INC. 2275 S MAIN ST, STE 101A CORONA, CA  92882","7","3611","130 S MOUNTAIN AVE, STE P","UPLAND","36","91786","2275 S MAIN ST, STE 101A","CORONA","92882","CA"
"653798","PEND ACTIVE","47 | 2","01/30/2024","12/31/2024","DBA: SONORAN, THE                        WONDER PALMS LLC                          1555 S PALM CANYON DR, STE B101,                         PALM SPRINGS, CA  92264-8341","803 N PALM CANYON DR, UNIT 7                              PALM SPRINGS, CA  92262-4438","47-608773","7","CHICAGO TITLE COMPANY  901 W TAHQUITZ CANYON WY STE A202 PALM SPRINGS, CA  92262","8","3310","1555 S PALM CANYON DR, STE B101","PALM SPRINGS","33","92264","803 N PALM CANYON DR, UNIT 7","PALM SPRINGS","92262","CA"
"653798","PEND ACTIVE","47 | 2","01/30/2024","12/31/2024","DBA: SONORAN, THE                        WONDER PALMS LLC                          1555 S PALM CANYON DR, STE B101,                         PALM SPRINGS, CA  92264-8341","803 N PALM CANYON DR, UNIT 7                              PALM SPRINGS, CA  92262-4438","47-608773","7","CHICAGO TITLE COMPANY  901 W TAHQUITZ CANYON WY STE A202 PALM SPRINGS, CA  92262","8","3310","1555 S PALM CANYON DR, STE B101","PALM SPRINGS","33","92264","803 N PALM CANYON DR, UNIT 7","PALM SPRINGS","92262","CA"
"653798","PEND ACTIVE","68 | 2","01/30/2024","12/31/2024","DBA: SONORAN, THE                        WONDER PALMS LLC                          1555 S PALM CANYON DR, STE B101,                         PALM SPRINGS, CA  92264-8341","803 N PALM CANYON DR, UNIT 7                              PALM SPRINGS, CA  92262-4438","47-608773","7","CHICAGO TITLE COMPANY  901 W TAHQUITZ CANYON WY STE A202 PALM SPRINGS, CA  92262","8","3310","1555 S PALM CANYON DR, STE B101","PALM SPRINGS","33","92264","803 N PALM CANYON DR, UNIT 7","PALM SPRINGS","92262","CA"
"653798","PEND ACTIVE","58 | 2","01/30/2024","12/31/2024","DBA: SONORAN, THE                        WONDER PALMS LLC                          1555 S PALM CANYON DR, STE B101,                         PALM SPRINGS, CA  92264-8341","803 N PALM CANYON DR, UNIT 7                              PALM SPRINGS, CA  92262-4438","47-608773","7","CHICAGO TITLE COMPANY  901 W TAHQUITZ CANYON WY STE A202 PALM SPRINGS, CA  92262","8","3310","1555 S PALM CANYON DR, STE B101","PALM SPRINGS","33","92264","803 N PALM CANYON DR, UNIT 7","PALM SPRINGS","92262","CA"
"653825","PEND ACTIVE","41 | 0","01/29/2024","12/31/2024","CARAMELO CAFE INC                         13857 AMAR RD,                         LA PUENTE, CA  91746-1672","13857 AMAR RD                              LA PUENTE, CA  91746-1672","","","","2","1930","13857 AMAR RD","LA PUENTE","19","91746","13857 AMAR RD","LA PUENTE","91746","CA"
"653864","PEND ACTIVE","21 | 0","01/30/2024","12/31/2024","DBA: DOWNTOWN LIQUOR                        RATHAUR, JASLEEN                         541 TYLER ST,                         MONTEREY, CA  93940","3671 FAIR OAKS CT                              REDDING, CA  96001","21-598840","7","BUSINESS & ESCROW SERVICE CENTER INC 3031 TISCH WAY STE 310 SAN JOSE, CA  95128","26","2706","541 TYLER ST","MONTEREY","27","93940","3671 FAIR OAKS CT","REDDING","96001","CA"
"653971","PEND ACTIVE","41 | 0","01/29/2024","12/31/2024","DBA: SPICY SHRIMP THE                        H & J DEHLI LLC                         150 WAVERLY PL,                         SAN FRANCISCO, CA  94108","","","7","","24","3800","150 WAVERLY PL","SAN FRANCISCO","38","94108","","","",""
"654045","PEND ACTIVE","47 | 0","01/29/2024","12/31/2024","DBA: SAN JOSE MAC + CHEESE                        ELEVATE GOURMET BRANDS SFO GROUP LLC                         SJ INTL AIRPORT, TERMINAL B, UNIT NC-13D,                         SAN JOSE, CA  95110","4304 REDWOOD HWY, STE 200                              SAN RAFAEL, CA  94903","47-642991","A","","25","4313","SJ INTL AIRPORT, TERMINAL B, UNIT NC-13D","SAN JOSE","43","95110","4304 REDWOOD HWY, STE 200","SAN RAFAEL","94903","CA"
"654070","PEND ACTIVE","47 | 0","01/29/2024","12/31/2024","DBA: FOLSOM TAP HOUSE SPORTS BAR                        FOLSOM TAP HOUSE INC.                         25005 BLUE RAVINE RD, STE 140,                         FOLSOM, CA  95630-5706","12178 TRIBUTARY POINT RD                              RANCHO CORDOVA, CA  95630","47-629095","7","CAPITAL CITY ESCROW 3838 WATT AVE #F610 SACRAMENTO, CA  95821","23","3401","25005 BLUE RAVINE RD, STE 140","FOLSOM","34","95630","12178 TRIBUTARY POINT RD","RANCHO CORDOVA","95630","CA"
"654123","PEND ACTIVE","20 | 0","01/29/2024","12/31/2024","ANDERSON PETROLEUM INC                         2470 BALLS FERRY RD,                         ANDERSON, CA  96007","510 MYRTLE AVE , STE 209                              SOUTH SAN FRANCISCO, CA  94080-4562","20-638302","","CALIFORNIA BUSINESS ESCROW 1748 MAIN ST ESCALON, CA  95320-1927","31","4501","2470 BALLS FERRY RD","ANDERSON","45","96007","510 MYRTLE AVE , STE 209","SOUTH SAN FRANCISCO","94080","CA"
"654130","PEND ACTIVE","41 | 0","01/29/2024","12/31/2024","DBA: GURSHA ETHIOPIAN CUISINE                        MOHAMMEDAMIN, SAMERWIT MOHAMMED                         1821 DOUGLAS BLVD, STE C5,                         ROSEVILLE, CA  95661-2910","","41-597064","","OLD REPUBLIC TITLE 1000 BURNETT AVE STE 400 CONCORD, CA  94520-2088","23","3105","1821 DOUGLAS BLVD, STE C5","ROSEVILLE","31","95661","","","",""
"654176","PEND ACTIVE","21 | 0","01/29/2024","12/31/2024","DBA: VIRA MARKET                        VIRA MARKETING LLC                         6189 MISSION ST,                         DALY CITY, CA  94014","","21-524254","","ABC ESCROW 222 DAMON ST LOS ANGELES, CA  90021","25","4105","6189 MISSION ST","DALY CITY","41","94014","","","",""
"654247","PEND ACTIVE","77 | 2","01/29/2024","12/31/2024","DBA: WORTHINGTONS                        BCN HOSPITALITY MANAGEMENT INC                         3587 UNIVERSITY AVE,                         RIVERSIDE, CA  92501-3328","3595 UNIVERSITY AVE                              RIVERSIDE, CA  92501","48-464247","7","INLAND EMPIRE ESCROW INC 12794 CENTRAL AVE CHINO, CA  91710","7","3312","3587 UNIVERSITY AVE","RIVERSIDE","33","92501","3595 UNIVERSITY AVE","RIVERSIDE","92501","CA"
"654247","PEND ACTIVE","58 | 2","01/29/2024","12/31/2024","DBA: WORTHINGTONS                        BCN HOSPITALITY MANAGEMENT INC                         3587 UNIVERSITY AVE,                         RIVERSIDE, CA  92501-3328","3595 UNIVERSITY AVE                              RIVERSIDE, CA  92501","48-464247","7","INLAND EMPIRE ESCROW INC 12794 CENTRAL AVE CHINO, CA  91710","7","3312","3587 UNIVERSITY AVE","RIVERSIDE","33","92501","3595 UNIVERSITY AVE","RIVERSIDE","92501","CA"
"654247","PEND ACTIVE","48 | 2","01/29/2024","12/31/2024","DBA: WORTHINGTONS                        BCN HOSPITALITY MANAGEMENT INC                         3587 UNIVERSITY AVE,                         RIVERSIDE, CA  92501-3328","3595 UNIVERSITY AVE                              RIVERSIDE, CA  92501","48-464247","7","INLAND EMPIRE ESCROW INC 12794 CENTRAL AVE CHINO, CA  91710","7","3312","3587 UNIVERSITY AVE","RIVERSIDE","33","92501","3595 UNIVERSITY AVE","RIVERSIDE","92501","CA"
"654295","PEND ACTIVE","16 | 0","01/30/2024","12/31/2024","WETH GROUP, LLC THE                         125 SILVERADO SPRINGS DR,                         NAPA, CA  94558-1506","","","7","","27","2800","125 SILVERADO SPRINGS DR","NAPA","28","94558","","","",""
"654329","PEND ACTIVE","20 | 0","01/30/2024","12/31/2024","DBA: HIGHLAND MARKET AND DELI                        UNIQUE RELIANCE HOSPITALITY GROUP LLC                         6901 N FIGUEROA ST,                         LOS ANGELES, CA  90042-1245","6520 GREEN VALLEY CIR, APT 113                              CULVER CITY, CA  90230-8027","20-583214","","DETAIL ESCROW INC 13737 ARTESIA BLVD  STE 105 CERRITOS, CA  90703","4","1933","6901 N FIGUEROA ST","LOS ANGELES","19","90042","6520 GREEN VALLEY CIR, APT 113","CULVER CITY","90230","CA"
"654386","PEND ACTIVE","42 | 0","01/29/2024","12/31/2024","DBA: BBN TAP ROOM                        BOURBONS & MORE INC                         3101 SUNSET BLVD, STE 3B,                         ROCKLIN, CA  95677","","","","","23","3104","3101 SUNSET BLVD, STE 3B","ROCKLIN","31","95677","","","",""
"654397","PEND ACTIVE","02 | 0","01/29/2024","06/30/2024","DBA: HAWKS HILL RANCH WINERY                        HAWKS HILL RANCH WINERY LLC                          3075 BLUE ROCK RD, UNIT C,                         PASO ROBLES, CA  93446-5999","8225 ADELAIDA RD                              PASO ROBLES, CA  93446","","","","13","4000","3075 BLUE ROCK RD, UNIT C","PASO ROBLES","40","93446","8225 ADELAIDA RD","PASO ROBLES","93446","CA"
"654418","PEND ACTIVE","20 | 0","01/29/2024","12/31/2024","DBA: HUNTINGTON CATERING                        PRIETTO CATERING, INC.                         1119 FAIR OAKS AVE,                         SOUTH PASADENA, CA  91030-3311","1929 HUNTINGTON DR                              SOUTH PASADENA, CA  91030-4813","20-523280","7","GLEN OAKS ESCROW 8447 WILSHIRE BLVD STE 450 BEVERLY HILLS, CA  90211","2","1957","1119 FAIR OAKS AVE","SOUTH PASADENA","19","91030","1929 HUNTINGTON DR","SOUTH PASADENA","91030","CA"
"654427","PEND ACTIVE","20 | 0","01/29/2024","12/31/2024","DBA: KRUSE DAIRY                        HUR, HEE SOOK                         9621 KRUSE RD,                         PICO RIVERA, CA  90660-1432","","20-618765","7","UNITY ESCROW, INC 3600 WILSHIRE BLVD STE 900 LOS ANGELES, CA  90010-2613","2","1944","9621 KRUSE RD","PICO RIVERA","19","90660","","","",""
"654438","PEND ACTIVE","20 | 0","01/29/2024","12/31/2024","DBA: LA COLONIAL MARKET                        LEE, MI HYANG                         1013 S CENTRE ST,                         SAN PEDRO, CA  90731-4217","","20-511685","","UNITED ESCROW CO 3440 WILSHIRE BLVD STE 600 LOS ANGELES, CA  90010","3","1933","1013 S CENTRE ST","SAN PEDRO","19","90731","","","",""
"654470","PEND ACTIVE","41 | 0","02/05/2024","01/31/2025","DBA: ZENG SAN XIAN                        JEA CORPORTATION                         6180 JARVIS AVE, STE B,                         NEWARK, CA  94560-1200","2563 PATRA DR                              EL SOBRANTE, CA  94803","41-607590","","OLD REPUBLIC TITLE COMPANY 1000 BURNETT AVE #400 CONCORD, CA  94520","22","0108","6180 JARVIS AVE, STE B","NEWARK","01","94560","2563 PATRA DR","EL SOBRANTE","94803","CA"
"654510","PEND ACTIVE","41 | 0","01/29/2024","12/31/2024","DBA: CAJUN NI KUYA                        CAJUN NI KUYA INC                         10328 1/2 - 10330 RESEDA BLVD,                         NORTHRIDGE, CA  91326-3433","2016 ALSCOT AVE                               SIMI VALLEY, CA  93063-3806","41-639473","7","","5","1933","10328 1/2 - 10330 RESEDA BLVD","NORTHRIDGE","19","91326","2016 ALSCOT AVE","SIMI VALLEY","93063","CA"
"654518","PEND ACTIVE","02 | 0","01/30/2024","06/30/2024","DBA: L & C WINE COUNTRY OPERATIONS LLC                        L & C WINE COUNTRY OPERATIONS LLC                         459 TECHNOLOGY WAY,                         NAPA, CA  94558-7571","1006 MONTICELLO RD                              NAPA, CA  94558","","","","27","2800","459 TECHNOLOGY WAY","NAPA","28","94558","1006 MONTICELLO RD","NAPA","94558","CA"
"654545","PEND ACTIVE","41 | 0","01/29/2024","12/31/2024","DBA: KHAO HOM                        MOOKROB LLC                         22545 FOOTHILL BLVD,                         HAYWARD, CA  94541","","41-421810","","OLD REPUBLIC TITLE 20980 REDWOOD RD CASTRO VALLEY, CA  94546","22","0106","22545 FOOTHILL BLVD","HAYWARD","01","94541","","","",""
"654575","PEND ACTIVE","58 | 1","01/29/2024","12/31/2024","DBA: MATTY'S BURGERS                        MATTY'S OLD FASHIONED LLC                         464 8TH ST,                         OAKLAND, CA  94607","2441 PERALTA ST, STE B                              OAKLAND, CA  94607","47-573944","","INNOVATIVE ESCROW 28212 KELLY JOHNSON PKWY STE 110 VALENCIA, CA  91355","22","0109","464 8TH ST","OAKLAND","01","94607","2441 PERALTA ST, STE B","OAKLAND","94607","CA"
"654575","PEND ACTIVE","47 | 1","01/29/2024","12/31/2024","DBA: MATTY'S BURGERS                        MATTY'S OLD FASHIONED LLC                         464 8TH ST,                         OAKLAND, CA  94607","2441 PERALTA ST, STE B                              OAKLAND, CA  94607","47-573944","","INNOVATIVE ESCROW 28212 KELLY JOHNSON PKWY STE 110 VALENCIA, CA  91355","22","0109","464 8TH ST","OAKLAND","01","94607","2441 PERALTA ST, STE B","OAKLAND","94607","CA"
"654701","PEND ACTIVE","21 | 0","01/30/2024","12/31/2024","DBA: GARVEY MARKET & LIQUOR                        GARVEY WINE & SPIRITS, INC.                         9463 GARVEY AVE, STE C,                         SOUTH EL MONTE, CA  91733-4622","","21-521205","7","HANA ESCROW COMPANY IN 3580 WILSHIRE BLVD STE 1170 LOS ANGELES, CA  90010","2","1962","9463 GARVEY AVE, STE C","SOUTH EL MONTE","19","91733","","","",""
"654777","PEND ACTIVE","47 | 0","01/30/2024","12/31/2024","DBA: TELEGRAPH BEER GARDEN                        BEERYLAND LLC                         2316-2318 TELEGRAPH AVE,                         OAKLAND, CA  94612-2421","2316 TELEGRAPH AVE                               OAKLAND, CA  94612","47-529977","7","","22","0109","2316-2318 TELEGRAPH AVE","OAKLAND","01","94612","2316 TELEGRAPH AVE","OAKLAND","94612","CA"
"654932","PEND ACTIVE","21 | 0","01/29/2024","12/31/2024","DBA: MAX BAIT AND TACKLE                         PALODUNER LIMITED LIABILITY COMPANY                          25 BEN HULSE HWY,                         PALO VERDE, CA  92266","108 WILSON AVE                               PORT MONMOUTH , NJ  07758-1546","21-573040","","CALIFORNIA BUSINESS ESCROW INC 1748 MAIN ST ESCALON, CA  95320-1927","8","1300","25 BEN HULSE HWY","PALO VERDE","13","92266","108 WILSON AVE","PORT MONMOUTH","07758","NJ"
"654967","PEND ACTIVE","02 | 0","01/30/2024","06/30/2024","DBA: FAIT MAIN                        FAIT MAIN, LLC                         1171 TUBBS LN,                         CALISTOGA, CA  94515-1053","","","","","27","2800","1171 TUBBS LN","CALISTOGA","28","94515","","","",""
"654973","PEND ACTIVE","41 | 0","01/29/2024","12/31/2024","DBA: FUHGGEBOUDIT WINE BAR                        MAMMA MIA INC.                         36250 HIDDEN SPRINGS RD , STE B,                         WILDOMAR, CA  92595-7629","","","","","7","3326","36250 HIDDEN SPRINGS RD , STE B","WILDOMAR","33","92595","","","",""
"654992","PEND ACTIVE","20 | 0","01/29/2024","12/31/2024","DBA: BEN'S BEER AND WINE                        AJIT NOOR CORPORATION                         220 E MERCED ST,                         FOWLER, CA  93625-2313","","20-632262","","LENNAR TITLE 7555 N PALM AVE STE 210 FRESNO, CA  93711","21","1004","220 E MERCED ST","FOWLER","10","93625","","","",""
"655035","PEND ACTIVE","41 | 0","01/30/2024","12/31/2024","DBA: THANK QUE GRILL                        SATORI IMPACT INC.                         1920 DENNISON ST,                         OAKLAND, CA  94606","5343 SAN SIMEON PL                              CASTRO VALLEY, CA  94552","","7","","22","0109","1920 DENNISON ST","OAKLAND","01","94606","5343 SAN SIMEON PL","CASTRO VALLEY","94552","CA"
"655050","PEND ACTIVE","02 | 0","01/30/2024","06/30/2024","DBA: VINO HAUS LLC                        VINO HAUS LLC                         188 SECOND ST,                         LOS ALTOS, CA  94022","568 S MATHILDA AVE                              SUNNYVALE, CA  94086-7607","","","","25","4305","188 SECOND ST","LOS ALTOS","43","94022","568 S MATHILDA AVE","SUNNYVALE","94086","CA"
"655126","PEND ACTIVE","41 | 0","01/29/2024","12/31/2024","DBA: TANG JIP                        OH PAK, INC.                         1679 WILLOW PASS RD,                         CONCORD, CA  94519-2611","","41-639713","","HANA ESCROW COMPANY INC 6281 BEACH BLVD #333 BUENA PARK, CA  90621","22","0703","1679 WILLOW PASS RD","CONCORD","07","94519","","","",""
"655161","PEND ACTIVE","20 | 0","01/29/2024","12/31/2024","OCEANSIDE PLAZA VENTURE INC                         3804 PLAZA DR,                         OCEANSIDE, CA  92056-4623","10261 TRADEMARK ST, STE D                              RANCHO CUCAMONGA, CA  91730-5805","20-561317","","ALISON MCLOSKEY ESCROW 4820 EL CAJON BLVD SAN DIEGO, CA  92115-4695","9","3709","3804 PLAZA DR","OCEANSIDE","37","92056","10261 TRADEMARK ST, STE D","RANCHO CUCAMONGA","91730","CA"
"655162","PEND ACTIVE","79 | 0","01/29/2024","06/30/2024","DBA: NORSE LEGEND MEAD@STRAWBERRY VILLAGE CERTIFIED FARMERS' MARKET                        DOOKIE BROTHERS LLC, THE                         800 REDWOOD HWY FRONTAGE RD,                         MILL VALLEY, CA  94941-2350","3890 CHEMISE MOUNTAIN RD                              WHITETHORN, CA  95589-8800","","","","27","2100","800 REDWOOD HWY FRONTAGE RD","MILL VALLEY","21","94941","3890 CHEMISE MOUNTAIN RD","WHITETHORN","95589","CA"
"655163","PEND ACTIVE","79 | 0","01/29/2024","06/30/2024","DBA: NORSE LEGEND MEAD@CORTE MADERA CERTIFIED FARMERS' MARKET                         DOOKIE BROTHERS LLC, THE                         100 CORTE MADERA TOWN CTR,                         CORTE MADERA, CA  94925-1209","3890 CHEMISE MOUNTAIN RD                              WHITETHORN, CA  95589-8800","","","","27","2102","100 CORTE MADERA TOWN CTR","CORTE MADERA","21","94925","3890 CHEMISE MOUNTAIN RD","WHITETHORN","95589","CA"
"655164","PEND ACTIVE","79 | 0","01/29/2024","06/30/2024","DBA: NORSE LEGEND MEAD@MILL VALLEY CERTIFIED FARMERS' MARKET                        DOOKIE BROTHERS LLC, THE                         759 E BLITHEDALE AVE,                         MILL VALLEY, CA  94941-1565","3890 CHEMISE MOUNTAIN RD                              WHITETHORN, CA  95589-8800","","","","27","2105","759 E BLITHEDALE AVE","MILL VALLEY","21","94941","3890 CHEMISE MOUNTAIN RD","WHITETHORN","95589","CA"
"655317","PEND ACTIVE","21 | 0","01/30/2024","12/31/2024","DBA: LOS MEXICANOS FAMILY MARKET INC.                        LOS MEXICANOS FAMILY MARKET INC.                         50 SAND CREEK RD, STE 36,                         BRENTWOOD, CA  94513-2092","","21-573123","","OLD REPUBLIC TITLE 1000 BURNETT AVE STE 400 CONCORD, CA  94520-2088","22","0702","50 SAND CREEK RD, STE 36","BRENTWOOD","07","94513","","","",""
"655695","PEND ACTIVE","21 | 0","01/30/2024","10/31/2024","DBA: MUIR WAY MARKET                        SINGH, RAJDIP                         2736 MUIR WAY ,                         SACRAMENTO, CA  95818-2127","","21-598015","7","","23","3405","2736 MUIR WAY","SACRAMENTO","34","95818","","","",""
"656047","PEND ACTIVE","41 | 0","01/30/2024","01/31/2025","DBA: PROGRESSIVE GROUNDS                        BOUJEBHA, KHAMMAR MARCO                         400 CORTLAND AVE,                         SAN FRANCISCO, CA  94110-5538","","41-516933","7","","24","3800","400 CORTLAND AVE","SAN FRANCISCO","38","94110","","","",""