"License Number","Status Changed From/To","Type| Dup","Original Issue Date","Expir. Date","Primary Owner and Premises Addr.","Mailing Addr.","Transfer-From/To","Conditions","Escrow","District Code","Geo Code","Prem Street","City","County","Zip Code","Mailing Street","Mailing City","Mailing Zip Code","Mailing State"
"68416","ACTIVE SUREND","21 | 0","07/01/1967","06/30/2024","DBA: RITE AID STORE 5972                        THRIFTY PAYLESS, INC.                         15920 LOS GATOS BLVD,                         LOS GATOS, CA  95032","560 MISSION ST STE 1900, C/O HOLLAND & KNIGHT                              ATTN: RUTE CANTOR, SAN FRANCISCO, CA  94105","","","","25","4307","15920 LOS GATOS BLVD","LOS GATOS","43","95032","560 MISSION ST STE 1900, C/O HOLLAND & KNIGHT","SAN FRANCISCO","94105","CA"
"257842","ACTIVE CANCEL","41 | 0","06/20/1991","02/29/2024","DBA: ROCCOS CAFE                        DIAL, CATHY                         1131 FOLSOM ST,                         SAN FRANCISCO, CA  94103","","","","","24","3800","1131 FOLSOM ST","SAN FRANCISCO","38","94103","","","",""
"291193","ACTIVE CANCEL","41 | 0","03/28/1994","02/29/2024","DBA: BISHAMON JAPANESE RESTAURANT                        KOYAMA, NAOKO                         139 N CITRUS AVE,                         COVINA, CA  91723-2002","280 S LEMON AVE, SUITE # 1445                               WALNUT, CA  91788","","","","2","1913","139 N CITRUS AVE","COVINA","19","91723","280 S LEMON AVE, SUITE # 1445","WALNUT","91788","CA"
"379870","AUTREV ACTIVE","41 | 0","09/20/2001","08/31/2024","DBA: MIKI RESTAURANT                        KAWAGUCHI, AKIHIKO                         3639 BALBOA ST,                         SAN FRANCISCO, CA  94121","","41-320589","","","24","3800","3639 BALBOA ST","SAN FRANCISCO","38","94121","","","",""
"379870","AUTREV ACTIVE","41 | 0","09/20/2001","08/31/2024","DBA: MIKI RESTAURANT                        KAWAGUCHI, AKIHIKO                         3639 BALBOA ST,                         SAN FRANCISCO, CA  94121","","41-320589","","","24","3800","3639 BALBOA ST","SAN FRANCISCO","38","94121","","","",""
"389848","PEND CANCEL","21 | 0","08/19/2002","07/31/2024","DBA: GATEWOOD LIQUOR                        SHIM, KYUNG SEOP                         3881 E IMPERIAL HWY,                         LYNWOOD, CA  90262","","21-252544/ 21-654185","","","3","1934","3881 E IMPERIAL HWY","LYNWOOD","19","90262","","","",""
"411342","ACTIVE SUSPEN","48 | 0","08/30/2004","07/31/2024","DBA: EWELLS PLACE INCORPORATED                        EWELLS PLACE INCORPORATED                         2742 W SHAW AVE,                         FRESNO, CA  93711","1099 E CHAMPLAIN DR, STE A-1232                              FRESNO, CA  93720","48-335749","7","","21","1005","2742 W SHAW AVE","FRESNO","10","93711","1099 E CHAMPLAIN DR, STE A-1232","FRESNO","93720","CA"
"427338","ACTIVE CANCEL","21 | 0","08/11/2005","07/31/2024","DBA: SUPER LIQUOR                        KAUR, NARINDER                         1600 TULLY RD,                         MODESTO, CA  95350-4031","","21-409707/ 21-654213","7","","29","5002","1600 TULLY RD","MODESTO","50","95350","","","",""
"449410","ACTIVE CANCEL","21 | 0","02/27/2007","01/31/2024","DBA: CANYON LAKES MARKET GAS & LIQUOR                        MUBARAKA, ADEL                         3610 SKYCREST DR,                         OROVILLE, CA  95965-8002","","21-364065/ 21-653730","","","31","0400","3610 SKYCREST DR","OROVILLE","04","95965","","","",""
"463017","ACTIVE CANCEL","20 | 0","03/20/2008","02/28/2025","DBA: CHOIS ORIENTAL MARKET                        LEE, HYUN MO                         185 S PATTERSON AVE, STE D,                         GOLETA, CA  93111-2074","","20-303928/ 20-653953","","","12","4208","185 S PATTERSON AVE, STE D","GOLETA","42","93111","","","",""
"470883","PEND CANCEL","21 | 0","09/12/2008","01/31/2024","DBA: WALTERIA LIQUOR                        PARK, SOO CHUL                         24212 HAWTHORNE BLVD,                         TORRANCE, CA  90505","","21-383287/ 21-651352","","","3","1958","24212 HAWTHORNE BLVD","TORRANCE","19","90505","","","",""
"479193","ACTIVE CANCEL","41 | 0","07/09/2009","06/30/2024","DBA: PIER CHOWDER HOUSE AND TAP ROOM THE                        DUPONT, JOHN R                         790 PORT RD, UNIT A,                         POINT ARENA, CA  95468","PO BOX 263                              POINT ARENA, CA  95468-0263","","","","27","2302","790 PORT RD, UNIT A","POINT ARENA","23","95468","PO BOX 263","POINT ARENA","95468","CA"
"507073","ACTIVE CANCEL","41 | 0","10/10/2011","09/30/2024","DBA: KOREAN SOUL CHICKEN                        YOO, KYE SUN                         1710 POLK ST,                         SAN FRANCISCO, CA  94109-3617","","41-349658/ 41-654664","7","JEE SOO KIM ESQ 1330 BROADWAY STE 432 OAKLAND, CA  94612","24","3800","1710 POLK ST","SAN FRANCISCO","38","94109","","","",""
"521253","ACTIVE CANCEL","41 | 0","06/05/2012","05/31/2024","DBA: HONG KONG CHINESE RESTAURANT                        WONG, KWAN                         1115 BELLEVUE RD,                         ATWATER, CA  95301","","","","","29","2401","1115 BELLEVUE RD","ATWATER","24","95301","","","",""
"521644","ACTIVE CANCEL","20 | 0","01/14/2014","12/31/2024","DBA: ISO:BEERS                        ISO:BEERS LLC                         75 E SANTA CLARA ST, #120,                         SAN JOSE, CA  95113","2340 BRAY AVE                              SANTA CLARA, CA  95050","","7","","25","4313","75 E SANTA CLARA ST, #120","SAN JOSE","43","95113","2340 BRAY AVE","SANTA CLARA","95050","CA"
"521644","ACTIVE CANCEL","42 | 0","01/14/2014","12/31/2024","DBA: ISO:BEERS                        ISO:BEERS LLC                         75 E SANTA CLARA ST, #120,                         SAN JOSE, CA  95113","2340 BRAY AVE                              SANTA CLARA, CA  95050","","7","","25","4313","75 E SANTA CLARA ST, #120","SAN JOSE","43","95113","2340 BRAY AVE","SANTA CLARA","95050","CA"
"542307","AUTREV ACTIVE","02 | 0","10/03/2014","06/30/2024","DBA: KALEIDOS                        MARTELL, STEVEN ARTHUR                         3502 DRY CREEK RD, UNIT B8,                         PASO ROBLES, CA  93446-8570","1990 TOWNSHIP RD                              PASO ROBLES, CA  93446-7646","02-415750","","","13","4002","3502 DRY CREEK RD, UNIT B8","PASO ROBLES","40","93446","1990 TOWNSHIP RD","PASO ROBLES","93446","CA"
"542307","AUTREV ACTIVE","02 | 0","10/03/2014","06/30/2024","DBA: KALEIDOS                        MARTELL, STEVEN ARTHUR                         3502 DRY CREEK RD, UNIT B8,                         PASO ROBLES, CA  93446-8570","1990 TOWNSHIP RD                              PASO ROBLES, CA  93446-7646","02-415750","","","13","4002","3502 DRY CREEK RD, UNIT B8","PASO ROBLES","40","93446","1990 TOWNSHIP RD","PASO ROBLES","93446","CA"
"548986","ACTIVE CANCEL","41 | 0","11/05/2014","10/31/2024","DBA: ULTRA SUSHI                        TAO SUSHI, INC.                         4808 MISSION ST,                         SAN FRANCISCO, CA  94112-3417","20 HANA VISTA LN                              DALY CITY, CA  94014-3901","41-520614/ 41-650108","7","MCGOVERN ESCROW SERVICES 333 BUSH ST 21ST FL SAN FRANCISCO, CA  94104","24","3800","4808 MISSION ST","SAN FRANCISCO","38","94112","20 HANA VISTA LN","DALY CITY","94014","CA"
"560858","ACTIVE CANCEL","41 | 0","10/07/2015","09/30/2024","DBA: SWEETSPOT                        CHEY CORPORATION                         1675 HILLTOP DR P,                         REDDING, CA  96002","","41-535432/ 41-651253","","FIDELITY NATIONAL TITLE COMPANY 8525 MADISON AVE # 110 FAIR OAKS, CA  95628-3854","31","4502","1675 HILLTOP DR P","REDDING","45","96002","","","",""
"561314","ACTIVE SUREND","47 | 1","09/25/2017","08/31/2024","DBA: COPPER SPOON COCKTAILS & KITCHEN                        SASSAFRAS SEAGRASS LLC                         4031 BROADWAY,                         OAKLAND, CA  94611-5617","20014 33RD AVE                              LAKE FOREST PARK, WA  98155","47-350862","","OLD REPUBLIC TITLE COMPANY 1000 BURNETT AVE STE 400 CONCORD, CA  94520-2088","22","0109","4031 BROADWAY","OAKLAND","01","94611","20014 33RD AVE","LAKE FOREST PARK","98155","WA"
"561314","ACTIVE SUREND","47 | 1","09/25/2017","08/31/2024","DBA: COPPER SPOON COCKTAILS & KITCHEN                        SASSAFRAS SEAGRASS LLC                         4031 BROADWAY,                         OAKLAND, CA  94611-5617","20014 33RD AVE                              LAKE FOREST PARK, WA  98155","47-350862","","OLD REPUBLIC TITLE COMPANY 1000 BURNETT AVE STE 400 CONCORD, CA  94520-2088","22","0109","4031 BROADWAY","OAKLAND","01","94611","20014 33RD AVE","LAKE FOREST PARK","98155","WA"
"561314","ACTIVE SUREND","47 | 1","09/25/2017","08/31/2024","DBA: COPPER SPOON COCKTAILS & KITCHEN                        SASSAFRAS SEAGRASS LLC                         4031 BROADWAY,                         OAKLAND, CA  94611-5617","20014 33RD AVE                              LAKE FOREST PARK, WA  98155","47-350862","","OLD REPUBLIC TITLE COMPANY 1000 BURNETT AVE STE 400 CONCORD, CA  94520-2088","22","0109","4031 BROADWAY","OAKLAND","01","94611","20014 33RD AVE","LAKE FOREST PARK","98155","WA"
"561314","ACTIVE SUREND","58 | 1","09/25/2017","08/31/2024","DBA: COPPER SPOON COCKTAILS & KITCHEN                        SASSAFRAS SEAGRASS LLC                         4031 BROADWAY,                         OAKLAND, CA  94611-5617","20014 33RD AVE                              LAKE FOREST PARK, WA  98155","47-350862","","OLD REPUBLIC TITLE COMPANY 1000 BURNETT AVE STE 400 CONCORD, CA  94520-2088","22","0109","4031 BROADWAY","OAKLAND","01","94611","20014 33RD AVE","LAKE FOREST PARK","98155","WA"
"561314","ACTIVE SUREND","58 | 1","09/25/2017","08/31/2024","DBA: COPPER SPOON COCKTAILS & KITCHEN                        SASSAFRAS SEAGRASS LLC                         4031 BROADWAY,                         OAKLAND, CA  94611-5617","20014 33RD AVE                              LAKE FOREST PARK, WA  98155","47-350862","","OLD REPUBLIC TITLE COMPANY 1000 BURNETT AVE STE 400 CONCORD, CA  94520-2088","22","0109","4031 BROADWAY","OAKLAND","01","94611","20014 33RD AVE","LAKE FOREST PARK","98155","WA"
"561314","ACTIVE SUREND","58 | 1","09/25/2017","08/31/2024","DBA: COPPER SPOON COCKTAILS & KITCHEN                        SASSAFRAS SEAGRASS LLC                         4031 BROADWAY,                         OAKLAND, CA  94611-5617","20014 33RD AVE                              LAKE FOREST PARK, WA  98155","47-350862","","OLD REPUBLIC TITLE COMPANY 1000 BURNETT AVE STE 400 CONCORD, CA  94520-2088","22","0109","4031 BROADWAY","OAKLAND","01","94611","20014 33RD AVE","LAKE FOREST PARK","98155","WA"
"562724","ACTIVE CANCEL","41 | 1","05/18/2016","04/30/2024","DBA: RASTA TACO LAGUNA BEACH                        RASTA TACO LAGUNA BEACH, INC.                         170 BEACH ST,                         LAGUNA BEACH, CA  92651-2103","PO BOX 7182                              CAPISTRANO BEACH, CA  92624","","7","","11","3011","170 BEACH ST","LAGUNA BEACH","30","92651","PO BOX 7182","CAPISTRANO BEACH","92624","CA"
"562724","ACTIVE CANCEL","58 | 1","05/18/2016","04/30/2024","DBA: RASTA TACO LAGUNA BEACH                        RASTA TACO LAGUNA BEACH, INC.                         170 BEACH ST,                         LAGUNA BEACH, CA  92651-2103","PO BOX 7182                              CAPISTRANO BEACH, CA  92624","","7","","11","3011","170 BEACH ST","LAGUNA BEACH","30","92651","PO BOX 7182","CAPISTRANO BEACH","92624","CA"
"563110","ACTIVE CANCEL","41 | 0","12/04/2015","11/30/2024","DBA: LUCKY CHINESE RESTAURANT                        CAO, SHENG LIN                         1137 WALNUT ST,                         RED BLUFF, CA  96080-3630","","41-484229/ 41-650515","","ALBRIGHT AND JONES 715 MADISON ST RED BLUFF, CA  96080","31","5202","1137 WALNUT ST","RED BLUFF","52","96080","","","",""
"568287","ACTIVE CANCEL","41 | 0","08/26/2016","07/31/2024","DBA: BROOKS BURGERS                        BROOKS RESTAURANT GROUP, INC.                         220 FIVE CITIES DR,                         PISMO BEACH, CA  93449-3004","1712 TRILOGY PARKWAY                              NIPOMO, CA  93444","","","","13","4003","220 FIVE CITIES DR","PISMO BEACH","40","93449","1712 TRILOGY PARKWAY","NIPOMO","93444","CA"
"576933","ACTIVE CANCEL","75 | 0","10/19/2017","09/30/2024","DBA: EL GUADALAJARA RESTAURANT                        ARTEAGA, MIGUEL BARAJAS                         1520 SILVERADO TRL,                         NAPA, CA  94559-1416","","","7,E","","27","2802","1520 SILVERADO TRL","NAPA","28","94559","","","",""
"576933","PEND ACTIVE","47 | 0","01/08/2024","09/30/2024","DBA: EL GUADALAJARA RESTAURANT                        ARTEAGA, MIGUEL BARAJAS                         1520 SILVERADO TRL,                         NAPA, CA  94559-1416","","75-576933","7,E","","27","2802","1520 SILVERADO TRL","NAPA","28","94559","","","",""
"580193","SUREND ACTIVE","48 | 1","08/23/2017","07/31/2024","RUNWAY 24L LLC                         11611 INGLEWOOD AVE,                         HAWTHORNE, CA  90250","","48-304555","","CAPITAL TRUST ESCROW 280 S BEVERLY DR #300 BEVERLY HILLS, CA  90212","3","1923","11611 INGLEWOOD AVE","HAWTHORNE","19","90250","","","",""
"580193","SUREND ACTIVE","58 | 1","08/23/2017","07/31/2024","RUNWAY 24L LLC                         11611 INGLEWOOD AVE,                         HAWTHORNE, CA  90250","","48-304555","","CAPITAL TRUST ESCROW 280 S BEVERLY DR #300 BEVERLY HILLS, CA  90212","3","1923","11611 INGLEWOOD AVE","HAWTHORNE","19","90250","","","",""
"587584","AUTREV ACTIVE","02 | 0","11/30/2017","06/30/2024","DBA: KALEIDOS                        MARTELL, STEVEN ARTHUR                         3075 BLUE ROCK RD, UNIT A,                         PASO ROBLES, CA  93446-5999","1990 TOWNSHIP RD                              PASO ROBLES, CA  93446-7646","","7","","13","4000","3075 BLUE ROCK RD, UNIT A","PASO ROBLES","40","93446","1990 TOWNSHIP RD","PASO ROBLES","93446","CA"
"587584","AUTREV ACTIVE","02 | 0","11/30/2017","06/30/2024","DBA: KALEIDOS                        MARTELL, STEVEN ARTHUR                         3075 BLUE ROCK RD, UNIT A,                         PASO ROBLES, CA  93446-5999","1990 TOWNSHIP RD                              PASO ROBLES, CA  93446-7646","","7","","13","4000","3075 BLUE ROCK RD, UNIT A","PASO ROBLES","40","93446","1990 TOWNSHIP RD","PASO ROBLES","93446","CA"
"591043","ACTIVE SUREND","21 | 0","02/15/2018","01/31/2024","DBA: CAYUCOS LIQUOR                        AJJAN, SALEM                         75-79 S OCEAN,                         CAYUCOS, CA  93430-1647","","21-539154","","","13","4000","75-79 S OCEAN","CAYUCOS","40","93430","","","",""
"591383","ACTIVE SUSPEN","41 | 0","04/30/2018","03/31/2024","DBA: EXTREME PIZZA                        SA & RE, INC                         3100 LAKEVILLE HWY, STE E,                         PETALUMA, CA  94954-6959","","41-511338","","BUSINESS & ESCROW SERVICE CENTER INC 3031 TISCH WAY STE 310 SAN JOSE, CA  95128","27","4903","3100 LAKEVILLE HWY, STE E","PETALUMA","49","94954","","","",""
"591879","SUREND CANCEL","47 | 0","05/14/2018","04/30/2024","DBA: PINNACLE CASINO                        PINNACLE CASINO LLC                         955 FRONT ST,                         SOLEDAD, CA  93960-3019","PO BOX 6430                              SALINAS, CA  93912","47-573349/ 47-649917","5,7","","26","2710","955 FRONT ST","SOLEDAD","27","93960","PO BOX 6430","SALINAS","93912","CA"
"595514","REVPEN ACTIVE","41 | 0","10/24/2018","09/30/2024","DBA: REDWOOD SANDWICH COMPANY THE                        BRACKEN, BENJAMIN JOSEPH                         1354 EAST AVE, STE U,                         CHICO, CA  95926","","","7","","31","0402","1354 EAST AVE, STE U","CHICO","04","95926","","","",""
"595514","REVPEN ACTIVE","41 | 0","10/24/2018","09/30/2024","DBA: REDWOOD SANDWICH COMPANY THE                        BRACKEN, BENJAMIN JOSEPH                         1354 EAST AVE, STE U,                         CHICO, CA  95926","","","7","","31","0402","1354 EAST AVE, STE U","CHICO","04","95926","","","",""
"597369","ACTIVE CANCEL","41 | 0","07/08/2019","06/30/2024","DBA: FAT BURGER HOLLYWOOD                        AFSK FOODS, LLC                         6760 HOLLYWOOD BLVD,                         LOS ANGELES, CA  90028-4622","21908 CORTINA PL                              CHATSWORTH, CA  91311","","7","","4","1933","6760 HOLLYWOOD BLVD","LOS ANGELES","19","90028","21908 CORTINA PL","CHATSWORTH","91311","CA"
"599220","ACTIVE CANCEL","47 | 0","05/03/2019","04/30/2024","DBA: LOS AGUACHILES SEAFOOD - SUSHI                        PALOMARES, RODOLFO                         731-733 TEXAS ST,                         FAIRFIELD, CA  94533-5518","144 MARQUETTE AVE                              VALLEJO, CA  94589","","5","","22","4803","731-733 TEXAS ST","FAIRFIELD","48","94533","144 MARQUETTE AVE","VALLEJO","94589","CA"
"601555","ACTIVE NREN","85 | 0","01/28/2019","12/31/2023","STELLAR BOTTLES LLC                         1825 GALINDO ST, UNIT 407,                         CONCORD, CA  94520-2696","1905 CONCORD BLVD, #422                              CONCORD, CA  94520","","7","","22","0703","1825 GALINDO ST, UNIT 407","CONCORD","07","94520","1905 CONCORD BLVD, #422","CONCORD","94520","CA"
"602725","ACTIVE CANCEL","02 | 0","03/13/2019","06/30/2024","DBA: MPL BRANDS                        MPL BRANDS, INC.                         2455 HUNTINGTON DR,                         FAIRFIELD, CA  94533-9734","71 LIBERTY SHIP WAY                              SAUSALITO, CA  94965","","","","22","4803","2455 HUNTINGTON DR","FAIRFIELD","48","94533","71 LIBERTY SHIP WAY","SAUSALITO","94965","CA"
"605315","ACTIVE CANCEL","23 | 1","07/11/2019","06/30/2024","DBA: BEACHWOOD BREWING                        BEACHWOOD BLENDERY LLC                         210 E 3RD ST,                         LONG BEACH, CA  90802-3188","7671 WOODWIND DR                              HUNTINGTON BEACH, CA  92647-7142","23-505031/ 23-653707","7","","3","1932","210 E 3RD ST","LONG BEACH","19","90802","7671 WOODWIND DR","HUNTINGTON BEACH","92647","CA"
"605315","ACTIVE CANCEL","77 | 1","07/11/2019","06/30/2024","DBA: BEACHWOOD BREWING                        BEACHWOOD BLENDERY LLC                         210 E 3RD ST,                         LONG BEACH, CA  90802-3188","7671 WOODWIND DR                              HUNTINGTON BEACH, CA  92647-7142","23-505031/ 23-653707","7","","3","1932","210 E 3RD ST","LONG BEACH","19","90802","7671 WOODWIND DR","HUNTINGTON BEACH","92647","CA"
"607764","ACTIVE CANCEL","47 | 0","08/21/2019","07/31/2024","DBA: ARCATA THEATRE LOUNGE                        JOSEPPIS LLC                         1036 G ST,                         ARCATA, CA  95521-5816","","47-501256/ 47-651094","7","FIDELITY NATIONAL TITLE COMPANY  8525 MADISON AVE STE 110 FAIR OAKS, CA  95628","28","1201","1036 G ST","ARCATA","12","95521","","","",""
"613505","ACTIVE CANCEL","17 | 1","02/13/2020","01/31/2024","DBA: PETRA'S CELLAR LLC                        PETRA'S CELLAR LLC                         1419 ASHWOOD DR,                         MARTINEZ, CA  94553","","","7","","22","0706","1419 ASHWOOD DR","MARTINEZ","07","94553","","","",""
"613505","ACTIVE CANCEL","20 | 0","02/13/2020","01/31/2024","DBA: PETRA'S CELLAR LLC                        PETRA'S CELLAR LLC                         1419 ASHWOOD DR,                         MARTINEZ, CA  94553","","","7,I","","22","0706","1419 ASHWOOD DR","MARTINEZ","07","94553","","","",""
"613505","ACTIVE CANCEL","09 | 1","02/13/2020","01/31/2024","DBA: PETRA'S CELLAR LLC                        PETRA'S CELLAR LLC                         1419 ASHWOOD DR,                         MARTINEZ, CA  94553","","","7","","22","0706","1419 ASHWOOD DR","MARTINEZ","07","94553","","","",""
"613699","ACTIVE SUREND","48 | 0","02/21/2020","01/31/2024","DBA: MOONLIGHT TEQUILA LOUNGE                        MOTHER OF DRAGONS, INC.                          14345 PIONEER BLVD,                         NORWALK, CA  90650","238 W 15TH ST                              SAN PEDRO, CA  90731","48-595127","","R ESCROW 1205 E CHAPMAN AVE ORANGE, CA  92866","3","1940","14345 PIONEER BLVD","NORWALK","19","90650","238 W 15TH ST","SAN PEDRO","90731","CA"
"617191","ACTIVE CANCEL","02 | 0","05/03/2021","06/30/2024","DBA: RARECAT WINES                         DOMAINE BEAU SOLEIL LLC                         1209 1ST ST,                         NAPA, CA  94559-2929","PO BOX 801                              RUTHERFORD, CA  94573","","7","","27","2802","1209 1ST ST","NAPA","28","94559","PO BOX 801","RUTHERFORD","94573","CA"
"617290","ACTIVE CANCEL","41 | 0","09/21/2020","08/31/2024","DBA: 101 RED BARN LLC                        101 RED BARN, LLC                         1000 HIGHWAY 101,                         AROMAS, CA  95004","355 E MARKET ST                              SALINAS, CA  93901","41-213150","","JRG ATTORNEYS AT LAW 318 CAYUGA ST SALINAS, CA  93901","26","2700","1000 HIGHWAY 101","AROMAS","27","95004","355 E MARKET ST","SALINAS","93901","CA"
"622557","SUSPEN ACTIVE","20 | 0","04/12/2021","03/31/2024","DBA: QUICKI KLEEN                        DABB CORPORATION                          707 E YOSEMITE AVE,                         MANTECA, CA  95336","","","7","","29","3903","707 E YOSEMITE AVE","MANTECA","39","95336","","","",""
"623620","AUTREV ACTIVE","82 | 0","03/23/2021","02/29/2024","DBA: KV WINES                        KV WINES LLC                         9419 NE WORDEN HILL RD,                         DUNDEE, OR  97115","PO BOX 3266                               WALLA WALLA, WA  99362","","","","75","9999","9419 NE WORDEN HILL RD","DUNDEE","","97115","PO BOX 3266","WALLA WALLA","99362","WA"
"623620","AUTREV ACTIVE","82 | 0","03/23/2021","02/29/2024","DBA: KV WINES                        KV WINES LLC                         9419 NE WORDEN HILL RD,                         DUNDEE, OR  97115","PO BOX 3266                               WALLA WALLA, WA  99362","","","","75","9999","9419 NE WORDEN HILL RD","DUNDEE","","97115","PO BOX 3266","WALLA WALLA","99362","WA"
"625806","ACTIVE CANCEL","41 | 0","08/02/2021","07/31/2024","DBA: CANTINA LOS MAYAS                        JUMOPELI CANTINA LLC                         431 BALBOA ST,                         SAN FRANCISCO, CA  94118-3937","PO BOX 741                              MILL VALLEY, CA  94942-0741","","7","","24","3800","431 BALBOA ST","SAN FRANCISCO","38","94118","PO BOX 741","MILL VALLEY","94942","CA"
"630342","ACTIVE CANCEL","47 | 0","11/24/2021","10/31/2024","DBA: LOLA'S TEQUILA BAR & COCINA                        R VIDA INC                         1563 EUREKA RD, STE 2,                         ROSEVILLE, CA  95661-2873","877 EMBARCADERO DR                              EL DORADO HILLS, CA  95762","47-622976/ 47-653018","7","ABC ESCROW 2222 DAMON STREET  LOS ANGELES, CA  90021","23","3105","1563 EUREKA RD, STE 2","ROSEVILLE","31","95661","877 EMBARCADERO DR","EL DORADO HILLS","95762","CA"
"631610","PEND WITHDRAWN","47 | 0","","","DBA: ZO.                        SMALL SPRING CORPORATION                         18711 VENTURA BOULEVARD,                         TARZANA, CA  91356","5204 MELVIN AVE                              TARZANA, CA  91356","609124","","ABC ESCROW 2222 DAMON STREET  LOS ANGELES, CA  90021","5","1933","18711 VENTURA BOULEVARD","TARZANA","19","91356","5204 MELVIN AVE","TARZANA","91356","CA"
"634683","ACTIVE CANCEL","20 | 0","01/25/2022","06/30/2024","DBA: 7-ELEVEN STORE 16027H                        7 ELEVEN INC                         1840 COCHRAN ST,                         SIMI VALLEY, CA  93065-2230","PO BOX 139044, ATTN: LICENSING DEPARTMENT                              DALLAS, TX  75313-9044","20-397260/ 20-653605","","","12","5609","1840 COCHRAN ST","SIMI VALLEY","56","93065","PO BOX 139044, ATTN: LICENSING DEPARTMENT","DALLAS","75313","TX"
"634799","ACTIVE CANCEL","20 | 0","03/29/2022","02/29/2024","DBA: B & B MARKET                        LEE, JAE WOON                         787 E 54TH ST,                         LOS ANGELES, CA  90011-4635","","20-607995/ 20-654486","","UNITED ESCROW 3440 WILSHIRE BLVD 600 LOS ANGELES, CA  90010","4","1933","787 E 54TH ST","LOS ANGELES","19","90011","","","",""
"635414","ACTIVE CANCEL","41 | 0","05/02/2022","04/30/2024","DBA: LONGHORN STEAKHOUSE & LOUNGE, THE                        RECORD, CHEYANNE HOPE                         505 SIERRA ST,                         KINGSBURG, CA  93631-1711","","","","","21","1008","505 SIERRA ST","KINGSBURG","10","93631","","","",""
"635718","PEND WITHDRAWN","41 | 0","","","DBA: ANONIMO'S PIZZA                        ANONIMO LLC                         400 12TH ST,                         SACRAMENTO, CA  95814-1404","650 VORDEN RD                              COURTLAND, CA  95615","595704","7","CALIFORNIA BUSINESS ESCROW 1748 MAIN ST ESCALON, CA  95320-1927","23","3405","400 12TH ST","SACRAMENTO","34","95814","650 VORDEN RD","COURTLAND","95615","CA"
"637307","ACTIVE CANCEL","41 | 0","08/04/2022","07/31/2024","DBA: COLONY MARKET AND DELI                        C. SKY DEVELOPMENTS, INC.                         6040 EL CAMINO REAL,                         ATASCADERO, CA  92422-4211","5225 ENSENADA AVE                              ATASCADERO, CA  93422","41-594974/ 41-653969","","","13","4007","6040 EL CAMINO REAL","ATASCADERO","40","92422","5225 ENSENADA AVE","ATASCADERO","93422","CA"
"638447","PEND ACTIVE","23 | 0","01/08/2024","12/31/2024","DBA: FOWLER RANCH                        BRANCH OUT, LLC                         3111 LINCOLN NEWCASTLE HWY,                         LINCOLN, CA  95648","525 FOWLER RD                              NEWCASTLE, CA  95658","","7","","23","3100","3111 LINCOLN NEWCASTLE HWY","LINCOLN","31","95648","525 FOWLER RD","NEWCASTLE","95658","CA"
"639479","ACTIVE CANCEL","47 | 0","08/22/2022","07/31/2024","DBA: FUZIO UNIVERSAL BISTRO                         10TH STREET BISTRO, LLC                          1020 10TH ST,                         MODESTO, CA  95354","3421 TULLY RD, STE A                                MODESTO, CA  95350","47-552090/ 47-654270","","OLD REPUBLIC TITLE COMPANY 2321 ROSECRANS AVE STE 5000 EL SEGUNDO, CA  90245","29","5002","1020 10TH ST","MODESTO","50","95354","3421 TULLY RD, STE A","MODESTO","95350","CA"
"641454","REVPEN ACTIVE","41 | 0","11/18/2022","09/30/2024","RAMIREZ, RAUL                         222 N EL DORADO ST, STE H,                         STOCKTON, CA  95202","629 E YOSEMITE AVE                              MANTECA, CA  95336","41-629175","7","","29","3905","222 N EL DORADO ST, STE H","STOCKTON","39","95202","629 E YOSEMITE AVE","MANTECA","95336","CA"
"641454","REVPEN ACTIVE","41 | 0","11/18/2022","09/30/2024","RAMIREZ, RAUL                         222 N EL DORADO ST, STE H,                         STOCKTON, CA  95202","629 E YOSEMITE AVE                              MANTECA, CA  95336","41-629175","7","","29","3905","222 N EL DORADO ST, STE H","STOCKTON","39","95202","629 E YOSEMITE AVE","MANTECA","95336","CA"
"641487","PEND ACTIVE","41 | 0","01/09/2024","12/31/2024","DBA: FIESTA PHILIPPINES                        FIESTA PHILIPPINES, LLC                         11088 OLSON DR, STE A,                         RANCHO CORDOVA, CA  95670-5650","","41-628149","7","CAPITOL CITY ESCROW 3838 WATT AVE #F610 SACRAMENTO, CA  95821","23","3408","11088 OLSON DR, STE A","RANCHO CORDOVA","34","95670","","","",""
"643458","ACTIVE CANCEL","18 | 1","01/05/2023","12/31/2024","DBA: PREMIUM AGAVE SPIRITS LLC                        PREMIUM AGAVE SPIRITS LLC                         9655 GRANITE RIDGE DR, STE 2055,                         SAN DIEGO, CA  92123","","","","","10","3710","9655 GRANITE RIDGE DR, STE 2055","SAN DIEGO","37","92123","","","",""
"643458","ACTIVE CANCEL","12 | 1","01/05/2023","12/31/2024","DBA: PREMIUM AGAVE SPIRITS LLC                        PREMIUM AGAVE SPIRITS LLC                         9655 GRANITE RIDGE DR, STE 2055,                         SAN DIEGO, CA  92123","","","","","10","3710","9655 GRANITE RIDGE DR, STE 2055","SAN DIEGO","37","92123","","","",""
"645747","PEND WITHDRAWN","20 | 0","","","DBA: SLUTS                        CLASSICAL JAZZ LLC                         81 LANGTON ST, STE 2,                         SAN FRANCISCO, CA  94103-3927","","443785","7","MCGOVERN ESCROW SERVICES 436 14TH ST STE 1015 OAKLAND, CA  94612","24","3800","81 LANGTON ST, STE 2","SAN FRANCISCO","38","94103","","","",""
"645747","PEND WITHDRAWN","42 | 0","","","DBA: SLUTS                        CLASSICAL JAZZ LLC                         81 LANGTON ST, STE 2,                         SAN FRANCISCO, CA  94103-3927","","443785","7","MCGOVERN ESCROW SERVICES 436 14TH ST STE 1015 OAKLAND, CA  94612","24","3800","81 LANGTON ST, STE 2","SAN FRANCISCO","38","94103","","","",""
"645829","PEND WITHDRAWN","41 | 0","","","DBA: PIGLET & CO.                        MEI HUA COLLECTIVE INC.                         2170 MISSION ST,                         SAN FRANCISCO, CA  94110-1247","1225 4TH ST                              SAN FRANCISCO, CA  94158-2249","","","","24","3800","2170 MISSION ST","SAN FRANCISCO","38","94110","1225 4TH ST","SAN FRANCISCO","94158","CA"
"646148","PEND ACTIVE","47 | 0","01/09/2024","12/31/2024","VILLANUEVA SORROZA, ARELY                         700 H ST,                         MODESTO, CA  95354","","47-608983","7","","29","5002","700 H ST","MODESTO","50","95354","","","",""
"646338","PEND ACTIVE","17 | 1","01/09/2024","12/31/2024","DBA: ALEXANDER DANIELS LLC                        ALEXANDER DANIELS LLC                         44 MONTGOMERY ST, STE 02-180-DD02,                         SAN FRANCISCO, CA  94104-4602","","","","","24","3800","44 MONTGOMERY ST, STE 02-180-DD02","SAN FRANCISCO","38","94104","","","",""
"646338","PEND ACTIVE","09 | 1","01/09/2024","12/31/2024","DBA: ALEXANDER DANIELS LLC                        ALEXANDER DANIELS LLC                         44 MONTGOMERY ST, STE 02-180-DD02,                         SAN FRANCISCO, CA  94104-4602","","","","","24","3800","44 MONTGOMERY ST, STE 02-180-DD02","SAN FRANCISCO","38","94104","","","",""
"646415","PEND ACTIVE","41 | 0","01/09/2024","12/31/2024","DBA: SUMMER PALACE                        SUMMER PALACE, LLC                         7900 FLORIN RD, STE 11,                         SACRAMENTO, CA  95828-3145","","","7","","23","3400","7900 FLORIN RD, STE 11","SACRAMENTO","34","95828","","","",""
"646474","PEND ACTIVE","41 | 0","01/08/2024","12/31/2024","DBA: CARDINALEDU VIN                         CARDINALITY LLC                          8912 W PICO BLVD ,                         LOS ANGELES, CA  90035-3304","1002 S HOLT AVE                               LOS ANGELES, CA  90035","","7","","4","1933","8912 W PICO BLVD","LOS ANGELES","19","90035","1002 S HOLT AVE","LOS ANGELES","90035","CA"
"647069","PEND ACTIVE","41 | 0","01/08/2024","12/31/2024","DBA: PIER PLACE                        PIER PLACE LLC                         790 PORT RD, UNIT A,                         POINT ARENA, CA  95468","PO BOX 756                              POINT ARENA, CA  95468","41-479193","","","27","2302","790 PORT RD, UNIT A","POINT ARENA","23","95468","PO BOX 756","POINT ARENA","95468","CA"
"648219","PEND ACTIVE","41 | 0","01/09/2024","12/31/2024","DBA: FLAMES PIZZA                        FLAMES PIZZA LLC                         8200 STOCKDALE HWY STE K-3,                         BAKERSFIELD, CA  93311-1001","","","","","6","1501","8200 STOCKDALE HWY STE K-3","BAKERSFIELD","15","93311","","","",""
"648296","PEND ACTIVE","02 | 0","01/09/2024","06/30/2024","DBA: LA VALLEE                        LA VALLEE LLC                         140 INDUSTRIAL WAY,                         BUELLTON, CA  93427-9507","1226 OLESEN DR                              SOLVANG, CA  93463","","7","","13","4207","140 INDUSTRIAL WAY","BUELLTON","42","93427","1226 OLESEN DR","SOLVANG","93463","CA"
"648382","PEND ACTIVE","41 | 0","01/08/2024","12/31/2024","DBA: MUCHA COMIDA CHAPINA                        P.K.L.D, CORP                         11541 SHERMAN WY,                         NORTH HOLLYWOOD, CA  91605-5829","","","","","5","1933","11541 SHERMAN WY","NORTH HOLLYWOOD","19","91605","","","",""
"648390","PEND ACTIVE","20 | 0","01/09/2024","12/31/2024","DBA: ALDI                        AI CALIFORNIA LLC                         32130 TEMECULA PARKWAY,                         TEMECULA, CA  92592-6801","12661 ALDI PL                              MORENO VALLEY, CA  92555-6703","","","","7","3322","32130 TEMECULA PARKWAY","TEMECULA","33","92592","12661 ALDI PL","MORENO VALLEY","92555","CA"
"648918","PEND ACTIVE","02 | 0","01/08/2024","06/30/2024","DBA: PATCO                        MPL BRANDS NV, INC.                         2455 HUNTINGTON DR,                         FAIRFIELD, CA  94533-9734","71 LIBERTY SHIP WAY                              SAUSALITO, CA  94965","02-602725","","","22","4803","2455 HUNTINGTON DR","FAIRFIELD","48","94533","71 LIBERTY SHIP WAY","SAUSALITO","94965","CA"
"648993","PEND ACTIVE","17 | 1","01/09/2024","12/31/2024","DBA: PLAYLIST                        PLAYLIST INC.                          1564 GREEN VALLEY RD,                         DANVILLE, CA  94526-1954","","","7","","22","0716","1564 GREEN VALLEY RD","DANVILLE","07","94526","","","",""
"648993","PEND ACTIVE","20 | 0","01/09/2024","12/31/2024","DBA: PLAYLIST                        PLAYLIST INC.                          1564 GREEN VALLEY RD,                         DANVILLE, CA  94526-1954","","","7,I","","22","0716","1564 GREEN VALLEY RD","DANVILLE","07","94526","","","",""
"648993","PEND ACTIVE","09 | 1","01/09/2024","12/31/2024","DBA: PLAYLIST                        PLAYLIST INC.                          1564 GREEN VALLEY RD,                         DANVILLE, CA  94526-1954","","","7","","22","0716","1564 GREEN VALLEY RD","DANVILLE","07","94526","","","",""
"649278","PEND ACTIVE","47 | 0","01/09/2024","12/31/2024","DBA: YAKUMI & FAT SAL'S                        CREWS LAX3, LLC                         300 WORLD WAY, TERMINAL 350,                         LOS ANGELES, CA  90045-5610","1924 E MAPLE AVE, UNIT B                              EL SEGUNDO, CA  90245-3411","","7,A","","3","1933","300 WORLD WAY, TERMINAL 350","LOS ANGELES","19","90045","1924 E MAPLE AVE, UNIT B","EL SEGUNDO","90245","CA"
"649429","PEND WITHDRAWN","85 | 0","","","DBA: DOROTHY'S                        TEDDYLU LLC                         8970 ELLIS AVE,                         LOS ANGELES, CA  90034-3302","421 S LA FAYETTE PARK PL, APT 313                              LOS ANGELES, CA  90057","","","","4","1933","8970 ELLIS AVE","LOS ANGELES","19","90034","421 S LA FAYETTE PARK PL, APT 313","LOS ANGELES","90057","CA"
"649640","PEND ACTIVE","02 | 1","01/08/2024","06/30/2024","DBA: WINE RETRIEVER, LLC                        WINE RETRIEVER LLC                         501 PARDUCCI RD,                         UKIAH, CA  95482-3015","4531 SIMONTON RD                              FARMERS BRANCH, TX  75244","","","","27","2300","501 PARDUCCI RD","UKIAH","23","95482","4531 SIMONTON RD","FARMERS BRANCH","75244","TX"
"649640","PEND ACTIVE","09 | 1","01/08/2024","06/30/2024","DBA: WINE RETRIEVER, LLC                        WINE RETRIEVER LLC                         501 PARDUCCI RD,                         UKIAH, CA  95482-3015","4531 SIMONTON RD                              FARMERS BRANCH, TX  75244","","","","27","2300","501 PARDUCCI RD","UKIAH","23","95482","4531 SIMONTON RD","FARMERS BRANCH","75244","TX"
"649688","PEND ACTIVE","47 | 0","01/08/2024","12/31/2024","DBA: CASA AGAVE RESTAURANT                        CASA AGAVE RESTAURANT LLC                         731-733 TEXAS ST,                         FAIRFIELD, CA  94533-5518","152 IDORA AVE                              VALLEJO, CA  94553","47-599220","","OLD REPUBLIC TITLE 1000 BURNETT AVE STE 400 CONCORD, CA  94520-2088","22","4803","731-733 TEXAS ST","FAIRFIELD","48","94533","152 IDORA AVE","VALLEJO","94553","CA"
"649782","PEND ACTIVE","23 | 0","01/09/2024","09/30/2024","DBA: BURGEON BEER COMPANY                        ABSTRACT ALE WORKS LLC                         501 S SANTA FE AVE,                         VISTA, CA  92083-5958","6350 YARROW DR, STE C                              CARLSBAD, CA  92011","","7","","9","3713","501 S SANTA FE AVE","VISTA","37","92083","6350 YARROW DR, STE C","CARLSBAD","92011","CA"
"649917","PEND ACTIVE","47 | 1","01/08/2024","12/31/2024","DBA: 101 RED BARN                        101 RED BARN, LLC                         1000 HIGHWAY 101,                         AROMAS, CA  95004","355 E MARKET ST                              SALINAS, CA  93901","47-591879","7","CALIFORNIA BUSINESS ESCROW 1748 MAIN ST ESCALON, CA  95320-1927","26","2700","1000 HIGHWAY 101","AROMAS","27","95004","355 E MARKET ST","SALINAS","93901","CA"
"649917","PEND ACTIVE","68 | 1","01/08/2024","12/31/2024","DBA: 101 RED BARN                        101 RED BARN, LLC                         1000 HIGHWAY 101,                         AROMAS, CA  95004","355 E MARKET ST                              SALINAS, CA  93901","47-591879","7","CALIFORNIA BUSINESS ESCROW 1748 MAIN ST ESCALON, CA  95320-1927","26","2700","1000 HIGHWAY 101","AROMAS","27","95004","355 E MARKET ST","SALINAS","93901","CA"
"649930","PEND ACTIVE","21 | 0","01/09/2024","09/30/2024","DBA: KOZANYAN MEAT & LIQUOR                        MUTAFIAN, GAYANE                         1244 S GLENDALE AVE,                         GLENDALE, CA  91205-5631","1475 DESCANSO DR                              LA CANADA, CA  91011","21-577471","","","5","1921","1244 S GLENDALE AVE","GLENDALE","19","91205","1475 DESCANSO DR","LA CANADA","91011","CA"
"650108","PEND ACTIVE","41 | 0","01/08/2024","12/31/2024","KANPAI SUSHI HOUSE                         4808 MISSION ST,                         SAN FRANCISCO, CA  94112-3417","601 ALABAMA ST, UNIT 108                              SAN FRANCISCO, CA  94110","41-548986","7","OLD REPUBLIC TITLE COMPANY 1000 BURNETT AVE STE 400 CONCORD, CA  94520-2088","24","3800","4808 MISSION ST","SAN FRANCISCO","38","94112","601 ALABAMA ST, UNIT 108","SAN FRANCISCO","94110","CA"
"650232","PEND ACTIVE","21 | 0","01/09/2024","12/31/2024","DBA: INTERNATIONAL LIQUOR                        USFOODS INC                          9250-3 RESEDA BLVD,                         NORTHRIDGE, CA  91324-3142","17127 GERMAIN ST                              GRANADA HILLS, CA  91344","21-371590","","SEPULVEDA ESCROW 10550 SEPULVEDA BLVD STE 105 MISSION HILLS, CA  91345-1957","5","1933","9250-3 RESEDA BLVD","NORTHRIDGE","19","91324","17127 GERMAIN ST","GRANADA HILLS","91344","CA"
"650415","PEND ACTIVE","41 | 0","01/08/2024","12/31/2024","DBA: REGION                        VINESHIFT INC.                         858 MONTEREY ST,                         SAN LUIS OBISPO, CA  93401-3225","979 MORRO ST                              SAN LUIS OBISPO, CA  93401","","7","","13","4004","858 MONTEREY ST","SAN LUIS OBISPO","40","93401","979 MORRO ST","SAN LUIS OBISPO","93401","CA"
"650515","PEND ACTIVE","41 | 0","01/08/2024","12/31/2024","DBA: LUCKY CHINESE RESTAURANT                        LUO, HUI LING                         1137 WALNUT ST,                         RED BLUFF, CA  96080-3630","","41-563110","","FIDELITY NATIONAL TITLE OF CALIFORNIA 2001 MARKET ST STE 100 REDDING, CA  96001","31","5202","1137 WALNUT ST","RED BLUFF","52","96080","","","",""
"650660","PEND ACTIVE","02 | 0","01/08/2024","06/30/2024","DBA: DESFORGES VINEYARDS                        DESFORGES VINEYARDS LLC                         24505 CHIANTI RD,                         CLOVERDALE, CA  95425-9782","14 CORPORATE PLAZA DR, UNIT 110                              NEWPORT BEACH, CA  92660","","","","27","4900","24505 CHIANTI RD","CLOVERDALE","49","95425","14 CORPORATE PLAZA DR, UNIT 110","NEWPORT BEACH","92660","CA"
"650692","PEND ACTIVE","42 | 0","01/08/2024","12/31/2024","DBA: LITTLE JOY                        LITTLE JOY ENTERPRISES INC                         1230 CAMINO DEL MAR B,                         DEL MAR, CA  92014-2506","2033 SAN ELIJO AVE , STE 524                              CARDIFF BY THE SEA, CA  92007","","7","","9","3711","1230 CAMINO DEL MAR B","DEL MAR","37","92014","2033 SAN ELIJO AVE , STE 524","CARDIFF BY THE SEA","92007","CA"
"650720","PEND ACTIVE","48 | 0","01/09/2024","12/31/2024","DBA: FIG & THISTLE                        7682 LLC                         313 IVY ST,                         SAN FRANCISCO, CA  94102-4310","429 GOUGH ST                              SAN FRANCISCO, CA  94102-4415","47-434379","7","CALIFORNIA BUSINESS ESCROW INC 1748 MAIN ST ESCALON, CA  95320-1927","24","3800","313 IVY ST","SAN FRANCISCO","38","94102","429 GOUGH ST","SAN FRANCISCO","94102","CA"
"650838","PEND ACTIVE","41 | 0","01/08/2024","12/31/2024","DBA: SUSHI SPOT                         HOBAK HOSPITALITY INC                          2146 W COLORADO BLVD,                         LOS ANGELES, CA  90041-1242","","","7","","4","1933","2146 W COLORADO BLVD","LOS ANGELES","19","90041","","","",""
"650858","PEND WITHDRAWN","20 | 0","","","DBA: A&D PETROLEUM INC.                        A&D PETROLEUM INC                         150 E MONTE VISTA AVE,                         TURLOCK, CA  95382-0602","PO BOX 3820                              TURLOCK, CA  95381-3820","594121","","STEWART TITLE GUARANTY COMPANY 1200 CALIFORNIA ST #140 REDLANDS, CA  92374","29","5007","150 E MONTE VISTA AVE","TURLOCK","50","95382","PO BOX 3820","TURLOCK","95381","CA"
"650880","PEND ACTIVE","41 | 0","01/09/2024","12/31/2024","DBA: PRIME BBQ                        PRIME BBQ LLC                         33 W 25TH AVE,                         SAN MATEO, CA  94403-2236","","","","","25","4113","33 W 25TH AVE","SAN MATEO","41","94403","","","",""
"651000","PEND ACTIVE","41 | 1","01/08/2024","04/30/2024","DBA: RASTA TACO LAGUNA BEACH                        JAH RASTA HOLDING INC                         170 BEACH ST,                         LAGUNA BEACH, CA  92651-2103","","41-562724","7","","11","3011","170 BEACH ST","LAGUNA BEACH","30","92651","","","",""
"651000","PEND ACTIVE","58 | 1","01/08/2024","04/30/2024","DBA: RASTA TACO LAGUNA BEACH                        JAH RASTA HOLDING INC                         170 BEACH ST,                         LAGUNA BEACH, CA  92651-2103","","41-562724","7","","11","3011","170 BEACH ST","LAGUNA BEACH","30","92651","","","",""
"651016","PEND ACTIVE","47 | 1","01/09/2024","12/31/2024","DBA: TIKI TACO                        JOSHSHELVERLY ENTERPRISES INCORPORATED                         398 N MOORPARK RD,                         THOUSAND OAKS, CA  91360-4303","","47-631504","5,8","","12","5607","398 N MOORPARK RD","THOUSAND OAKS","56","91360","","","",""
"651016","PEND ACTIVE","58 | 1","01/09/2024","12/31/2024","DBA: TIKI TACO                        JOSHSHELVERLY ENTERPRISES INCORPORATED                         398 N MOORPARK RD,                         THOUSAND OAKS, CA  91360-4303","","47-631504","5,8","","12","5607","398 N MOORPARK RD","THOUSAND OAKS","56","91360","","","",""
"651094","PEND ACTIVE","47 | 0","01/08/2024","12/31/2024","DBA: ARCATA THEATRE LOUNGE                        SIRIUS INCORPORATED                         1036 G ST,                         ARCATA, CA  95521-5816","","47-607764","7","","28","1201","1036 G ST","ARCATA","12","95521","","","",""
"651145","PEND ACTIVE","41 | 0","01/09/2024","12/31/2024","DBA: PEPPOLI'S PIZZA AND PHILLY STEAK                        IHSAN'S SONS INC                         4115 HOME AVE , #5203,                         SAN DIEGO, CA  92105-5259","","","7","","10","3710","4115 HOME AVE , #5203","SAN DIEGO","37","92105","","","",""
"651219","PEND ACTIVE","41 | 0","01/09/2024","12/31/2024","DBA: SHAWARMA GUYS                        BCZ INC                         5525 JACKSON DR, STE B,                         LA MESA, CA  91942-2490","","","7","","10","3707","5525 JACKSON DR, STE B","LA MESA","37","91942","","","",""
"651253","PEND ACTIVE","41 | 0","01/08/2024","09/30/2024","DBA: SWEETSPOT                        CHEY CORPORATION                         1244 HARTNELL AVE, STE A,                         REDDING, CA  96002","","41-560858","7","NONE","31","4502","1244 HARTNELL AVE, STE A","REDDING","45","96002","","","",""
"651257","PEND ACTIVE","41 | 0","01/08/2024","12/31/2024","DBA: LOPEZ TAQUERIA 4                        LOPEZ MORALES, EDIN ROBERTO                           3161 SENTER RD, STE C,                         SAN JOSE, CA  95111-1300","114 MILLHAVEN PL                              SAN JOSE, CA  95111","","7","","25","4313","3161 SENTER RD, STE C","SAN JOSE","43","95111","114 MILLHAVEN PL","SAN JOSE","95111","CA"
"651269","PEND ACTIVE","17 | 0","01/09/2024","12/31/2024","DBA: AMENDE WINES                        84 IDEAS LLC                         5915 LA CUESTA DR,                         SANTA ROSA, CA  95409-3916","","","7","","27","4900","5915 LA CUESTA DR","SANTA ROSA","49","95409","","","",""
"651269","PEND ACTIVE","20 | 0","01/09/2024","12/31/2024","DBA: AMENDE WINES                        84 IDEAS LLC                         5915 LA CUESTA DR,                         SANTA ROSA, CA  95409-3916","","","7,I","","27","4900","5915 LA CUESTA DR","SANTA ROSA","49","95409","","","",""
"651352","PEND ACTIVE","21 | 0","01/08/2024","12/31/2024","NINO ENTERPRISE INC                         24212 HAWTHORNE BLVD,                         TORRANCE, CA  90505","","21-470883","","TOWER ESCROW INC 23044 CRENSHAW BLVD TORRANCE, CA  90505","3","1958","24212 HAWTHORNE BLVD","TORRANCE","19","90505","","","",""
"651406","PEND ACTIVE","42 | 0","01/08/2024","12/31/2024","DBA: TARYNS PLACE                         TARYNS PLACE LLC                          54200 N CIRCLE DR , UNIT #3 ,                         IDYLLWILD, CA  92549","PO BOX 3679                              IDYLLWILD, CA  92549-3679","","","","8","3300","54200 N CIRCLE DR , UNIT #3","IDYLLWILD","33","92549","PO BOX 3679","IDYLLWILD","92549","CA"
"651506","PEND ACTIVE","02 | 0","01/09/2024","06/30/2024","DBA: SPHAERICS                        BB-LJ HOLDINGS LLC                         13414 CHALK HILL RD,                         HEALDSBURG, CA  95448-9043","PO BOX 3113                              NAPA, CA  94558","","","","27","4900","13414 CHALK HILL RD","HEALDSBURG","49","95448","PO BOX 3113","NAPA","94558","CA"
"651520","PEND ACTIVE","17 | 1","01/08/2024","12/31/2024","BREW WITHOUT BORDERS LLC                         1231 N MILLER ST, STE 150,                         ANAHEIM, CA  92806-1953","10556 FUCHSIA CIR                              SANTA FE SPRINGS, CA  90670-6901","","","","11","3001","1231 N MILLER ST, STE 150","ANAHEIM","30","92806","10556 FUCHSIA CIR","SANTA FE SPRINGS","90670","CA"
"651520","PEND ACTIVE","09 | 1","01/08/2024","12/31/2024","BREW WITHOUT BORDERS LLC                         1231 N MILLER ST, STE 150,                         ANAHEIM, CA  92806-1953","10556 FUCHSIA CIR                              SANTA FE SPRINGS, CA  90670-6901","","","","11","3001","1231 N MILLER ST, STE 150","ANAHEIM","30","92806","10556 FUCHSIA CIR","SANTA FE SPRINGS","90670","CA"
"651570","PEND ACTIVE","47 | 0","01/08/2024","12/31/2024","DBA: CHEYANNE STEAKHOUSE & LOUNGE                        RECORD, CHEYANNE HOPE                         505 SIERRA ST,                         KINGSBURG, CA  93631-1711","16611 INDIANOLA AVE                              KINGSBURG, CA  93631","","5","","21","1008","505 SIERRA ST","KINGSBURG","10","93631","16611 INDIANOLA AVE","KINGSBURG","93631","CA"
"651582","PEND ACTIVE","41 | 0","01/09/2024","08/31/2024","DBA: JANG SU AJNG                        GOODNEWS FOOD CORPORATION                         2814 SEPULVEDA BLVD, UNIT A,                         TORRANCE, CA  90505","","41-416317","7","","3","1958","2814 SEPULVEDA BLVD, UNIT A","TORRANCE","19","90505","","","",""
"651618","PEND ACTIVE","47 | 0","01/09/2024","12/31/2024","DBA: OLLO                        AJK NOI, LLC                         23755 MALIBU RD, STE 100,                         MALIBU, CA  90265-4650","4357 WILLOW GLEN                              CALABASAS, CA  91302","47-541842","7","INNOVATIVE ESCROW 28212 KELLY JOHNSON PKWY STE 110 VALENCIA, CA  91355","5","1988","23755 MALIBU RD, STE 100","MALIBU","19","90265","4357 WILLOW GLEN","CALABASAS","91302","CA"
"651783","PEND ACTIVE","41 | 0","01/08/2024","12/31/2024","DBA: BROOKS BURGERS                        WEST COAST BROOKS CO.                         220 FIVE CITIES DR,                         PISMO BEACH, CA  93449-3004","","41-568287","","","13","4003","220 FIVE CITIES DR","PISMO BEACH","40","93449","","","",""
"652004","PEND ACTIVE","20 | 0","01/09/2024","12/31/2024","DBA: GRAPPA MARKET                        GRAPPA INVESTMENTS LLC                         704 N JACK TONE RD, STE B,                         RIPON, CA  95366","14151 NEWPORT AVE, STE 203                              TUSTIN, CA  92780","20-643437","","CALIFORNIA BUSINESS ESCROW 1748 MAIN ST ESCALON, CA  95320-1927","29","3904","704 N JACK TONE RD, STE B","RIPON","39","95366","14151 NEWPORT AVE, STE 203","TUSTIN","92780","CA"
"652384","PEND ACTIVE","41 | 0","01/09/2024","12/31/2024","DBA: MONSTA RAMEN                        BARO BARO INC                         4344 CONVOY ST STE K,                         SAN DIEGO, CA  92111-3737","","","7","","10","3710","4344 CONVOY ST STE K","SAN DIEGO","37","92111","","","",""
"652406","PEND ACTIVE","47 | 0","01/09/2024","12/31/2024","DBA: OCTOPUS BAJA                        ERNESTO DELGADO HOSPITALITY GROUP LLC, THE                         2731 K ST,                         SACRAMENTO, CA  95816-5113","","","5,7","","23","3405","2731 K ST","SACRAMENTO","34","95816","","","",""
"652660","NEW WITHDRAWN","21 | 0","","","GELSONS MARKETS                         ,","PO BOX 512256                              LOS ANGELES, CA  90051-0256","","","","4","","","","","","PO BOX 512256","LOS ANGELES","90051","CA"
"652837","PEND ACTIVE","21 | 0","01/09/2024","01/31/2025","DBA: LIQUOR 4 LESS                        GTB ARTESIA, INC.                         106 W ARTESIA BLVD,                         LONG BEACH, CA  90805-2011","","21-575281","8","","3","1932","106 W ARTESIA BLVD","LONG BEACH","19","90805","","","",""
"652904","PEND ACTIVE","02 | 0","01/08/2024","06/30/2024","DBA: COVERT ESTATE                        XVCH, LLC                         1408 2ND ST,                         NAPA, CA  94559-2824","PO BOX 5178                               NAPA, CA  94581-0178","","7","","27","2802","1408 2ND ST","NAPA","28","94559","PO BOX 5178","NAPA","94581","CA"
"652992","PEND ACTIVE","40 | 0","01/09/2024","12/31/2024","DBA: YOSEMITE AXE THROWING                        YOSEMITE AXE THROWING                         126 OLD MAMMOTH RD #111,                         MAMMOTH LAKES, CA  93546","60465 CASCADEL DR S                              NORTH FORK, CA  93643","","7","","6","2601","126 OLD MAMMOTH RD #111","MAMMOTH LAKES","26","93546","60465 CASCADEL DR S","NORTH FORK","93643","CA"
"653018","PEND ACTIVE","47 | 0","01/08/2024","12/31/2024","DBA: CASA RAMOS MEXICAN RESTAURANT                        RAMOS & LECONA VENTURES LLC                         1563 EUREKA RD, STE 2,                         ROSEVILLE, CA  95661-2873","PO BOX 493190                              REDDING, CA  96049","47-630342","7","CAPITAL CITY ESCROW 3838 WATT AVE STE F610 SACRAMENTO, CA  95821","23","3105","1563 EUREKA RD, STE 2","ROSEVILLE","31","95661","PO BOX 493190","REDDING","96049","CA"
"653211","PEND ACTIVE","41 | 0","01/09/2024","12/31/2024","DBA: THAI PEPPER                        THAI PEPPER LLC                         808 MAIN ST,                         WOODLAND, CA  95695-3527","","","","","23","5703","808 MAIN ST","WOODLAND","57","95695","","","",""
"653278","PEND ACTIVE","41 | 0","01/09/2024","12/31/2024","DBA: SUSHI AJITO                        KO BOB - 153, INC.                         1302 N HIGHLAND AVE,                         LOS ANGELES, CA  90028-7609","","41-509692","7","UNITED ESCROW 3440 WILSHIRE BLVD # 600 LOS ANGELES, CA  90036","4","1933","1302 N HIGHLAND AVE","LOS ANGELES","19","90028","","","",""
"653367","PEND ACTIVE","47 | 1","01/09/2024","12/31/2024","DBA: EXCHANGE HOTEL, THE                        EXCHANGE HOTEL, LLC, THE                         1006 4TH ST,                         SACRAMENTO, CA  95814-3314","PO BOX 272                              YUBA CITY, CA  95992-0272","47-621689","7","NONE","23","3405","1006 4TH ST","SACRAMENTO","34","95814","PO BOX 272","YUBA CITY","95992","CA"
"653367","PEND ACTIVE","68 | 1","01/09/2024","12/31/2024","DBA: EXCHANGE HOTEL, THE                        EXCHANGE HOTEL, LLC, THE                         1006 4TH ST,                         SACRAMENTO, CA  95814-3314","PO BOX 272                              YUBA CITY, CA  95992-0272","47-621689","7","NONE","23","3405","1006 4TH ST","SACRAMENTO","34","95814","PO BOX 272","YUBA CITY","95992","CA"
"653479","PEND ACTIVE","41 | 0","01/09/2024","12/31/2024","DBA: VILLA'S RESTAURANT                        VILLA, ANALY  SALAS                          1402 W COLONY RD, STE D,                         RIPON, CA  95366-9442","9085 ALCOSTA BLVD , #404                              SAN RAMON, CA  95366-9442","41-533608","","CALIFORNIA BUSINESS ESCROW INC 1748 MAIN STREET ESCALON, CA  95320","29","3904","1402 W COLONY RD, STE D","RIPON","39","95366","9085 ALCOSTA BLVD , #404","SAN RAMON","95366","CA"
"653529","PEND ACTIVE","20 | 0","01/09/2024","12/31/2024","DBA: CHOI'S MARKET                        JEE, MOON SUN                         1828-30 N BROADWAY,                         LOS ANGELES, CA  90031-2525","","20-624801","","CENTRAL ESCROW LA INC 3660 WILSHIRE BLVD STE 108 LOS ANGELES, CA  90010-2603","4","1933","1828-30 N BROADWAY","LOS ANGELES","19","90031","","","",""
"653580","PEND ACTIVE","17 | 1","01/09/2024","04/30/2024","DBA: GHVINOS WINE GROUP                        GHVINOS WINE GROUP LLC                         682 CYPRESS HILLS DR,                         ENCINITAS, CA  92024-2394","682 CYPRESS HILLS DR                              ENCINITAS, CA  92024-2394","17-636283","7","","9","3718","682 CYPRESS HILLS DR","ENCINITAS","37","92024","682 CYPRESS HILLS DR","ENCINITAS","92024","CA"
"653580","PEND ACTIVE","20 | 0","01/09/2024","04/30/2024","DBA: GHVINOS WINE GROUP                        GHVINOS WINE GROUP LLC                         682 CYPRESS HILLS DR,                         ENCINITAS, CA  92024-2394","682 CYPRESS HILLS DR                              ENCINITAS, CA  92024-2394","20-636283","7,I","","9","3718","682 CYPRESS HILLS DR","ENCINITAS","37","92024","682 CYPRESS HILLS DR","ENCINITAS","92024","CA"
"653580","PEND ACTIVE","18 | 1","01/09/2024","12/31/2024","DBA: GHVINOS WINE GROUP                        GHVINOS WINE GROUP LLC                         682 CYPRESS HILLS DR,                         ENCINITAS, CA  92024-2394","682 CYPRESS HILLS DR                              ENCINITAS, CA  92024-2394","","","","9","3718","682 CYPRESS HILLS DR","ENCINITAS","37","92024","682 CYPRESS HILLS DR","ENCINITAS","92024","CA"
"653580","PEND ACTIVE","09 | 1","01/09/2024","04/30/2024","DBA: GHVINOS WINE GROUP                        GHVINOS WINE GROUP LLC                         682 CYPRESS HILLS DR,                         ENCINITAS, CA  92024-2394","682 CYPRESS HILLS DR                              ENCINITAS, CA  92024-2394","17-636283","7","","9","3718","682 CYPRESS HILLS DR","ENCINITAS","37","92024","682 CYPRESS HILLS DR","ENCINITAS","92024","CA"
"653580","PEND ACTIVE","12 | 1","01/09/2024","12/31/2024","DBA: GHVINOS WINE GROUP                        GHVINOS WINE GROUP LLC                         682 CYPRESS HILLS DR,                         ENCINITAS, CA  92024-2394","682 CYPRESS HILLS DR                              ENCINITAS, CA  92024-2394","","","","9","3718","682 CYPRESS HILLS DR","ENCINITAS","37","92024","682 CYPRESS HILLS DR","ENCINITAS","92024","CA"
"653596","PEND ACTIVE","21 | 0","01/09/2024","12/31/2024","DBA: 5 STAR LIQUOR                        HGB INC.                         35111 NEWARK BLVD, UNIT C,                         NEWARK, CA  94560-1258","1086 A ST                              HAYWARD, CA  94541-4119","21-607041","","BUSINESS & ESCROW SERVICE CENTER 3031 TISCH WAY 310 SAN JOSE, CA  95128","22","0108","35111 NEWARK BLVD, UNIT C","NEWARK","01","94560","1086 A ST","HAYWARD","94541","CA"
"653605","PEND ACTIVE","20 | 0","01/08/2024","06/30/2024","DBA: 7-ELEVEN STORE 16027E                        7 ELEVEN INC                         1840 COCHRAN ST,                         SIMI VALLEY, CA  93065-2230","PO BOX 139044, ATTN: LICENSING DEPARTMENT                              DALLAS, TX  75313-9044","20-634683","","","12","5609","1840 COCHRAN ST","SIMI VALLEY","56","93065","PO BOX 139044, ATTN: LICENSING DEPARTMENT","DALLAS","75313","TX"
"653634","PEND ACTIVE","41 | 0","01/08/2024","12/31/2024","DBA: MOO BONG RI                        KJF GROUP INC                         4250 BARRANCA PKWY, UNIT G,                         IRVINE, CA  92604-1731","","","","","11","3026","4250 BARRANCA PKWY, UNIT G","IRVINE","30","92604","","","",""
"653637","PEND ACTIVE","48 | 2","01/09/2024","12/31/2024","DBA: TOUCANS                        TOUCANS LLC                         2100 N PALM CANYON DR, STE A100,                         PALM SPRINGS, CA  92262-2800","","48-596534","","THE ESCROW CONNECTION  1111 E TAHQUITZ CANYON WAY  STE 101 PALM SPRINGS, CA  92262","8","3310","2100 N PALM CANYON DR, STE A100","PALM SPRINGS","33","92262","","","",""
"653637","PEND ACTIVE","77 | 2","01/09/2024","12/31/2024","DBA: TOUCANS                        TOUCANS LLC                         2100 N PALM CANYON DR, STE A100,                         PALM SPRINGS, CA  92262-2800","","48-596534","","THE ESCROW CONNECTION  1111 E TAHQUITZ CANYON WAY  STE 101 PALM SPRINGS, CA  92262","8","3310","2100 N PALM CANYON DR, STE A100","PALM SPRINGS","33","92262","","","",""
"653637","PEND ACTIVE","58 | 2","01/09/2024","12/31/2024","DBA: TOUCANS                        TOUCANS LLC                         2100 N PALM CANYON DR, STE A100,                         PALM SPRINGS, CA  92262-2800","","48-596534","","THE ESCROW CONNECTION  1111 E TAHQUITZ CANYON WAY  STE 101 PALM SPRINGS, CA  92262","8","3310","2100 N PALM CANYON DR, STE A100","PALM SPRINGS","33","92262","","","",""
"653650","PEND ACTIVE","20 | 0","01/08/2024","12/31/2024","DBA: REY'S LIQUOR STORE                        CONFETTI PARTY STORE LLC                         660 N H ST,                         LOMPOC, CA  93436-4519","","","","","13","4202","660 N H ST","LOMPOC","42","93436","","","",""
"653671","PEND ACTIVE","41 | 0","01/09/2024","12/31/2024","DBA: NEW RED JADE                        DAMAI GROUP INC                         245 CHURCH ST,                         SAN FRANCISCO, CA  94114","","41-213183","7","LAW OFFICES OF VIVIAN ZHANG 353 KEARNY ST SAN FRANCISCO, CA  94108","24","3800","245 CHURCH ST","SAN FRANCISCO","38","94114","","","",""
"653689","PEND ACTIVE","40 | 0","01/09/2024","12/31/2024","DBA: CROW, THE                        717 PRODUCTIONS, LLC                         2525 MICHIGAN AVE, #F4,                         SANTA MONICA, CA  90404-4014","833 15TH ST, #4                              SANTA MONICA, CA  90403","","","","3","1953","2525 MICHIGAN AVE, #F4","SANTA MONICA","19","90404","833 15TH ST, #4","SANTA MONICA","90403","CA"
"653691","PEND ACTIVE","48 | 0","01/09/2024","12/31/2024","DBA: BADLANDS SAN FRANCISCO                        BLSF2                         4121 18TH ST,                         SAN FRANCISCO, CA  94114","","48-350635","","MCGOVERN ESCROW SERVICES 436 14TH ST OAKLAND, CA  94612","24","3800","4121 18TH ST","SAN FRANCISCO","38","94114","","","",""
"653707","PEND ACTIVE","23 | 0","01/08/2024","12/31/2024","DBA: ISM BREWING                        HOPPILY EVER AFTER, LLC                         210 E 3RD ST,                         LONG BEACH, CA  90802-3188","","23-605315","7","","3","1932","210 E 3RD ST","LONG BEACH","19","90802","","","",""
"653723","PEND ACTIVE","20 | 0","01/09/2024","12/31/2024","DBA: CHEVRON                        TRACY STATION LLC                         1124 NORTH INTERNATIONAL PARKWAY,                         TRACY, CA  95376","2648 GAYLEY PL                              SAN JOSE, CA  95135","20-629952","","","29","3906","1124 NORTH INTERNATIONAL PARKWAY","TRACY","39","95376","2648 GAYLEY PL","SAN JOSE","95135","CA"
"653730","PEND ACTIVE","21 | 0","01/08/2024","12/31/2024","CANYON LAKES INC                         3610 SKYCREST DR,                         OROVILLE, CA  95965-8002","","21-449410","","FIRST AMERICAN TITLE COMPANY 415 CENTURY PARK DR STE A YUBA CITY, CA  95991","31","0400","3610 SKYCREST DR","OROVILLE","04","95965","","","",""
"653920","PEND ACTIVE","41 | 0","01/09/2024","12/31/2024","SMBATYAN, VOLODYA                         7330 FAIR OAKS BLVD, STE 10,                         CARMICHAEL, CA  95608-1771","","41-572852","","OLD REPUBLIC TITLE 1000 BURNETT AVE STE 400 CONCORD, CA  94520-2088","23","3400","7330 FAIR OAKS BLVD, STE 10","CARMICHAEL","34","95608","","","",""
"653929","PEND ACTIVE","41 | 0","01/09/2024","12/31/2024","DBA: BLACK BEAR DINER SUNNYVALE                        CUBS AA INC                         415 E EL CAMINO REAL,                         SUNNYVALE, CA  94087-1939","800 AIRPORT BLVD, #418                              BURLINGAME, CA  94010","41-602290","","","25","4316","415 E EL CAMINO REAL","SUNNYVALE","43","94087","800 AIRPORT BLVD, #418","BURLINGAME","94010","CA"
"653953","PEND ACTIVE","20 | 0","01/08/2024","12/31/2024","DBA: CHOIS ORIENTAL MARKET                        SUNS WIRELESS, INC                         185 S PATTERSON AVE, STE D,                         GOLETA, CA  93111-2074","","20-463017","","TOWER ESCROW INC 3400 W OLYMPIC BLD STE 201 LOS ANGELES, CA  90019","12","4208","185 S PATTERSON AVE, STE D","GOLETA","42","93111","","","",""
"653969","PEND ACTIVE","41 | 0","01/08/2024","12/31/2024","DBA: COLONY MARKET & DELI                        RESTAURANT DAD'S, LLC                         6040 EL CAMINO REAL,                         ATASCADERO, CA  92422-4211","8135 EL CAMINO REAL                              ATASCADERO, CA  93422","41-637307","","SUPREME ESCROW INC 3701 WILSHIRE BLVD STE 535 LOS ANGELES, CA  90010","13","4007","6040 EL CAMINO REAL","ATASCADERO","40","92422","8135 EL CAMINO REAL","ATASCADERO","93422","CA"
"654141","PEND ACTIVE","18 | 1","01/08/2024","12/31/2024","DBA: PREMIUM AGAVE SPIRITS LLC                        PREMIUM AGAVE SPIRITS LLC                         7920 SILVERTON AVE STE H,                         SAN DIEGO, CA  92126-6310","","18-643458","","","9","3710","7920 SILVERTON AVE STE H","SAN DIEGO","37","92126","","","",""
"654141","PEND ACTIVE","12 | 1","01/08/2024","12/31/2024","DBA: PREMIUM AGAVE SPIRITS LLC                        PREMIUM AGAVE SPIRITS LLC                         7920 SILVERTON AVE STE H,                         SAN DIEGO, CA  92126-6310","","18-643458","","","9","3710","7920 SILVERTON AVE STE H","SAN DIEGO","37","92126","","","",""
"654185","PEND ACTIVE","21 | 0","01/08/2024","12/31/2024","DBA: GATEWOOD LIQUOR                        AKTHER AND FAMILY INC                         3881 E IMPERIAL HWY,                         LYNWOOD, CA  90262","","21-389848","","PRIMA ESCROW INC 3600 WILSHIRE BL STE 1028 LOS ANGELES, CA  90010","3","1934","3881 E IMPERIAL HWY","LYNWOOD","19","90262","","","",""
"654213","PEND ACTIVE","21 | 0","01/08/2024","12/31/2024","DBA: SUPER LIQUOR                        LIQUOR GUYS INC.                         1600 TULLY RD,                         MODESTO, CA  95350-4031","2306 EAST ST                              TRACY, CA  95376-2710","21-427338","7","OLD REPUBLIC TITLE 1000 BURNETT AVE STE 400 CONCORD, CA  94520-2088","29","5002","1600 TULLY RD","MODESTO","50","95350","2306 EAST ST","TRACY","95376","CA"
"654240","PEND WITHDRAWN","05 | 0","","","DBA: MAST-JAGERMEISTER US, INC                        MAST-JAEGERMEISTER US, INC.                         3943 ELDERBERRY CIR,                         CORONA, CA  92882","10 BANK ST, STE 900                              WHITE PLAINS, NY  10606","","7","","7","3306","3943 ELDERBERRY CIR","CORONA","33","92882","10 BANK ST, STE 900","WHITE PLAINS","10606","NY"
"654268","PEND ACTIVE","41 | 0","01/09/2024","12/31/2024","DBA: UMI SUSHI                        HNL RESTAURANT, INC.                         1300 SYLVAN AVE, #C9,                         MODESTO, CA  95355-1351","","41-588128","","BUSINESS & ESCROW SERVICE CENTER INC 3031 TISCH WAY STE 310 SAN JOSE, CA  95128","29","5002","1300 SYLVAN AVE, #C9","MODESTO","50","95355","","","",""
"654270","PEND ACTIVE","47 | 0","01/08/2024","12/31/2024","DBA: FUZIOS                        FUZIOS LLC                         1020 10TH ST,                         MODESTO, CA  95354","","47-639479","","OLD REPUBLIC TITLE 1000 BURNETT AVE STE 400 CONCORD, CA  94520-2088","29","5002","1020 10TH ST","MODESTO","50","95354","","","",""
"654298","PEND ACTIVE","41 | 0","01/08/2024","12/31/2024","DBA: FIRE WINGS                        FWSR LLC                         342 CODDINGTOWN CTR, STE A,                         SANTA ROSA, CA  95401-3507","9080 LAGUNA MAIN STREET, STE 3                              ELK GROVE, CA  95758","","","","27","4904","342 CODDINGTOWN CTR, STE A","SANTA ROSA","49","95401","9080 LAGUNA MAIN STREET, STE 3","ELK GROVE","95758","CA"
"654336","PEND ACTIVE","20 | 0","01/09/2024","12/31/2024","DBA: CARNICERIA ROSITA                        CARNICERIA ROSITA, INC.                         1080 N MAIN ST,                         MANTECA, CA  95336-3745","","20-556440","","","29","3903","1080 N MAIN ST","MANTECA","39","95336","","","",""
"654378","PEND ACTIVE","47 | 0","01/09/2024","12/31/2024","DBA: DIVINE SWINE                        ZABERTALO ENTERPRISE, LLC                         825 W ROSEBURG AVE,                         MODESTO, CA  95350","931 10TH ST , STE 2601                              MODESTO, CA  95354","47-560300","7","OLD REPUBLIC TITLE COMPANY 1000 BURNETT AVE #400 CONCORD, CA  94520","29","5002","825 W ROSEBURG AVE","MODESTO","50","95350","931 10TH ST , STE 2601","MODESTO","95354","CA"
"654405","PEND ACTIVE","17 | 0","01/09/2024","12/31/2024","DBA: LIBBY WINES                        POW POW WINES, LLC                         217 S MONTGOMERY ST,                         NAPA, CA  94559-4422","217 CESAR E CHAVEZ AVE, SW, STE 401                              GRAND RAPIDS, MI  49503","","7","","27","2802","217 S MONTGOMERY ST","NAPA","28","94559","217 CESAR E CHAVEZ AVE, SW, STE 401","GRAND RAPIDS","49503","MI"
"654440","PEND ACTIVE","48 | 1","01/09/2024","12/31/2024","DBA: DEL MAR                        DEL MAR SF, INC.                         2125 LOMBARD ST,                         SAN FRANCISCO, CA  94123","566 10TH AVE                              SAN FRANCISCO, CA  94118-3638","48-267280","","","24","3800","2125 LOMBARD ST","SAN FRANCISCO","38","94123","566 10TH AVE","SAN FRANCISCO","94118","CA"
"654440","PEND ACTIVE","58 | 1","01/09/2024","12/31/2024","DBA: DEL MAR                        DEL MAR SF, INC.                         2125 LOMBARD ST,                         SAN FRANCISCO, CA  94123","566 10TH AVE                              SAN FRANCISCO, CA  94118-3638","48-267280","","","24","3800","2125 LOMBARD ST","SAN FRANCISCO","38","94123","566 10TH AVE","SAN FRANCISCO","94118","CA"
"654486","PEND ACTIVE","20 | 0","01/08/2024","12/31/2024","DBA: B&B MARKET                        MULTANI BROTHERS 1, INC.                         787 E 54TH ST,                         LOS ANGELES, CA  90011-4635","","20-634799","","UNITED ESCROW 3440 WILSHIRE BLVD # 600 LOS ANGELES, CA  90036","4","1933","787 E 54TH ST","LOS ANGELES","19","90011","","","",""
"654584","PEND ACTIVE","41 | 0","01/09/2024","12/31/2024","DBA: EUREKA NATURAL FOODS                        EUREKA NATURAL FOODS, INC.                         1450 BROADWAY ST,                         EUREKA, CA  95501-0134","1450 BROADWAY ST                              EUREKA, CA  95501-0134","41-453849","","","28","1203","1450 BROADWAY ST","EUREKA","12","95501","1450 BROADWAY ST","EUREKA","95501","CA"
"654594","PEND ACTIVE","41 | 0","01/09/2024","06/30/2024","DBA: EUREKA NATURAL FOODS                        EUREKA NATURAL FOODS, INC.                         2165 CENTRAL AVE,                         MCKINLEYVILLE, CA  95519-3623","1450 BROADWAY ST                              EUREKA, CA  95501-0134","41-564819","8","","28","1200","2165 CENTRAL AVE","MCKINLEYVILLE","12","95519","1450 BROADWAY ST","EUREKA","95501","CA"
"654618","PEND ACTIVE","41 | 0","01/09/2024","12/31/2024","DBA: DRUNKEN FISH                         MLS DINING GROUP, INC                         12222 WILSHIRE BLVD, STE 101,                         LOS ANGELES, CA  90025-1169","18585 COLIMA RD , APT A                               ROWLAND HEIGHTS, CA  91748","41-500486","7","TIME ESCROW IN 3055 WILSHIRE BLVD STE 1150 LOS ANGELES, CA  90010-1176","4","1933","12222 WILSHIRE BLVD, STE 101","LOS ANGELES","19","90025","18585 COLIMA RD , APT A","ROWLAND HEIGHTS","91748","CA"
"654654","PEND ACTIVE","41 | 0","01/08/2024","12/31/2024","DBA: HONG KONG CHINESE RESTAURANT                        WONG, KIN TUNG                          1115 BELLEVUE RD,                         ATWATER, CA  95301","","41-521253","","","29","2401","1115 BELLEVUE RD","ATWATER","24","95301","","","",""
"654664","PEND ACTIVE","41 | 0","01/08/2024","12/31/2024","DBA: K SOUL KITCHEN                        KO, OK JIN                         1710 POLK ST,                         SAN FRANCISCO, CA  94109-3617","","41-507073","7","","24","3800","1710 POLK ST","SAN FRANCISCO","38","94109","","","",""
"654673","PEND ACTIVE","41 | 0","01/08/2024","12/31/2024","DBA: ROCCO'S CAFE                        ROCCO'S I, LLC                         1131 FOLSOM ST,                         SAN FRANCISCO, CA  94103","","41-257842","","BUSINESS & ESCROW SERVICES INC 3031 TISCH WAY STE 310 SAN JOSE, CA  95128","24","3800","1131 FOLSOM ST","SAN FRANCISCO","38","94103","","","",""
"654706","PEND ACTIVE","41 | 0","01/09/2024","12/31/2024","DBA: TUCK BOX                        LETOWT, JEFFREY FERRILL                         DOLORES BTW OCEAN & SEVENTH E/S,                         CARMEL, CA  93921","PO BOX TT                              CARMEL, CA  93921","41-331130","7","","26","2701","DOLORES BTW OCEAN & SEVENTH E/S","CARMEL","27","93921","PO BOX TT","CARMEL","93921","CA"
"654825","PEND ACTIVE","17 | 0","01/08/2024","12/31/2024","DBA: BRYANT IMPORTS, LLC                        BRYANT IMPORTS, LLC                         4230 SILVERADO TRL,                         NAPA, CA  94558-1117","1567 SAGE CANYON RD                              SAINT HELENA, CA  94574-9628","","7","","27","2800","4230 SILVERADO TRL","NAPA","28","94558","1567 SAGE CANYON RD","SAINT HELENA","94574","CA"
"654825","PEND ACTIVE","20 | 0","01/08/2024","12/31/2024","DBA: BRYANT IMPORTS, LLC                        BRYANT IMPORTS, LLC                         4230 SILVERADO TRL,                         NAPA, CA  94558-1117","1567 SAGE CANYON RD                              SAINT HELENA, CA  94574-9628","","7,I","","27","2800","4230 SILVERADO TRL","NAPA","28","94558","1567 SAGE CANYON RD","SAINT HELENA","94574","CA"
"654923","PEND ACTIVE","41 | 0","01/09/2024","12/31/2024","DBA: AZIZAM                        MC RESTAURANT CONCEPTS LLC                          2943 W SUNSET BLVD,                         LOS ANGELES, CA  90026-2127","5043 MERIDIAN ST                              LOS ANGELES, CA  90026","41-624667","","GLEN OAKS ESCROW 8447 WILSHIRE BLVD STE 450 BEVERLY HILLS, CA  90211","4","1933","2943 W SUNSET BLVD","LOS ANGELES","19","90026","5043 MERIDIAN ST","LOS ANGELES","90026","CA"
"655145","PEND ACTIVE","28 | 0","01/08/2024","06/30/2024","DBA: SQUAW BEVCO                        PISCO KIMBERLY, LLC                         8587 WHITE FIR ST, UNIT A1,                         RENO, NV  89523","","","","","75","9999","8587 WHITE FIR ST, UNIT A1","RENO","","89523","","","",""
"655540","PEND ACTIVE","28 | 0","01/08/2024","06/30/2024","GYTE RYTE ENTERTAINMENT LLC                         1630 ONYX ST NW,                         SALEM, OR  97304","","","","","75","9999","1630 ONYX ST NW","SALEM","","97304","","","",""
"655546","PEND ACTIVE","28 | 0","01/08/2024","06/30/2024","PIRAPETINGA DESTILARIA LTDA                         FAZ. BARRA DO PIRAPETINGA, BR482 KM 58 SL1005,                         PIRANGA, MINAS GERAIS 36480000, BRAZIL","","","","","75","9999","FAZ. BARRA DO PIRAPETINGA, BR482 KM 58 SL1005","","","","","","",""
"655595","PEND ACTIVE","28 | 0","01/08/2024","06/30/2024","SUGARLANDS DISTILLING COMPANY LLC                         162 KYKER FERRY ROAD,                         KODAK, TN  37764","","","","","75","9999","162 KYKER FERRY ROAD","KODAK","","37764","","","",""
"655599","PEND ACTIVE","28 | 0","01/08/2024","06/30/2024","FINE WINE ADVISORS, INC.                         71 EAST PALISADE AVENUE, SUITE 1,                         ENGLEWOOD, NJ  07631","","","","","75","9999","71 EAST PALISADE AVENUE, SUITE 1","ENGLEWOOD","","07631","","","",""