"License Number","Status Changed From/To","Type| Dup","Original Issue Date","Expir. Date","Primary Owner and Premises Addr.","Mailing Addr.","Transfer-From/To","Conditions","Escrow","District Code","Geo Code","Prem Street","City","County","Zip Code","Mailing Street","Mailing City","Mailing Zip Code","Mailing State"
"65424","ACTIVE CANCEL","21 | 0","07/01/1966","04/30/2024","DBA: HAYFORK HOTEL                        BELONGIA ENTERPRISES INC                         7230 HIGHWAY 3,                         HAYFORK, CA  96041","PO BOX 307                              HAYFORK, CA  96041-0307","","","","31","5300","7230 HIGHWAY 3","HAYFORK","53","96041","PO BOX 307","HAYFORK","96041","CA"
"65424","ACTIVE CANCEL","47 | 1","05/26/2005","04/30/2024","DBA: HAYFORK HOTEL                        BELONGIA ENTERPRISES INC                         7230 HIGHWAY 3,                         HAYFORK, CA  96041","PO BOX 307                              HAYFORK, CA  96041-0307","","7","","31","5300","7230 HIGHWAY 3","HAYFORK","53","96041","PO BOX 307","HAYFORK","96041","CA"
"65424","ACTIVE CANCEL","58 | 1","05/26/2005","04/30/2024","DBA: HAYFORK HOTEL                        BELONGIA ENTERPRISES INC                         7230 HIGHWAY 3,                         HAYFORK, CA  96041","PO BOX 307                              HAYFORK, CA  96041-0307","","7","","31","5300","7230 HIGHWAY 3","HAYFORK","53","96041","PO BOX 307","HAYFORK","96041","CA"
"65424","ACTIVE CANCEL","47 | 1","05/26/2005","04/30/2024","DBA: HAYFORK HOTEL                        BELONGIA ENTERPRISES INC                         7230 HIGHWAY 3,                         HAYFORK, CA  96041","PO BOX 307                              HAYFORK, CA  96041-0307","","7","","31","5300","7230 HIGHWAY 3","HAYFORK","53","96041","PO BOX 307","HAYFORK","96041","CA"
"112848","ACTIVE SUREND","21 | 0","11/10/1981","08/31/2024","DBA: STATER BROS MARKETS 87                        STATER BROS MARKETS                         1904 N RANCHO AVE,                         COLTON, CA  92324","PO BOX 150                              SAN BERNARDINO, CA  92402-0150","","","","7","3603","1904 N RANCHO AVE","COLTON","36","92324","PO BOX 150","SAN BERNARDINO","92402","CA"
"333044","ACTIVE CANCEL","41 | 0","03/20/1998","09/30/2023","DBA: THAI BAMBOO CUISINE                        CHANTASIRIVISAL, SOMBAT                         11755 WILSHIRE BLVD, STE 70,                         LOS ANGELES, CA  90025","2042 S BARRINGTON AVE                              LOS ANGELES, CA  90025-5321","41-112659","7","","4","1933","11755 WILSHIRE BLVD, STE 70","LOS ANGELES","19","90025","2042 S BARRINGTON AVE","LOS ANGELES","90025","CA"
"342861","SUREND CANCEL","47 | 1","10/26/1998","09/30/2023","DBA: BORDER GRILL DTLA                        CIUDAD LA LLC                         445 S FIGUEROA ST, STE 100,                         LOS ANGELES, CA  90071-1622","PO BOX 711116                              LOS ANGELES, CA  90071-9687","47-176370/ 47-641248","","","4","1933","445 S FIGUEROA ST, STE 100","LOS ANGELES","19","90071","PO BOX 711116","LOS ANGELES","90071","CA"
"342861","SUREND CANCEL","58 | 1","10/26/1998","09/30/2023","DBA: BORDER GRILL DTLA                        CIUDAD LA LLC                         445 S FIGUEROA ST, STE 100,                         LOS ANGELES, CA  90071-1622","PO BOX 711116                              LOS ANGELES, CA  90071-9687","47-176370/ 47-641248","","","4","1933","445 S FIGUEROA ST, STE 100","LOS ANGELES","19","90071","PO BOX 711116","LOS ANGELES","90071","CA"
"361256","REVPEN ACTIVE","41 | 0","04/14/2000","03/31/2024","DBA: ZENAS LEBANESE CUISINE                        MASRI, ISSAAF SABBAGH                         2094 N TUSTIN ST, STE C2,                         ORANGE, CA  92865","","","7","","11","3014","2094 N TUSTIN ST, STE C2","ORANGE","30","92865","","","",""
"361256","REVPEN ACTIVE","41 | 0","04/14/2000","03/31/2024","DBA: ZENAS LEBANESE CUISINE                        MASRI, ISSAAF SABBAGH                         2094 N TUSTIN ST, STE C2,                         ORANGE, CA  92865","","","7","","11","3014","2094 N TUSTIN ST, STE C2","ORANGE","30","92865","","","",""
"420512","SUREND CANCEL","47 | 0","03/24/2005","02/29/2024","DBA: CALIFORNIA PIZZA KITCHEN                         CALIFORNIA PIZZA KITCHEN INC                         21455 LAGUNA HILLS MALL, # 1000,                         LAGUNA HILLS, CA  92653","575 ANTON BLVD, STE 100                              COSTA MESA, CA  92626","47-281888/ 47-510648","","","11","3031","21455 LAGUNA HILLS MALL, # 1000","LAGUNA HILLS","30","92653","575 ANTON BLVD, STE 100","COSTA MESA","92626","CA"
"436316","ACTIVE CANCEL","47 | 0","03/22/2006","02/29/2024","DBA: DOUBLETREE GUEST SUITES ANAHEIM RESORT                        ORANGEWOOD LLC                         2085 S HARBOR BLVD,                         ANAHEIM, CA  92802-3513","","47-401934/ 47-648300","7","","11","3001","2085 S HARBOR BLVD","ANAHEIM","30","92802","","","",""
"460793","ACTIVE CANCEL","21 | 0","12/11/2007","11/30/2023","DBA: CENTURY LIQUOR                        SUH, AE LIM                         2301 W 54TH ST,                         LOS ANGELES, CA  90043-2609","","21-440551/ 21-646658","","","4","1933","2301 W 54TH ST","LOS ANGELES","19","90043","","","",""
"462554","ACTIVE CANCEL","41 | 0","03/21/2008","02/29/2024","DBA: PHO SHOW                        DEVECO CORPORATION                         4349 SEPULVEDA BLVD,                         CULVER CITY, CA  90230-4715","","","7","","4","1914","4349 SEPULVEDA BLVD","CULVER CITY","19","90230","","","",""
"486482","SUREND CANCEL","47 | 2","06/17/2010","04/30/2024","DBA: CANNERY ROW BREWING COMPANY                        COASTAL LUXURY MANAGEMENT CRBC INC                         95 PRESCOTT AVE,                         MONTEREY, CA  93940-1038","3587 EASTFIELD CT                              CARMEL, CA  93923","","7","","26","2706","95 PRESCOTT AVE","MONTEREY","27","93940","3587 EASTFIELD CT","CARMEL","93923","CA"
"486482","SUREND CANCEL","68 | 2","06/17/2010","04/30/2024","DBA: CANNERY ROW BREWING COMPANY                        COASTAL LUXURY MANAGEMENT CRBC INC                         95 PRESCOTT AVE,                         MONTEREY, CA  93940-1038","3587 EASTFIELD CT                              CARMEL, CA  93923","","7","","26","2706","95 PRESCOTT AVE","MONTEREY","27","93940","3587 EASTFIELD CT","CARMEL","93923","CA"
"486482","SUREND CANCEL","58 | 2","06/17/2010","04/30/2024","DBA: CANNERY ROW BREWING COMPANY                        COASTAL LUXURY MANAGEMENT CRBC INC                         95 PRESCOTT AVE,                         MONTEREY, CA  93940-1038","3587 EASTFIELD CT                              CARMEL, CA  93923","","7","","26","2706","95 PRESCOTT AVE","MONTEREY","27","93940","3587 EASTFIELD CT","CARMEL","93923","CA"
"500685","ACTIVE CANCEL","41 | 0","09/14/2010","08/31/2023","DBA: TITAS KITCHENETTE II                        SPEIR, ESTRELLITA ROSALES                         3421 E PLAZA BLVD,                         NATIONAL CITY, CA  91950-4136","","41-477031/ 41-644245","7","UNION BANK OF CALIFORNIA 22 EAST EIGHT ST NATIONAL CITY, CA  91950","10","3708","3421 E PLAZA BLVD","NATIONAL CITY","37","91950","","","",""
"506261","ACTIVE CANCEL","41 | 0","04/07/2011","03/31/2024","DBA: PRESS CLUB                        YBL HOSPITALITY PARTNERS LLC                         20 YERBA BUENA LN,                         SAN FRANCISCO, CA  94103-3183","1995 BROADWAY ST, STE 1201                              NEW YORK, NY  10023","","7","","24","3800","20 YERBA BUENA LN","SAN FRANCISCO","38","94103","1995 BROADWAY ST, STE 1201","NEW YORK","10023","NY"
"506503","ACTIVE CANCEL","41 | 0","01/21/2011","12/31/2023","DBA: SUSHI GESSHIN                        GESSHIN SUSHI INC                         16492 BEACH BLVD, UNIT J14,                         WESTMINSTER, CA  92683-7860","","41-398359/ 41-646163","7","","11","3021","16492 BEACH BLVD, UNIT J14","WESTMINSTER","30","92683","","","",""
"510648","PEND ACTIVE","47 | 0","06/28/2023","05/31/2024","DBA: GREAT MEX GRILL                        GREAT MEX GRILL LLC                         1525 MESA VERDE DR E, STE 117,                         COSTA MESA, CA  92626-5200","","47-420512","7","SUNRISE TEAM ESCROW INC 16547 BROOKHURST ST FOUNTAIN VALLEY, CA  92708-2343","11","3004","1525 MESA VERDE DR E, STE 117","COSTA MESA","30","92626","","","",""
"511578","ACTIVE CANCEL","47 | 0","09/12/2011","08/31/2023","DBA: KIMUYA                        KIM, MYUNG REOI                         2830-32 WILSHIRE BLVD,                         SANTA MONICA, CA  90403-4802","","47-469690/ 47-646837","","","3","1953","2830-32 WILSHIRE BLVD","SANTA MONICA","19","90403","","","",""
"517262","ACTIVE CANCEL","47 | 1","07/03/2012","06/30/2024","DBA: UMAMI BURGER                        UMAMI BURGER ANAHEIM, LLC                         338 S ANAHEIM BLVD,                         ANAHEIM, CA  92805-3830","C/O SBE 9247 ALDEN DRIVE                              BEVERLY HILLS, CA  90210","47-402480/ 47-646464","7","BAY COMMERCIAL BANK ESCROW 3895 EAST CASTRO VALLEY BLVD STE A CASTRO VALLEY, CA  94552","11","3001","338 S ANAHEIM BLVD","ANAHEIM","30","92805","C/O SBE 9247 ALDEN DRIVE","BEVERLY HILLS","90210","CA"
"517262","ACTIVE CANCEL","58 | 1","07/03/2012","06/30/2024","DBA: UMAMI BURGER                        UMAMI BURGER ANAHEIM, LLC                         338 S ANAHEIM BLVD,                         ANAHEIM, CA  92805-3830","C/O SBE 9247 ALDEN DRIVE                              BEVERLY HILLS, CA  90210","47-402480/ 47-646464","7","BAY COMMERCIAL BANK ESCROW 3895 EAST CASTRO VALLEY BLVD STE A CASTRO VALLEY, CA  94552","11","3001","338 S ANAHEIM BLVD","ANAHEIM","30","92805","C/O SBE 9247 ALDEN DRIVE","BEVERLY HILLS","90210","CA"
"533804","SUREND CANCEL","47 | 0","06/02/2015","05/31/2024","DBA: BLUE CEBRA                        ORTIZRIOS, ALBERTO                         910 S CHEROKEE LN,                         LODI, CA  95240","2414 DOUGLAS RD                              STOCKTON, CA  95207","48-331278/ 48-615180","7","CALIFORNIA BUSINESS ESCROW INC 1748 MAIN ST ESCALON, CA  95320-1927","29","3902","910 S CHEROKEE LN","LODI","39","95240","2414 DOUGLAS RD","STOCKTON","95207","CA"
"539869","REVPEN ACTIVE","41 | 1","04/14/2014","03/31/2024","DBA: CLUTCH                        MECHE LLC                         427 LINCOLN BLVD,                         VENICE, CA  90291-2843","","41-510828","7","WILSHIRE ESCROW CO 4270 WILSHIRE BLVD LOS ANGELES, CA  90010-3636","3","1933","427 LINCOLN BLVD","VENICE","19","90291","","","",""
"539869","REVPEN ACTIVE","41 | 1","04/14/2014","03/31/2024","DBA: CLUTCH                        MECHE LLC                         427 LINCOLN BLVD,                         VENICE, CA  90291-2843","","41-510828","7","WILSHIRE ESCROW CO 4270 WILSHIRE BLVD LOS ANGELES, CA  90010-3636","3","1933","427 LINCOLN BLVD","VENICE","19","90291","","","",""
"539869","REVPEN ACTIVE","77 | 1","04/14/2014","03/31/2024","DBA: CLUTCH                        MECHE LLC                         427 LINCOLN BLVD,                         VENICE, CA  90291-2843","","41-510828","7","WILSHIRE ESCROW CO 4270 WILSHIRE BLVD LOS ANGELES, CA  90010-3636","3","1933","427 LINCOLN BLVD","VENICE","19","90291","","","",""
"539869","REVPEN ACTIVE","77 | 1","04/14/2014","03/31/2024","DBA: CLUTCH                        MECHE LLC                         427 LINCOLN BLVD,                         VENICE, CA  90291-2843","","41-510828","7","WILSHIRE ESCROW CO 4270 WILSHIRE BLVD LOS ANGELES, CA  90010-3636","3","1933","427 LINCOLN BLVD","VENICE","19","90291","","","",""
"559561","ACTIVE CANCEL","21 | 0","10/15/2015","09/30/2023","DBA: ANS LIQUOR & MARKET                        KAUR ANS CORPORATION                         4708 S NORMANDIE AVE,                         LOS ANGELES, CA  90037","","21-435391/ 21-646287","","EON ESCROW INC 3700 WILSHIRE BLVD STE 1005 LOS ANGELES, CA  90010","4","1933","4708 S NORMANDIE AVE","LOS ANGELES","19","90037","","","",""
"567340","ACTIVE SUREND","21 | 0","09/07/2017","08/31/2024","DBA: STATER BROS MARKET 198                        STATER BROS MARKETS                         15150 KENSINGTON PARK DR,                         TUSTIN, CA  92782-1801","PO BOX 150                              SAN BERNARDINO, CA  92402-0150","21-420654","","CALIFORNIA BUSINESS ESCROW INC 1748 MAIN ST ESCALON, CA  95320-1927","11","3020","15150 KENSINGTON PARK DR","TUSTIN","30","92782","PO BOX 150","SAN BERNARDINO","92402","CA"
"575759","SUSPEN CANCEL","21 | 0","04/11/2017","03/31/2024","DBA: SAMI'S VIII MARKET & LIQUOR                        JTJ LIQUOR INC                         14224 ROSECRANS AVE,                         LA MIRADA, CA  90638-3605","","21-434879/ 21-650210","","","3","1968","14224 ROSECRANS AVE","LA MIRADA","19","90638","","","",""
"579665","ACTIVE SUREND","41 | 0","06/06/2017","05/31/2024","DBA: PINE DELL RESORT                        10920 LAKESHORE DRIVE LLC                         10909 LAKESHORE DR,                         CLEARLAKE, CA  95422","55 W OAK KNOLL DR                              SAN ANSELMO, CA  94960-1188","41-433679","","ABC ESCROW 2222 DAMON STREET  LOS ANGELES, CA  90021","27","1700","10909 LAKESHORE DR","CLEARLAKE","17","95422","55 W OAK KNOLL DR","SAN ANSELMO","94960","CA"
"580547","ACTIVE CANCEL","41 | 0","09/19/2017","08/31/2023","DBA: KOGIYA 2                        SO YOUNG WORLD, INC.                         23410 LYONS AVE,                         SANTA CLARITA, CA  91321-2511","12000 STONE GATE WAY                               NORTHRIDGE, CA  91326-3889","41-532724/ 41-646806","","UNITED ESCROW CO 3600 WILSHIRE BLVD STE 913 LOS ANGELES, CA  90010","5","1985","23410 LYONS AVE","SANTA CLARITA","19","91321","12000 STONE GATE WAY","NORTHRIDGE","91326","CA"
"582771","SUREND CANCEL","47 | 0","11/09/2018","10/31/2023","DBA: COLLINE                        BEVERLY GLEN HOLDINGS, LLC                         2922 BEVERLY GLEN CIRCLE,                         LOS ANGELES, CA  90077-1724","2964 N BEVERLY GLEN CIR                              LOS ANGELES, CA  90077","47-511207/ 47-648078","7","ABC ESCROW COMPANY 2222 DAMON STREET LOS ANGELES, CA  90021","4","1933","2922 BEVERLY GLEN CIRCLE","LOS ANGELES","19","90077","2964 N BEVERLY GLEN CIR","LOS ANGELES","90077","CA"
"585029","ACTIVE CANCEL","41 | 0","12/08/2017","11/30/2023","DBA: MARISCOS ALTATA CHULA VISTA                        HERNANDEZ, RICARDO                         631 BROADWAY, STE B,                         CHULA VISTA, CA  91910-5387","","","7","","10","3702","631 BROADWAY, STE B","CHULA VISTA","37","91910","","","",""
"590242","REVPEN ACTIVE","47 | 0","04/10/2019","03/31/2024","CL ROSEVILLE L.P.                         1151 GALLERIA BLVD, STE 1175,                         ROSEVILLE, CA  95678-1937","113 PALM AVE                              MODESTO, CA  95350","47-511409/ 47-647184","7","CALIFORNIA BUSINESS ESCROW INC 1748 MAIN ST ESCALON, CA  95320-1927","23","3105","1151 GALLERIA BLVD, STE 1175","ROSEVILLE","31","95678","113 PALM AVE","MODESTO","95350","CA"
"590242","REVPEN ACTIVE","47 | 0","04/10/2019","03/31/2024","CL ROSEVILLE L.P.                         1151 GALLERIA BLVD, STE 1175,                         ROSEVILLE, CA  95678-1937","113 PALM AVE                              MODESTO, CA  95350","47-511409/ 47-647184","7","CALIFORNIA BUSINESS ESCROW INC 1748 MAIN ST ESCALON, CA  95320-1927","23","3105","1151 GALLERIA BLVD, STE 1175","ROSEVILLE","31","95678","113 PALM AVE","MODESTO","95350","CA"
"590993","REVPEN ACTIVE","41 | 0","04/13/2018","03/31/2024","DBA: SIMMER                        LXT INC                         6358 COMMERCE BLVD,                         ROHNERT PARK, CA  94928-2404","","","","","27","4907","6358 COMMERCE BLVD","ROHNERT PARK","49","94928","","","",""
"590993","REVPEN ACTIVE","41 | 0","04/13/2018","03/31/2024","DBA: SIMMER                        LXT INC                         6358 COMMERCE BLVD,                         ROHNERT PARK, CA  94928-2404","","","","","27","4907","6358 COMMERCE BLVD","ROHNERT PARK","49","94928","","","",""
"592324","PEND ACTIVE","20 | 0","06/29/2023","05/31/2024","DBA: CERVECERIA MUNDIAL                        TREJO, JULIO CESAR                         1981 E 213TH ST,                         CARSON, CA  90810-1202","","","7,I","","3","1977","1981 E 213TH ST","CARSON","19","90810","","","",""
"593227","ACTIVE CANCEL","41 | 0","10/12/2018","09/30/2023","DBA: PADADAK LA JOLLA                        KIMAE CORP                         8657 VILLA LA JOLLA DR, STE 103,                         LA JOLLA, CA  92037","8248 MERCURY CT, STE 100                              SAN DIEGO, CA  92111-1204","41-429994/ 41-647179","","","10","3710","8657 VILLA LA JOLLA DR, STE 103","LA JOLLA","37","92037","8248 MERCURY CT, STE 100","SAN DIEGO","92111","CA"
"595671","ACTIVE CANCEL","20 | 0","08/27/2018","07/31/2023","DBA: VALINDA DRIFTWOOD DAIRY STORE                        GARCIA, VANESSA                         16417 MAPLEGROVE ST,                         VALINDA, CA  91744-1420","16417 MAPLEGROVE ST                              LA PUENTE, CA  91744-1420","20-444352/ 20-623543","7","ACE ESCROW INC 1725 S NOGALES ST STE 104 ROWLAND HEIGHTS, CA  91748","2","1900","16417 MAPLEGROVE ST","VALINDA","19","91744","16417 MAPLEGROVE ST","LA PUENTE","91744","CA"
"595775","ACTIVE CANCEL","02 | 0","01/03/2019","06/30/2023","DBA: OVERLOOK WINERY                        OVERLOOK WINERY LLC                         5530 OVERLOOK CT,                         PLYMOUTH, CA  95669-9790","","","","","23","0300","5530 OVERLOOK CT","PLYMOUTH","03","95669","","","",""
"601679","ACTIVE CANCEL","41 | 0","02/06/2019","01/31/2024","DBA: SUN SUSHI                        DARUMA SUSHI INC                         8920 RESEDA BLVD,                         NORTHRIDGE, CA  91324-3914","6541 KESTER AVE APT 212                              VAN NUYS, CA  91411-1439","41-511026/ 41-647326","7","ACE ESCROW INC 1725 S NOGALES ST STE 104 ROWLAND HEIGHTS, CA  91748","5","1933","8920 RESEDA BLVD","NORTHRIDGE","19","91324","6541 KESTER AVE APT 212","VAN NUYS","91411","CA"
"606306","ACTIVE CANCEL","47 | 0","08/30/2019","11/30/2023","DBA: LOS ROBLES GRILL                        LETICIA N ROBLES REVOCABLE TRUST, THE                         14101 HAWTHORNE BLVD,                         HAWTHORNE, CA  90250-7005","9301 S INGLEWOOD AVE                              INGLEWOOD, CA  90301","47-344864/ 47-646413","7","","3","1923","14101 HAWTHORNE BLVD","HAWTHORNE","19","90250","9301 S INGLEWOOD AVE","INGLEWOOD","90301","CA"
"606541","SUREND CANCEL","47 | 0","10/30/2019","09/30/2023","DBA: LOST SPIRITS DISTILLERY                         LOST SPIRITS DISTILLERY LLC                         1200 E 5TH ST,                         LOS ANGELES, CA  90013-2209","3202 W. DESERT INN RD.                               LAS VEGAS , NV  89102","47-574662/ 47-643882","2,7","SEPULVEDA ESCROW CORP 10550 SEPULVEDA BLVD STE 105 MISSION HILLS, CA  91345-1957","4","1933","1200 E 5TH ST","LOS ANGELES","19","90013","3202 W. DESERT INN RD.","LAS VEGAS","89102","NV"
"615107","ACTIVE CANCEL","20 | 0","04/14/2020","03/31/2024","DBA: VESTS MARKET                        WOODDEE, INC.                         1831 CHESTER AVE,                         BAKERSFIELD, CA  93301-4435","7511 CARSON RIVER                              BAKERSFIELD, CA  93311-4558","20-585755/ 20-648504","7","CAPITAL TRUST ESCROW 280 S BEVERLY DR STE 300 BEVERLY HILLS, CA  90212","6","1501","1831 CHESTER AVE","BAKERSFIELD","15","93301","7511 CARSON RIVER","BAKERSFIELD","93311","CA"
"615180","PEND ACTIVE","48 | 0","06/28/2023","05/31/2024","DBA: BLUE ZEBRA                        ORTIZRIOS, ALBERTO                         2263 E MAIN ST,                         STOCKTON, CA  95205","2414 DOUGLAS RD                              STOCKTON, CA  95207","47-533804","7","","29","3905","2263 E MAIN ST","STOCKTON","39","95205","2414 DOUGLAS RD","STOCKTON","95207","CA"
"616664","ACTIVE CANCEL","47 | 0","08/17/2020","07/31/2023","DBA: PARK AVENUE PUB                        MOORE, DAVID JOHN                         2010 PARK AVE,                         CHICO, CA  95928-6701","3637 LURLINE WY                              SANTA ROSA, CA  95405","47-550685/ 47-645713","7","ABC ESCROW 2222 DAMON STREET  LOS ANGELES, CA  90021","31","0402","2010 PARK AVE","CHICO","04","95928","3637 LURLINE WY","SANTA ROSA","95405","CA"
"618822","PEND ACTIVE","86 | 0","06/29/2023","11/30/2023","DBA: JOSHUA TREE BOTTLESHOP THE                         ATLANTIC VINE COMPANY THE                          61707 29 PALMS HWY ,                         JOSHUA TREE, CA  92252-2311","","","","CAPITAL TRUST ESCROW 280 BEVERLY DR STE 300 BEVERLY HILLS, CA  90212","8","3600","61707 29 PALMS HWY","JOSHUA TREE","36","92252","","","",""
"622262","REVPEN ACTIVE","23 | 0","04/12/2021","03/31/2024","DBA: CROWNS & HOPS BREWING CO.                        CROWNS & HOPS, INC.                         1840 W 208TH ST,                         TORRANCE, CA  90501-1807","309 E HILLCREST BLVD                              INGLEWOOD, CA  90301","","","","3","1958","1840 W 208TH ST","TORRANCE","19","90501","309 E HILLCREST BLVD","INGLEWOOD","90301","CA"
"622262","REVPEN ACTIVE","23 | 0","04/12/2021","03/31/2024","DBA: CROWNS & HOPS BREWING CO.                        CROWNS & HOPS, INC.                         1840 W 208TH ST,                         TORRANCE, CA  90501-1807","309 E HILLCREST BLVD                              INGLEWOOD, CA  90301","","","","3","1958","1840 W 208TH ST","TORRANCE","19","90501","309 E HILLCREST BLVD","INGLEWOOD","90301","CA"
"622625","ACTIVE CANCEL","47 | 0","04/22/2021","03/31/2024","DBA: ONG GA NAE                        BBSF CORPORATION                         936 S VERMONT AVE,                         LOS ANGELES, CA  90006-1611","","47-564896/ 47-647026","7","UNITED ESCROW 3440 WILSHIRE BLVD # 600 LOS ANGELES, CA  90036","4","1933","936 S VERMONT AVE","LOS ANGELES","19","90006","","","",""
"622774","ACTIVE CANCEL","47 | 0","03/15/2021","02/29/2024","DBA: COUNTER BURGER THE                        DND ENTERPRISE LLC                         6416 IRVINE BLVD,                         IRVINE, CA  92620-2104","11109 FAWSETT RD                              POTOMAC, MD  20854-1723","47-613987/ 47-646557","","CALIFORNIA BUSINESS ESCROW INC 1748 MAIN ST ESCALON, CA  95320-1927","11","3026","6416 IRVINE BLVD","IRVINE","30","92620","11109 FAWSETT RD","POTOMAC","20854","MD"
"623543","PEND ACTIVE","20 | 0","06/28/2023","05/31/2024","DBA: CIRCLE K                        APNA CA PETROLEUM INC                         2500 FULKERTH RD,                         TURLOCK, CA  95380","3008 N VAHE AVE                              FRESNO, CA  93737","20-595671","","ABC ESCROW COMPANY 2222 DAMON STREET  LOS ANGELES, CA  90021","29","5007","2500 FULKERTH RD","TURLOCK","50","95380","3008 N VAHE AVE","FRESNO","93737","CA"
"628935","PEND ACTIVE","48 | 0","06/28/2023","05/31/2024","DBA: TRIBE ENTERTAINMENT CENTER LLC, THE                         TRIBE ENTERTAINMENT CENTER LLC, THE                          446 S MARKET ST,                         INGLEWOOD, CA  90301-2310","426 CENTINELA AVE, APT 3                              INGLEWOOD, CA  90302","","7","ABC ESCROW 2222 DAMON STREET  LOS ANGELES, CA  90021","3","1927","446 S MARKET ST","INGLEWOOD","19","90301","426 CENTINELA AVE, APT 3","INGLEWOOD","90302","CA"
"629101","ACTIVE CANCEL","41 | 0","11/15/2021","10/31/2023","DBA: MOUNTAIN MIKE'S PIZZA                         M & C FOOD VENTURES, INC.                         1143 S CLOVERDALE BLVD,                         CLOVERDALE, CA  95425-4413","","41-621280/ 41-648582","","OLD REPUBLIC TITLE 1000 BURNETT AVE STE 400 CONCORD, CA  94520-2088","27","4901","1143 S CLOVERDALE BLVD","CLOVERDALE","49","95425","","","",""
"629219","ACTIVE SUREND","63 | 0","06/28/2023","05/31/2024","DBA: CLEARWATER AT NORTH TUSTIN                        CWL COMMUNITY BEVERAGE, LLC                          11901 NEWPORT AVE,                         SANTA ANA, CA  92708-2805","5000 BIRCH ST, STE 400                              NEWPORT BEACH, CA  92660-8125","","","","11","3000","11901 NEWPORT AVE","SANTA ANA","30","92708","5000 BIRCH ST, STE 400","NEWPORT BEACH","92660","CA"
"631961","PEND ACTIVE","47 | 0","06/28/2023","05/31/2024","DBA: RAW SUSHI LOUNGE                        RAW SUSHI INC                          8280 ELK GROVE BLVD,                         ELK GROVE, CA  95758","4809 LAGUNA BLVD, STE 90                              ELK GROVE, CA  95758","","5,7","","23","3407","8280 ELK GROVE BLVD","ELK GROVE","34","95758","4809 LAGUNA BLVD, STE 90","ELK GROVE","95758","CA"
"632813","PEND ACTIVE","41 | 0","06/28/2023","05/31/2024","DBA: TAQUERIA DEANDA GRILL                        JL DEANDA ENTERPRISES LLC                         17969 BEACH BLVD,                         HUNTINGTON BEACH, CA  92647-7103","23642 ROCKFIELD BLVD, STE 501                              LAKE FOREST, CA  92630-1681","","7","","11","3010","17969 BEACH BLVD","HUNTINGTON BEACH","30","92647","23642 ROCKFIELD BLVD, STE 501","LAKE FOREST","92630","CA"
"633898","AUTREV ACTIVE","41 | 0","03/17/2022","02/29/2024","DBA: LA BAJA MEXICAN FOOD                        LA BAJA LLC                         10010 CAMPO RD #B,                         SPRING VALLEY, CA  91977","","41-580073","7","","10","3700","10010 CAMPO RD #B","SPRING VALLEY","37","91977","","","",""
"633898","AUTREV ACTIVE","41 | 0","03/17/2022","02/29/2024","DBA: LA BAJA MEXICAN FOOD                        LA BAJA LLC                         10010 CAMPO RD #B,                         SPRING VALLEY, CA  91977","","41-580073","7","","10","3700","10010 CAMPO RD #B","SPRING VALLEY","37","91977","","","",""
"638019","PEND ACTIVE","02 | 0","06/30/2023","06/30/2024","DBA: ALPHA OMEGA WINERY                        ALPHA OMEGA WINERY, LLC                         241 HEALDSBURG AVE,                         HEALDSBURG, CA  95448-4103","PO BOX 822                              RUTHERFORD, CA  94573","","7","","27","4902","241 HEALDSBURG AVE","HEALDSBURG","49","95448","PO BOX 822","RUTHERFORD","94573","CA"
"638386","ACTIVE CANCEL","41 | 0","06/28/2023","05/31/2024","DBA: BIG BAOBAB                        LAT RESTAURANT, INC.                         2243 & 2247 MISSION ST,                         SAN FRANCISCO, CA  94110-1811","2319 MISSION ST                              SAN FRANCISCO, CA  94110-1813","","7","","24","3800","2243 & 2247 MISSION ST","SAN FRANCISCO","38","94110","2319 MISSION ST","SAN FRANCISCO","94110","CA"
"639231","PEND ACTIVE","41 | 0","06/29/2023","05/31/2024","DBA: BONCHON                        CRESCENT FRANCHISE GROUP LLC                         17901 PIONEER BLVD, STE F,                         ARTESIA, CA  90701-3952","1482 VIEJO RIDGE DR S                              LAKE FOREST, CA  92610-3025","","7","","3","1964","17901 PIONEER BLVD, STE F","ARTESIA","19","90701","1482 VIEJO RIDGE DR S","LAKE FOREST","92610","CA"
"640507","PEND ACTIVE","57 | 1","06/29/2023","05/31/2024","DBA: CAPRIANA AT LA FLORESTA VILLAGE                        CCRC SOCIAL CLUB LLC                         460 LA FLORESTA DR,                         BREA, CA  92821","4500 DORR ST                              TOLEDO, OH  43615-4040","57-514594","7","ABC ESCROW  2222 DAMON STREET  LOS ANGELES, CA  90021","11","3002","460 LA FLORESTA DR","BREA","30","92821","4500 DORR ST","TOLEDO","43615","OH"
"640507","PEND ACTIVE","57 | 1","06/29/2023","05/31/2024","DBA: CAPRIANA AT LA FLORESTA VILLAGE                        CCRC SOCIAL CLUB LLC                         460 LA FLORESTA DR,                         BREA, CA  92821","4500 DORR ST                              TOLEDO, OH  43615-4040","57-514594","7","ABC ESCROW  2222 DAMON STREET  LOS ANGELES, CA  90021","11","3002","460 LA FLORESTA DR","BREA","30","92821","4500 DORR ST","TOLEDO","43615","OH"
"640507","PEND ACTIVE","68 | 1","06/29/2023","05/31/2024","DBA: CAPRIANA AT LA FLORESTA VILLAGE                        CCRC SOCIAL CLUB LLC                         460 LA FLORESTA DR,                         BREA, CA  92821","4500 DORR ST                              TOLEDO, OH  43615-4040","57-514594","7","ABC ESCROW  2222 DAMON STREET  LOS ANGELES, CA  90021","11","3002","460 LA FLORESTA DR","BREA","30","92821","4500 DORR ST","TOLEDO","43615","OH"
"641185","PEND ACTIVE","17 | 1","06/28/2023","05/31/2024","DBA: SAN DIEGO MUTUAL TRADING CO INC                        MUTUAL TRADING CO INC                         7615 OTHELLO AVE, STE F,                         SAN DIEGO, CA  92111","4200 SHIRLEY AVE                              EL MONTE, CA  91731-1130","","","","10","3710","7615 OTHELLO AVE, STE F","SAN DIEGO","37","92111","4200 SHIRLEY AVE","EL MONTE","91731","CA"
"641185","PEND WTHDRN","13 | 0","","","DBA: SAN DIEGO MUTUAL TRADING CO INC                        MUTUAL TRADING CO INC                         7615 OTHELLO AVE, STE F,                         SAN DIEGO, CA  92111","4200 SHIRLEY AVE                              EL MONTE, CA  91731-1130","","","","10","3710","7615 OTHELLO AVE, STE F","SAN DIEGO","37","92111","4200 SHIRLEY AVE","EL MONTE","91731","CA"
"641185","PEND ACTIVE","09 | 1","06/28/2023","05/31/2024","DBA: SAN DIEGO MUTUAL TRADING CO INC                        MUTUAL TRADING CO INC                         7615 OTHELLO AVE, STE F,                         SAN DIEGO, CA  92111","4200 SHIRLEY AVE                              EL MONTE, CA  91731-1130","","","","10","3710","7615 OTHELLO AVE, STE F","SAN DIEGO","37","92111","4200 SHIRLEY AVE","EL MONTE","91731","CA"
"641248","ACTIVE R64B","47 | 1","06/28/2023","05/31/2024","DBA: MASSILIA/A COTE                        LE ZINC BAR LLC                         100 S GRAND AVE SP 01B,                         LOS ANGELES, CA  90012","726 PALMS BLVD                              VENICE, CA  90291-3849","47-342861","7","ABC ESCROW 2222 DAMON STREET  LOS ANGELES, CA  90021","4","1933","100 S GRAND AVE SP 01B","LOS ANGELES","19","90012","726 PALMS BLVD","VENICE","90291","CA"
"641248","ACTIVE R64B","47 | 1","06/28/2023","05/31/2024","DBA: MASSILIA/A COTE                        LE ZINC BAR LLC                         100 S GRAND AVE SP 01B,                         LOS ANGELES, CA  90012","726 PALMS BLVD                              VENICE, CA  90291-3849","47-342861","7","ABC ESCROW 2222 DAMON STREET  LOS ANGELES, CA  90021","4","1933","100 S GRAND AVE SP 01B","LOS ANGELES","19","90012","726 PALMS BLVD","VENICE","90291","CA"
"641248","ACTIVE R64B","58 | 1","06/28/2023","05/31/2024","DBA: MASSILIA/A COTE                        LE ZINC BAR LLC                         100 S GRAND AVE SP 01B,                         LOS ANGELES, CA  90012","726 PALMS BLVD                              VENICE, CA  90291-3849","47-342861","7","ABC ESCROW 2222 DAMON STREET  LOS ANGELES, CA  90021","4","1933","100 S GRAND AVE SP 01B","LOS ANGELES","19","90012","726 PALMS BLVD","VENICE","90291","CA"
"641248","ACTIVE R64B","58 | 1","06/28/2023","05/31/2024","DBA: MASSILIA/A COTE                        LE ZINC BAR LLC                         100 S GRAND AVE SP 01B,                         LOS ANGELES, CA  90012","726 PALMS BLVD                              VENICE, CA  90291-3849","47-342861","7","ABC ESCROW 2222 DAMON STREET  LOS ANGELES, CA  90021","4","1933","100 S GRAND AVE SP 01B","LOS ANGELES","19","90012","726 PALMS BLVD","VENICE","90291","CA"
"641257","PEND ACTIVE","41 | 0","06/28/2023","05/31/2024","DBA: OAXACA FRESH                        CARMONA DIAZ, HAILE                         721-741 LINDEN AVE,                         CARPINTERIA, CA  93013-2041","","","7","","12","4205","721-741 LINDEN AVE","CARPINTERIA","42","93013","","","",""
"641312","PEND ACTIVE","41 | 0","06/28/2023","05/31/2024","DBA: HOUSE OF JUJU - VISALIA, INC.                        HOUSE OF JUJU - VISALIA, INC.                         114 W MAIN ST, UNIT 101,                         VISALIA, CA  93291-6284","2723 NEES AVE                              CLOVIS, CA  93611-8168","","","","21","5406","114 W MAIN ST, UNIT 101","VISALIA","54","93291","2723 NEES AVE","CLOVIS","93611","CA"
"641753","WTHDRN PENDING","21 | 0","","","DBA: PUESTO                        MEXICAN STREET FOOD LLC                         5010 MISSION CENTER RD,                         SAN DIEGO, CA  92108","8899 UNIVERSITY CENTER LN, STE 130                              SAN DIEGO, CA  92122-1009","","","","10","3710","5010 MISSION CENTER RD","SAN DIEGO","37","92108","8899 UNIVERSITY CENTER LN, STE 130","SAN DIEGO","92122","CA"
"641796","PEND ACTIVE","41 | 0","06/28/2023","05/31/2024","DBA: KITAKATA RAMEN BAN NAI                        MENSYOKU U.S.A. INC.                         7951 OTHELLO AVE, SUITE 103,                         SAN DIEGO, CA  92111-3759","891 BAKER ST, STE B21                              COSTA MESA, CA  92626-4363","","7","","10","3710","7951 OTHELLO AVE, SUITE 103","SAN DIEGO","37","92111","891 BAKER ST, STE B21","COSTA MESA","92626","CA"
"641922","WTHDRN PENDING","47 | 0","","","DBA: THE ORIGINAL KAREN'S KITCHEN                        ORIGINAL KAREN'S KITCHEN INC, THE                         39438 TRADE CENTER DR STE E,                         PALMDALE, CA  93551-3785","42123 50TH STREET WEST                              LANCASTER, CA  93536-3512","619911","","CALIFORNIA BUSINESS ESCROW 1748 MAIN ST ESCALON, CA  95320-1927","5","1974","39438 TRADE CENTER DR STE E","PALMDALE","19","93551","42123 50TH STREET WEST","LANCASTER","93536","CA"
"642018","PEND ACTIVE","47 | 0","06/29/2023","05/31/2024","DBA: CV                        CLUB VENICE LLC                         20 WASHINGTON BLVD,                         LOS ANGELES, CA  90292-5124","2712 STRONGS DR, APT 1                              VENICE, CA  90291","47-571069","2,7","ABC ESCROW 2222 DAMON ST  LOS ANGELES, CA  90021","3","1933","20 WASHINGTON BLVD","LOS ANGELES","19","90292","2712 STRONGS DR, APT 1","VENICE","90291","CA"
"642582","PEND ACTIVE","47 | 0","06/29/2023","05/31/2024","DBA: HOOK & PLOW, THE                        FOODFLEET LLC                         425 PIER AVE,                         HERMOSA BEACH, CA  90254-3820","540 24TH PLACE                              HERMOSA BEACH, CA  90254","","5,7","","3","1924","425 PIER AVE","HERMOSA BEACH","19","90254","540 24TH PLACE","HERMOSA BEACH","90254","CA"
"643507","ACTIVE CANCEL","41 | 0","02/08/2023","01/31/2024","DBA: MOLCAJETES TACOS                        FAMILIA HEREDIA CORPORATION                         668 MAIN ST,                         RAMONA, CA  92065","","41-426541/ 41-647645","7","ALISON MCLOSKEY ESCROW 4820 EL CAJON BLVD SAN DIEGO, CA  92115-4695","9","3700","668 MAIN ST","RAMONA","37","92065","","","",""
"643845","PEND ACTIVE","41 | 0","06/28/2023","05/31/2024","DBA: EPIQUE                        ARIN-BERD GROUP INC                         204-1/2 N BRAND BLVD,                         GLENDALE, CA  91203-2610","","","7","","5","1921","204-1/2 N BRAND BLVD","GLENDALE","19","91203","","","",""
"643882","PEND ACTIVE","47 | 0","06/28/2023","05/31/2024","DBA: TACOS TU MADRE                        HILLHURST TACO SHOP 26, INC.                         1824 HILLHURST AVENUE,                         LOS ANGELES, CA  90027-4408","10250 CONSTELLATION BLVD, STE 100                              LOS ANGELES, CA  90061","47-606541","7","ABC ESCROW 2222 DAMON STREET  LOS ANGELES, CA  90021","4","1933","1824 HILLHURST AVENUE","LOS ANGELES","19","90027","10250 CONSTELLATION BLVD, STE 100","LOS ANGELES","90061","CA"
"644245","PEND ACTIVE","41 | 0","06/28/2023","05/31/2024","DBA: LOLA HAPPY BISTRO                        LOLA HAPPY BISTRO, INC                         3421 E PLAZA BLVD,                         NATIONAL CITY, CA  91950-4136","","41-500685","7","HERITAGE ESCROW  2550 5TH AVE  STE 800 SAN DIEGO, CA  92103","10","3708","3421 E PLAZA BLVD","NATIONAL CITY","37","91950","","","",""
"644273","PEND ACTIVE","41 | 0","06/29/2023","05/31/2024","DBA: VENICE CUCINA                        TOHID INC                         209 E WINDWARD AVE,                         VENICE, CA  90291-3764","","","7","","3","1933","209 E WINDWARD AVE","VENICE","19","90291","","","",""
"644469","PEND ACTIVE","23 | 0","06/29/2023","04/30/2024","DBA: CENTRAL COAST BREWING                        CENTRAL COAST BREWING, INC.                         1701 MONTEREY ST,                         SAN LUIS OBISPO, CA  93401-2931","6 HIGUERA ST                              SAN LUIS OBISPO, CA  93401-5415","23-588767","8","","13","4004","1701 MONTEREY ST","SAN LUIS OBISPO","40","93401","6 HIGUERA ST","SAN LUIS OBISPO","93401","CA"
"644837","PEND ACTIVE","02 | 0","07/03/2023","06/30/2024","DBA: RED BRICKS                        STONEWALL BEVERAGE LLC                         902 ENTERPRISE WAY, STE P,                         NAPA, CA  94558-6288","150 CHERRY CREEK RD                              CLOVERDALE, CA  95425-3808","","7","","27","2802","902 ENTERPRISE WAY, STE P","NAPA","28","94558","150 CHERRY CREEK RD","CLOVERDALE","95425","CA"
"644910","PEND ACTIVE","41 | 0","06/28/2023","05/31/2024","DBA: LA SINALOENSE CHULA VISTA                        LA FAMILIA INC                          631 BROADWAY, STE B,                         CHULA VISTA, CA  91910-5387","","41-585029","7","HERITAGE ESCROW 2550 5TH AVE STE 800 SAN DIEGO, CA  92103","10","3702","631 BROADWAY, STE B","CHULA VISTA","37","91910","","","",""
"645125","PEND ACTIVE","67 | 0","06/29/2023","12/31/2023","DBA: CENTRELLA INN                        612 CENTRAL AVENUE LLC                         612 CENTRAL AVE,                         PACIFIC GROVE, CA  93950","301 N CANON DR. , STE 302                              BEVERLY HILLS, CA  90210-4724","67-463072","7","","26","2707","612 CENTRAL AVE","PACIFIC GROVE","27","93950","301 N CANON DR. , STE 302","BEVERLY HILLS","90210","CA"
"645331","ACTIVE R64B","47 | 0","06/29/2023","05/31/2024","DBA: ACAN                        TOTTENHAM WINES & SPIRITS INTERNATIONAL LLC                         339 PRIMROSE RD,                         BURLINGAME, CA  94010-4004","","47-551269","7","ABC ESCROW 2222 DAMON ST  LOS ANGELES, CA  90021","25","4103","339 PRIMROSE RD","BURLINGAME","41","94010","","","",""
"645570","PEND ACTIVE","17 | 1","06/28/2023","05/31/2024","DBA: ERIC M FLANAGAN WINE IMPORTS LLC                        ERIC M FLANAGAN WINE IMPORTS, LLC                         435 W DRY CREEK RD,                         HEALDSBURG, CA  95448-9122","","","7","","27","4900","435 W DRY CREEK RD","HEALDSBURG","49","95448","","","",""
"645570","PEND ACTIVE","20 | 0","06/28/2023","05/31/2024","DBA: ERIC M FLANAGAN WINE IMPORTS LLC                        ERIC M FLANAGAN WINE IMPORTS, LLC                         435 W DRY CREEK RD,                         HEALDSBURG, CA  95448-9122","","","7,I","","27","4900","435 W DRY CREEK RD","HEALDSBURG","49","95448","","","",""
"645570","PEND ACTIVE","09 | 1","06/28/2023","05/31/2024","DBA: ERIC M FLANAGAN WINE IMPORTS LLC                        ERIC M FLANAGAN WINE IMPORTS, LLC                         435 W DRY CREEK RD,                         HEALDSBURG, CA  95448-9122","","","7","","27","4900","435 W DRY CREEK RD","HEALDSBURG","49","95448","","","",""
"645574","PEND ACTIVE","47 | 0","06/29/2023","05/31/2024","DBA: BENNY AND MARYS                        BENNY AND MARY'S IRVINE LLC                         18420 VON KARMAN AVE,                         IRVINE, CA  92612-1509","10740 JORDAN RD                              WHITTIER, CA  90603-3002","47-559077","","ABC ESCROW 2222 DAMON ST  LOS ANGELES, CA  90021","11","3026","18420 VON KARMAN AVE","IRVINE","30","92612","10740 JORDAN RD","WHITTIER","90603","CA"
"645713","PEND ACTIVE","47 | 0","06/28/2023","05/31/2024","DBA: PARK AVENUE PUB                        PAPS LLC                         2010 PARK AVE,                         CHICO, CA  95928-6701","","47-616664","7","OLD REPUBLIC TITLE 1000 BURNETT AVE STE 400 CONCORD, CA  94520-2088","31","0402","2010 PARK AVE","CHICO","04","95928","","","",""
"645731","PEND ACTIVE","41 | 0","06/28/2023","05/31/2024","DBA: IKI RAMEN                        6565 NAGOMI LLC                         6565 W SUNSET BLVD, STE 120,                         LOS ANGELES, CA  90028-7219","","","7","","4","1933","6565 W SUNSET BLVD, STE 120","LOS ANGELES","19","90028","","","",""
"646163","PEND ACTIVE","41 | 0","06/28/2023","05/31/2024","DBA: DAI SUSHI                        AP22 DINING INC                         16492 BEACH BLVD, UNIT J14,                         WESTMINSTER, CA  92683-7860","","41-506503","7","","11","3021","16492 BEACH BLVD, UNIT J14","WESTMINSTER","30","92683","","","",""
"646207","PEND ACTIVE","02 | 0","07/03/2023","06/30/2024","DBA: HOVIK WINES                        HOVIK WINES LLC                         1401 MARINA WAY S, STE 280,                         RICHMOND, CA  94804-3723","PO BOX 19012                              OAKLAND, CA  94619","","","","22","0709","1401 MARINA WAY S, STE 280","RICHMOND","07","94804","PO BOX 19012","OAKLAND","94619","CA"
"646287","PEND ACTIVE","21 | 0","06/28/2023","05/31/2024","DBA: ANS LIQUOR & MARKET                        APR BROTHERS CORPORATION                         4708 S NORMANDIE AVE,                         LOS ANGELES, CA  90037","4708 S NORMANDIE AVE                              LOS ANGELES, CA  90037","21-559561","","PRIMA ESCROW INC 3600 WILSHIRE BL STE 1028 LOS ANGELES, CA  90010","4","1933","4708 S NORMANDIE AVE","LOS ANGELES","19","90037","4708 S NORMANDIE AVE","LOS ANGELES","90037","CA"
"646369","PEND ACTIVE","47 | 1","06/28/2023","05/31/2024","DBA: STONIES TAP HOUSE & BISTRO                        STONIES TAP HOUSE & BISTRO                         1366 S MAIN ST, STE B,                         SALINAS, CA  93901-2109","","47-486482","7","JOHNSON, ROVELLA, RETTERER, ROSENTHAL & GILLES, LLP 270 EL DORADO ST MONTEREY, CA  93940","26","2708","1366 S MAIN ST, STE B","SALINAS","27","93901","","","",""
"646369","PEND ACTIVE","58 | 1","06/28/2023","05/31/2024","DBA: STONIES TAP HOUSE & BISTRO                        STONIES TAP HOUSE & BISTRO                         1366 S MAIN ST, STE B,                         SALINAS, CA  93901-2109","","47-486482","7","JOHNSON, ROVELLA, RETTERER, ROSENTHAL & GILLES, LLP 270 EL DORADO ST MONTEREY, CA  93940","26","2708","1366 S MAIN ST, STE B","SALINAS","27","93901","","","",""
"646413","PEND ACTIVE","47 | 1","06/28/2023","05/31/2024","DBA: AMC CENTURY CITY 15                        AMERICAN MULTI-CINEMA INC                         10250 SANTA MONICA BLVD STE 2000,                         LOS ANGELES, CA  90067-6580","11500 ASH ST                              LEAWOOD, KS  66211-7804","47-606306","7","","4","1933","10250 SANTA MONICA BLVD STE 2000","LOS ANGELES","19","90067","11500 ASH ST","LEAWOOD","66211","KS"
"646413","PEND ACTIVE","68 | 1","06/28/2023","05/31/2024","DBA: AMC CENTURY CITY 15                        AMERICAN MULTI-CINEMA INC                         10250 SANTA MONICA BLVD STE 2000,                         LOS ANGELES, CA  90067-6580","11500 ASH ST                              LEAWOOD, KS  66211-7804","47-606306","7","","4","1933","10250 SANTA MONICA BLVD STE 2000","LOS ANGELES","19","90067","11500 ASH ST","LEAWOOD","66211","KS"
"646451","PEND ACTIVE","17 | 1","06/29/2023","05/31/2024","FORMOSA IMPORTS, INC.                          530 S HEWITT ST UNIT 146,                         LOS ANGELES, CA  90013-1906","","","7","","4","1933","530 S HEWITT ST UNIT 146","LOS ANGELES","19","90013","","","",""
"646451","PEND ACTIVE","09 | 1","06/29/2023","05/31/2024","FORMOSA IMPORTS, INC.                          530 S HEWITT ST UNIT 146,                         LOS ANGELES, CA  90013-1906","","","7","","4","1933","530 S HEWITT ST UNIT 146","LOS ANGELES","19","90013","","","",""
"646455","PEND ACTIVE","41 | 1","06/29/2023","05/31/2024","DBA: ROOSTER & RICE                        819 VALENCIA, LLC                         15354 ALTON PKWY,                         IRVINE, CA  92618-2362","8833 FLOWER RD                               RANCHO CUCAMONGA, CA  91730-4467","","","","11","3026","15354 ALTON PKWY","IRVINE","30","92618","8833 FLOWER RD","RANCHO CUCAMONGA","91730","CA"
"646455","PEND ACTIVE","58 | 1","06/29/2023","05/31/2024","DBA: ROOSTER & RICE                        819 VALENCIA, LLC                         15354 ALTON PKWY,                         IRVINE, CA  92618-2362","8833 FLOWER RD                               RANCHO CUCAMONGA, CA  91730-4467","","","","11","3026","15354 ALTON PKWY","IRVINE","30","92618","8833 FLOWER RD","RANCHO CUCAMONGA","91730","CA"
"646464","PEND ACTIVE","47 | 0","06/28/2023","05/31/2024","DBA: CARMELLE CUISINE                        CARMELLE CUISINE & BANQUET HALL INC.                         24416 MUIRLANDS BLVD,                         LAKE FOREST, CA  92630-3920","4790 IRVINE BLVD                              IRVINE, CA  92620-1973","47-517262","","ABC ESCROW 2222 DAMON ST  LOS ANGELES, CA  90021","11","3029","24416 MUIRLANDS BLVD","LAKE FOREST","30","92630","4790 IRVINE BLVD","IRVINE","92620","CA"
"646557","PEND ACTIVE","47 | 0","06/28/2023","02/29/2024","DBA: COUNTER, THE                        DND ENTERPRISE LLC                         27742 ANTONIO PKWY, STE K7,                         LADERA RANCH, CA  92694-1143","11109 FAWSETT RD                              POTOMAC, MD  20854-1723","47-622774/ 47-653303","","","11","3000","27742 ANTONIO PKWY, STE K7","LADERA RANCH","30","92694","11109 FAWSETT RD","POTOMAC","20854","MD"
"646658","PEND ACTIVE","21 | 0","06/28/2023","05/31/2024","DBA: KINGS LIQUOR & MARKET                         RAMBO2, INC.                         2301 W 54TH ST,                         LOS ANGELES, CA  90043-2609","","21-460793","","HANA ESCROW COMPANY INC 3580 WILSHIRE BLVD STE 1170 LOS ANGELES, CA  90010","4","1933","2301 W 54TH ST","LOS ANGELES","19","90043","","","",""
"646711","PEND ACTIVE","41 | 0","06/28/2023","05/31/2024","DBA: OISHII TERIYAKI                        NEOWANA, INC                         125 DOLORES DR,                         AUBURN, CA  95603-3129","","","7","","23","3100","125 DOLORES DR","AUBURN","31","95603","","","",""
"646806","PEND ACTIVE","41 | 0","06/28/2023","05/31/2024","DBA: WUSO KOREAN BBQ                        WUSO KOREAN BBQ INC                         23410 LYONS AVE,                         SANTA CLARITA, CA  91321-2511","","41-580547","","UNITY ESCROW INC 3600 WILSHIRE BLVD STE 900 LOS ANGELES, CA  90010-2613","5","1985","23410 LYONS AVE","SANTA CLARITA","19","91321","","","",""
"646837","PEND ACTIVE","47 | 0","06/28/2023","05/31/2024","DBA: KARMA SUSHI                        U OMAKASE SUSHI RESTAURANT L.L.C.                         14611 1/2 VENTURA BLVD,                         SHERMAN OAKS, CA  91403-3617","6700 FALLBROOK AVE # 207                              WEST HILLS, CA  91307","47-511578","","UNITED 3440 WILSHIRE BLVD STE 600 LOS ANGELES, CA  90010","5","1933","14611 1/2 VENTURA BLVD","SHERMAN OAKS","19","91403","6700 FALLBROOK AVE # 207","WEST HILLS","91307","CA"
"646956","ACTIVE R64B","47 | 0","06/29/2023","05/31/2024","DBA: LIMON ROTISSERIE                        LIMON REDWOOD CITY INC                         885 MIDDLEFIELD RD, #J2,                         REDWOOD CITY, CA  94063-1672","5800 THIRD ST, STE 1001                              SAN FRANCISCO, CA  94124","47-563919","","INNOVATIVE ESCROW 28212 KELLY JOHNSON PKWY STE 110 VALENCIA, CA  91355","25","4110","885 MIDDLEFIELD RD, #J2","REDWOOD CITY","41","94063","5800 THIRD ST, STE 1001","SAN FRANCISCO","94124","CA"
"647001","PEND ACTIVE","02 | 0","07/03/2023","06/30/2024","DBA: IIWII WINES                        LAMONTAGNE-PUJADAS WINES LLC                         4070 VINEYARD DR,                         PASO ROBLES, CA  93446","7065 NAVAJOA AVE                              ATASCADERO, CA  93422","","","","13","4000","4070 VINEYARD DR","PASO ROBLES","40","93446","7065 NAVAJOA AVE","ATASCADERO","93422","CA"
"647026","ACTIVE CANCEL","47 | 0","06/28/2023","05/31/2024","DBA: ONG GA NAE                        OSKI                          936 S VERMONT AVE,                         LOS ANGELES, CA  90006-1611","","47-622625/ 47-651158","7","METRO ESCROW INC 3600 WILSHIRE BLVD STE 326 LOS ANGELES, CA  90010","4","1933","936 S VERMONT AVE","LOS ANGELES","19","90006","","","",""
"647066","PEND ACTIVE","17 | 1","06/29/2023","05/31/2024","DBA: MONTLER ESTATES IMPORTS                        MONTLER ESTATES IMPORTS LLC                         6858 CEDARWOOD CT,                         SHINGLETOWN, CA  96088","303 NEAL ST                              PLEASANTON, CA  94566","","7","","31","4500","6858 CEDARWOOD CT","SHINGLETOWN","45","96088","303 NEAL ST","PLEASANTON","94566","CA"
"647066","PEND ACTIVE","09 | 1","06/29/2023","05/31/2024","DBA: MONTLER ESTATES IMPORTS                        MONTLER ESTATES IMPORTS LLC                         6858 CEDARWOOD CT,                         SHINGLETOWN, CA  96088","303 NEAL ST                              PLEASANTON, CA  94566","","7","","31","4500","6858 CEDARWOOD CT","SHINGLETOWN","45","96088","303 NEAL ST","PLEASANTON","94566","CA"
"647093","PEND ACTIVE","21 | 0","06/28/2023","05/31/2024","DBA: HAYFORK HOTEL                        HAYFORK HOTEL, LLC                         7230 HIGHWAY 3,                         HAYFORK, CA  96041","8141 TURNER DR                              GRANITE BAY, CA  95746","21-65424","","TRINITY COUNTY TITLE COMPANY 501 MAIN ST WEAVERVILLE, CA  96093","31","5300","7230 HIGHWAY 3","HAYFORK","53","96041","8141 TURNER DR","GRANITE BAY","95746","CA"
"647093","PEND ACTIVE","47 | 0","06/28/2023","05/31/2024","DBA: HAYFORK HOTEL                        HAYFORK HOTEL, LLC                         7230 HIGHWAY 3,                         HAYFORK, CA  96041","8141 TURNER DR                              GRANITE BAY, CA  95746","47-65424","7","TRINITY COUNTY TITLE COMPANY 501 MAIN ST WEAVERVILLE, CA  96093","31","5300","7230 HIGHWAY 3","HAYFORK","53","96041","8141 TURNER DR","GRANITE BAY","95746","CA"
"647093","PEND ACTIVE","47 | 0","06/28/2023","05/31/2024","DBA: HAYFORK HOTEL                        HAYFORK HOTEL, LLC                         7230 HIGHWAY 3,                         HAYFORK, CA  96041","8141 TURNER DR                              GRANITE BAY, CA  95746","47-65424","7","TRINITY COUNTY TITLE COMPANY 501 MAIN ST WEAVERVILLE, CA  96093","31","5300","7230 HIGHWAY 3","HAYFORK","53","96041","8141 TURNER DR","GRANITE BAY","95746","CA"
"647137","PEND ACTIVE","41 | 0","06/28/2023","05/31/2024","DBA: FRESH N GO                        FRESH N GO                         258 E 2ND AVE,                         ESCONDIDO, CA  92025-4213","","","7","","9","3705","258 E 2ND AVE","ESCONDIDO","37","92025","","","",""
"647179","PEND ACTIVE","41 | 0","06/28/2023","05/31/2024","JOLLA JOA INC                         8657 VILLA LA JOLLA DR, STE 103,                         LA JOLLA, CA  92037","","41-593227","","PACIFIC HOMELAND ESCROW 8799 BALBOA AVE STE 100 SAN DIEGO, CA  92123","10","3710","8657 VILLA LA JOLLA DR, STE 103","LA JOLLA","37","92037","","","",""
"647180","PEND ACTIVE","41 | 0","06/21/2023","05/31/2024","DBA: PHO SHOW                        M&B PHO SHOW INC                         4349 SEPULVEDA BLVD,                         CULVER CITY, CA  90230-4715","1590 W ROSECRANS AVE                              MANHATTAN BEACH, CA  90266","41-462554","7","UNIVERSAL ESCROW INC 1025 W 190TH ST STE 218 GARDENA, CA  90248","4","1914","4349 SEPULVEDA BLVD","CULVER CITY","19","90230","1590 W ROSECRANS AVE","MANHATTAN BEACH","90266","CA"
"647326","PEND ACTIVE","41 | 0","06/28/2023","05/31/2024","DBA: 2 DIE FOR SUSHI                        DANNY & PETER CORPORATION                         8920 RESEDA BLVD,                         NORTHRIDGE, CA  91324-3914","","41-601679","7","TIME ESCROW 3055 WILSHIRE BLVD STE 1150 LOS ANGELES, CA  90010-1176","5","1933","8920 RESEDA BLVD","NORTHRIDGE","19","91324","","","",""
"647645","PEND ACTIVE","41 | 0","06/28/2023","05/31/2024","DBA: MI SONORA MARISCOS                        MORALES ENCINAS, BRENDA  V                         668 MAIN ST,                         RAMONA, CA  92065","","41-643507","7","ALLISON MCCLOSKEY ESCROW COMPANY 4820 EL CAJON BLVD SAN DIEGO, CA  92115-4695","9","3700","668 MAIN ST","RAMONA","37","92065","","","",""
"647673","PEND ACTIVE","41 | 0","06/28/2023","05/31/2024","FONDA COLOMBIANA SNELL INC                         5585 SNELL AVE,                         SAN JOSE, CA  95123","","","","","25","4313","5585 SNELL AVE","SAN JOSE","43","95123","","","",""
"647810","PEND ACTIVE","02 | 0","06/28/2023","06/30/2024","DBA: J & M FENAUX WINES LLC                        J&M FENAUX WINES, LLC                         16105 MAIN ST,                         VOLCANO, CA  95689","510 S GRANT ST                              SAN MATEO, CA  94402-1338","","","","23","0300","16105 MAIN ST","VOLCANO","03","95689","510 S GRANT ST","SAN MATEO","94402","CA"
"647855","PEND ACTIVE","41 | 0","06/28/2023","05/31/2024","DBA: PIER PIZZA                        PIER PIZZA LLC                         209 N TREMONT ST,                         OCEANSIDE, CA  92054-2555","1759 OCEANSIDE BLVD. #C-131                              OCEANSIDE, CA  92056","","7","","9","3709","209 N TREMONT ST","OCEANSIDE","37","92054","1759 OCEANSIDE BLVD. #C-131","OCEANSIDE","92056","CA"
"647904","PEND ACTIVE","41 | 0","06/29/2023","09/30/2024","DBA: VINCENZO'S TERRAZZA RISTORANTE                        VINCENZO'S TERRAZZA, INC.                         121 N SAN DIMAS AVE,                         SAN DIMAS, CA  91773-2647","300 E BONITA AVE UNIT 3253                              SAN DIMAS, CA  91773-6159","41-521178","","","2","1970","121 N SAN DIMAS AVE","SAN DIMAS","19","91773","300 E BONITA AVE UNIT 3253","SAN DIMAS","91773","CA"
"648005","PEND ACTIVE","41 | 0","06/29/2023","05/31/2024","DBA: L & B MEXICAN RESTAURANT                        ANDRADE MEJIA, MARIA GUADALUPE                         3603 COFFEE RD STE 600,                         BAKERSFIELD, CA  93308-5076","","","","","6","1501","3603 COFFEE RD STE 600","BAKERSFIELD","15","93308","","","",""
"648078","PEND ACTIVE","47 | 0","06/28/2023","05/31/2024","DBA: CINEPOLIS INGLEWOOD                        LHC FOOD & BEVERAGE LLC                         1233 DISTRICT DR, #100,                         INGLEWOOD, CA  90305","14755 PRESTON RD, STE 800                              DALLAS, TX  75254","47-582771","7","CALIFORNIA BUSINESS ESCROW 1748 MAIN ST ESCALON, CA  95320-1927","3","1927","1233 DISTRICT DR, #100","INGLEWOOD","19","90305","14755 PRESTON RD, STE 800","DALLAS","75254","TX"
"648112","PEND ACTIVE","41 | 0","06/29/2023","05/31/2024","WAKE UP CAFE LLC                         2665 FASHION PL,                         BAKERSFIELD, CA  93306-3038","5904 PINE CANYON RD                              BAKERSFIELD, CA  93313","","","","6","1501","2665 FASHION PL","BAKERSFIELD","15","93306","5904 PINE CANYON RD","BAKERSFIELD","93313","CA"
"648199","PEND ACTIVE","41 | 0","06/29/2023","05/31/2024","DBA: COCO FREEZE ICE CREAM SHOP                         GARCIA DE PADILLA, MARTHA  EVELIA                         43905 CLINTON ST, STE 4&5,                         INDIO, CA  92201-2097","82822 GENERATIONS DR                               INDIO, CA  92203-3109","","","","8","3309","43905 CLINTON ST, STE 4&5","INDIO","33","92201","82822 GENERATIONS DR","INDIO","92203","CA"
"648204","PEND ACTIVE","17 | 0","06/29/2023","05/31/2024","DBA: VINO DISCO LLC                        VINO DISCO LLC                         1954 UNION ST, SUITE #2,                         SAN FRANCISCO, CA  94123-4248","1747 MCALLISTER ST, APT 6                              SAN FRANCISCO, CA  94115-4346","","7,I","","24","3800","1954 UNION ST, SUITE #2","SAN FRANCISCO","38","94123","1747 MCALLISTER ST, APT 6","SAN FRANCISCO","94115","CA"
"648204","PEND ACTIVE","20 | 0","06/29/2023","05/31/2024","DBA: VINO DISCO LLC                        VINO DISCO LLC                         1954 UNION ST, SUITE #2,                         SAN FRANCISCO, CA  94123-4248","1747 MCALLISTER ST, APT 6                              SAN FRANCISCO, CA  94115-4346","","7","","24","3800","1954 UNION ST, SUITE #2","SAN FRANCISCO","38","94123","1747 MCALLISTER ST, APT 6","SAN FRANCISCO","94115","CA"
"648214","PEND ACTIVE","17 | 1","06/29/2023","05/31/2024","DBA: NICE FIND & CO                        NICE FIND LLC                         2225 CAMINO VIDA ROBLE STE. 100,                         CARLSBAD, CA  92011-1552","1716 WILSTONE AVE                              ENCINITAS, CA  92024","","","","9","3701","2225 CAMINO VIDA ROBLE STE. 100","CARLSBAD","37","92011","1716 WILSTONE AVE","ENCINITAS","92024","CA"
"648214","PEND ACTIVE","09 | 1","06/29/2023","05/31/2024","DBA: NICE FIND & CO                        NICE FIND LLC                         2225 CAMINO VIDA ROBLE STE. 100,                         CARLSBAD, CA  92011-1552","1716 WILSTONE AVE                              ENCINITAS, CA  92024","","","","9","3701","2225 CAMINO VIDA ROBLE STE. 100","CARLSBAD","37","92011","1716 WILSTONE AVE","ENCINITAS","92024","CA"
"648276","PEND ACTIVE","41 | 0","06/29/2023","05/31/2024","DBA: DARLA CAFE                        GLORY WEDNESDAY LLC                         14572 BIG BASIN WAY UNIT 1 & 5,                         SARATOGA, CA  95070","","","","","25","4315","14572 BIG BASIN WAY UNIT 1 & 5","SARATOGA","43","95070","","","",""
"648300","PEND ACTIVE","47 | 0","06/28/2023","05/31/2024","DBA: DOUBLETREE SUITES ANAHEIM CONVENTION                        ARTEMIS CONVENTION HOTEL LLC                         2085 S HARBOR BLVD,                         ANAHEIM, CA  92802-3513","520 NEWPORT CENTER DR, 2ND FL                              NEWPORT BEACH, CA  92660-7020","47-436316","","CALIFORNIA BUSINESS ESCROW INC 1748 MAIN ST ESCALON, CA  95320-1927","11","3001","2085 S HARBOR BLVD","ANAHEIM","30","92802","520 NEWPORT CENTER DR, 2ND FL","NEWPORT BEACH","92660","CA"
"648323","PEND ACTIVE","17 | 1","06/29/2023","05/31/2024","DBA: SAN FRANCISCO NATURALS                        ELGENDY & SORYAL GROUP                         447 E CHANNEL RD,                         BENICIA, CA  94510-1137","","","","","22","4801","447 E CHANNEL RD","BENICIA","48","94510","","","",""
"648323","PEND ACTIVE","18 | 1","06/29/2023","05/31/2024","DBA: SAN FRANCISCO NATURALS                        ELGENDY & SORYAL GROUP                         447 E CHANNEL RD,                         BENICIA, CA  94510-1137","","","","","22","4801","447 E CHANNEL RD","BENICIA","48","94510","","","",""
"648323","PEND ACTIVE","09 | 1","06/29/2023","05/31/2024","DBA: SAN FRANCISCO NATURALS                        ELGENDY & SORYAL GROUP                         447 E CHANNEL RD,                         BENICIA, CA  94510-1137","","","","","22","4801","447 E CHANNEL RD","BENICIA","48","94510","","","",""
"648323","PEND ACTIVE","12 | 1","06/29/2023","05/31/2024","DBA: SAN FRANCISCO NATURALS                        ELGENDY & SORYAL GROUP                         447 E CHANNEL RD,                         BENICIA, CA  94510-1137","","","","","22","4801","447 E CHANNEL RD","BENICIA","48","94510","","","",""
"648360","PEND ACTIVE","41 | 0","06/28/2023","05/31/2024","DBA: S365 VEGGIE                        S365 VEGGIE                         9777 CHAPMAN AVE,                         GARDEN GROVE, CA  92841-2708","12881 WESTERN AVE, STE E                               GARDEN GROVE, CA  92841-4031","","","","11","3009","9777 CHAPMAN AVE","GARDEN GROVE","30","92841","12881 WESTERN AVE, STE E","GARDEN GROVE","92841","CA"
"648450","PEND ACTIVE","41 | 0","06/29/2023","05/31/2024","DBA: CRIMINAL BAKING COMPANY                        CRIMINAL BAKING COMPANY INC                         808 DONAHUE ST,                         SANTA ROSA, CA  95401-5434","","","7","","27","4904","808 DONAHUE ST","SANTA ROSA","49","95401","","","",""
"648504","PEND ACTIVE","20 | 0","06/28/2023","05/31/2024","DBA: VESTS MARKET                        HPIS INC                         1831 CHESTER AVE,                         BAKERSFIELD, CA  93301-4435","4801 CHINTA DR                              BAKERSFIELD, CA  93313","20-615107","7","TICOR TITLE COMPANY OF CALIFORNIA 10000 STOCKDALE HWY STE 101 BAKERSFIELD, CA  93311","6","1501","1831 CHESTER AVE","BAKERSFIELD","15","93301","4801 CHINTA DR","BAKERSFIELD","93313","CA"
"648582","PEND ACTIVE","41 | 0","06/28/2023","05/31/2024","DBA: MOUNTAIN MIKES PIZZA                        DREAM CUISINE PIZZA INC                         1143 S CLOVERDALE BLVD,                         CLOVERDALE, CA  95425-4413","","41-629101","","OLD REPUBLIC TITLE COMPANY 1000 BURNETT AVE #400 CONCORD, CA  94520","27","4901","1143 S CLOVERDALE BLVD","CLOVERDALE","49","95425","","","",""
"649468","PEND ACTIVE","82 | 0","06/29/2023","05/31/2024","DBA: WANDERLUST VINEYARD                        WANDERLUST VINEYARD INC.                         1000 KUBLI RD,                         GRANTS PASS, OR  97527","","","","","75","9999","1000 KUBLI RD","GRANTS PASS","","97527","","","",""
"649535","PEND ACTIVE","79 | 0","06/29/2023","06/30/2024","DBA: DANCING CROW VINEYARDS@UKIAHCFM                        DANCING CROW VINEYARDS, LLC                         1 ALEX THOMAS PLAZA,                         UKIAH, CA  95482","2790 SPRING ST                              SAINT HELENA, CA  94574-9696","","","","27","2303","1 ALEX THOMAS PLAZA","UKIAH","23","95482","2790 SPRING ST","SAINT HELENA","94574","CA"
"649540","PEND ACTIVE","79 | 0","06/29/2023","06/30/2024","DBA: DANCING CROW VINEYARDS@FAIRFAX CFM                        DANCING CROW VINEYARDS, LLC                         124 BOLINAS RD,                         FAIRFAX, CA  94930","2790 SPRING ST                              SAINT HELENA, CA  94574-9696","","","","27","2103","124 BOLINAS RD","FAIRFAX","21","94930","2790 SPRING ST","SAINT HELENA","94574","CA"