"License Number","Status Changed From/To","Type| Dup","Original Issue Date","Expir. Date","Primary Owner and Premises Addr.","Mailing Addr.","Transfer-From/To","Conditions","Escrow","District Code","Geo Code","Prem Street","City","County","Zip Code","Mailing Street","Mailing City","Mailing Zip Code","Mailing State"
"185669","ACTIVE CANCEL","20 | 0","03/31/1986","09/30/2023","DBA: M & A MARKET                        POLLAYIL, PRASED L                         279 HARBOUR WAY S,                         RICHMOND, CA  94804","279 HARBOUR WY S                              RICHMOND, CA  94804","","","","22","0709","279 HARBOUR WAY S","RICHMOND","07","94804","279 HARBOUR WY S","RICHMOND","94804","CA"
"349919","ACTIVE CANCEL","41 | 0","04/22/1999","03/31/2024","DBA: CHINA FIRST                        HUANG, WEIXING                         336 CLEMENT ST,                         SAN FRANCISCO, CA  94118-2316","","","","","24","3800","336 CLEMENT ST","SAN FRANCISCO","38","94118","","","",""
"422370","ACTIVE CANCEL","41 | 0","03/07/2005","02/29/2024","DBA: CELIAS GARDEN CAFE                        CELIAS GARDEN CAFE INC                         1188 LOS OSOS VALLEY RD,                         LOS OSOS, CA  93402","345 SKYLINE DR                              LOS OSOS, CA  93402","","","","13","4000","1188 LOS OSOS VALLEY RD","LOS OSOS","40","93402","345 SKYLINE DR","LOS OSOS","93402","CA"
"456010","SUREND CANCEL","47 | 1","11/21/2007","10/31/2023","DBA: COCINA DEL CHARRO                        CHARRO FOODS INC                         1020 W SAN MARCOS BLVD, STE 110,                         SAN MARCOS, CA  92078-4053","","47-421772/ 47-649447","7","","9","3712","1020 W SAN MARCOS BLVD, STE 110","SAN MARCOS","37","92078","","","",""
"456010","SUREND CANCEL","77 | 1","11/21/2007","10/31/2023","DBA: COCINA DEL CHARRO                        CHARRO FOODS INC                         1020 W SAN MARCOS BLVD, STE 110,                         SAN MARCOS, CA  92078-4053","","47-421772/ 47-649447","7","","9","3712","1020 W SAN MARCOS BLVD, STE 110","SAN MARCOS","37","92078","","","",""
"509928","ACTIVE CANCEL","47 | 0","06/02/2011","05/31/2024","DBA: LONGHORN CAFE                        POR K NO INC                         6519 MISSION GORGE RD,                         SAN DIEGO, CA  92120-2306","","47-294727/ 47-648365","","CENTENNIAL ESCROW 225 W VALLEY PKWY STE 100 ESCONDIDO, CA  92025","10","3710","6519 MISSION GORGE RD","SAN DIEGO","37","92120","","","",""
"517753","ACTIVE CANCEL","21 | 0","02/21/2012","06/30/2024","DBA: RITE AID #6557                        THRIFTY PAYLESS, INC.                         5075 OLIVEHURST AVE,                         OLIVEHURST, CA  95961-4023","560 MISSION ST STE 1900, C/O HOLLAND & KNIGHT                              ATTN: JBROWN RCANTER, SAN FRANCISCO, CA  94105","21-485216/ 21-648281","","BUSINESS TITLE ESCROW 25152 SPRINGFIELD CT #285 VALENCIA, CA  91355","23","5800","5075 OLIVEHURST AVE","OLIVEHURST","58","95961","560 MISSION ST STE 1900, C/O HOLLAND & KNIGHT","SAN FRANCISCO","94105","CA"
"522583","ACTIVE CANCEL","41 | 0","08/03/2012","02/29/2024","DBA: BANGKOK JAM THAI RESTAURANT                        NITHAN CORPORATION                         1892 SOLANO AVE,                         BERKELEY, CA  94707-2309","","41-485565/ 41-649548","8","","22","0103","1892 SOLANO AVE","BERKELEY","01","94707","","","",""
"525029","ACTIVE CANCEL","47 | 0","10/12/2012","03/31/2024","DBA: TWIN VALLEY RESTAURANT                        BARDORF, GREGORY PETER                         39316 DUNLAP RD,                         DUNLAP, CA  93621","31671 INDIAN GUIDE RD                              SQUAW VALLEY, CA  93675-9676","47-487457/ 47-642699","7","","21","1000","39316 DUNLAP RD","DUNLAP","10","93621","31671 INDIAN GUIDE RD","SQUAW VALLEY","93675","CA"
"537810","ACTIVE CANCEL","02 | 0","05/23/2014","06/30/2024","DBA: BONNY DOON VINEYARD                        BONNY DOON WINERY INC                         1010 INDUSTRIAL WAY,                         KING CITY, CA  93930-2506","PO BOX 1242                              SANTA CRUZ, CA  95061-1242","","","","26","2705","1010 INDUSTRIAL WAY","KING CITY","27","93930","PO BOX 1242","SANTA CRUZ","95061","CA"
"538923","ACTIVE CANCEL","21 | 0","12/10/2013","11/30/2023","DBA: SEA TRADER LIQUOR & DELI                        IBRAHIM, JOHN                         1403 EBERS ST,                         SAN DIEGO, CA  92107-3814","","21-421498/ 21-648266","","OAK TREE ESCROWS INC 166 WELLS AVE EL CAJON, CA  92020","10","3710","1403 EBERS ST","SAN DIEGO","37","92107","","","",""
"545880","AUTREV ACTIVE","47 | 0","04/15/2016","03/31/2024","DBA: OSTRICH FARM                        BOITE, LLC                         1525 W SUNSET BLVD,                         LOS ANGELES, CA  90026-3319","","","5,7","","4","1933","1525 W SUNSET BLVD","LOS ANGELES","19","90026","","","",""
"545880","AUTREV ACTIVE","47 | 0","04/15/2016","03/31/2024","DBA: OSTRICH FARM                        BOITE, LLC                         1525 W SUNSET BLVD,                         LOS ANGELES, CA  90026-3319","","","5,7","","4","1933","1525 W SUNSET BLVD","LOS ANGELES","19","90026","","","",""
"548528","ACTIVE CANCEL","21 | 0","06/17/2015","05/31/2024","DBA: SANTA CLARA WHOLEFOODS                        ASKANDAFI, FIROUZ                         798 HAIGHT ST,                         SAN FRANCISCO, CA  94117-3317","133 JAMES CT                              SOUTH SAN FRANCISCO, CA  94080-1406","21-238340/ 21-648462","","SAMER DANFOURA, ESQ. 1303 9TH AVE SAN FRANCISCO, CA  94122","24","3800","798 HAIGHT ST","SAN FRANCISCO","38","94117","133 JAMES CT","SOUTH SAN FRANCISCO","94080","CA"
"549802","SUREND ACTIVE","47 | 0","05/16/2016","04/30/2024","DBA: CIE SICHUAN CUISINE                        CHANGING INTERNATIONAL EDUCATION INC                         45682 TOWNE ST,                         INDIO, CA  92201-4546","46279 ROADRUNNER LN                              LA QUINTA, CA  92253-4333","","5","","8","3309","45682 TOWNE ST","INDIO","33","92201","46279 ROADRUNNER LN","LA QUINTA","92253","CA"
"560393","SUREND CANCEL","20 | 0","10/15/2015","06/30/2024","DBA: GROCERY OUTLET                        GROCERY OUTLET INC                         3160 BUCHANAN RD,                         ANTIOCH, CA  94509-4427","5650 HOLLIS ST                              EMERYVILLE, CA  94608-2597","","","","22","0701","3160 BUCHANAN RD","ANTIOCH","07","94509","5650 HOLLIS ST","EMERYVILLE","94608","CA"
"561290","ACTIVE CANCEL","21 | 0","12/29/2015","11/30/2023","DBA: HAPPY HOUR FOOD & LIQUOR 2A                        KAUR, INDERJIT                         5115 PONY EXPRESS TRL,                         CAMINO, CA  95709-9621","","21-412723/ 21-648534","","FIDELITY NATIONAL TITLE 1375 EXPOSITION BLVD., STE. 240 SACRAMENTO, CA  95815","23","0900","5115 PONY EXPRESS TRL","CAMINO","09","95709","","","",""
"565765","REVPEN ACTIVE","23 | 1","06/09/2016","05/31/2024","DBA: CELLADOR ALES                        CELLADOR ALES LLC                         16745 SCHOENBORN ST, UNIT B,                         NORTH HILLS, CA  91343-6107","P O BOX 4404                               VALLEY VILLAGE, CA  91617","","","","5","1933","16745 SCHOENBORN ST, UNIT B","NORTH HILLS","19","91343","P O BOX 4404","VALLEY VILLAGE","91617","CA"
"565765","REVPEN ACTIVE","23 | 1","06/09/2016","05/31/2024","DBA: CELLADOR ALES                        CELLADOR ALES LLC                         16745 SCHOENBORN ST, UNIT B,                         NORTH HILLS, CA  91343-6107","P O BOX 4404                               VALLEY VILLAGE, CA  91617","","","","5","1933","16745 SCHOENBORN ST, UNIT B","NORTH HILLS","19","91343","P O BOX 4404","VALLEY VILLAGE","91617","CA"
"565765","REVPEN ACTIVE","77 | 1","06/09/2016","05/31/2024","DBA: CELLADOR ALES                        CELLADOR ALES LLC                         16745 SCHOENBORN ST, UNIT B,                         NORTH HILLS, CA  91343-6107","P O BOX 4404                               VALLEY VILLAGE, CA  91617","","","","5","1933","16745 SCHOENBORN ST, UNIT B","NORTH HILLS","19","91343","P O BOX 4404","VALLEY VILLAGE","91617","CA"
"565765","REVPEN ACTIVE","77 | 1","06/09/2016","05/31/2024","DBA: CELLADOR ALES                        CELLADOR ALES LLC                         16745 SCHOENBORN ST, UNIT B,                         NORTH HILLS, CA  91343-6107","P O BOX 4404                               VALLEY VILLAGE, CA  91617","","","","5","1933","16745 SCHOENBORN ST, UNIT B","NORTH HILLS","19","91343","P O BOX 4404","VALLEY VILLAGE","91617","CA"
"572857","ACTIVE CANCEL","41 | 0","11/23/2016","10/31/2023","DBA: LOS YAQUIS                        AGUIRRESORIA, SALVADOR                         324 S VAN NESS AVE,                         SAN FRANCISCO, CA  94103-3628","","41-483713/ 41-650144","7","FIDELITY NATIONAL TITLE COMPANY 1 DANIEL BURNHAM CT STE 218C SAN FRANCISCO, CA  94109","24","3800","324 S VAN NESS AVE","SAN FRANCISCO","38","94103","","","",""
"576233","SUREND CANCEL","75 | 1","01/25/2018","12/31/2024","DBA: WESTLAKE BREWING COMPANY, LLC                        WESTLAKE BREWING COMPANY, LLC                         31111 VIA COLINAS , STE 202,                         WESTLAKE VILLAGE, CA  91362-3961","","","7","","5","1981","31111 VIA COLINAS , STE 202","WESTLAKE VILLAGE","19","91362","","","",""
"576233","SUREND CANCEL","77 | 1","01/25/2018","12/31/2024","DBA: WESTLAKE BREWING COMPANY, LLC                        WESTLAKE BREWING COMPANY, LLC                         31111 VIA COLINAS , STE 202,                         WESTLAKE VILLAGE, CA  91362-3961","","","7","","5","1981","31111 VIA COLINAS , STE 202","WESTLAKE VILLAGE","19","91362","","","",""
"577467","ACTIVE CANCEL","41 | 0","02/08/2017","01/31/2024","DBA: SUSHI SAZANAMI                        SUSHI SOYOKAZE LLC                         12918 RIVERSIDE DR,                         SHERMAN OAKS, CA  91423-2210","4023 MILACA PL                              SHERMAN OAKS, CA  91423-4422","41-533579/ 41-649626","","BOULEVARD ESCROW 17337 VENTURA BLVD  STE 300 ENCINO, CA  91316","5","1933","12918 RIVERSIDE DR","SHERMAN OAKS","19","91423","4023 MILACA PL","SHERMAN OAKS","91423","CA"
"588630","ACTIVE CANCEL","21 | 0","02/09/2018","01/31/2024","DBA: UNION 76                        MIRAPOSA INC                         11490 FASHION WAY,                         HESPERIA, CA  92345","886 OAK VALLEY PKWY                              BEAUMONT, CA  92223-1463","21-545559/ 21-649839","","CALIFORNIA BUSINESS ESCROW INC 1748 MAIN ST ESCALON, CA  95320-1927","7","3620","11490 FASHION WAY","HESPERIA","36","92345","886 OAK VALLEY PKWY","BEAUMONT","92223","CA"
"600686","ACTIVE CANCEL","41 | 0","12/20/2018","11/30/2023","DBA: STATION PIZZA                        SUPER BUENO LLC                         1531 W MISSION RD, # B,                         SAN MARCOS, CA  92069-1255","","41-527371/ 41-650447","7","M & M ESCROW CO 960 SAN MARCOS BLVD STE 100 SAN MARCOS, CA  92078","9","3712","1531 W MISSION RD, # B","SAN MARCOS","37","92069","","","",""
"603652","ACTIVE CANCEL","47 | 1","08/13/2019","07/31/2024","DBA: COUNTER, THE                        LA RESTAURANT HOPE STREET, INC.                         725 W 7TH ST,                         LOS ANGELES, CA  90017-3703","23639 HAWTHORNE BLVD, STE 204                              TORRANCE, CA  90505-5990","47-518887/ 47-649670","7","CAPITOL CITY ESCROW INC 3838 WATT AVE STE F610 SACRAMENTO, CA  95821","4","1933","725 W 7TH ST","LOS ANGELES","19","90017","23639 HAWTHORNE BLVD, STE 204","TORRANCE","90505","CA"
"603652","ACTIVE CANCEL","58 | 1","08/13/2019","07/31/2024","DBA: COUNTER, THE                        LA RESTAURANT HOPE STREET, INC.                         725 W 7TH ST,                         LOS ANGELES, CA  90017-3703","23639 HAWTHORNE BLVD, STE 204                              TORRANCE, CA  90505-5990","47-518887/ 47-649670","7","CAPITOL CITY ESCROW INC 3838 WATT AVE STE F610 SACRAMENTO, CA  95821","4","1933","725 W 7TH ST","LOS ANGELES","19","90017","23639 HAWTHORNE BLVD, STE 204","TORRANCE","90505","CA"
"606156","ACTIVE CANCEL","41 | 0","09/08/2020","08/31/2024","DBA: PIZZETTE                        PIZZETTE, LLC                          9355 CULVER BLVD , UNITS G & H,                         CULVER CITY, CA  90232","1900 MAIN ST, STE 700                              IRVINE, CA  92614","","7","","4","1914","9355 CULVER BLVD , UNITS G & H","CULVER CITY","19","90232","1900 MAIN ST, STE 700","IRVINE","92614","CA"
"618350","ACTIVE CANCEL","17 | 0","09/17/2020","08/31/2024","DBA: KANAMOTA                        KANAMOTA LLC                         1026 CHARTER OAK AVE, #A,                         SAINT HELENA, CA  94574-1355","PO BOX 563                              RUTHERFORD, CA  94573-0563","","7","","27","2803","1026 CHARTER OAK AVE, #A","SAINT HELENA","28","94574","PO BOX 563","RUTHERFORD","94573","CA"
"618350","ACTIVE CANCEL","20 | 0","09/17/2020","08/31/2024","DBA: KANAMOTA                        KANAMOTA LLC                         1026 CHARTER OAK AVE, #A,                         SAINT HELENA, CA  94574-1355","PO BOX 563                              RUTHERFORD, CA  94573-0563","","7,I","","27","2803","1026 CHARTER OAK AVE, #A","SAINT HELENA","28","94574","PO BOX 563","RUTHERFORD","94573","CA"
"619941","PEND ACTIVE","21 | 0","09/12/2023","08/31/2024","DBA: MIRAMAR WINE AND LIQUOR                        SOCAL THRIVERS LIMITED LIABILITY COMPANY                         7190 MIRAMAR RD, STE 101, 103, 105,                         SAN DIEGO, CA  92121-2386","7190 MIRAMAR RD, STE 111                              SAN DIEGO, CA  92121-2342","","5,7","","9","3710","7190 MIRAMAR RD, STE 101, 103, 105","SAN DIEGO","37","92121","7190 MIRAMAR RD, STE 111","SAN DIEGO","92121","CA"
"624339","ACTIVE CANCEL","21 | 0","06/02/2021","05/31/2024","DBA: CALIFORNIA MINI MART                        LAKHA, BAHADAR RAM                         3109 COLIMA RD,                         HACIENDA HEIGHTS, CA  91745-6302","","21-606543/ 21-649065","","JADE ESCROW INC 19724 E COLIMA RD ROWLAND HEIGHTS, CA  91748","2","1900","3109 COLIMA RD","HACIENDA HEIGHTS","19","91745","","","",""
"626714","ACTIVE CANCEL","20 | 0","09/28/2021","08/31/2024","DBA: KWIK MART                        KWIK MART INVESTMENTS LLC                         1648 W CAPITOL AVE,                         WEST SACRAMENTO, CA  95691-3220","1961 TAYLOR ST                              YUBA CITY, CA  95993-9705","20-606493/ 20-649474","7","FIRST AMERICAN TITLE COMPANY 415 CENTURY PARK DR STE A YUBA CITY, CA  95991","23","5704","1648 W CAPITOL AVE","WEST SACRAMENTO","57","95691","1961 TAYLOR ST","YUBA CITY","95993","CA"
"628808","ACTIVE CANCEL","20 | 0","05/27/2022","04/30/2024","DBA: JACKSON 6844                        MULTI-SITE MANAGEMENT LLC                         960 IMPERIAL HWY,                         EL CENTRO, CA  92243-1736","3450 E. COMMERCIAL CT.                              MERIDIAN, ID  83646","20-622898/ 20-650236","7","","8","1304","960 IMPERIAL HWY","EL CENTRO","13","92243","3450 E. COMMERCIAL CT.","MERIDIAN","83646","ID"
"629033","ACTIVE CANCEL","09 | 1","12/30/2021","07/31/2024","DBA: SIMON WINE SELECTION                        SIMON WINE SELECTION, LLC                         1907 N ST ANDREWS PL,                         LOS ANGELES, CA  90068-3601","","17-557171/ 17-648125","7,8","","4","1933","1907 N ST ANDREWS PL","LOS ANGELES","19","90068","","","",""
"629033","ACTIVE CANCEL","17 | 1","12/30/2021","07/31/2024","DBA: SIMON WINE SELECTION                        SIMON WINE SELECTION, LLC                         1907 N ST ANDREWS PL,                         LOS ANGELES, CA  90068-3601","","17-557171/ 17-648125","7,8","","4","1933","1907 N ST ANDREWS PL","LOS ANGELES","19","90068","","","",""
"629033","ACTIVE CANCEL","20 | 0","12/30/2021","07/31/2024","DBA: SIMON WINE SELECTION                        SIMON WINE SELECTION, LLC                         1907 N ST ANDREWS PL,                         LOS ANGELES, CA  90068-3601","","20-557171/ 20-648125","7,8,I","","4","1933","1907 N ST ANDREWS PL","LOS ANGELES","19","90068","","","",""
"629106","ACTIVE CANCEL","58 | 1","10/15/2021","09/30/2023","DBA: ALL GOOD THINGS                        LAUNCH WITH US LLC                         2748 W 8TH ST, STE 104-107,                         LOS ANGELES, CA  90005-5514","","41-588009/ 41-649095","7","","4","1933","2748 W 8TH ST, STE 104-107","LOS ANGELES","19","90005","","","",""
"629106","ACTIVE CANCEL","41 | 1","10/15/2021","09/30/2023","DBA: ALL GOOD THINGS                        LAUNCH WITH US LLC                         2748 W 8TH ST, STE 104-107,                         LOS ANGELES, CA  90005-5514","","41-588009/ 41-649095","7","","4","1933","2748 W 8TH ST, STE 104-107","LOS ANGELES","19","90005","","","",""
"634569","AUTREV ACTIVE","47 | 0","04/01/2022","03/31/2024","DBA: THE BRANDING IRON                        WESTERN LUXURY LLC                         640-642 W 16TH ST,                         MERCED, CA  95340","640 W 16TH ST                              MERCED, CA  95340","47-224804/ 47-646878","","OLD REPUBLIC TITLE 1000 BURNETT AVE STE 400 CONCORD, CA  94520-2088","29","2406","640-642 W 16TH ST","MERCED","24","95340","640 W 16TH ST","MERCED","95340","CA"
"634569","AUTREV ACTIVE","47 | 0","04/01/2022","03/31/2024","DBA: THE BRANDING IRON                        WESTERN LUXURY LLC                         640-642 W 16TH ST,                         MERCED, CA  95340","640 W 16TH ST                              MERCED, CA  95340","47-224804/ 47-646878","","OLD REPUBLIC TITLE 1000 BURNETT AVE STE 400 CONCORD, CA  94520-2088","29","2406","640-642 W 16TH ST","MERCED","24","95340","640 W 16TH ST","MERCED","95340","CA"
"638185","REVPEN ACTIVE","18 | 1","07/21/2022","04/30/2024","DBA: CREPUSCULE DEVELOPMENT LLC                        CREPUSCULE DEVELOPMENT LLC                         26340 DIAMOND PL, STE 110 - 120 ,                         SANTA CLARITA, CA  91350-2705","1820 E 1ST ST, STE 100                              SANTA ANA, CA  92705-4009","18-633773","","","5","1985","26340 DIAMOND PL, STE 110 - 120","SANTA CLARITA","19","91350","1820 E 1ST ST, STE 100","SANTA ANA","92705","CA"
"638185","REVPEN ACTIVE","18 | 1","07/21/2022","04/30/2024","DBA: CREPUSCULE DEVELOPMENT LLC                        CREPUSCULE DEVELOPMENT LLC                         26340 DIAMOND PL, STE 110 - 120 ,                         SANTA CLARITA, CA  91350-2705","1820 E 1ST ST, STE 100                              SANTA ANA, CA  92705-4009","18-633773","","","5","1985","26340 DIAMOND PL, STE 110 - 120","SANTA CLARITA","19","91350","1820 E 1ST ST, STE 100","SANTA ANA","92705","CA"
"638185","REVPEN ACTIVE","12 | 1","07/21/2022","04/30/2024","DBA: CREPUSCULE DEVELOPMENT LLC                        CREPUSCULE DEVELOPMENT LLC                         26340 DIAMOND PL, STE 110 - 120 ,                         SANTA CLARITA, CA  91350-2705","1820 E 1ST ST, STE 100                              SANTA ANA, CA  92705-4009","18-633773","","","5","1985","26340 DIAMOND PL, STE 110 - 120","SANTA CLARITA","19","91350","1820 E 1ST ST, STE 100","SANTA ANA","92705","CA"
"638185","REVPEN ACTIVE","12 | 1","07/21/2022","04/30/2024","DBA: CREPUSCULE DEVELOPMENT LLC                        CREPUSCULE DEVELOPMENT LLC                         26340 DIAMOND PL, STE 110 - 120 ,                         SANTA CLARITA, CA  91350-2705","1820 E 1ST ST, STE 100                              SANTA ANA, CA  92705-4009","18-633773","","","5","1985","26340 DIAMOND PL, STE 110 - 120","SANTA CLARITA","19","91350","1820 E 1ST ST, STE 100","SANTA ANA","92705","CA"
"639387","PEND ACTIVE","20 | 0","09/13/2023","08/31/2024","DBA: FIZZ CHAMPAGNE & BUBBLES BAR I WALNUT CREEK                        FIZZ 2 LLC                         1652 BONANZA ST,                         WALNUT CREEK, CA  94596-4579","7539 SAN NITA WAY                              FAIR OAKS, CA  95628","","","","22","0711","1652 BONANZA ST","WALNUT CREEK","07","94596","7539 SAN NITA WAY","FAIR OAKS","95628","CA"
"639387","PEND ACTIVE","42 | 0","09/13/2023","08/31/2024","DBA: FIZZ CHAMPAGNE & BUBBLES BAR I WALNUT CREEK                        FIZZ 2 LLC                         1652 BONANZA ST,                         WALNUT CREEK, CA  94596-4579","7539 SAN NITA WAY                              FAIR OAKS, CA  95628","","7","","22","0711","1652 BONANZA ST","WALNUT CREEK","07","94596","7539 SAN NITA WAY","FAIR OAKS","95628","CA"
"640917","PEND ACTIVE","17 | 0","09/13/2023","08/31/2024","DBA: WFP WINE COMPANY                        WFP WINE COMPANY LLC                         1501 WENDY WAY,                         MANHATTAN BEACH, CA  90266-4263","","","7","","3","1935","1501 WENDY WAY","MANHATTAN BEACH","19","90266","","","",""
"640917","PEND ACTIVE","20 | 0","09/13/2023","08/31/2024","DBA: WFP WINE COMPANY                        WFP WINE COMPANY LLC                         1501 WENDY WAY,                         MANHATTAN BEACH, CA  90266-4263","","","7,I","","3","1935","1501 WENDY WAY","MANHATTAN BEACH","19","90266","","","",""
"642404","PEND ACTIVE","48 | 0","09/13/2023","05/31/2024","DBA: SIP N PUFF                        BAL, GURWINDER SINGH                         2003 YOSEMITE BLVD,                         MODESTO, CA  95354","127 PHOENIX AVE                              MODESTO, CA  95354","47-642404","7","ABC ESCROW 2222 DAMON STREET  LOS ANGELES, CA  90021","29","5002","2003 YOSEMITE BLVD","MODESTO","50","95354","127 PHOENIX AVE","MODESTO","95354","CA"
"642699","PEND ACTIVE","47 | 0","09/12/2023","08/31/2024","DBA: NORTH ITALIA                        NORTH RESTAURANTS LLC                         6600 TOPANGA CANYON BLVD #52,                         CANOGA PARK, CA  91303-2609","26901 MALIBU HILLS RD                              CALABASAS, CA  91301-5354","47-525029","2","ABC ESCROW 222 DAMON ST LOS ANGELES, CA  90021","5","1933","6600 TOPANGA CANYON BLVD #52","CANOGA PARK","19","91303","26901 MALIBU HILLS RD","CALABASAS","91301","CA"
"642932","PEND ACTIVE","47 | 0","09/13/2023","08/31/2024","DBA: TIPZY'S TACOS & BEER LLC                        TIPZY'S TACOS & BEER LLC                         920 E OLIVE AVE, #103,                         FRESNO, CA  93728-3418","1913 W GARLAND AVE                              FRESNO, CA  93705-2311","","5,7","","21","1005","920 E OLIVE AVE, #103","FRESNO","10","93728","1913 W GARLAND AVE","FRESNO","93705","CA"
"643499","PEND ACTIVE","41 | 0","09/12/2023","08/31/2024","DBA: MARISCOS EL CHAPO #2                        MARISCOS EL CHAPO, INC.                         14419 PIONEER BLVD,                         NORWALK, CA  90650-4872","","","7","","3","1940","14419 PIONEER BLVD","NORWALK","19","90650","","","",""
"643919","ACTIVE R64B","75 | 0","09/12/2023","08/31/2024","DBA: GLADI8OR BREWS & BILLIARDS                        GLADI8OR BREWS & BILLIARDS, INC.                          321 N CITRUS AVE,                         COVINA, CA  91723-2006","311 N CITRUS AVE                              COVINA, CA  91723","75-576233","","ABC ESCROW 2222 DAMON STREET  LOS ANGELES, CA  90021","2","1913","321 N CITRUS AVE","COVINA","19","91723","311 N CITRUS AVE","COVINA","91723","CA"
"643919","ACTIVE R64B","75 | 0","09/12/2023","08/31/2024","DBA: GLADI8OR BREWS & BILLIARDS                        GLADI8OR BREWS & BILLIARDS, INC.                          321 N CITRUS AVE,                         COVINA, CA  91723-2006","311 N CITRUS AVE                              COVINA, CA  91723","75-576233","","ABC ESCROW 2222 DAMON STREET  LOS ANGELES, CA  90021","2","1913","321 N CITRUS AVE","COVINA","19","91723","311 N CITRUS AVE","COVINA","91723","CA"
"643919","ACTIVE R64B","75 | 0","09/12/2023","08/31/2024","DBA: GLADI8OR BREWS & BILLIARDS                        GLADI8OR BREWS & BILLIARDS, INC.                          321 N CITRUS AVE,                         COVINA, CA  91723-2006","311 N CITRUS AVE                              COVINA, CA  91723","75-576233","","ABC ESCROW 2222 DAMON STREET  LOS ANGELES, CA  90021","2","1913","321 N CITRUS AVE","COVINA","19","91723","311 N CITRUS AVE","COVINA","91723","CA"
"643919","ACTIVE R64B","75 | 0","09/12/2023","08/31/2024","DBA: GLADI8OR BREWS & BILLIARDS                        GLADI8OR BREWS & BILLIARDS, INC.                          321 N CITRUS AVE,                         COVINA, CA  91723-2006","311 N CITRUS AVE                              COVINA, CA  91723","75-576233","","ABC ESCROW 2222 DAMON STREET  LOS ANGELES, CA  90021","2","1913","321 N CITRUS AVE","COVINA","19","91723","311 N CITRUS AVE","COVINA","91723","CA"
"644015","PEND ACTIVE","47 | 3","09/13/2023","08/31/2024","DBA: PENDRY NEWPORT BEACH                        BEVERAGE LICENSEE 690 HOTEL, LLC                         690 NEWPORT CENTER DR,                         NEWPORT BEACH, CA  92660-6431","1400 NEWPORT CENTER DR, STE 230                              NEWPORT BEACH, CA  92660-0946","47-558897","7","CALIFORNIA BUSINESS ESCROW INC 1748 MAIN ST ESCALON, CA  95320-1927","11","3013","690 NEWPORT CENTER DR","NEWPORT BEACH","30","92660","1400 NEWPORT CENTER DR, STE 230","NEWPORT BEACH","92660","CA"
"644015","PEND ACTIVE","21 | 0","09/13/2023","08/31/2024","DBA: PENDRY NEWPORT BEACH                        BEVERAGE LICENSEE 690 HOTEL, LLC                         690 NEWPORT CENTER DR,                         NEWPORT BEACH, CA  92660-6431","1400 NEWPORT CENTER DR, STE 230                              NEWPORT BEACH, CA  92660-0946","21-558897","7","CALIFORNIA BUSINESS ESCROW INC 1748 MAIN ST ESCALON, CA  95320-1927","11","3013","690 NEWPORT CENTER DR","NEWPORT BEACH","30","92660","1400 NEWPORT CENTER DR, STE 230","NEWPORT BEACH","92660","CA"
"644015","PEND ACTIVE","47 | 3","09/13/2023","08/31/2024","DBA: PENDRY NEWPORT BEACH                        BEVERAGE LICENSEE 690 HOTEL, LLC                         690 NEWPORT CENTER DR,                         NEWPORT BEACH, CA  92660-6431","1400 NEWPORT CENTER DR, STE 230                              NEWPORT BEACH, CA  92660-0946","47-558897","7","CALIFORNIA BUSINESS ESCROW INC 1748 MAIN ST ESCALON, CA  95320-1927","11","3013","690 NEWPORT CENTER DR","NEWPORT BEACH","30","92660","1400 NEWPORT CENTER DR, STE 230","NEWPORT BEACH","92660","CA"
"644015","PEND ACTIVE","66 | 3","09/13/2023","08/31/2024","DBA: PENDRY NEWPORT BEACH                        BEVERAGE LICENSEE 690 HOTEL, LLC                         690 NEWPORT CENTER DR,                         NEWPORT BEACH, CA  92660-6431","1400 NEWPORT CENTER DR, STE 230                              NEWPORT BEACH, CA  92660-0946","47-558897","7","CALIFORNIA BUSINESS ESCROW INC 1748 MAIN ST ESCALON, CA  95320-1927","11","3013","690 NEWPORT CENTER DR","NEWPORT BEACH","30","92660","1400 NEWPORT CENTER DR, STE 230","NEWPORT BEACH","92660","CA"
"644015","PEND ACTIVE","68 | 3","09/13/2023","08/31/2024","DBA: PENDRY NEWPORT BEACH                        BEVERAGE LICENSEE 690 HOTEL, LLC                         690 NEWPORT CENTER DR,                         NEWPORT BEACH, CA  92660-6431","1400 NEWPORT CENTER DR, STE 230                              NEWPORT BEACH, CA  92660-0946","47-558897","7","CALIFORNIA BUSINESS ESCROW INC 1748 MAIN ST ESCALON, CA  95320-1927","11","3013","690 NEWPORT CENTER DR","NEWPORT BEACH","30","92660","1400 NEWPORT CENTER DR, STE 230","NEWPORT BEACH","92660","CA"
"644015","PEND ACTIVE","58 | 3","09/13/2023","08/31/2024","DBA: PENDRY NEWPORT BEACH                        BEVERAGE LICENSEE 690 HOTEL, LLC                         690 NEWPORT CENTER DR,                         NEWPORT BEACH, CA  92660-6431","1400 NEWPORT CENTER DR, STE 230                              NEWPORT BEACH, CA  92660-0946","47-558897","7","CALIFORNIA BUSINESS ESCROW INC 1748 MAIN ST ESCALON, CA  95320-1927","11","3013","690 NEWPORT CENTER DR","NEWPORT BEACH","30","92660","1400 NEWPORT CENTER DR, STE 230","NEWPORT BEACH","92660","CA"
"644146","PEND ACTIVE","41 | 0","09/13/2023","08/31/2024","DBA: WINEBAR                        TURNER CONSULTING BUSINESS LLC                         7089 N MARKS AVE, STE 102,                         FRESNO, CA  93711-0267","5663 N FARRIS AVE                              FRESNO, CA  93711-2425","","7","","21","1005","7089 N MARKS AVE, STE 102","FRESNO","10","93711","5663 N FARRIS AVE","FRESNO","93711","CA"
"644777","PEND ACTIVE","41 | 0","09/12/2023","08/31/2024","DBA: BRODARD EXPRESS                        CALIFORNIA COAST FOOD & BEVERAGES LLC                         18601 AIRPORT WAY, STE 202,                         SANTA ANA, CA  92707-5260","","","7","","11","3017","18601 AIRPORT WAY, STE 202","SANTA ANA","30","92707","","","",""
"644805","PEND ACTIVE","41 | 0","09/12/2023","08/31/2024","DBA: MENDOCINO FARMS SANDWICH MARKET                        MENDOCINO FARMS LLC                         10562 CRAFTSMAN WAY, STE 190,                         SAN DIEGO, CA  92127-3508","2004-H EAST PARK PLACE                              EL SEGUNDO, CA  90245","","7","","9","3700","10562 CRAFTSMAN WAY, STE 190","SAN DIEGO","37","92127","2004-H EAST PARK PLACE","EL SEGUNDO","90245","CA"
"644898","PEND ACTIVE","41 | 0","09/13/2023","08/31/2024","DBA: SLICE OF OLD SACRAMENTO                        LINNEAEUS LIMITED PARTNERSHIP                         1019 2ND ST,                         SACRAMENTO, CA  95814-3201","","41-618873","7","CAPITAL CITY ESCROW 3838 WATT AVE #F610 SACRAMENTO, CA  95821","23","3405","1019 2ND ST","SACRAMENTO","34","95814","","","",""
"644952","PEND ACTIVE","47 | 1","09/13/2023","08/31/2024","DBA: HOMESTATE                        HOMESTATE KITCHEN, LLC                         3166-3170 GLENDALE BLVD , UNIT A & D,                         LOS ANGELES, CA  90039-1830","","47-614530","7","ABC ESCROW 2222 DAMON ST  LOS ANGELES, CA  90021","4","1933","3166-3170 GLENDALE BLVD , UNIT A & D","LOS ANGELES","19","90039","","","",""
"644952","PEND ACTIVE","58 | 1","09/13/2023","08/31/2024","DBA: HOMESTATE                        HOMESTATE KITCHEN, LLC                         3166-3170 GLENDALE BLVD , UNIT A & D,                         LOS ANGELES, CA  90039-1830","","47-614530","7","ABC ESCROW 2222 DAMON ST  LOS ANGELES, CA  90021","4","1933","3166-3170 GLENDALE BLVD , UNIT A & D","LOS ANGELES","19","90039","","","",""
"645113","PEND ACTIVE","85 | 0","09/13/2023","08/31/2024","DBA: FALLING BRIGHT WINE MERCHANTS                        FALLING BRIGHT LLC                          17922 SKY PARK CIR, STE D,                         IRVINE, CA  92614-4452","","","","","11","3026","17922 SKY PARK CIR, STE D","IRVINE","30","92614","","","",""
"645316","PEND ACTIVE","41 | 0","09/13/2023","08/31/2024","DBA: CANTOO LATIN ASIAN ROTISSERIE                        WEN LLC THE                         572 OFARRELL ST,                         SAN FRANCISCO, CA  94102-1932","","","7","","24","3800","572 OFARRELL ST","SAN FRANCISCO","38","94102","","","",""
"645631","PEND ACTIVE","47 | 0","09/13/2023","10/31/2023","DBA: SLIVER PIZZERIA                        SLIVER'S, LLC                         3658-A CAPITOL AVE,                         FREMONT, CA  94538-1457","2468 TELEGRAPH AVE                              BERKELEY, CA  94704-2322","47-634094","7","","22","0105","3658-A CAPITOL AVE","FREMONT","01","94538","2468 TELEGRAPH AVE","BERKELEY","94704","CA"
"645904","PEND ACTIVE","41 | 0","09/12/2023","08/31/2024","DBA: DUMPING BISTRO                        HAKKA DUMPLING FOOD CORPORATION                         336 CLEMENT ST,                         SAN FRANCISCO, CA  94118-2316","","41-349919","","UGM ASSOCIATES 739 WASHINGTON ST STE 300 SAN FRANCISCO, CA  94108","24","3800","336 CLEMENT ST","SAN FRANCISCO","38","94118","","","",""
"646447","PEND ACTIVE","41 | 0","09/12/2023","08/31/2024","DBA: MCNALLY'S OUTPOST                        JOHNNY MCNALLY'S FAIRVIEW LODGE INC                         11301 KERNVILLE RD STE C,                         KERNVILLE, CA  93238-9761","HC 1 BOX 95                              KERNVILLE, CA  93238-9601","","7","","6","1500","11301 KERNVILLE RD STE C","KERNVILLE","15","93238","HC 1 BOX 95","KERNVILLE","93238","CA"
"646456","PEND ACTIVE","41 | 0","09/12/2023","08/31/2024","DBA: PITA HOUSE                        PITA HOUSE, INC                         1908 LINCOLN BLVD,                         SANTA MONICA, CA  90405-1380","","","7","","3","1953","1908 LINCOLN BLVD","SANTA MONICA","19","90405","","","",""
"646843","PEND ACTIVE","17 | 0","09/12/2023","08/31/2024","DBA: KANAMOTA                        KANAMOTA LLC                         1124 LINCOLN AVE,                         CALISTOGA, CA  94515-1724","PO BOX 563                              RUTHERFORD, CA  94573-0563","17-618350","7","","27","2801","1124 LINCOLN AVE","CALISTOGA","28","94515","PO BOX 563","RUTHERFORD","94573","CA"
"646843","PEND ACTIVE","20 | 0","09/12/2023","08/31/2024","DBA: KANAMOTA                        KANAMOTA LLC                         1124 LINCOLN AVE,                         CALISTOGA, CA  94515-1724","PO BOX 563                              RUTHERFORD, CA  94573-0563","20-618350","7,I","","27","2801","1124 LINCOLN AVE","CALISTOGA","28","94515","PO BOX 563","RUTHERFORD","94573","CA"
"647447","PEND ACTIVE","17 | 1","09/13/2023","08/31/2024","DBA: EMPIRE V&O                        EMPIRE V&O LLC                         9810 OWENSMOUTH AVE UNIT 4,                         CHATSWORTH, CA  91311-3844","","","","","5","1933","9810 OWENSMOUTH AVE UNIT 4","CHATSWORTH","19","91311","","","",""
"647447","PEND ACTIVE","09 | 1","09/13/2023","08/31/2024","DBA: EMPIRE V&O                        EMPIRE V&O LLC                         9810 OWENSMOUTH AVE UNIT 4,                         CHATSWORTH, CA  91311-3844","","","","","5","1933","9810 OWENSMOUTH AVE UNIT 4","CHATSWORTH","19","91311","","","",""
"647661","PEND ACTIVE","21 | 0","09/13/2023","08/31/2024","DBA: PLAZA REAL LIQUOR                        PLAZA REAL LIQUOR INC                          810 E KATELLA AVE,                         ORANGE, CA  92867-4900","","21-542256","","NEW CENTURY ESCROW  500 S. KRAEMER BLVD STE 275 BREA, CA  92821","11","3014","810 E KATELLA AVE","ORANGE","30","92867","","","",""
"647814","PEND ACTIVE","41 | 0","09/12/2023","08/31/2024","DBA: NORTHERN CAFE                        TCRY INC                         4911 E 2ND ST,                         LONG BEACH, CA  90803-5319","4911 E 2ND ST, SUITE A                              EL SEGUNDO, CA  90245","","7","","3","1932","4911 E 2ND ST","LONG BEACH","19","90803","4911 E 2ND ST, SUITE A","EL SEGUNDO","90245","CA"
"648026","PEND ACTIVE","47 | 0","09/13/2023","08/31/2024","DBA: PINSTRIPES                        PINSTRIPES BISTRO BOWLING AND BOCCE                         6600 TOPANGA CANYON BLVD UNIT 1M,                         CANOGA PARK, CA  91303-2682","1150 WILLOW RD                              NORTHBROOK, IL  60062-6819","47-269437","","ABC ESCROW 2222 DAMON ST  LOS ANGELES, CA  90021","5","1933","6600 TOPANGA CANYON BLVD UNIT 1M","CANOGA PARK","19","91303","1150 WILLOW RD","NORTHBROOK","60062","IL"
"648026","PEND ACTIVE","47 | 0","09/13/2023","08/31/2024","DBA: PINSTRIPES                        PINSTRIPES BISTRO BOWLING AND BOCCE                         6600 TOPANGA CANYON BLVD UNIT 1M,                         CANOGA PARK, CA  91303-2682","1150 WILLOW RD                              NORTHBROOK, IL  60062-6819","47-269437","","ABC ESCROW 2222 DAMON ST  LOS ANGELES, CA  90021","5","1933","6600 TOPANGA CANYON BLVD UNIT 1M","CANOGA PARK","19","91303","1150 WILLOW RD","NORTHBROOK","60062","IL"
"648125","PEND ACTIVE","17 | 1","09/12/2023","07/31/2024","DBA: SIMON WINE SELECTION                        SIMON WINE SELECTION, LLC                         2128 PIEDRAS DR,                         SANTA BARBARA, CA  93108-1525","","17-629033","7,8","","12","4203","2128 PIEDRAS DR","SANTA BARBARA","42","93108","","","",""
"648125","PEND ACTIVE","20 | 0","09/12/2023","07/31/2024","DBA: SIMON WINE SELECTION                        SIMON WINE SELECTION, LLC                         2128 PIEDRAS DR,                         SANTA BARBARA, CA  93108-1525","","20-629033","7,8,I","","12","4203","2128 PIEDRAS DR","SANTA BARBARA","42","93108","","","",""
"648125","PEND ACTIVE","09 | 1","09/12/2023","07/31/2024","DBA: SIMON WINE SELECTION                        SIMON WINE SELECTION, LLC                         2128 PIEDRAS DR,                         SANTA BARBARA, CA  93108-1525","","17-629033","7,8","","12","4203","2128 PIEDRAS DR","SANTA BARBARA","42","93108","","","",""
"648253","PEND ACTIVE","20 | 0","09/12/2023","06/30/2024","DBA: RITE AID #6557                        THRIFTY PAYLESS, INC.                         5075 OLIVEHURST AVE,                         OLIVEHURST, CA  95961-4023","560 MISSION ST STE 1900, C/O HOLLAND & KNIGHT                              ATTN: JBROWN RCANTER, SAN FRANCISCO, CA  94105","20-560393","","CALIFORNIA BUSINESS ESCROW, INC 1748 MAIN STREET ESCALON, CA  95320","23","5800","5075 OLIVEHURST AVE","OLIVEHURST","58","95961","560 MISSION ST STE 1900, C/O HOLLAND & KNIGHT","SAN FRANCISCO","94105","CA"
"648266","PEND ACTIVE","21 | 0","09/12/2023","11/30/2024","DBA: SEA TRADER LIQUOR & DELI                        SEA TRADER INC                         1403 EBERS ST,                         SAN DIEGO, CA  92107-3814","","21-538923","8","","10","3710","1403 EBERS ST","SAN DIEGO","37","92107","","","",""
"648281","PEND ACTIVE","21 | 0","09/12/2023","06/30/2024","DBA: COSTCO WHOLESALE #1658                        COSTCO WHOLESALE CORPORATION                         1214 N BEALE RD,                         LINDA, CA  95901","999 LAKE DR                              ISSAQUAH, WA  98027-8990","21-517753","","CALIFORNIA BUSINESS ESCROW, INC 1748 MAIN STREET ESCALON, CA  95320","23","5800","1214 N BEALE RD","LINDA","58","95901","999 LAKE DR","ISSAQUAH","98027","WA"
"648331","PEND WITHDRAWN","82 | 0","","","DBA: SCHAAD CELLARS                        SCHAAD FAMILY WINES LLC                         1065 NE ALPINE AVE,                         MCMINNVILLE, OR  97128","2511 NW BAKER ST                              MCMINNVILLE, OR  97128","","","","75","9999","1065 NE ALPINE AVE","MCMINNVILLE","","97128","2511 NW BAKER ST","MCMINNVILLE","97128","OR"
"648365","PEND ACTIVE","47 | 0","09/12/2023","08/31/2024","DBA: LONGHORN CAFE                        HORNDOGS LLC                         6519 MISSION GORGE RD,                         SAN DIEGO, CA  92120-2306","4727 BIONA DR                              SAN DIEGO, CA  92116","47-509928","7","HERITAGE ESCROW 2550 5TH AVE STE 800 SAN DIEGO, CA  92103","10","3710","6519 MISSION GORGE RD","SAN DIEGO","37","92120","4727 BIONA DR","SAN DIEGO","92116","CA"
"648462","PEND ACTIVE","21 | 0","09/12/2023","05/31/2024","DBA: SANTA CLARA NATURAL ORGANIC MARKET INC                        SANTA CLARA NATURAL ORGANIC MARKET INC                         798 HAIGHT ST,                         SAN FRANCISCO, CA  94117-3317","","21-548528","8","","24","3800","798 HAIGHT ST","SAN FRANCISCO","38","94117","","","",""
"648534","PEND ACTIVE","21 | 0","09/12/2023","08/31/2024","DBA: HAPPY HOUR FOOD AND LIQUOR 2A                        SINGH, KARAM                         5115 PONY EXPRESS TRL,                         CAMINO, CA  95709-9621","","21-561290","","CAPITOL CITY ESCROW 3838 WATT AVE STE F610 SACRAMENTO, CA  95821","23","0900","5115 PONY EXPRESS TRL","CAMINO","09","95709","","","",""
"648602","PEND ACTIVE","41 | 0","09/13/2023","08/31/2024","DBA: SHAKE SHACK                        SHAKE SHACK CALIFORNIA LLC                         512 SPECTRUM CENTER DR,                         IRVINE, CA  92618-4955","225 VARICK ST RM 301                              NEW YORK, NY  10014-5816","","7","","11","3026","512 SPECTRUM CENTER DR","IRVINE","30","92618","225 VARICK ST RM 301","NEW YORK","10014","NY"
"648892","PEND ACTIVE","42 | 0","09/12/2023","08/31/2024","DBA: POUR                        GOMEZ, EVAN LUIS                         2481 BUENA VISTA AVE, STE B,                         LIVERMORE, CA  94550","63 SUMMERTREE CT                              LIVERMORE, CA  94551","","7","","22","0107","2481 BUENA VISTA AVE, STE B","LIVERMORE","01","94550","63 SUMMERTREE CT","LIVERMORE","94551","CA"
"648969","PEND ACTIVE","02 | 0","09/13/2023","06/30/2024","DBA: SERA FINA CELLARS                        COURAGEOUS INC                         17347 E GAWNE RD,                         STOCKTON, CA  95215-9646","","","","","29","3900","17347 E GAWNE RD","STOCKTON","39","95215","","","",""
"649065","PEND ACTIVE","21 | 0","09/12/2023","08/31/2024","DBA: CALIFORNIA MINI MART                        SEOUL COLLECTIVE.ENT INC.,                         3109 COLIMA RD,                         HACIENDA HEIGHTS, CA  91745-6302","2500 FAIRMOUNT AVE                              LA CRESCENTA, CA  91214-3123","21-624339","","UNITED ESCROW CO 3440 WILSHIRE BLVD #600 LOS ANGELES, CA  90010","2","1900","3109 COLIMA RD","HACIENDA HEIGHTS","19","91745","2500 FAIRMOUNT AVE","LA CRESCENTA","91214","CA"
"649084","PEND ACTIVE","02 | 0","09/12/2023","06/30/2024","DBA: POPELOUCHUM ESTATE                        GRAHM ESTATE LLC                         1367 DAYTON ST, UNIT B,                         SALINAS, CA  93901-4428","PO BOX 1242                              SANTA CRUZ, CA  95061-1242","02-537810","","","26","2708","1367 DAYTON ST, UNIT B","SALINAS","27","93901","PO BOX 1242","SANTA CRUZ","95061","CA"
"649095","PEND ACTIVE","41 | 1","09/12/2023","08/31/2024","DBA: MARKEAT 8                        ALMG MARKEAT, LLC                          2748 W 8TH ST, STE 104-107,                         LOS ANGELES, CA  90005-5514","","41-629106","7","UNITED ESCROW 3440 WILSHIRE BLVD STE 600 LOS ANGELES, CA  90010","4","1933","2748 W 8TH ST, STE 104-107","LOS ANGELES","19","90005","","","",""
"649095","PEND ACTIVE","58 | 1","09/12/2023","08/31/2024","DBA: MARKEAT 8                        ALMG MARKEAT, LLC                          2748 W 8TH ST, STE 104-107,                         LOS ANGELES, CA  90005-5514","","41-629106","7","UNITED ESCROW 3440 WILSHIRE BLVD STE 600 LOS ANGELES, CA  90010","4","1933","2748 W 8TH ST, STE 104-107","LOS ANGELES","19","90005","","","",""
"649121","PEND ACTIVE","41 | 0","09/13/2023","08/31/2024","DBA: TAQUERIA LOS MEJORES LLC                        TAQUERIA LOS MEJORES LLC                         140 W MAIN ST,                         WOODLAND, CA  95695-2915","","","","","23","5703","140 W MAIN ST","WOODLAND","57","95695","","","",""
"649150","PEND ACTIVE","41 | 0","09/13/2023","08/31/2024","DBA: RAMEN IZAKAYA GOKU                        TEAL 369 INC.                         3232 16TH ST,                         SAN FRANCISCO, CA  94103-3335","","41-530396","7","UNIVERSAL ESCROW, INC. 1025 W 190TH ST STE 218 GARDENA, CA  90248","24","3800","3232 16TH ST","SAN FRANCISCO","38","94103","","","",""
"649179","PEND ACTIVE","41 | 0","09/12/2023","08/31/2024","DBA: PANCHO'S KITCHEN                        CIZO LOGISTICS, LLC                         27141 BASELINE ST, UNIT 1,                         HIGHLAND, CA  92346-3126","722 EMERALD ST                              UPLAND, CA  91786-7115","","","","7","3618","27141 BASELINE ST, UNIT 1","HIGHLAND","36","92346","722 EMERALD ST","UPLAND","91786","CA"
"649353","PEND ACTIVE","41 | 0","09/12/2023","08/31/2024","DBA: MARGARITA MARKET & DELI                        SANTA MARGARITA NATURAL FOODS LLC                         22202 EL CAMINO REAL,                         SANTA MARGARITA, CA  93453","","","7","","13","4000","22202 EL CAMINO REAL","SANTA MARGARITA","40","93453","","","",""
"649362","PEND ACTIVE","02 | 0","09/12/2023","06/30/2024","DBA: MOON HOLLOW WINERY                        MXB FAMILY LIMITED PARTNERSHIP                         481 1ST ST W,                         SONOMA, CA  95476-6608","245 5TH ST, STE 107                              SAN FRANCISCO, CA  94103","","","","27","4906","481 1ST ST W","SONOMA","49","95476","245 5TH ST, STE 107","SAN FRANCISCO","94103","CA"
"649418","PEND ACTIVE","41 | 0","09/13/2023","08/31/2024","DBA: PRINCE STREET PIZZA                        PRINCE ST PIZZA GHOST LA LLC                         23401 CIVIC CENTER WAY, STE 1A,                         MALIBU, CA  90265-4997","9157 W SUNSET BLVD STE 300                              WEST HOLLYWOOD, CA  90069-3127","41-617013","7","ABC ESCROW 2222 DAMON STREET  LOS ANGELES, CA  90021","5","1988","23401 CIVIC CENTER WAY, STE 1A","MALIBU","19","90265","9157 W SUNSET BLVD STE 300","WEST HOLLYWOOD","90069","CA"
"649447","PEND ACTIVE","47 | 1","09/12/2023","08/31/2024","DBA: BUN & PATTI                        BUN & PATTI, LLC                         2171 KETTNER BLVD,                         SAN DIEGO, CA  92101-1718","12639 EL CAMINO REAL REAL #6103                              SAN DIEGO, CA  92130","47-456010","7","CALIFORNIA BUSINESS ESCROW","10","3710","2171 KETTNER BLVD","SAN DIEGO","37","92101","12639 EL CAMINO REAL REAL #6103","SAN DIEGO","92130","CA"
"649447","PEND ACTIVE","77 | 1","09/12/2023","08/31/2024","DBA: BUN & PATTI                        BUN & PATTI, LLC                         2171 KETTNER BLVD,                         SAN DIEGO, CA  92101-1718","12639 EL CAMINO REAL REAL #6103                              SAN DIEGO, CA  92130","47-456010","7","CALIFORNIA BUSINESS ESCROW","10","3710","2171 KETTNER BLVD","SAN DIEGO","37","92101","12639 EL CAMINO REAL REAL #6103","SAN DIEGO","92130","CA"
"649472","PEND ACTIVE","41 | 0","09/12/2023","08/31/2024","DBA: CAFFE CAFFE                        CAFFE CAFFE LLC                         705 CENTER DR, UNIT 102,                         SAN MARCOS, CA  92069-3577","","","7","","9","3712","705 CENTER DR, UNIT 102","SAN MARCOS","37","92069","","","",""
"649474","PEND ACTIVE","20 | 0","09/12/2023","08/31/2024","DBA: KWIK MART                        KWIK MART CO                         1648 W CAPITOL AVE,                         WEST SACRAMENTO, CA  95691-3220","","20-626714","7","FIRST AMERICAN TITLE 415 CENTURY PARK DR. YUBA CITY, CA  95991","23","5704","1648 W CAPITOL AVE","WEST SACRAMENTO","57","95691","","","",""
"649548","PEND ACTIVE","41 | 0","09/12/2023","08/31/2024","DBA: JAM THAI RESTAURANT                        THA SIAM THAI BISTRO LLC                          1892 SOLANO AVE,                         BERKELEY, CA  94707-2309","","41-522583","","OLD REPUBLIC TITLE 1000 BURNETT AVE STE 400 CONCORD, CA  94520-2088","22","0103","1892 SOLANO AVE","BERKELEY","01","94707","","","",""
"649549","PEND ACTIVE","41 | 0","09/12/2023","08/31/2024","DBA: LE MARCHE CEZANNE                        LF MARKET, INC.                         1426 18TH ST,                         SAN FRANCISCO, CA  94107-2802","","","","","24","3800","1426 18TH ST","SAN FRANCISCO","38","94107","","","",""
"649569","PEND ACTIVE","41 | 0","09/12/2023","08/31/2024","CITIZEN MARKET FOOD LAB LLC                          9355 CULVER BLVD , UNITS G & H,                         CULVER CITY, CA  90232","9815 NATIONAL BLVD                              LOS ANGELES, CA  90034","41-606156","7","CALIFORNIA BUSINESS ESCROW INC 1748 MAIN ST ESCALON, CA  95320-1927","4","1914","9355 CULVER BLVD , UNITS G & H","CULVER CITY","19","90232","9815 NATIONAL BLVD","LOS ANGELES","90034","CA"
"649577","PEND ACTIVE","47 | 0","09/13/2023","08/31/2024","BREAKFAST REPUBLIC WEST HOLLYWOOD, LLC                         1918 W SUNSET BLVD,                         LOS ANGELES, CA  90026-3229","702 MADISON AVE                              SAN DIEGO, CA  92116-1021","47-629270","7","HERITAGE ESCROW  2550 5TH AVE  STE 800 SAN DIEGO, CA  92103","4","1933","1918 W SUNSET BLVD","LOS ANGELES","19","90026","702 MADISON AVE","SAN DIEGO","92116","CA"
"649579","PEND ACTIVE","41 | 0","09/12/2023","08/31/2024","DBA: HAVANA KITCHEN                        NANOS FOOD GROUP LLC                         1055 TORREY PINES RD, STE 101,                         LA JOLLA, CA  92037-4431","","","7","","10","3710","1055 TORREY PINES RD, STE 101","LA JOLLA","37","92037","","","",""
"649597","PEND ACTIVE","41 | 0","09/13/2023","08/31/2024","DBA: MATTERHORN RESTAURANT & BAKERY                        GROMIT INTERNACIONAL LLC                         2323 VAN NESS AVE,                         SAN FRANCISCO, CA  94109-1836","299 9TH ST                              SAN FRANCISCO, CA  94103-3825","41-601271","7","MCGOVERN ESCROW SERVICES 436 14TH ST STE 1015 OAKLAND, CA  94612","24","3800","2323 VAN NESS AVE","SAN FRANCISCO","38","94109","299 9TH ST","SAN FRANCISCO","94103","CA"
"649626","PEND ACTIVE","41 | 0","09/12/2023","08/31/2024","DBA: SUSHI SAZANAMI                        BIG FISH SUSHI LLC, THE                         12918 RIVERSIDE DR,                         SHERMAN OAKS, CA  91423-2210","202 S JUANITA AVE APT 318                              LOS ANGELES, CA  90004-5938","41-577467","","ESCROW MATTERS INC 20300 VENTURA BLVD STE 325 WOODLAND HILLS, CA  91364","5","1933","12918 RIVERSIDE DR","SHERMAN OAKS","19","91423","202 S JUANITA AVE APT 318","LOS ANGELES","90004","CA"
"649664","PEND ACTIVE","41 | 0","09/12/2023","08/31/2024","DBA: LOS BETOS MEXICAN GRILL                        LOS BETOS MEXICAN GRILL LLC                         1600 MANGROVE AVE, STE 175,                         CHICO, CA  95926-9675","3085 DURHAM-DAYTON HWY                              DURHAM, CA  95928","","7","","31","0402","1600 MANGROVE AVE, STE 175","CHICO","04","95926","3085 DURHAM-DAYTON HWY","DURHAM","95928","CA"
"649668","PEND ACTIVE","41 | 0","09/12/2023","08/31/2024","DBA: WANTED GRILL                        WANTED GRILL                         23754 LYONS AVE,                         SANTA CLARITA, CA  91321-2514","","","","","5","1985","23754 LYONS AVE","SANTA CLARITA","19","91321","","","",""
"649670","PEND ACTIVE","47 | 1","09/12/2023","08/31/2024","DBA: NORTHERN CAFE                        TCYR INC                         725 W 7TH ST,                         LOS ANGELES, CA  90017-3703","4819 TEMPLE CITY BLVD                              TEMPLE CITY, CA  91780-4236","47-603652","7","GLOBAL FIRST ESCROW, INC.  19271 COLIMA RD  #F  ROWLAND HEIGHTS, CA  91748","4","1933","725 W 7TH ST","LOS ANGELES","19","90017","4819 TEMPLE CITY BLVD","TEMPLE CITY","91780","CA"
"649670","PEND ACTIVE","58 | 1","09/12/2023","08/31/2024","DBA: NORTHERN CAFE                        TCYR INC                         725 W 7TH ST,                         LOS ANGELES, CA  90017-3703","4819 TEMPLE CITY BLVD                              TEMPLE CITY, CA  91780-4236","47-603652","7","GLOBAL FIRST ESCROW, INC.  19271 COLIMA RD  #F  ROWLAND HEIGHTS, CA  91748","4","1933","725 W 7TH ST","LOS ANGELES","19","90017","4819 TEMPLE CITY BLVD","TEMPLE CITY","91780","CA"
"649817","PEND ACTIVE","41 | 0","09/12/2023","08/31/2024","DBA: KICKBACK JACKS                         KB JACK RANCHO INC                          10123 FOOTHILL BLVD,                         RANCHO CUCAMONGA, CA  91730-3724","","","","","7","3615","10123 FOOTHILL BLVD","RANCHO CUCAMONGA","36","91730","","","",""
"649839","PEND ACTIVE","21 | 0","09/12/2023","08/31/2024","FASHION RETAIL STORE INC                         11490 FASHION CT,                         HESPERIA, CA  92344","1440 N HARBOR BLVD, STE 719                              FULLERTON, CA  92835-4120","21-588630","","UNITED ESCROW CO 3440 WILSHIRE BLVD #600 LOS ANGELES, CA  90010","7","3620","11490 FASHION CT","HESPERIA","36","92344","1440 N HARBOR BLVD, STE 719","FULLERTON","92835","CA"
"649849","PEND ACTIVE","41 | 0","09/13/2023","08/31/2024","DBA: SPICE ME                        SPICE ME 6395 LLC                         500 PURISSIMA ST, #C,                         HALF MOON BAY, CA  94019-1997","","41-546618","","MCGOVERN ESCROW SERVICES 436 14TH ST STE 1015 OAKLAND, CA  94612","25","4116","500 PURISSIMA ST, #C","HALF MOON BAY","41","94019","","","",""
"649923","PEND ACTIVE","41 | 0","09/12/2023","08/31/2024","DBA: HIDDEN DRAGON                        SWEET RICE UNION LLC                         4106 LONE TREE WY,                         ANTIOCH, CA  94531","","","","","22","0701","4106 LONE TREE WY","ANTIOCH","07","94531","","","",""
"649983","PEND ACTIVE","41 | 0","09/12/2023","08/31/2024","DBA: BAMBOO BAMBOO CHINESE RESTAURANT                        YYDS LLC                         1049 NIPOMO ST,                         SAN LUIS OBISPO, CA  93401","810 MORRO BAY BLVD                              MORRO BAY, CA  93442-2332","","","","13","4004","1049 NIPOMO ST","SAN LUIS OBISPO","40","93401","810 MORRO BAY BLVD","MORRO BAY","93442","CA"
"650094","PEND ACTIVE","41 | 0","09/12/2023","08/31/2024","DBA: ESTERO GARDENS                        ESTERO GARDENS LLC                         1188 LOS OSOS VALLEY RD,                         LOS OSOS, CA  93402","","41-422370","","PLACER TITLE COMPANY 3900 COFFEE RD STE 7 BAKERSFIELD, CA  93308-5051","13","4000","1188 LOS OSOS VALLEY RD","LOS OSOS","40","93402","","","",""
"650144","PEND ACTIVE","41 | 0","09/12/2023","10/31/2023","DBA: LOS YAQUIS                        LOS YAQUIS RESTAURANT                         324 S VAN NESS AVE,                         SAN FRANCISCO, CA  94103-3628","","41-572857","7,8","","24","3800","324 S VAN NESS AVE","SAN FRANCISCO","38","94103","","","",""
"650152","PEND ACTIVE","40 | 0","09/13/2023","08/31/2024","DBA: AXHOLES                        AXHOLES LLC                         111 S MAAG AVE, STE M,                         OAKDALE, CA  95361","820 HILLSWOOD CT                              OAKDALE, CA  95367","","","","29","5004","111 S MAAG AVE, STE M","OAKDALE","50","95361","820 HILLSWOOD CT","OAKDALE","95367","CA"
"650236","PEND ACTIVE","20 | 0","09/12/2023","08/31/2024","DBA: JACKSON 6844                        AXIS-MSO LLC                         960 IMPERIAL HWY,                         EL CENTRO, CA  92243-1736","17042 DEVONSHIRE ST, STE 210                              NORTHRIDGE, CA  91325-1692","20-628808","7","CALIFORNIA BUSINESS ESCROW  1748 MAIN ST  ESCALON, CA  95320","8","1304","960 IMPERIAL HWY","EL CENTRO","13","92243","17042 DEVONSHIRE ST, STE 210","NORTHRIDGE","91325","CA"
"650250","PEND ACTIVE","20 | 0","09/12/2023","08/31/2024","ALHUZAIBI, NAJI NOMANMOHSEN                         279 HARBOUR WAY S,                         RICHMOND, CA  94804","","20-185669","","BUSINESS & ESCROW SERVICE CENTER 3031 TISCH WAY STE 310 SAN JOSE, CA  95128","22","0709","279 HARBOUR WAY S","RICHMOND","07","94804","","","",""
"650396","PEND ACTIVE","20 | 0","09/13/2023","08/31/2024","MARATHON MODESTO GAS INC                         1606 SISK RD,                         MODESTO, CA  95350-2501","1802 MERRIMAC ST                              MANTECA, CA  95337","20-614497","","OLD REPUBLIC TITLE CO 1000 BURNETT AVE STE 400 CONCORD, CA  94520-2088","29","5002","1606 SISK RD","MODESTO","50","95350","1802 MERRIMAC ST","MANTECA","95337","CA"
"650447","PEND ACTIVE","41 | 0","09/12/2023","08/31/2024","DBA: STATION PIZZA                        WESS INC                         1531 W MISSION RD, # B,                         SAN MARCOS, CA  92069-1255","","41-600686","7","WARRANTY ESCROW SERVICE CORP 410 S MELROSE DR., STE 101 VISTA, CA  92081","9","3712","1531 W MISSION RD, # B","SAN MARCOS","37","92069","","","",""
"650524","PEND ACTIVE","42 | 0","09/12/2023","08/31/2024","DBA: ERA POOL HALL CLUB                        CAPE NO.7, LLC                         18888 LABIN CT, STE B208,                         ROWLAND HEIGHTS, CA  91748-2288","18401 ARENTH AVE, STE B                              CITY OF INDUSTRY, CA  91748-1231","","","","2","1900","18888 LABIN CT, STE B208","ROWLAND HEIGHTS","19","91748","18401 ARENTH AVE, STE B","CITY OF INDUSTRY","91748","CA"
"650673","PEND ACTIVE","64 | 0","09/12/2023","08/31/2024","DBA: NORTH COAST DANCE                        NCD - NORTH COAST DANCE                         412 G ST,                         EUREKA, CA  95501-1016","PO BOX 680                              EUREKA, CA  95502-0680","","","","28","1203","412 G ST","EUREKA","12","95501","PO BOX 680","EUREKA","95502","CA"
"651544","PEND WITHDRAWN","47 | 0","","","ANTONUCCI, MASON SKYLAR                         ,","2023 SMITH FLAT RD                              PLACERVILLE, CA  95667","","","","23","","","","","","2023 SMITH FLAT RD","PLACERVILLE","95667","CA"
"651616","PEND WITHDRAWN","42 | 0","","","DBA: BURLINGAME TOBACCONISTS                        DEG OPERATIONS LLC                         1404 BURLINGAME AVE,                         BURLINGAME, CA  94010","","","","","25","4103","1404 BURLINGAME AVE","BURLINGAME","41","94010","","","",""
"651639","PEND WITHDRAWN","21 | 0","","","MANN , INDARPAL SINGH                          ,","9074 N SANTA FE                              CRESSEY, CA  95312","","","","29","","","","","","9074 N SANTA FE","CRESSEY","95312","CA"
"651673","PEND WITHDRAWN","47 | 0","","","HAPPY PLACE EATERY, LLC                         ,","1500 LOS ANGELES AVE                              VENTURA, CA  93004-3216","","","","12","","","","","","1500 LOS ANGELES AVE","VENTURA","93004","CA"
"651685","PEND WITHDRAWN","47 | 0","","","HISTORIC LODGE DEVELOPMENT, LP                         ,","PO BOX 23277                              VENTURA, CA  93002","","","","12","","","","","","PO BOX 23277","VENTURA","93002","CA"