"License Number","Status Changed From/To","Type| Dup","Original Issue Date","Expir. Date","Primary Owner and Premises Addr.","Mailing Addr.","Transfer-From/To","Conditions","Escrow","District Code","Geo Code","Prem Street","City","County","Zip Code","Mailing Street","Mailing City","Mailing Zip Code","Mailing State"
"412217","AUTREV ACTIVE","02 | 1","07/01/2004","06/30/2024","INDIAN PEAK VINEYARDS LLC                         31559 FORWARD RD,                         MANTON, CA  96059","PO BOX 604                              MANTON, CA  96059-0604","","","","31","5200","31559 FORWARD RD","MANTON","52","96059","PO BOX 604","MANTON","96059","CA"
"412217","AUTREV ACTIVE","02 | 1","07/01/2004","06/30/2024","INDIAN PEAK VINEYARDS LLC                         31559 FORWARD RD,                         MANTON, CA  96059","PO BOX 604                              MANTON, CA  96059-0604","","","","31","5200","31559 FORWARD RD","MANTON","52","96059","PO BOX 604","MANTON","96059","CA"
"412217","AUTREV ACTIVE","81 | 1","07/01/2004","06/30/2024","INDIAN PEAK VINEYARDS LLC                         31559 FORWARD RD,                         MANTON, CA  96059","PO BOX 604                              MANTON, CA  96059-0604","","","","31","5200","31559 FORWARD RD","MANTON","52","96059","PO BOX 604","MANTON","96059","CA"
"412217","AUTREV ACTIVE","81 | 1","07/01/2004","06/30/2024","INDIAN PEAK VINEYARDS LLC                         31559 FORWARD RD,                         MANTON, CA  96059","PO BOX 604                              MANTON, CA  96059-0604","","","","31","5200","31559 FORWARD RD","MANTON","52","96059","PO BOX 604","MANTON","96059","CA"
"424311","ACTIVE CANCEL","20 | 0","05/02/2005","06/30/2024","DBA: 7 ELEVEN STORE 2172 26766C                        7 ELEVEN INC                         13541 BEACH BLVD,                         WESTMINSTER, CA  92683","PO BOX 139044, ATTN: LICENSING DEPARTMENT                              DALLAS, TX  75313-9044","20-294206/ 20-651719","","","11","3021","13541 BEACH BLVD","WESTMINSTER","30","92683","PO BOX 139044, ATTN: LICENSING DEPARTMENT","DALLAS","75313","TX"
"485380","SUREND ACTIVE","47 | 2","04/29/2010","07/31/2024","DBA: UNIVERSITY OF ANTELOPE VALLEY                        UNIVERSITY OF ANTELOPE VALLEY INC                         44055 SIERRA HWY,                         LANCASTER, CA  93534-4412","","47-480082/ 47-645338","","","5","1980","44055 SIERRA HWY","LANCASTER","19","93534","","","",""
"485380","SUREND ACTIVE","68 | 2","04/29/2010","07/31/2024","DBA: UNIVERSITY OF ANTELOPE VALLEY                        UNIVERSITY OF ANTELOPE VALLEY INC                         44055 SIERRA HWY,                         LANCASTER, CA  93534-4412","","47-480082/ 47-645338","","","5","1980","44055 SIERRA HWY","LANCASTER","19","93534","","","",""
"485380","SUREND ACTIVE","58 | 2","04/29/2010","07/31/2024","DBA: UNIVERSITY OF ANTELOPE VALLEY                        UNIVERSITY OF ANTELOPE VALLEY INC                         44055 SIERRA HWY,                         LANCASTER, CA  93534-4412","","47-480082/ 47-645338","","","5","1980","44055 SIERRA HWY","LANCASTER","19","93534","","","",""
"520464","ACTIVE CANCEL","23 | 0","12/03/2012","11/30/2023","DBA: FREEWHEEL BREWING COMPANY                        FRIEND'S BREWING COMPANY LLC                         3736 FLORENCE ST,                         REDWOOD CITY, CA  94063-4418","","","7","","25","4110","3736 FLORENCE ST","REDWOOD CITY","41","94063","","","",""
"532688","ACTIVE CANCEL","02 | 0","08/21/2013","06/30/2024","DBA: BK CELLARS                        ZINFANDEL CONCEPTS INC                         2225 BARHAM DR, STE D,                         ESCONDIDO, CA  92029-1035","33542 SPIN DRIFT CT                              DANA POINT, CA  92629-1910","","","","9","3705","2225 BARHAM DR, STE D","ESCONDIDO","37","92029","33542 SPIN DRIFT CT","DANA POINT","92629","CA"
"534447","REVPEN ACTIVE","21 | 0","08/21/2013","07/31/2024","DBA: EMINENCE SERVICES                        EMINENCE SERVICES, INC.                         1401 E LAMBERT RD,                         LA HABRA, CA  90631-6191","","21-439270","7","NEW CENTURY ESCROW INC 17870 CASTLETON ST STE 203 CITY OF INDUSTRY, CA  91748","11","3012","1401 E LAMBERT RD","LA HABRA","30","90631","","","",""
"534447","REVPEN ACTIVE","21 | 0","08/21/2013","07/31/2024","DBA: EMINENCE SERVICES                        EMINENCE SERVICES, INC.                         1401 E LAMBERT RD,                         LA HABRA, CA  90631-6191","","21-439270","7","NEW CENTURY ESCROW INC 17870 CASTLETON ST STE 203 CITY OF INDUSTRY, CA  91748","11","3012","1401 E LAMBERT RD","LA HABRA","30","90631","","","",""
"535453","SUREND CANCEL","47 | 0","09/17/2013","08/31/2024","DBA: NEW YORK COMPANY THE                        NEW YORK COMPANY, INC THE                         1260 S PALM CANYON DR,                         PALM SPRINGS, CA  92264-8336","140 E PALM CANYON DR                              PALM SPRINGS, CA  92264-8822","47-426100/ 47-599848","","SUNSET ESCROW INC. 1701 N PALM CANYON DR. STE 9 PALM SPRINGS, CA  92262","8","3310","1260 S PALM CANYON DR","PALM SPRINGS","33","92264","140 E PALM CANYON DR","PALM SPRINGS","92264","CA"
"536439","ACTIVE CANCEL","47 | 0","01/29/2014","12/31/2023","DBA: ESCALA                        LEE, KYU MIN                         3451-53 W 6TH ST,                         LOS ANGELES, CA  90020-2539","4221 WILSHIRE BLVD, STE 333                              LOS ANGELES, CA  90010-3537","47-392765/ 47-650929","7","ABC ESCROW 12304 SANTA MONICA BLVD STE 100 LOS ANGELES, CA  90025-2586","4","1933","3451-53 W 6TH ST","LOS ANGELES","19","90020","4221 WILSHIRE BLVD, STE 333","LOS ANGELES","90010","CA"
"546011","ACTIVE CANCEL","17 | 0","09/16/2014","08/31/2024","DBA: KIEU HOANG WINERY                        KIEU HOANG WINERY, LLC                         1285 DEALY LN,                         NAPA, CA  94559-9706","","","7","","27","2800","1285 DEALY LN","NAPA","28","94559","","","",""
"546011","ACTIVE CANCEL","20 | 0","09/16/2014","08/31/2024","DBA: KIEU HOANG WINERY                        KIEU HOANG WINERY, LLC                         1285 DEALY LN,                         NAPA, CA  94559-9706","","","7,I","","27","2800","1285 DEALY LN","NAPA","28","94559","","","",""
"546011","ACTIVE CANCEL","02 | 1","09/16/2014","06/30/2024","DBA: KIEU HOANG WINERY                        KIEU HOANG WINERY, LLC                         1285 DEALY LN,                         NAPA, CA  94559-9706","","","7","","27","2800","1285 DEALY LN","NAPA","28","94559","","","",""
"546011","ACTIVE CANCEL","81 | 1","09/16/2014","06/30/2024","DBA: KIEU HOANG WINERY                        KIEU HOANG WINERY, LLC                         1285 DEALY LN,                         NAPA, CA  94559-9706","","","7","","27","2800","1285 DEALY LN","NAPA","28","94559","","","",""
"548275","ACTIVE CANCEL","02 | 0","07/03/2015","06/30/2024","DBA: KIEU HOANG WINERY                        KIEU HOANG WINERY, LLC                         3851 SPRING MOUNTAIN RD,                         SAINT HELENA, CA  94574-9678","1285 DEALY LN                              NAPA, CA  94559-9706","02-174029/ 02-638615","","","27","2800","3851 SPRING MOUNTAIN RD","SAINT HELENA","28","94574","1285 DEALY LN","NAPA","94559","CA"
"555126","ACTIVE SUREND","42 | 1","11/05/2015","10/31/2023","DBA: LA FAMA BAR                        BONILLACRUZ, JUAN ORLANDO                         812 ALTA ST,                         GONZALES, CA  93926","433 HAMILTON AVE, APT E                              SEASIDE, CA  93955","42-284775","","","26","2703","812 ALTA ST","GONZALES","27","93926","433 HAMILTON AVE, APT E","SEASIDE","93955","CA"
"555126","ACTIVE SUREND","58 | 1","11/05/2015","10/31/2023","DBA: LA FAMA BAR                        BONILLACRUZ, JUAN ORLANDO                         812 ALTA ST,                         GONZALES, CA  93926","433 HAMILTON AVE, APT E                              SEASIDE, CA  93955","42-284775","","","26","2703","812 ALTA ST","GONZALES","27","93926","433 HAMILTON AVE, APT E","SEASIDE","93955","CA"
"582036","SUREND CANCEL","21 | 0","07/18/2017","12/31/2023","DBA: CAMERON PARK MOBIL                        CAMERON PARK MOBILE, LLC                         3969 CAMERON PARK DR,                         CAMERON PARK, CA  95682-8279","619 TARAYA CT                              CAMERON PARK, CA  95682","21-564408/ 21-650370","8","","23","0900","3969 CAMERON PARK DR","CAMERON PARK","09","95682","619 TARAYA CT","CAMERON PARK","95682","CA"
"588688","ACTIVE CANCEL","47 | 0","03/19/2018","02/29/2024","DBA: CRAZY MEL'S BURGERS & BAR                        G & P PALM SPRINGS, INC                          166 N PALM CANYON DR,                         PALM SPRINGS, CA  92262-5504","","47-568283/ 47-650161","","ESCROW CONNECTION THE 1111 E TAHQUITZ CANYON WAY #101 PALM SPRINGS, CA  92262","8","3310","166 N PALM CANYON DR","PALM SPRINGS","33","92262","","","",""
"593032","ACTIVE CANCEL","41 | 0","10/08/2018","09/30/2024","DBA: CHICAGO'S PIZZA WITH A TWIST                        SANDHU AND SONS INC.                         3716 SAN PABLO DAM RD, STE A,                         EL SOBRANTE, CA  94803-2801","4731 AUTUMN MEADOW DR                              FAIRFIELD, CA  94534","","","","22","0700","3716 SAN PABLO DAM RD, STE A","EL SOBRANTE","07","94803","4731 AUTUMN MEADOW DR","FAIRFIELD","94534","CA"
"599848","PEND ACTIVE","47 | 0","11/01/2023","10/31/2024","DBA: CIPOLLINE OSTERIA                         CIPOLLINE OSTERIA                          1260 S PALM CANYON DR,                         PALM SPRINGS, CA  92264-8336","140 E PALM CANYON DR                              PALM SPRINGS, CA  92264-8822","47-535453","","CHICAGO TITLE COMPANY 78000 FRED WARING DR  STE 103 PALM DESERT, CA  92211","8","3310","1260 S PALM CANYON DR","PALM SPRINGS","33","92264","140 E PALM CANYON DR","PALM SPRINGS","92264","CA"
"602719","REVPEN ACTIVE","21 | 0","08/07/2019","07/31/2024","DBA: SUPER LIQUOR                         SUPER WINE & SPIRITS INC                         1150 E IMPERIAL HWY,                         PLACENTIA, CA  92870-1747","","21-561324","","DETAIL ESCROW INC 13737 ARTESIA BLVD  STE 105 CERRITOS, CA  90703","11","3015","1150 E IMPERIAL HWY","PLACENTIA","30","92870","","","",""
"602719","REVPEN ACTIVE","21 | 0","08/07/2019","07/31/2024","DBA: SUPER LIQUOR                         SUPER WINE & SPIRITS INC                         1150 E IMPERIAL HWY,                         PLACENTIA, CA  92870-1747","","21-561324","","DETAIL ESCROW INC 13737 ARTESIA BLVD  STE 105 CERRITOS, CA  90703","11","3015","1150 E IMPERIAL HWY","PLACENTIA","30","92870","","","",""
"606338","SUSPEN ACTIVE","48 | 0","10/23/2019","09/30/2024","DBA: EL PATRON BAR & NIGHT CLUB                        EL PATRON BAR & NIGHT CLUB INC                         1950 W HIGHLAND AVE,                         SAN BERNARDINO, CA  92407-6504","","48-505632","","COVINA ESCROW COMPANY 167 E COLLEGE ST. PO BOX 266 COVINA, CA  91723","7","3600","1950 W HIGHLAND AVE","SAN BERNARDINO","36","92407","","","",""
"606338","SUSPEN ACTIVE","48 | 0","10/23/2019","09/30/2024","DBA: EL PATRON BAR & NIGHT CLUB                        EL PATRON BAR & NIGHT CLUB INC                         1950 W HIGHLAND AVE,                         SAN BERNARDINO, CA  92407-6504","","48-505632","","COVINA ESCROW COMPANY 167 E COLLEGE ST. PO BOX 266 COVINA, CA  91723","7","3600","1950 W HIGHLAND AVE","SAN BERNARDINO","36","92407","","","",""
"608030","ACTIVE CANCEL","41 | 0","10/28/2019","09/30/2023","DBA: OPPA GOPCHANG                        OPPA GOPCHANG, INC.                         5300 BEACH BLVD, STE 115,                         BUENA PARK, CA  90621-1297","2848 E PACIFIC CT                              BREA, CA  92821","","","","11","3003","5300 BEACH BLVD, STE 115","BUENA PARK","30","90621","2848 E PACIFIC CT","BREA","92821","CA"
"609129","ACTIVE CANCEL","47 | 1","12/03/2019","11/30/2023","DBA: SWEENEY'S GRILL & BAR                        DMVPC, INC.                         301 OAK ST,                         BRENTWOOD, CA  94513","","47-427348/ 47-650661","7","","22","0702","301 OAK ST","BRENTWOOD","07","94513","","","",""
"609129","ACTIVE CANCEL","58 | 1","12/03/2019","11/30/2023","DBA: SWEENEY'S GRILL & BAR                        DMVPC, INC.                         301 OAK ST,                         BRENTWOOD, CA  94513","","47-427348/ 47-650661","7","","22","0702","301 OAK ST","BRENTWOOD","07","94513","","","",""
"609129","ACTIVE CANCEL","47 | 1","12/03/2019","11/30/2023","DBA: SWEENEY'S GRILL & BAR                        DMVPC, INC.                         301 OAK ST,                         BRENTWOOD, CA  94513","","47-427348/ 47-650661","7","","22","0702","301 OAK ST","BRENTWOOD","07","94513","","","",""
"610494","ACTIVE CANCEL","47 | 0","01/14/2020","12/31/2023","DBA: COTTONWOOD CAFE                         BM GURUJI SALES INC.                         154 S YOSEMITE AVE STE A,                         OAKDALE, CA  95361","","","5","","29","5004","154 S YOSEMITE AVE STE A","OAKDALE","50","95361","","","",""
"611863","ACTIVE CANCEL","02 | 0","12/06/2019","06/30/2024","DBA: DETENTE WINES                        TS WINE SERVICES, LLC                         815 12TH ST, UNIT B SUITE 104,                         PASO ROBLES, CA  93446-2217","5100 VIDA AVE                              ATASCADERO, CA  93422","","7","","13","4002","815 12TH ST, UNIT B SUITE 104","PASO ROBLES","40","93446","5100 VIDA AVE","ATASCADERO","93422","CA"
"617701","ACTIVE CANCEL","02 | 0","08/27/2020","06/30/2024","DBA: TERAH WINE CO                        TERAH WINE COMPANY LLC                         17007 HEATHERWOOD WY,                         MORGAN HILL, CA  95037-7232","","","7","","25","4310","17007 HEATHERWOOD WY","MORGAN HILL","43","95037","","","",""
"623749","ACTIVE CANCEL","41 | 0","08/27/2021","07/31/2024","DBA: OCEAN'S GRILL                        OCEAN'S GRILL INC                         880 BROADWAY AVE, STE C-5,                         SEASIDE, CA  93955-4308","92 GOODMAN LN                              MILPITAS, CA  95035-6255","","","","26","2709","880 BROADWAY AVE, STE C-5","SEASIDE","27","93955","92 GOODMAN LN","MILPITAS","95035","CA"
"629444","ACTIVE CANCEL","02 | 0","01/05/2023","06/30/2024","DBA: DREAMCOTE WINE CO                        PRISON BREAK VINTNERS, LLC                         2121 ALISOS RD,                         SANTA YNEZ, CA  93460","PO BOX 765                              LOS OLIVOS, CA  93441-0765","02-536537/ 02-649592","","","13","4200","2121 ALISOS RD","SANTA YNEZ","42","93460","PO BOX 765","LOS OLIVOS","93441","CA"
"629692","SUSPEN ACTIVE","47 | 0","11/22/2021","10/31/2023","DBA: VIBE EVENT CENTER THE                        VIBE EVENT CENTER LLC THE                         721 W MAIN ST,                         EL CENTRO, CA  92243-2921","837 ORANGE AVE                              HOLTVILLE, CA  92250-1241","47-577458","7","CHICAGO TITLE COMPANY 364 S INDIAN CANYON DR PALM SPRINGS, CA  92262-7827","8","1304","721 W MAIN ST","EL CENTRO","13","92243","837 ORANGE AVE","HOLTVILLE","92250","CA"
"629692","SUSPEN ACTIVE","47 | 0","11/22/2021","10/31/2023","DBA: VIBE EVENT CENTER THE                        VIBE EVENT CENTER LLC THE                         721 W MAIN ST,                         EL CENTRO, CA  92243-2921","837 ORANGE AVE                              HOLTVILLE, CA  92250-1241","47-577458","7","CHICAGO TITLE COMPANY 364 S INDIAN CANYON DR PALM SPRINGS, CA  92262-7827","8","1304","721 W MAIN ST","EL CENTRO","13","92243","837 ORANGE AVE","HOLTVILLE","92250","CA"
"629692","SUSPEN ACTIVE","47 | 0","11/22/2021","10/31/2023","DBA: VIBE EVENT CENTER THE                        VIBE EVENT CENTER LLC THE                         721 W MAIN ST,                         EL CENTRO, CA  92243-2921","837 ORANGE AVE                              HOLTVILLE, CA  92250-1241","47-577458","7","CHICAGO TITLE COMPANY 364 S INDIAN CANYON DR PALM SPRINGS, CA  92262-7827","8","1304","721 W MAIN ST","EL CENTRO","13","92243","837 ORANGE AVE","HOLTVILLE","92250","CA"
"629692","SUSPEN ACTIVE","47 | 0","11/22/2021","10/31/2023","DBA: VIBE EVENT CENTER THE                        VIBE EVENT CENTER LLC THE                         721 W MAIN ST,                         EL CENTRO, CA  92243-2921","837 ORANGE AVE                              HOLTVILLE, CA  92250-1241","47-577458","7","CHICAGO TITLE COMPANY 364 S INDIAN CANYON DR PALM SPRINGS, CA  92262-7827","8","1304","721 W MAIN ST","EL CENTRO","13","92243","837 ORANGE AVE","HOLTVILLE","92250","CA"
"632078","ACTIVE SUREND","41 | 0","12/07/2021","11/30/2023","DBA: CASA DE ANTOJITOS                        CASA DE ANTOJITOS LLC                          13859 LOS ANGELES ST,                         BALDWIN PARK, CA  91706-3061","","41-556358","7","DESIGN ESCROW INC 128 E HUNTINGTON DR ARCADIA, CA  91006","2","1905","13859 LOS ANGELES ST","BALDWIN PARK","19","91706","","","",""
"633591","REVPEN ACTIVE","41 | 0","08/01/2022","07/31/2024","DBA: SHOOTZ                        KOKO BRADDAHZ LLC                         12885 BEACH BLVD, STE 11,                         STANTON, CA  90680","","41-607688","7","","11","3019","12885 BEACH BLVD, STE 11","STANTON","30","90680","","","",""
"633591","REVPEN ACTIVE","41 | 0","08/01/2022","07/31/2024","DBA: SHOOTZ                        KOKO BRADDAHZ LLC                         12885 BEACH BLVD, STE 11,                         STANTON, CA  90680","","41-607688","7","","11","3019","12885 BEACH BLVD, STE 11","STANTON","30","90680","","","",""
"635543","REVPEN SUREND","47 | 0","08/22/2022","07/31/2024","STASHVENTURES LLC                         12819 BEACH BLVD,                         STANTON, CA  90680-4002","2401 PACIFIC COAST HWY, STE 206                              HERMOSA BEACH, CA  90254-2735","48-590046","","ABC ESCROW 2222 DAMON STREET  LOS ANGELES, CA  90021","11","3019","12819 BEACH BLVD","STANTON","30","90680","2401 PACIFIC COAST HWY, STE 206","HERMOSA BEACH","90254","CA"
"635543","REVPEN SUREND","47 | 0","08/22/2022","07/31/2024","STASHVENTURES LLC                         12819 BEACH BLVD,                         STANTON, CA  90680-4002","2401 PACIFIC COAST HWY, STE 206                              HERMOSA BEACH, CA  90254-2735","48-590046","","ABC ESCROW 2222 DAMON STREET  LOS ANGELES, CA  90021","11","3019","12819 BEACH BLVD","STANTON","30","90680","2401 PACIFIC COAST HWY, STE 206","HERMOSA BEACH","90254","CA"
"636412","PEND ACTIVE","02 | 0","11/01/2023","06/30/2024","DBA: TWO TRACKS CELLARS                        TWO TRACKS BREWING COMPANY LLC                         2330 MALL LOOP RD STE 108,                         LANCASTER, CA  93536-7258","3715 SOLEDAD CANYON RD                              ACTON, CA  93510-2453","","","","5","1980","2330 MALL LOOP RD STE 108","LANCASTER","19","93536","3715 SOLEDAD CANYON RD","ACTON","93510","CA"
"636412","PEND ACTIVE","23 | 0","11/01/2023","10/31/2024","DBA: TWO TRACKS CELLARS                        TWO TRACKS BREWING COMPANY LLC                         2330 MALL LOOP RD STE 108,                         LANCASTER, CA  93536-7258","3715 SOLEDAD CANYON RD                              ACTON, CA  93510-2453","","","","5","1980","2330 MALL LOOP RD STE 108","LANCASTER","19","93536","3715 SOLEDAD CANYON RD","ACTON","93510","CA"
"636782","ACTIVE CANCEL","41 | 0","06/06/2022","05/31/2024","DBA: ST GEORGE HOTEL                         MARQUEZ, CHARLES                         1342 MAIN ST, STE 1D,                         NEWMAN, CA  95360-1313","","","7","","29","5003","1342 MAIN ST, STE 1D","NEWMAN","50","95360","","","",""
"637568","PEND ACTIVE","23 | 0","11/01/2023","10/31/2024","DBA: GOLDEN STATE CIDER                        APPLE CART CIDER, LLC                         180 MORRIS ST, STE 140 & 150,                         SEBASTOPOL, CA  95472-3875","421 AVIATION BLVD                              SANTA ROSA, CA  95403-1069","","","","27","4905","180 MORRIS ST, STE 140 & 150","SEBASTOPOL","49","95472","421 AVIATION BLVD","SANTA ROSA","95403","CA"
"638591","PEND ACTIVE","81 | 1","11/01/2023","06/30/2024","DBA: RUVANGO WINERY                        EGO ONE LLC                         1285 DEALY LN,                         NAPA, CA  94559-9706","9191 WESTMINSTER BLVD                              GARDEN GROVE, CA  92844","02-546011","7","COMMONWEALTH LAND TITLE INSURANCE CO 4100 NEWPORT PLACE # 120 NEWPORT BEACH, CA  92660","27","2800","1285 DEALY LN","NAPA","28","94559","9191 WESTMINSTER BLVD","GARDEN GROVE","92844","CA"
"638591","PEND ACTIVE","17 | 0","11/01/2023","10/31/2024","DBA: RUVANGO WINERY                        EGO ONE LLC                         1285 DEALY LN,                         NAPA, CA  94559-9706","9191 WESTMINSTER BLVD                              GARDEN GROVE, CA  92844","17-546011","7","COMMONWEALTH LAND TITLE INSURANCE CO 4100 NEWPORT PLACE # 120 NEWPORT BEACH, CA  92660","27","2800","1285 DEALY LN","NAPA","28","94559","9191 WESTMINSTER BLVD","GARDEN GROVE","92844","CA"
"638591","PEND ACTIVE","20 | 0","11/01/2023","10/31/2024","DBA: RUVANGO WINERY                        EGO ONE LLC                         1285 DEALY LN,                         NAPA, CA  94559-9706","9191 WESTMINSTER BLVD                              GARDEN GROVE, CA  92844","20-546011","7,I","COMMONWEALTH LAND TITLE INSURANCE CO 4100 NEWPORT PLACE # 120 NEWPORT BEACH, CA  92660","27","2800","1285 DEALY LN","NAPA","28","94559","9191 WESTMINSTER BLVD","GARDEN GROVE","92844","CA"
"638591","PEND ACTIVE","02 | 1","11/01/2023","06/30/2024","DBA: RUVANGO WINERY                        EGO ONE LLC                         1285 DEALY LN,                         NAPA, CA  94559-9706","9191 WESTMINSTER BLVD                              GARDEN GROVE, CA  92844","02-546011","7","COMMONWEALTH LAND TITLE INSURANCE CO 4100 NEWPORT PLACE # 120 NEWPORT BEACH, CA  92660","27","2800","1285 DEALY LN","NAPA","28","94559","9191 WESTMINSTER BLVD","GARDEN GROVE","92844","CA"
"638615","PEND ACTIVE","02 | 0","11/01/2023","06/30/2024","DBA: RUVANGO WINERY                        EGO ONE LLC                         3851 SPRING MOUNTAIN RD,                         SAINT HELENA, CA  94574-9678","9191 WESTMINSTER BLVD                              GARDEN GROVE, CA  92844","02-548275","","COMMONWEALTH LAND TITLE INSURANCE CO 4100 NEWPORT PLACE # 120 NEWPORT BEACH, CA  92660","27","2800","3851 SPRING MOUNTAIN RD","SAINT HELENA","28","94574","9191 WESTMINSTER BLVD","GARDEN GROVE","92844","CA"
"640993","PEND ACTIVE","02 | 0","11/01/2023","06/30/2024","DBA: MARGINS WINE CUBBY                        MARGINS WINE LLC                         402 INGALLS ST, STE 18,                         SANTA CRUZ, CA  95060-5800","PO BOX 107                              DAVENPORT, CA  95017-0107","","","","26","4402","402 INGALLS ST, STE 18","SANTA CRUZ","44","95060","PO BOX 107","DAVENPORT","95017","CA"
"641934","PEND ACTIVE","21 | 0","11/02/2023","10/31/2024","SIM SHIV TRAVEL PLAZA INC.                         72083 BAKER BLVD ,                         BAKER, CA  92309","PO BOX 729                              BAKER, CA  92309","","5,7","","7","3600","72083 BAKER BLVD","BAKER","36","92309","PO BOX 729","BAKER","92309","CA"
"642176","PEND ACTIVE","41 | 0","11/01/2023","10/31/2024","GREEN SILVERS RESTAURANT GROUP, LLC                         224 HELENA AVE,                         SANTA BARBARA, CA  93101-2320","5662 CALLE REAL, #361                              GOLETA, CA  93117","","7","","12","4203","224 HELENA AVE","SANTA BARBARA","42","93101","5662 CALLE REAL, #361","GOLETA","93117","CA"
"642998","PEND ACTIVE","47 | 0","11/01/2023","10/31/2024","DBA: SAVE MART #001                        SAVE MART SUPERMARKETS LLC                         3401 OAKDALE RD,                         MODESTO, CA  95357","PO BOX 4664                              MODESTO, CA  95352-4664","47-610494","","","29","5002","3401 OAKDALE RD","MODESTO","50","95357","PO BOX 4664","MODESTO","95352","CA"
"643977","PEND ACTIVE","02 | 0","11/01/2023","06/30/2024","DBA: ETTORE                        QUINTET MANAGEMENT CORP.                         14200 MOUNTAIN HOUSE RD,                         HOPLAND, CA  95449-9783","C/O REINHARDT SAVIC FOLEY LLP, 100 LIBERTY ST                              27TH FLOOR, NEW YORK, NY  10281","","","","27","2300","14200 MOUNTAIN HOUSE RD","HOPLAND","23","95449","C/O REINHARDT SAVIC FOLEY LLP, 100 LIBERTY ST","NEW YORK","10281","NY"
"644300","PEND ACTIVE","20 | 0","11/01/2023","10/31/2024","DBA: ROGERS GARDENS                        ROGER'S GARDENS NEWPORT BEACH                         2301 SAN JOAQUIN HILLS RD,                         NEWPORT BEACH, CA  92625-1113","","","","","11","3013","2301 SAN JOAQUIN HILLS RD","NEWPORT BEACH","30","92625","","","",""
"644300","PEND ACTIVE","86 | 0","11/01/2023","10/31/2024","DBA: ROGERS GARDENS                        ROGER'S GARDENS NEWPORT BEACH                         2301 SAN JOAQUIN HILLS RD,                         NEWPORT BEACH, CA  92625-1113","","","","","11","3013","2301 SAN JOAQUIN HILLS RD","NEWPORT BEACH","30","92625","","","",""
"644474","PEND ACTIVE","41 | 0","11/01/2023","10/31/2024","DBA: CHOI'S                        CHOI'S LLC                         100 PARK PLAZA, STE 161,                         SAN DIEGO, CA  92101-6695","","","7","","10","3710","100 PARK PLAZA, STE 161","SAN DIEGO","37","92101","","","",""
"644975","PEND ACTIVE","41 | 0","11/01/2023","10/31/2024","DBA: ETRA                        ETRA LLC                          737 N WESTERN AVE , STE B,                         LOS ANGELES, CA  90029-3725","6755 WEDGEWOOD PL                              LOS ANGELES, CA  90068-3218","","7","","4","1933","737 N WESTERN AVE , STE B","LOS ANGELES","19","90029","6755 WEDGEWOOD PL","LOS ANGELES","90068","CA"
"645547","PEND ACTIVE","41 | 0","11/02/2023","10/31/2024","DBA: MESTIZA                        BLISSFUL PIG PRODUCTIONS LLC                         214 TOWNSEND ST,                         SAN FRANCISCO, CA  94107-1722","360 RITCH ST, STE 200                              SAN FRANCISCO, CA  94107-1747","","7","","24","3800","214 TOWNSEND ST","SAN FRANCISCO","38","94107","360 RITCH ST, STE 200","SAN FRANCISCO","94107","CA"
"645675","PEND ACTIVE","21 | 0","11/02/2023","06/30/2024","DBA: SMART & FINAL                        SMART & FINAL STORES LLC                         2237 W CLEVELAND AVE,                         MADERA, CA  93637","600 CITADEL DR                              LOS ANGELES, CA  90040-1562","21-268080","","ABC ESCROW 2222 DAMON STREET  LOS ANGELES, CA  90021","21","2002","2237 W CLEVELAND AVE","MADERA","20","93637","600 CITADEL DR","LOS ANGELES","90040","CA"
"645675","PEND ACTIVE","86 | 0","11/02/2023","06/30/2024","DBA: SMART & FINAL                        SMART & FINAL STORES LLC                         2237 W CLEVELAND AVE,                         MADERA, CA  93637","600 CITADEL DR                              LOS ANGELES, CA  90040-1562","","","ABC ESCROW 2222 DAMON STREET  LOS ANGELES, CA  90021","21","2002","2237 W CLEVELAND AVE","MADERA","20","93637","600 CITADEL DR","LOS ANGELES","90040","CA"
"647302","PEND ACTIVE","41 | 0","11/02/2023","10/31/2024","DBA: FOX & KIT                        W DESIGN LLC                         1031 C ST,                         SAN RAFAEL, CA  94901-2807","","","","","27","2108","1031 C ST","SAN RAFAEL","21","94901","","","",""
"647437","PEND ACTIVE","41 | 0","11/02/2023","10/31/2024","DBA: URBAN PLATES                        URBAN PLATES LLC                         18050 BROOKHURST ST,                         FOUNTAIN VALLEY, CA  92708-6742","420 STEVENS AVE, STE 150                              SOLANA BEACH, CA  92075","","","","11","3007","18050 BROOKHURST ST","FOUNTAIN VALLEY","30","92708","420 STEVENS AVE, STE 150","SOLANA BEACH","92075","CA"
"647689","PEND ACTIVE","41 | 0","11/01/2023","10/31/2024","DBA: INDOOR ADVENTURES                        INDOOR ADVENTURES LLC                         552 W BENJAMIN HOLT DR,                         STOCKTON, CA  95207","","","7","","29","3905","552 W BENJAMIN HOLT DR","STOCKTON","39","95207","","","",""
"647834","PEND ACTIVE","41 | 0","11/02/2023","10/31/2024","DBA: SIMPANG ASIA                        SIMPANG ASIA LLC                         10433 NATIONAL BLVD , STE 2,                         LOS ANGELES, CA  90034-4681","","","7","","4","1933","10433 NATIONAL BLVD , STE 2","LOS ANGELES","19","90034","","","",""
"647986","PEND ACTIVE","02 | 0","11/01/2023","06/30/2024","ADRUNI VINEYARDS LLC                         24505 CHIANTI RD,                         CLOVERDALE, CA  95425-9782","257 E MAIN ST, STE 200                              BARRINGTON, IL  60010","","","","27","4900","24505 CHIANTI RD","CLOVERDALE","49","95425","257 E MAIN ST, STE 200","BARRINGTON","60010","IL"
"648010","PEND WITHDRAWN","41 | 0","","","DBA: MAKO SUSHI                        MAHAR GOLDEN LOTUS LLC.                         506 E LIVE OAK AVE,                         ARCADIA, CA  91006-5639","","567587","8","JADE ESCROW INC 9604 LAS TUNAS DR TEMPLE CITY, CA  91780","2","1902","506 E LIVE OAK AVE","ARCADIA","19","91006","","","",""
"648033","PEND ACTIVE","41 | 0","11/02/2023","10/31/2024","DBA: ONE HOUSE                        ONE LOVELY HOUSE LLC                         2468 SAN RAMON VALLEY BLVD,                         SAN RAMON, CA  94583","686 CHARLES CT                              BENICIA, CA  94510","","","","22","0717","2468 SAN RAMON VALLEY BLVD","SAN RAMON","07","94583","686 CHARLES CT","BENICIA","94510","CA"
"648226","PEND WITHDRAWN","42 | 1","","","DBA: VIN EN NOIR                        NOLA DARLIN LLC                         1001 CAYMUS ST,                         NAPA, CA  94559-1929","952 SCHOOL ST, 364                              NAPA, CA  94559-2826","","","","27","2802","1001 CAYMUS ST","NAPA","28","94559","952 SCHOOL ST, 364","NAPA","94559","CA"
"648226","PEND WITHDRAWN","58 | 1","","","DBA: VIN EN NOIR                        NOLA DARLIN LLC                         1001 CAYMUS ST,                         NAPA, CA  94559-1929","952 SCHOOL ST, 364                              NAPA, CA  94559-2826","","","","27","2802","1001 CAYMUS ST","NAPA","28","94559","952 SCHOOL ST, 364","NAPA","94559","CA"
"648316","PEND ACTIVE","41 | 0","11/02/2023","10/31/2024","DBA: YOSHIOISHI SUSHI AND RAMEN                         YOSHIOISHI LLC                         510 HIDDEN VALLEY PARKWAY, STE 104,                         CORONA, CA  92879-8609","1928 E 5TH ST                               ONTARIO, CA  91764","","","","7","3306","510 HIDDEN VALLEY PARKWAY, STE 104","CORONA","33","92879","1928 E 5TH ST","ONTARIO","91764","CA"
"648352","PEND WITHDRAWN","47 | 0","","","DBA: GETTIN SAUCED                        GETTIN SAUCED LLC                         505 OAK AVE,                         CARLSBAD, CA  92008-3011","2792 HIGHLAND DR                              CARLSBAD, CA  92008-1516","570836","","CALIFORNIA BUSINESS ESCROW 1748 MAIN ST ESCALON, CA  95320-1927","9","3701","505 OAK AVE","CARLSBAD","37","92008","2792 HIGHLAND DR","CARLSBAD","92008","CA"
"648452","PEND ACTIVE","02 | 0","11/02/2023","06/30/2024","ST. AVALO, INC.                         5230 TEPUSQUET RD,                         SANTA MARIA, CA  93454","PO BOX 505                               SANTA YNEZ, CA  93460","","7","","13","4200","5230 TEPUSQUET RD","SANTA MARIA","42","93454","PO BOX 505","SANTA YNEZ","93460","CA"
"648486","PEND ACTIVE","02 | 0","11/02/2023","06/30/2024","DBA: SOPHIE JAMES WINES                        SOPHIE JAMES LLC                         21684 8TH ST E, STE 400,                         SONOMA, CA  95476-2816","PO BOX 355                              ROSS, CA  94957-0355","02-617004","7","","27","4900","21684 8TH ST E, STE 400","SONOMA","49","95476","PO BOX 355","ROSS","94957","CA"
"648541","PEND ACTIVE","09 | 1","11/01/2023","10/31/2024","DBA: DON TOMAS                        Y & R FASHION INC                         6935 CAMINO MAQUILADORA, STE C,                         SAN DIEGO, CA  92154-7505","","","7","","10","3710","6935 CAMINO MAQUILADORA, STE C","SAN DIEGO","37","92154","","","",""
"648541","PEND ACTIVE","20 | 0","11/01/2023","10/31/2024","DBA: DON TOMAS                        Y & R FASHION INC                         6935 CAMINO MAQUILADORA, STE C,                         SAN DIEGO, CA  92154-7505","","","7,I","","10","3710","6935 CAMINO MAQUILADORA, STE C","SAN DIEGO","37","92154","","","",""
"648541","PEND ACTIVE","17 | 1","11/01/2023","10/31/2024","DBA: DON TOMAS                        Y & R FASHION INC                         6935 CAMINO MAQUILADORA, STE C,                         SAN DIEGO, CA  92154-7505","","","7","","10","3710","6935 CAMINO MAQUILADORA, STE C","SAN DIEGO","37","92154","","","",""
"648565","PEND ACTIVE","21 | 0","11/02/2023","10/31/2024","DBA: M&M LIQUOR                         SANTUR RETAIL INC.                         113 W GRAHAM AVE,                         LAKE ELSINORE, CA  92530","4085 ELDERBERRY RIDGE                               LAKE ELSINORE, CA  92530","21-552167","","CALIFORNIA BUSINESS ESCROW INC 1748 MAIN ST ESCALON, CA  95320-1927","7","3307","113 W GRAHAM AVE","LAKE ELSINORE","33","92530","4085 ELDERBERRY RIDGE","LAKE ELSINORE","92530","CA"
"648585","PEND ACTIVE","23 | 0","11/02/2023","10/31/2024","DBA: BREWERY X                        BREWERY X ONT, LLC                          2500 E AIRPORT DR, UNIT 2333 TERMINAL 2,                         ONTARIO INTERNATIONAL AIRPORT, ONTARIO, CA  91761-2131","3191 E LA PALMA AVE                              ANAHEIM, CA  92806-2803","","","","7","3607","2500 E AIRPORT DR, UNIT 2333 TERMINAL 2","ONTARIO","36","91761","3191 E LA PALMA AVE","ANAHEIM","92806","CA"
"648784","PEND ACTIVE","41 | 0","11/02/2023","10/31/2024","DBA: MUJIRI                        MUJIRI LLC                         22530 MAIN ST,                         HAYWARD, CA  94541","","","","","22","0106","22530 MAIN ST","HAYWARD","01","94541","","","",""
"648914","PEND ACTIVE","18 | 1","11/02/2023","10/31/2024","DBA: LP IMPORTS/EXPORT LLC                        LP IMPORT/EXPORT LLC                         6405 EIDER ST,                         SAN DIEGO, CA  92114","","","7","","10","3710","6405 EIDER ST","SAN DIEGO","37","92114","","","",""
"648914","PEND ACTIVE","12 | 1","11/02/2023","10/31/2024","DBA: LP IMPORTS/EXPORT LLC                        LP IMPORT/EXPORT LLC                         6405 EIDER ST,                         SAN DIEGO, CA  92114","","","7","","10","3710","6405 EIDER ST","SAN DIEGO","37","92114","","","",""
"648968","PEND ACTIVE","42 | 0","11/01/2023","10/31/2024","DBA: DNA WINE LOUNGE                        DNA WINES LLC                         9719 VILLAGE CENTER DR, STE 100,                         GRANITE BAY, CA  95746","3169 SPAHN RANCH RD                              ROSEVILLE, CA  95661","","7","","23","3100","9719 VILLAGE CENTER DR, STE 100","GRANITE BAY","31","95746","3169 SPAHN RANCH RD","ROSEVILLE","95661","CA"
"649051","PEND ACTIVE","09 | 1","11/01/2023","10/31/2024","DBA: Q.Q.D. CORPORATION                        Q.Q.D. CORPORATION                         2829 ALAMITOS RD,                         BREA, CA  92821-7417","","","7","","11","3002","2829 ALAMITOS RD","BREA","30","92821","","","",""
"649051","PEND ACTIVE","17 | 1","11/01/2023","10/31/2024","DBA: Q.Q.D. CORPORATION                        Q.Q.D. CORPORATION                         2829 ALAMITOS RD,                         BREA, CA  92821-7417","","","7","","11","3002","2829 ALAMITOS RD","BREA","30","92821","","","",""
"649056","PEND ACTIVE","47 | 0","11/02/2023","10/31/2024","DBA: FRANCAS ITALIAN KITCHEN                        J AND D ENTERPRISES INC                         2654 ALPINE BLVD,                         ALPINE, CA  91901","","47-281590","7","ALISON MCLOSKEY ESCROW 4820 EL CAJON BLVD SAN DIEGO, CA  92115-4695","10","3700","2654 ALPINE BLVD","ALPINE","37","91901","","","",""
"649190","PEND ACTIVE","02 | 0","11/01/2023","06/30/2024","DBA: AMES FAMILY CELLARS                        ZINFANDEL CONCEPTS INC                         281 PAMELA WAY , STE 104-107,                         BUELLTON, CA  93427-9594","33542 SPIN DRIFT CT                              DANA POINT, CA  92629-1910","02-532688","","","13","4207","281 PAMELA WAY , STE 104-107","BUELLTON","42","93427","33542 SPIN DRIFT CT","DANA POINT","92629","CA"
"649226","PEND ACTIVE","41 | 0","11/01/2023","10/31/2024","DBA: CHICAGO'S PIZZA WITH A TWIST EL SOBRANTE                        PIZZA TWIST SAN PABLO                          3716 SAN PABLO DAM RD, STE A,                         EL SOBRANTE, CA  94803-2801","1252 MARIONOLA WAY                              PINOLE, CA  94564","41-593032","","CAPITAL CITY ESCROW 3838 WATT AVE #F610 SACRAMENTO, CA  95821","22","0700","3716 SAN PABLO DAM RD, STE A","EL SOBRANTE","07","94803","1252 MARIONOLA WAY","PINOLE","94564","CA"
"649561","PEND ACTIVE","70 | 0","11/01/2023","10/31/2024","DBA: RIVIERA BEACH HOUSE                        SUNSHINE BEACH HOUSE LLC                          121 STATE ST,                         SANTA BARBARA, CA  93101-3529","9400 CULVER BLVD                              CULVER CITY, CA  90232-2617","","","","12","4203","121 STATE ST","SANTA BARBARA","42","93101","9400 CULVER BLVD","CULVER CITY","90232","CA"
"649592","PEND ACTIVE","02 | 0","11/01/2023","06/30/2024","DBA: MAISON THOMAS LLC                        MAISON THOMAS LLC                         2121 ALISOS RD,                         SANTA YNEZ, CA  93460","927 S SANTA FE AVE                              LOS ANGELES, CA  90021","02-629444","","","13","4200","2121 ALISOS RD","SANTA YNEZ","42","93460","927 S SANTA FE AVE","LOS ANGELES","90021","CA"
"649741","PEND ACTIVE","18 | 1","11/02/2023","08/31/2024","DBA: ELLISON ENTERPRISE G17 LLC                         ELLISON ENTERPRISE G17 LLC                          6501 AVENAL AVE,                         OAKLAND, CA  94605-1927","","18-626658","7,8","","22","0109","6501 AVENAL AVE","OAKLAND","01","94605","","","",""
"649741","PEND ACTIVE","12 | 1","11/02/2023","08/31/2024","DBA: ELLISON ENTERPRISE G17 LLC                         ELLISON ENTERPRISE G17 LLC                          6501 AVENAL AVE,                         OAKLAND, CA  94605-1927","","18-626658","7,8","","22","0109","6501 AVENAL AVE","OAKLAND","01","94605","","","",""
"649742","PEND ACTIVE","18 | 1","11/02/2023","08/31/2024","DBA: ELLISON ENTERPRISE G17 LLC                         ELLISON ENTERPRISE G17 LLC                          25811 CLAWITER RD,                         HAYWARD, CA  94545-3217","6501 AVENAL AVE                              OAKLAND, CA  94605-1927","18-626661","8","","22","0106","25811 CLAWITER RD","HAYWARD","01","94545","6501 AVENAL AVE","OAKLAND","94605","CA"
"649742","PEND ACTIVE","12 | 1","11/02/2023","08/31/2024","DBA: ELLISON ENTERPRISE G17 LLC                         ELLISON ENTERPRISE G17 LLC                          25811 CLAWITER RD,                         HAYWARD, CA  94545-3217","6501 AVENAL AVE                              OAKLAND, CA  94605-1927","18-626661","8","","22","0106","25811 CLAWITER RD","HAYWARD","01","94545","6501 AVENAL AVE","OAKLAND","94605","CA"
"649766","PEND ACTIVE","41 | 0","11/02/2023","10/31/2024","DBA: GUE JIP RESTAURANT/THE PLACE                        S & JAY, INC.                         15435 S WESTERN AVE, STE 109,                         GARDENA, CA  90249-4331","","41-638030","7","PRIMA ESCROW INC 3600 WILSHIRE BL STE 1028 LOS ANGELES, CA  90010","3","1920","15435 S WESTERN AVE, STE 109","GARDENA","19","90249","","","",""
"650114","PEND ACTIVE","02 | 0","11/01/2023","06/30/2024","DBA: TERAH WINE CO                        TERAH WINE COMPANY LLC                         425 S 3RD ST,                         RICHMOND, CA  94804-2123","18600 GRAYSTONE LN                              SAN JOSE, CA  95120","02-617701","7","","22","0709","425 S 3RD ST","RICHMOND","07","94804","18600 GRAYSTONE LN","SAN JOSE","95120","CA"
"650161","PEND ACTIVE","47 | 1","11/01/2023","10/31/2024","DBA: LIFE HOUSE                        PS OPCO LLC                         1700 S PALM CANYON DR,                         PALM SPRINGS, CA  92264-8937","","47-588688","7","CALIFORNIA BUSINESS ESCROW, INC.   1748 MAIN ST  ESCALON, CA  95320","8","3310","1700 S PALM CANYON DR","PALM SPRINGS","33","92264","","","",""
"650161","PEND ACTIVE","66 | 1","11/01/2023","10/31/2024","DBA: LIFE HOUSE                        PS OPCO LLC                         1700 S PALM CANYON DR,                         PALM SPRINGS, CA  92264-8937","","47-588688","7","CALIFORNIA BUSINESS ESCROW, INC.   1748 MAIN ST  ESCALON, CA  95320","8","3310","1700 S PALM CANYON DR","PALM SPRINGS","33","92264","","","",""
"650161","PEND ACTIVE","47 | 1","11/01/2023","10/31/2024","DBA: LIFE HOUSE                        PS OPCO LLC                         1700 S PALM CANYON DR,                         PALM SPRINGS, CA  92264-8937","","47-588688","7","CALIFORNIA BUSINESS ESCROW, INC.   1748 MAIN ST  ESCALON, CA  95320","8","3310","1700 S PALM CANYON DR","PALM SPRINGS","33","92264","","","",""
"650370","PEND ACTIVE","21 | 0","11/01/2023","10/31/2024","DBA: MARATHON, THE                         PANJAB INVESTMENTS CORP                         99 PLACERVILLE DR,                         PLACERVILLE, CA  95667-3901","","21-582036","7","CALIFORNIA BUSINESS ESCROW 1748 MAIN ST ESCALON, CA  95320-1927","23","0901","99 PLACERVILLE DR","PLACERVILLE","09","95667","","","",""
"650393","PEND ACTIVE","41 | 0","11/02/2023","10/31/2024","DBA: NEW SHANGHAI RESTAURANT                        HONG AND BO LLC                         6041 PACIFIC AVE,                         STOCKTON, CA  95207","6038 SAXTON CT                              STOCKTON, CA  95212","41-634009","7","CAPITOL CITY ESCROW INC 3838 WATT AVE #F610 SACRAMENTO, CA  95821","29","3905","6041 PACIFIC AVE","STOCKTON","39","95207","6038 SAXTON CT","STOCKTON","95212","CA"
"650400","PEND ACTIVE","41 | 0","11/02/2023","10/31/2024","GRETA AND FAMILY LLC                         7467 GIRARD AVE,                         LA JOLLA, CA  92037-5147","","","7","","10","3710","7467 GIRARD AVE","LA JOLLA","37","92037","","","",""
"650564","PEND ACTIVE","47 | 0","11/02/2023","10/31/2024","DBA: BACARI                        BACARI OPERATIONS, LLC                          9601 BRIGHTON WAY,                         BEVERLY HILLS, CA  90210-5109","1926 E 7TH ST                               LOS ANGELES, CA  90021","47-515031","7","INNOVATIVE ESCROW, INC 28212 KELLY JOHNSON PKWY STE 110 VALENCIA, CA  91355","4","1908","9601 BRIGHTON WAY","BEVERLY HILLS","19","90210","1926 E 7TH ST","LOS ANGELES","90021","CA"
"650581","PEND ACTIVE","20 | 0","11/02/2023","10/31/2024","DBA: ELTAREB MARKET #3                        ELTAREB, HOUD                         561 W 8TH ST,                         MERCED, CA  95340","","20-321962","","","29","2406","561 W 8TH ST","MERCED","24","95340","","","",""
"650661","PEND ACTIVE","47 | 0","11/01/2023","10/31/2024","DBA: LOCANDA CAPRI                        AMORE ITALIA FOODS, INC.                         301 OAK ST,                         BRENTWOOD, CA  94513","1250 GREENBROOK DR                              DANVILLE, CA  94526-5016","47-609129","7","CHICAGO TITLE LAFAYETTE COMMERCIAL SERVICES 3620 HAPPY VALLEY RD STE 100 LAFAYETTE, CA  94549","22","0702","301 OAK ST","BRENTWOOD","07","94513","1250 GREENBROOK DR","DANVILLE","94526","CA"
"650661","PEND ACTIVE","47 | 0","11/01/2023","10/31/2024","DBA: LOCANDA CAPRI                        AMORE ITALIA FOODS, INC.                         301 OAK ST,                         BRENTWOOD, CA  94513","1250 GREENBROOK DR                              DANVILLE, CA  94526-5016","47-609129","7","CHICAGO TITLE LAFAYETTE COMMERCIAL SERVICES 3620 HAPPY VALLEY RD STE 100 LAFAYETTE, CA  94549","22","0702","301 OAK ST","BRENTWOOD","07","94513","1250 GREENBROOK DR","DANVILLE","94526","CA"
"650741","PEND ACTIVE","02 | 0","11/02/2023","06/30/2024","DBA: JAM CELLARS                        JAM CELLARS INC                         5573 W WOODBRIDGE RD,                         LODI, CA  95242-9497","PO BOX 120                              NAPA, CA  94559","","","","29","3900","5573 W WOODBRIDGE RD","LODI","39","95242","PO BOX 120","NAPA","94559","CA"
"650762","PEND ACTIVE","02 | 0","11/01/2023","06/30/2024","DBA: ALAMAR WINES                        BP WINES LLC                         815 12TH ST, UNIT B SUITE 104,                         PASO ROBLES, CA  93446-2217","9976 FLYROD DR                              PASO ROBLES, CA  93446","02-611863","7","","13","4002","815 12TH ST, UNIT B SUITE 104","PASO ROBLES","40","93446","9976 FLYROD DR","PASO ROBLES","93446","CA"
"650856","PEND ACTIVE","41 | 0","11/02/2023","10/31/2024","DBA: IALC RESTAURANT & BAR                        SAVEFAVOR INC.                         136-136 1/2 MAIN ST,                         SEAL BEACH, CA  90740-6317","13217 JAMBOREE RD, UNIT 160                              TUSTIN, CA  92782-9158","41-638342","7","ADVANTAGE ONE ESCROW 19671 BEACH BLVD STE 103 HUNTINGTON BEACH, CA  92648","11","3018","136-136 1/2 MAIN ST","SEAL BEACH","30","90740","13217 JAMBOREE RD, UNIT 160","TUSTIN","92782","CA"
"650859","PEND ACTIVE","41 | 0","11/02/2023","10/31/2024","DBA: BOARD AND DRINK                        JOANIE'S DINER, INC.                         1329 COLUMBUS AVE,                         SAN FRANCISCO, CA  94133","","41-347109","","","24","3800","1329 COLUMBUS AVE","SAN FRANCISCO","38","94133","","","",""
"650929","PEND ACTIVE","47 | 0","11/01/2023","10/31/2024","DBA: ESCALA K-TOWN                        WOOLEE, INC.                         3451-53 W 6TH ST,                         LOS ANGELES, CA  90020-2539","3451 W 6TH ST                              LOS ANGELES, CA  90020","47-536439","7","","4","1933","3451-53 W 6TH ST","LOS ANGELES","19","90020","3451 W 6TH ST","LOS ANGELES","90020","CA"
"651035","PEND ACTIVE","41 | 0","11/02/2023","10/31/2024","DBA: KAI RAMEN                        KAY SM, INC.                         729 MONTANA AVE, UNIT 3 & 4 ,                         SANTA MONICA, CA  90403-1369","","41-644116","7","METRO ESCROW, INC.  3600 WILSHIRE BLVD  STE 326 LOS ANGELES, CA  90010","3","1953","729 MONTANA AVE, UNIT 3 & 4","SANTA MONICA","19","90403","","","",""
"651101","PEND ACTIVE","47 | 1","11/02/2023","10/31/2024","DBA: HOMESTATE                        HOMESTATE KITCHEN, LLC                         12105 W WATERFRONT DR, STE B,                         PLAYA VISTA, CA  90094-3070","5619 N FIGUEROA ST, STE 211                              LOS ANGELES, CA  90042-4978","47-603027","7","","3","1933","12105 W WATERFRONT DR, STE B","PLAYA VISTA","19","90094","5619 N FIGUEROA ST, STE 211","LOS ANGELES","90042","CA"
"651101","PEND ACTIVE","58 | 1","11/02/2023","10/31/2024","DBA: HOMESTATE                        HOMESTATE KITCHEN, LLC                         12105 W WATERFRONT DR, STE B,                         PLAYA VISTA, CA  90094-3070","5619 N FIGUEROA ST, STE 211                              LOS ANGELES, CA  90042-4978","47-603027","7","","3","1933","12105 W WATERFRONT DR, STE B","PLAYA VISTA","19","90094","5619 N FIGUEROA ST, STE 211","LOS ANGELES","90042","CA"
"651202","PEND ACTIVE","23 | 0","11/01/2023","10/31/2024","DBA: FREEWHEEL BREWING                        HOPPY HEAVEN INC                         3736 FLORENCE ST,                         REDWOOD CITY, CA  94063-4418","5602 TRUMAN PL                              FREMONT, CA  94063","23-520464","7","OLD REPUBLIC TITLE 1000 BURNETT AVE STE 400 CONCORD, CA  94520-2088","25","4110","3736 FLORENCE ST","REDWOOD CITY","41","94063","5602 TRUMAN PL","FREMONT","94063","CA"
"651246","PEND ACTIVE","41 | 0","11/01/2023","10/31/2024","DBA: FUEGO                        MUDGE, JAMES  FERRIS                         1187 W GRAND AVE,                         GROVER BEACH, CA  93433","","","7","","13","4005","1187 W GRAND AVE","GROVER BEACH","40","93433","","","",""
"651303","PEND ACTIVE","41 | 0","11/01/2023","10/31/2024","DBA: MENDOCINO FARMS SANDWICH MARKET                        MENDOCINO FARMS LLC                         24420 ALICIA PKWY, STE A,                         MISSION VIEJO, CA  92691","2004 E PARK PL, STE H                              EL SEGUNDO, CA  90245-6100","","","","11","3027","24420 ALICIA PKWY, STE A","MISSION VIEJO","30","92691","2004 E PARK PL, STE H","EL SEGUNDO","90245","CA"
"651342","PEND ACTIVE","20 | 0","11/02/2023","10/31/2024","DBA: MUNCHIES LA                        KCANDY INC                         8859 W PICO BLVD,                         LOS ANGELES, CA  90035-3335","","20-627224","7","","4","1933","8859 W PICO BLVD","LOS ANGELES","19","90035","","","",""
"651385","PEND ACTIVE","20 | 0","11/02/2023","10/31/2024","DBA: BIG BEAR ARCO                        BIG BEAR PETROLEUM INC                         42185 BIG BEAR BLVD,                         BIG BEAR LAKE, CA  92315","33343 GOLD MOUNTAIN RD                              YUCAIPA, CA  92399","20-649184","7","EMERALD ESCROW INC EMERALD ESCROW INC 2275 S MAIN ST STE 101A CORONA, CA  92882-5303","7","3617","42185 BIG BEAR BLVD","BIG BEAR LAKE","36","92315","33343 GOLD MOUNTAIN RD","YUCAIPA","92399","CA"
"651435","PEND ACTIVE","41 | 0","11/01/2023","10/31/2024","DBA: EPICURIOUS                        BORREGO SOCIAL CLUB                         665 PALM CANYON DR,                         BORREGO SPRINGS, CA  92004","PO BOX 1033                               BORREGO SPRINGS, CA  92004","","","","9","3700","665 PALM CANYON DR","BORREGO SPRINGS","37","92004","PO BOX 1033","BORREGO SPRINGS","92004","CA"
"651447","PEND ACTIVE","41 | 0","11/02/2023","10/31/2024","DBA: TWISTED INDIAN STREET FOOD                        P&H BEDI INC                         236 HEINLEN ST,                         LEMOORE, CA  93245-2947","","","7","","21","1603","236 HEINLEN ST","LEMOORE","16","93245","","","",""
"651719","PEND ACTIVE","20 | 0","11/01/2023","06/30/2024","DBA: 7 ELEVEN STORE 26766D                        7 ELEVEN INC                         13541 BEACH BLVD,                         WESTMINSTER, CA  92683","PO BOX 139044, ATTN: LICENSING DEPARTMENT                              DALLAS, TX  75313-9044","20-424311","","7-ELEVEN INC 330 E LAMBERT RD STE 150 BREA, CA  92821-4128","11","3021","13541 BEACH BLVD","WESTMINSTER","30","92683","PO BOX 139044, ATTN: LICENSING DEPARTMENT","DALLAS","75313","TX"
"651848","PEND ACTIVE","41 | 0","11/02/2023","10/31/2024","DBA: NANAMI SUSHI LLC                        NANAMI SUSHI, LLC                         263 N SANDERSON AVE,                         HEMET, CA  92545-3609","","41-590777","","WFG NATIONAL TITLE COMPANY OF CALIFORNIA  25240 HANCOCK AVE  STE 405 MURRIETA, CA  92562","7","3308","263 N SANDERSON AVE","HEMET","33","92545","","","",""
"651925","PEND ACTIVE","41 | 0","11/01/2023","10/31/2024","DBA: KOKORO RAMEN AND ROLL                        KOKORORAMEN LLC                         880 BROADWAY AVE, STE C-5,                         SEASIDE, CA  93955-4308","1058 TYLER ST                              SALINAS, CA  93906","41-623749","","FIDEA LAW CORPORATION 2445 AUGUSTINE DR STE 150 SANTA CLARA, CA  95054","26","2709","880 BROADWAY AVE, STE C-5","SEASIDE","27","93955","1058 TYLER ST","SALINAS","93906","CA"
"652006","PEND ACTIVE","41 | 0","11/02/2023","10/31/2024","DBA: CALI CAFE                        CALI CAFE INC                         38180 DEL WEBB BLVD, BLDG B STE A,                         PALM DESERT, CA  92211-1256","35989 FRANKLIN DR                              PALM DESERT, CA  92211-0889","","","","8","3318","38180 DEL WEBB BLVD, BLDG B STE A","PALM DESERT","33","92211","35989 FRANKLIN DR","PALM DESERT","92211","CA"
"652300","PEND ACTIVE","41 | 0","11/01/2023","10/31/2024","DBA: MASON'S JAR & GRILL                        MAYCLIN, ROSANNE G                         1342 MAIN ST, STE 1D,                         NEWMAN, CA  95360-1313","550 FLOUR MILL DR                              NEWMAN, CA  95360-9654","41-636782","7","","29","5003","1342 MAIN ST, STE 1D","NEWMAN","50","95360","550 FLOUR MILL DR","NEWMAN","95360","CA"
"652529","PEND ACTIVE","41 | 0","11/01/2023","10/31/2024","DBA: MAC PHO                        MAC FAMILY BUSINESS INC                         3322 E HAMMER LANE , STE J,                         STOCKTON, CA  95212","","","","","29","3905","3322 E HAMMER LANE , STE J","STOCKTON","39","95212","","","",""
"652973","PEND ACTIVE","41 | 0","11/02/2023","10/31/2024","DBA: LADY AND LARDER                        PRECIOUS FRUITS LLC                         9 DEL FINO PL , STE 101,                         CARMEL VALLEY, CA  93924-9568","PO BOX 222459                              CARMEL, CA  93923","41-625112","7","","26","2700","9 DEL FINO PL , STE 101","CARMEL VALLEY","27","93924","PO BOX 222459","CARMEL","93923","CA"
"653418","PEND WITHDRAWN","48 | 0","","","GIMME GIMME, INC.                         459 BROADWAY,                         SAN FRANCISCO, CA  94133-4513","473 BROADWAY                              SAN FRANCISCO, CA  94133-4513","482569","","ABC ESCROW 2222 DAMON STREET  LOS ANGELES, CA  90021","24","3800","459 BROADWAY","SAN FRANCISCO","38","94133","473 BROADWAY","SAN FRANCISCO","94133","CA"
"653959","PEND ACTIVE","79 | 0","11/02/2023","06/30/2024","DBA: NORSEMAN@PETALUMA WALNUT PARK FARMERS MARKET, THE                        DOOKIE BROTHERS LLC, THE                         4TH AND D ST,                         PETALUMA, CA  94952","3890 CHEMISE MOUNTAIN RD                              WHITETHORN, CA  95589-8800","","","","27","4903","4TH AND D ST","PETALUMA","49","94952","3890 CHEMISE MOUNTAIN RD","WHITETHORN","95589","CA"
"654027","PEND ACTIVE","82 | 0","11/02/2023","10/31/2024","DBA: LUNDEEN WINES                        GENIUS LOCI LLC                         475 NE 17TH ST,                         MCMINNVILLE, OR  97128-3326","","","","","75","9999","475 NE 17TH ST","MCMINNVILLE","","97128","","","",""
"654073","PEND ACTIVE","21 | 0","11/02/2023","02/29/2024","DBA: CARNICERIA SAN MIGUEL                        ROMO MARTINEZ, CARLOS                         72450 RAMON RD, STE 104-105,                         THOUSAND PALMS, CA  92276-3399","72450 RAMON RD, STE 101                              THOUSAND PALMS, CA  92276-3399","21-587023","","","8","3300","72450 RAMON RD, STE 104-105","THOUSAND PALMS","33","92276","72450 RAMON RD, STE 101","THOUSAND PALMS","92276","CA"
"654074","ISSUED PENDING","47 | 0","","","DBA: TAQUERIA SAN MIGUEL                        ROMO MARTINEZ, CARLOS                         35320 DATE PALM DR,                         CATHEDRAL CITY, CA  92234-7035","72450 RAMON RD, STE 101                              THOUSAND PALMS, CA  92276-3399","590226","7","","8","3319","35320 DATE PALM DR","CATHEDRAL CITY","33","92234","72450 RAMON RD, STE 101","THOUSAND PALMS","92276","CA"
"654074","ISSUED PENDING","47 | 0","","","DBA: TAQUERIA SAN MIGUEL                        ROMO MARTINEZ, CARLOS                         35320 DATE PALM DR,                         CATHEDRAL CITY, CA  92234-7035","72450 RAMON RD, STE 101                              THOUSAND PALMS, CA  92276-3399","590226","7","","8","3319","35320 DATE PALM DR","CATHEDRAL CITY","33","92234","72450 RAMON RD, STE 101","THOUSAND PALMS","92276","CA"
"654075","PEND ACTIVE","47 | 1","11/02/2023","02/29/2024","DBA: TAQUERIA SAN MIGUEL #2                        ROMO MARTINEZ, CARLOS                         72450 RAMON RD, STE 101-103,                         THOUSAND PALMS, CA  92276-3399","72450 RAMON RD, STE 101                              THOUSAND PALMS, CA  92276-3399","47-590233","","","8","3300","72450 RAMON RD, STE 101-103","THOUSAND PALMS","33","92276","72450 RAMON RD, STE 101","THOUSAND PALMS","92276","CA"
"654075","PEND ACTIVE","58 | 1","11/02/2023","02/29/2024","DBA: TAQUERIA SAN MIGUEL #2                        ROMO MARTINEZ, CARLOS                         72450 RAMON RD, STE 101-103,                         THOUSAND PALMS, CA  92276-3399","72450 RAMON RD, STE 101                              THOUSAND PALMS, CA  92276-3399","47-590233","","","8","3300","72450 RAMON RD, STE 101-103","THOUSAND PALMS","33","92276","72450 RAMON RD, STE 101","THOUSAND PALMS","92276","CA"