"License Number","Status Changed From/To","Type| Dup","Original Issue Date","Expir. Date","Primary Owner and Premises Addr.","Mailing Addr.","Transfer-From/To","Conditions","Escrow","District Code","Geo Code","Prem Street","City","County","Zip Code","Mailing Street","Mailing City","Mailing Zip Code","Mailing State"
"17744","REVPEN ACTIVE","51 | 0","08/01/1976","04/30/2024","DBA: TORRANCE MOOSE LODGE 785                        MOOSE LODGE TORRANCE 785                         1020 SARTORI AVE,                         TORRANCE, CA  90501","PO BOX 246                              TORRANCE, CA  90507-0246","","","","3","1958","1020 SARTORI AVE","TORRANCE","19","90501","PO BOX 246","TORRANCE","90507","CA"
"17744","REVPEN ACTIVE","51 | 0","08/01/1976","04/30/2024","DBA: TORRANCE MOOSE LODGE 785                        MOOSE LODGE TORRANCE 785                         1020 SARTORI AVE,                         TORRANCE, CA  90501","PO BOX 246                              TORRANCE, CA  90507-0246","","","","3","1958","1020 SARTORI AVE","TORRANCE","19","90501","PO BOX 246","TORRANCE","90507","CA"
"42098","AUTREV ACTIVE","60 | 0","08/26/1965","12/31/2025","DBA: BAKERSFIELD HOST LIONS CLUB                        BAKERSFIELD LIONS CLUB                         1142 S P ST, ZONE G STAND 11,                         BAKERSFIELD, CA  93307","5609 CYPRESS POINT DR                              BAKERSFIELD, CA  93309","","","","6","1501","1142 S P ST, ZONE G STAND 11","BAKERSFIELD","15","93307","5609 CYPRESS POINT DR","BAKERSFIELD","93309","CA"
"42098","AUTREV ACTIVE","60 | 0","08/26/1965","12/31/2025","DBA: BAKERSFIELD HOST LIONS CLUB                        BAKERSFIELD LIONS CLUB                         1142 S P ST, ZONE G STAND 11,                         BAKERSFIELD, CA  93307","5609 CYPRESS POINT DR                              BAKERSFIELD, CA  93309","","","","6","1501","1142 S P ST, ZONE G STAND 11","BAKERSFIELD","15","93307","5609 CYPRESS POINT DR","BAKERSFIELD","93309","CA"
"192669","ACTIVE CANCEL","41 | 0","01/02/1987","09/30/2023","DBA: MARYS PIZZA SHACK                        MARYS PIZZA SHACK                         535 SUMMERFIELD RD,                         SANTA ROSA, CA  95405-5202","19327 HWY 12, STE 200                              SONOMA, CA  95476-5482","","","","27","4904","535 SUMMERFIELD RD","SANTA ROSA","49","95405","19327 HWY 12, STE 200","SONOMA","95476","CA"
"306737","PEND ACTIVE","86 | 0","07/27/2023","06/30/2024","DBA: RALPHS 293                        ALPHA BETA COMPANY                         1233 N LA BREA AVE,                         WEST HOLLYWOOD, CA  90038-1023","PO BOX 54143                              LOS ANGELES, CA  90054-0143","","","","4","1983","1233 N LA BREA AVE","WEST HOLLYWOOD","19","90038","PO BOX 54143","LOS ANGELES","90054","CA"
"322525","SUSPEN ACTIVE","48 | 0","04/24/1997","03/31/2024","AMAYA, MARIA ILDA RAMOS                         1901 E ARTESIA BLVD,                         LONG BEACH, CA  90805","6610 GARDENIA                              LONG BEACH, CA  90805","48-300240","","","3","1932","1901 E ARTESIA BLVD","LONG BEACH","19","90805","6610 GARDENIA","LONG BEACH","90805","CA"
"322525","SUSPEN ACTIVE","48 | 0","04/24/1997","03/31/2024","AMAYA, MARIA ILDA RAMOS                         1901 E ARTESIA BLVD,                         LONG BEACH, CA  90805","6610 GARDENIA                              LONG BEACH, CA  90805","48-300240","","","3","1932","1901 E ARTESIA BLVD","LONG BEACH","19","90805","6610 GARDENIA","LONG BEACH","90805","CA"
"329475","ACTIVE CANCEL","20 | 0","05/22/1997","04/30/2024","DBA: CAL MART                        PONGSAVAS, SONYA                         3003 S FIGUEROA ST,                         LOS ANGELES, CA  90007","","20-190642/ 20-648730","7","","4","1933","3003 S FIGUEROA ST","LOS ANGELES","19","90007","","","",""
"333077","ACTIVE CANCEL","41 | 0","07/14/1997","07/31/2023","DBA: EL GRULLENSE VI                        GUERRERO, ALICIA                         1360 E ALPINE AVE,                         STOCKTON, CA  95204","9177 BARBARESCO CIR                              STOCKTON, CA  95212","41-310739","","","29","3900","1360 E ALPINE AVE","STOCKTON","39","95204","9177 BARBARESCO CIR","STOCKTON","95212","CA"
"340829","REVPEN ACTIVE","41 | 0","05/15/1998","04/30/2024","DBA: INCA GOURMET PERUVIAN BUFFET                        GONI, CELFIO                         15651 HAWTHORN BLVD, STE C, D, & E,                         LAWNDALE, CA  90260","15651 S HAWTHORNE BLVD                              LAWNDALE, CA  90260","","7","","3","1966","15651 HAWTHORN BLVD, STE C, D, & E","LAWNDALE","19","90260","15651 S HAWTHORNE BLVD","LAWNDALE","90260","CA"
"340829","REVPEN ACTIVE","41 | 0","05/15/1998","04/30/2024","DBA: INCA GOURMET PERUVIAN BUFFET                        GONI, CELFIO                         15651 HAWTHORN BLVD, STE C, D, & E,                         LAWNDALE, CA  90260","15651 S HAWTHORNE BLVD                              LAWNDALE, CA  90260","","7","","3","1966","15651 HAWTHORN BLVD, STE C, D, & E","LAWNDALE","19","90260","15651 S HAWTHORNE BLVD","LAWNDALE","90260","CA"
"375427","ACTIVE CANCEL","86 | 0","11/07/2013","04/30/2024","DBA: SAVE MART 86                        SAVE MART SUPERMARKETS                         801 OAKDALE RD,                         MODESTO, CA  95355-4592","PO BOX 4278, ATTN:  NIKKI BORUP                              MODESTO, CA  95352-4278","","","","29","5002","801 OAKDALE RD","MODESTO","50","95355","PO BOX 4278, ATTN:  NIKKI BORUP","MODESTO","95352","CA"
"375427","ACTIVE CANCEL","21 | 0","05/29/2001","04/30/2024","DBA: SAVE MART 86                        SAVE MART SUPERMARKETS                         801 OAKDALE RD,                         MODESTO, CA  95355-4592","PO BOX 4278, ATTN:  NIKKI BORUP                              MODESTO, CA  95352-4278","21-348457/ 21-643059","","","29","5002","801 OAKDALE RD","MODESTO","50","95355","PO BOX 4278, ATTN:  NIKKI BORUP","MODESTO","95352","CA"
"405916","ACTIVE CANCEL","47 | 1","11/04/2003","09/30/2023","DBA: LITTLE ITALY RESTAURANT                        VACCARO, JOE                         303 W MAIN ST,                         VISALIA, CA  93291","","47-287401/ 47-649283","","","21","5406","303 W MAIN ST","VISALIA","54","93291","","","",""
"405916","ACTIVE CANCEL","58 | 1","11/04/2003","09/30/2023","DBA: LITTLE ITALY RESTAURANT                        VACCARO, JOE                         303 W MAIN ST,                         VISALIA, CA  93291","","47-287401/ 47-649283","","","21","5406","303 W MAIN ST","VISALIA","54","93291","","","",""
"446703","SUREND CANCEL","20 | 0","11/20/2008","10/31/2023","DBA: ARCO AM PM                        LAKHA CORP                         1615 BELL DR,                         ATWATER, CA  95301","","","","","29","2401","1615 BELL DR","ATWATER","24","95301","","","",""
"469766","ACTIVE CANCEL","48 | 0","09/16/2008","04/30/2024","DBA: STANS RV PARK & LOUNGE                        SONG, MISUK                         280 FAIRVIEW DR,                         GRIDLEY, CA  95948-2621","","48-451371/ 48-646787","7","","31","0403","280 FAIRVIEW DR","GRIDLEY","04","95948","","","",""
"472510","ACTIVE SUREND","47 | 0","08/17/2009","07/31/2024","DBA: ROMANOS MACARONI GRILL                        MAC ACQUISITION LLC                         202 E VIA RANCHO PKWY,                         ESCONDIDO, CA  92025-8005","1855 BLAKE ST, STE 200                              DENVER, CO  80202-1288","47-395305/ 47-643266","7","","9","3705","202 E VIA RANCHO PKWY","ESCONDIDO","37","92025","1855 BLAKE ST, STE 200","DENVER","80202","CO"
"488836","ACTIVE CANCEL","48 | 0","08/16/2010","01/31/2024","DBA: SAVOY TIVOLI                        SAVOY TIVOLI LLC                         1438 GRANT AVE,                         SAN FRANCISCO, CA  94133-3304","1434 GRANT AVE                              SAN FRANCISCO, CA  94133","","7,8","","24","3800","1438 GRANT AVE","SAN FRANCISCO","38","94133","1434 GRANT AVE","SAN FRANCISCO","94133","CA"
"506909","REVPEN SUSPEN","47 | 0","05/25/2011","04/30/2024","DBA: MATISSE BISTRO                        LYS SERVICES LLC                         19800 MACARTHUR BLVD, STE C10,                         IRVINE, CA  92612-2421","","47-281140/ 47-636995","","CHICAGO TITLE COMPANY 39438 TRADE CENTER DR STE C PALMDALE, CA  93551","11","3026","19800 MACARTHUR BLVD, STE C10","IRVINE","30","92612","","","",""
"506909","REVPEN SUSPEN","47 | 0","05/25/2011","04/30/2024","DBA: MATISSE BISTRO                        LYS SERVICES LLC                         19800 MACARTHUR BLVD, STE C10,                         IRVINE, CA  92612-2421","","47-281140/ 47-636995","","CHICAGO TITLE COMPANY 39438 TRADE CENTER DR STE C PALMDALE, CA  93551","11","3026","19800 MACARTHUR BLVD, STE C10","IRVINE","30","92612","","","",""
"509046","REVPEN ACTIVE","41 | 1","05/25/2011","04/30/2024","DBA: PARADISE SKATE ROLLER RINK                        PARADISE SKATE INC                         1201 W 10TH ST, CONTRA COSTA FAIRGROUNDS,                         ANTIOCH, CA  94509-1406","","","","","22","0701","1201 W 10TH ST, CONTRA COSTA FAIRGROUNDS","ANTIOCH","07","94509","","","",""
"509046","REVPEN ACTIVE","41 | 1","05/25/2011","04/30/2024","DBA: PARADISE SKATE ROLLER RINK                        PARADISE SKATE INC                         1201 W 10TH ST, CONTRA COSTA FAIRGROUNDS,                         ANTIOCH, CA  94509-1406","","","","","22","0701","1201 W 10TH ST, CONTRA COSTA FAIRGROUNDS","ANTIOCH","07","94509","","","",""
"509046","REVPEN ACTIVE","58 | 1","05/25/2011","04/30/2024","DBA: PARADISE SKATE ROLLER RINK                        PARADISE SKATE INC                         1201 W 10TH ST, CONTRA COSTA FAIRGROUNDS,                         ANTIOCH, CA  94509-1406","","","","","22","0701","1201 W 10TH ST, CONTRA COSTA FAIRGROUNDS","ANTIOCH","07","94509","","","",""
"509046","REVPEN ACTIVE","58 | 1","05/25/2011","04/30/2024","DBA: PARADISE SKATE ROLLER RINK                        PARADISE SKATE INC                         1201 W 10TH ST, CONTRA COSTA FAIRGROUNDS,                         ANTIOCH, CA  94509-1406","","","","","22","0701","1201 W 10TH ST, CONTRA COSTA FAIRGROUNDS","ANTIOCH","07","94509","","","",""
"512425","ACTIVE CANCEL","20 | 0","09/23/2011","06/30/2024","DBA: CAL OAKS SHELL & 7- ELEVEN                        7 ELEVEN INC                         40981 CALIFORNIA OAKS RD,                         MURRIETA, CA  92562-5748","PO BOX 139044, ATTN: LICENSING DEPARTMENT                              DALLAS, TX  75313-9044","20-484235/ 20-647590","7","","7","3323","40981 CALIFORNIA OAKS RD","MURRIETA","33","92562","PO BOX 139044, ATTN: LICENSING DEPARTMENT","DALLAS","75313","TX"
"512676","ACTIVE CANCEL","41 | 0","10/26/2011","09/30/2023","DBA: CWS & DELHI FASHIONS, SPA & DHABA                        A2N2, INC                         13112 SAN PABLO AVE, #B,                         SAN PABLO, CA  94805-1311","","","","","22","0710","13112 SAN PABLO AVE, #B","SAN PABLO","07","94805","","","",""
"518554","ACTIVE SUREND","47 | 0","07/17/2012","06/30/2024","DBA: ROCCAPULCO                        BLU ICE ENTERTAINMENT LLC                         3140 MISSION ST,                         SAN FRANCISCO, CA  94110-4504","","47-453283","7","FIDELITY NATIONAL TITLE 601 CALIFORNIA ST STE 1501 SAN FRANCISCO, CA  94108-2820","24","3800","3140 MISSION ST","SAN FRANCISCO","38","94110","","","",""
"518554","ACTIVE SUREND","47 | 0","07/17/2012","06/30/2024","DBA: ROCCAPULCO                        BLU ICE ENTERTAINMENT LLC                         3140 MISSION ST,                         SAN FRANCISCO, CA  94110-4504","","47-453283","7","FIDELITY NATIONAL TITLE 601 CALIFORNIA ST STE 1501 SAN FRANCISCO, CA  94108-2820","24","3800","3140 MISSION ST","SAN FRANCISCO","38","94110","","","",""
"533596","REVPEN ACTIVE","23 | 0","09/10/2013","08/31/2023","DBA: GROUNDSWELL BREWING COMPANY                        GROUNDSWELL BREWING COMPANY                         6304 RIVERDALE ST,                         SAN DIEGO, CA  92120-3310","","","7","","10","3710","6304 RIVERDALE ST","SAN DIEGO","37","92120","","","",""
"533596","REVPEN ACTIVE","23 | 0","09/10/2013","08/31/2023","DBA: GROUNDSWELL BREWING COMPANY                        GROUNDSWELL BREWING COMPANY                         6304 RIVERDALE ST,                         SAN DIEGO, CA  92120-3310","","","7","","10","3710","6304 RIVERDALE ST","SAN DIEGO","37","92120","","","",""
"536789","ACTIVE CANCEL","20 | 0","10/30/2013","09/30/2023","ASKAR, SAMER N                         691 N RAMONA BLVD, STE C,                         SAN JACINTO, CA  92583-3312","","20-412892/ 20-649220","7","PALOMARES ESCROW INC 1425 W FOOTHILL BLVD STE 230 UPLAND, CA  91786","7","3313","691 N RAMONA BLVD, STE C","SAN JACINTO","33","92583","","","",""
"542290","ACTIVE CANCEL","41 | 0","07/07/2014","06/30/2024","DBA: EL MESQUITE RESTAURANT                        CORTEZ, KARINA CELESTE                         9966 BLOOMINGTON AVE,                         BLOOMINGTON, CA  92316-2009","8986 LARKSPUR DR                              FONTANA, CA  92335","41-526347","","","7","3600","9966 BLOOMINGTON AVE","BLOOMINGTON","36","92316","8986 LARKSPUR DR","FONTANA","92335","CA"
"554362","ACTIVE CANCEL","23 | 0","07/01/2015","06/30/2024","DBA: LAMPPOST PIZZA AND BACK STREET BREWERY                        LAMP POST PIZZA                         14450 CULVER DR, STE E & F,                         IRVINE, CA  92604-0300","3002 DOW AVE, STE  414                              TUSTIN, CA  92780-7236","","R","","11","3026","14450 CULVER DR, STE E & F","IRVINE","30","92604","3002 DOW AVE, STE  414","TUSTIN","92780","CA"
"555009","AUTREV ACTIVE","26 | 0","03/04/2015","06/30/2024","DBA: BRASSERIE SAINT JAMES                        FAR OPCO LLC                         901 S CENTER ST,                         RENO, NV  89501","","","","","75","9999","901 S CENTER ST","RENO","","89501","","","",""
"555009","AUTREV ACTIVE","26 | 0","03/04/2015","06/30/2024","DBA: BRASSERIE SAINT JAMES                        FAR OPCO LLC                         901 S CENTER ST,                         RENO, NV  89501","","","","","75","9999","901 S CENTER ST","RENO","","89501","","","",""
"556014","ACTIVE CANCEL","41 | 0","01/22/2016","12/31/2023","DBA: CUCINA BASILICO                        PANZERDEC INC                         7200 PARKWAY DR, STE 111-112,                         LA MESA, CA  91942","","","7","","10","3707","7200 PARKWAY DR, STE 111-112","LA MESA","37","91942","","","",""
"560245","ACTIVE CANCEL","41 | 0","09/08/2015","12/31/2023","DBA: EL DELFIN RESTAURANTS                        EL DELFIN RESTAURANTS INC                         1800 S CENTRAL AVE,                         LOS ANGELES, CA  90021-3033","","41-348881/ 41-645696","7,8","","4","1933","1800 S CENTRAL AVE","LOS ANGELES","19","90021","","","",""
"567557","REVPEN ACTIVE","41 | 0","05/10/2016","04/30/2024","DBA: RENEGADE WINERY                        RUEGER, MARK ALLEN                         8345 MAIN ST,                         MOKELUMNE HILL, CA  95245","","","7","","29","0500","8345 MAIN ST","MOKELUMNE HILL","05","95245","","","",""
"567557","REVPEN ACTIVE","41 | 0","05/10/2016","04/30/2024","DBA: RENEGADE WINERY                        RUEGER, MARK ALLEN                         8345 MAIN ST,                         MOKELUMNE HILL, CA  95245","","","7","","29","0500","8345 MAIN ST","MOKELUMNE HILL","05","95245","","","",""
"567708","ACTIVE CANCEL","41 | 0","08/23/2016","07/31/2023","DBA: ANDREAS ON PINE                        CIBO E FAMIGLIA, LLC                         840 11TH ST, STE 104,                         PASO ROBLES, CA  93446-5555","744 CHERRY ST                              PASO ROBLES, CA  93446","","","","13","4002","840 11TH ST, STE 104","PASO ROBLES","40","93446","744 CHERRY ST","PASO ROBLES","93446","CA"
"572614","AUTREV SUREND","41 | 0","10/17/2016","09/30/2023","DBA: SURF CITY FISH GRILL                        ABLE INVESTMENTS LLC                         17965 BEACH BLVD,                         HUNTINGTON BEACH, CA  92647-7103","","","","","11","3010","17965 BEACH BLVD","HUNTINGTON BEACH","30","92647","","","",""
"572614","AUTREV SUREND","41 | 0","10/17/2016","09/30/2023","DBA: SURF CITY FISH GRILL                        ABLE INVESTMENTS LLC                         17965 BEACH BLVD,                         HUNTINGTON BEACH, CA  92647-7103","","","","","11","3010","17965 BEACH BLVD","HUNTINGTON BEACH","30","92647","","","",""
"574411","REVPEN ACTIVE","47 | 0","05/14/2021","04/30/2024","DBA: BASTARDS AMERICAN CANTEEN                        BASTARDS BAR-B-QUE LLC                         27717 JEFFERSON AVE,                         TEMECULA, CA  92590-2639","11045 DOWNEY AVE                              DOWNEY, CA  90241-3710","","","","7","3322","27717 JEFFERSON AVE","TEMECULA","33","92590","11045 DOWNEY AVE","DOWNEY","90241","CA"
"574411","REVPEN ACTIVE","47 | 0","05/14/2021","04/30/2024","DBA: BASTARDS AMERICAN CANTEEN                        BASTARDS BAR-B-QUE LLC                         27717 JEFFERSON AVE,                         TEMECULA, CA  92590-2639","11045 DOWNEY AVE                              DOWNEY, CA  90241-3710","","","","7","3322","27717 JEFFERSON AVE","TEMECULA","33","92590","11045 DOWNEY AVE","DOWNEY","90241","CA"
"581119","ACTIVE CANCEL","18 | 0","10/10/2017","09/30/2023","4TH ST BEVERAGE, INC                         13790 STOWE DR, STE B,                         POWAY, CA  92064-8841","843 E 4TH ST                              LOS ANGELES, CA  90013-1801","","","","9","3716","13790 STOWE DR, STE B","POWAY","37","92064","843 E 4TH ST","LOS ANGELES","90013","CA"
"591699","REVPEN ACTIVE","41 | 0","05/02/2018","04/30/2024","DBA: CAPRICCIO                        CAPRICCIO INC                         298 E MAIN ST,                         VENTURA, CA  93001","","41-428748","7","ALISO ESCROW 4522 MARKET ST VENTURA, CA  93003","12","5606","298 E MAIN ST","VENTURA","56","93001","","","",""
"591699","REVPEN ACTIVE","41 | 0","05/02/2018","04/30/2024","DBA: CAPRICCIO                        CAPRICCIO INC                         298 E MAIN ST,                         VENTURA, CA  93001","","41-428748","7","ALISO ESCROW 4522 MARKET ST VENTURA, CA  93003","12","5606","298 E MAIN ST","VENTURA","56","93001","","","",""
"591813","REVPEN ACTIVE","41 | 0","05/01/2018","04/30/2024","DBA: DEEMERS MAPLE CAFE                        MAPLE CAFE                         27221 LA PAZ RD, STE E,                         LAGUNA NIGUEL, CA  92677-3630","","41-501858","7","ADVANTAGE ONE ESCROW COMPANY 19671 BEACH BLVD STE 103 HUNTINGTON BEACH, CA  92648","11","3030","27221 LA PAZ RD, STE E","LAGUNA NIGUEL","30","92677","","","",""
"591813","REVPEN ACTIVE","41 | 0","05/01/2018","04/30/2024","DBA: DEEMERS MAPLE CAFE                        MAPLE CAFE                         27221 LA PAZ RD, STE E,                         LAGUNA NIGUEL, CA  92677-3630","","41-501858","7","ADVANTAGE ONE ESCROW COMPANY 19671 BEACH BLVD STE 103 HUNTINGTON BEACH, CA  92648","11","3030","27221 LA PAZ RD, STE E","LAGUNA NIGUEL","30","92677","","","",""
"598628","ACTIVE SUREND","47 | 1","05/06/2020","04/30/2024","DBA: ORIGINAL TONYS DELI                        ORIGINAL TONY'S DELI                         613 S ANAHEIM BLVD,                         ANAHEIM, CA  92805-4702","5819 LAKESHORE LN                              YORBA LINDA, CA  92886","","5","","11","3001","613 S ANAHEIM BLVD","ANAHEIM","30","92805","5819 LAKESHORE LN","YORBA LINDA","92886","CA"
"598628","ACTIVE SUREND","77 | 1","05/06/2020","04/30/2024","DBA: ORIGINAL TONYS DELI                        ORIGINAL TONY'S DELI                         613 S ANAHEIM BLVD,                         ANAHEIM, CA  92805-4702","5819 LAKESHORE LN                              YORBA LINDA, CA  92886","","5","","11","3001","613 S ANAHEIM BLVD","ANAHEIM","30","92805","5819 LAKESHORE LN","YORBA LINDA","92886","CA"
"602759","REVPEN ACTIVE","41 | 0","05/16/2019","04/30/2024","DBA: RAVELLO                        BOLLINI HOSPITALITY GROUP                         2315 S GARFIELD AVE,                         MONTEREY PARK, CA  91754-7219","","41-570085","","LAW OFFICE OF DOMINIC A LOMBARDO 115 E POMONA BLVD STE A MONTEREY PARK, CA  91755","2","1939","2315 S GARFIELD AVE","MONTEREY PARK","19","91754","","","",""
"602759","REVPEN ACTIVE","41 | 0","05/16/2019","04/30/2024","DBA: RAVELLO                        BOLLINI HOSPITALITY GROUP                         2315 S GARFIELD AVE,                         MONTEREY PARK, CA  91754-7219","","41-570085","","LAW OFFICE OF DOMINIC A LOMBARDO 115 E POMONA BLVD STE A MONTEREY PARK, CA  91755","2","1939","2315 S GARFIELD AVE","MONTEREY PARK","19","91754","","","",""
"604616","REVPEN ACTIVE","47 | 0","05/23/2019","04/30/2024","DBA: HAPPY SUMMERLY COMPANY                        HAPPY SUMMERLY COMPANY                         29381 VILLAGE PKWY,                         LAKE ELSINORE, CA  92530-4622","29338 LINKS                              LAKE ELSINORE, CA  92530","47-558052","","CARE ESCROW 1081 GRAND AVE DIAMOND BAR, CA  91765","7","3307","29381 VILLAGE PKWY","LAKE ELSINORE","33","92530","29338 LINKS","LAKE ELSINORE","92530","CA"
"604616","REVPEN ACTIVE","47 | 0","05/23/2019","04/30/2024","DBA: HAPPY SUMMERLY COMPANY                        HAPPY SUMMERLY COMPANY                         29381 VILLAGE PKWY,                         LAKE ELSINORE, CA  92530-4622","29338 LINKS                              LAKE ELSINORE, CA  92530","47-558052","","CARE ESCROW 1081 GRAND AVE DIAMOND BAR, CA  91765","7","3307","29381 VILLAGE PKWY","LAKE ELSINORE","33","92530","29338 LINKS","LAKE ELSINORE","92530","CA"
"606985","ACTIVE CANCEL","21 | 0","08/20/2019","07/31/2023","DBA: TONY'S LIQUOR                        PREET INVESTMENTS LLC                         3100 FULTON AVE, STE 102,                         SACRAMENTO, CA  95821-4730","","21-572198/ 21-644126","7","CAPITAL CITY ESCROW INC 3838 WATT AVE #F610 SACRAMENTO, CA  95821","23","3400","3100 FULTON AVE, STE 102","SACRAMENTO","34","95821","","","",""
"607079","ACTIVE CANCEL","20 | 0","07/29/2019","06/30/2024","DBA: 7-ELEVEN STORE 38097A                        7 ELEVEN INC                         7830 PINE AVE,                         CHINO, CA  91708","PO BOX 139044, ATTN: LICENSING DEPARTMENT                              DALLAS, TX  75313-9044","20-582843/ 20-648996","","7 ELEVEN INC PO BOX 219088 DALLAS, TX  75221-9088","7","3602","7830 PINE AVE","CHINO","36","91708","PO BOX 139044, ATTN: LICENSING DEPARTMENT","DALLAS","75313","TX"
"614304","ACTIVE CANCEL","41 | 0","04/09/2020","03/31/2024","DBA: NORTHERN CAFE CHINESE HOT POT                        XYC, INC.                          1061 BROXTON AVE,                         LOS ANGELES, CA  90024-2803","3828 S MORGANFIELD AVE                              WEST COVINA, CA  91792-3237","","7","","4","1933","1061 BROXTON AVE","LOS ANGELES","19","90024","3828 S MORGANFIELD AVE","WEST COVINA","91792","CA"
"614304","ACTIVE CANCEL","41 | 0","04/09/2020","03/31/2024","DBA: NORTHERN CAFE CHINESE HOT POT                        XYC, INC.                          1061 BROXTON AVE,                         LOS ANGELES, CA  90024-2803","3828 S MORGANFIELD AVE                              WEST COVINA, CA  91792-3237","","7","","4","1933","1061 BROXTON AVE","LOS ANGELES","19","90024","3828 S MORGANFIELD AVE","WEST COVINA","91792","CA"
"616143","REVPEN ACTIVE","41 | 0","05/06/2020","04/30/2024","DBA: HOPPER & BURR                        TDS COFFEE, LLC                         202 W 4TH ST,                         SANTA ANA, CA  92701-4697","","","","","11","3017","202 W 4TH ST","SANTA ANA","30","92701","","","",""
"616143","REVPEN ACTIVE","41 | 0","05/06/2020","04/30/2024","DBA: HOPPER & BURR                        TDS COFFEE, LLC                         202 W 4TH ST,                         SANTA ANA, CA  92701-4697","","","","","11","3017","202 W 4TH ST","SANTA ANA","30","92701","","","",""
"617052","ACTIVE CANCEL","41 | 1","08/11/2020","07/31/2023","DBA: WEST COAST PHILLY'S                        SUPERIOR CORPORATION, INC.                         1902 S PACIFIC AVE,                         SAN PEDRO, CA  90731-5530","","","7","","3","1933","1902 S PACIFIC AVE","SAN PEDRO","19","90731","","","",""
"617052","ACTIVE CANCEL","58 | 1","08/11/2020","07/31/2023","DBA: WEST COAST PHILLY'S                        SUPERIOR CORPORATION, INC.                         1902 S PACIFIC AVE,                         SAN PEDRO, CA  90731-5530","","","7","","3","1933","1902 S PACIFIC AVE","SAN PEDRO","19","90731","","","",""
"617795","ACTIVE AUTREV","28 | 0","07/06/2020","06/30/2022","WEST FORK WHISKEY CO                         1660 BELLEFONTAINE ST,                         INDIANAPOLIS, IN  46202","","","","","75","9999","1660 BELLEFONTAINE ST","INDIANAPOLIS","","46202","","","",""
"617795","ACTIVE AUTREV","28 | 0","07/06/2020","06/30/2022","WEST FORK WHISKEY CO                         1660 BELLEFONTAINE ST,                         INDIANAPOLIS, IN  46202","","","","","75","9999","1660 BELLEFONTAINE ST","INDIANAPOLIS","","46202","","","",""
"621396","ACTIVE CANCEL","41 | 0","11/23/2020","10/31/2023","DBA: PHARAOH                        Q KARAOKE STUDIO INC.                         9721 FOLSOM BLVD,                         SACRAMENTO, CA  95827-1326","","41-451220/ 41-647811","7","","23","3400","9721 FOLSOM BLVD","SACRAMENTO","34","95827","","","",""
"621929","ACTIVE CANCEL","40 | 0","04/20/2021","03/31/2024","DBA: MARISCOS EL CAMARON EXPRESS                        GONZALEZ, LUCIA                         1198 MIRASOL ST,                         LOS ANGELES, CA  90023-3119","","40-422804/ 40-647214","","","4","1933","1198 MIRASOL ST","LOS ANGELES","19","90023","","","",""
"624611","PEND WITHDRAWN","57 | 0","","","TENTEN LIVE, LLC                         1027 WILSHIRE BLVD, ROOFTOP,                         LOS ANGELES, CA  90017","370 CONVENTION WY                              REDWOOD CITY, CA  94063","579196","7","ABC ESCROW 2222 DAMON STREET  LOS ANGELES, CA  90021","4","1933","1027 WILSHIRE BLVD, ROOFTOP","LOS ANGELES","19","90017","370 CONVENTION WY","REDWOOD CITY","94063","CA"
"624962","REVPEN ACTIVE","41 | 0","05/26/2021","04/30/2024","ALONSO , SERGIO                          3543 ATCHISON ST,                         RIVERBANK, CA  95367-2024","","","","","29","5006","3543 ATCHISON ST","RIVERBANK","50","95367","","","",""
"624962","REVPEN ACTIVE","41 | 0","05/26/2021","04/30/2024","ALONSO , SERGIO                          3543 ATCHISON ST,                         RIVERBANK, CA  95367-2024","","","","","29","5006","3543 ATCHISON ST","RIVERBANK","50","95367","","","",""
"626763","R64B ACTIVE","47 | 0","02/04/2022","01/31/2024","DBA: MUNCHERY THE                        DOGGONE DONKEY, INC                         1797 S MAIN ST,                         WILLITS, CA  95490-4439","","47-469511","7","FIDELITY NATIONAL TITLE 2099 GATEWAY PLACE STE 500 SAN JOSE, CA  95110","27","2304","1797 S MAIN ST","WILLITS","23","95490","","","",""
"626859","ACTIVE CANCEL","20 | 0","08/26/2021","07/31/2023","DBA: VIGNERONNE WINES, WINE MAKING WOMEN                        FLANEUSE WINES LLC                         2001 MAPLE GLEN RD,                         SACRAMENTO, CA  95864-1637","","","7,I","","23","3400","2001 MAPLE GLEN RD","SACRAMENTO","34","95864","","","",""
"626859","ACTIVE CANCEL","17 | 1","08/26/2021","07/31/2023","DBA: VIGNERONNE WINES, WINE MAKING WOMEN                        FLANEUSE WINES LLC                         2001 MAPLE GLEN RD,                         SACRAMENTO, CA  95864-1637","","","7","","23","3400","2001 MAPLE GLEN RD","SACRAMENTO","34","95864","","","",""
"626859","ACTIVE CANCEL","09 | 1","08/26/2021","07/31/2023","DBA: VIGNERONNE WINES, WINE MAKING WOMEN                        FLANEUSE WINES LLC                         2001 MAPLE GLEN RD,                         SACRAMENTO, CA  95864-1637","","","7","","23","3400","2001 MAPLE GLEN RD","SACRAMENTO","34","95864","","","",""
"627739","ACTIVE CANCEL","47 | 1","03/22/2022","02/29/2024","DBA: TODO VERDE                        TODO VERDE, LLC                         2580 CAHUENGA BLVD E,                         LOS ANGELES, CA  90068-2752","310 ECHANDIA ST                              LOS ANGELES, CA  90033-2309","47-579350/ 47-648999","7,A","","4","1933","2580 CAHUENGA BLVD E","LOS ANGELES","19","90068","310 ECHANDIA ST","LOS ANGELES","90033","CA"
"627739","ACTIVE CANCEL","58 | 1","03/22/2022","02/29/2024","DBA: TODO VERDE                        TODO VERDE, LLC                         2580 CAHUENGA BLVD E,                         LOS ANGELES, CA  90068-2752","310 ECHANDIA ST                              LOS ANGELES, CA  90033-2309","47-579350/ 47-648999","7,A","","4","1933","2580 CAHUENGA BLVD E","LOS ANGELES","19","90068","310 ECHANDIA ST","LOS ANGELES","90033","CA"
"628505","ACTIVE CANCEL","48 | 0","09/30/2021","08/31/2023","UNIKING 2, LLC                         656 S MAIN ST,                         LOS ANGELES, CA  90014-2004","900 N BROADWAY, STE 1050                              LOS ANGELES, CA  90012-4563","48-530518/ 48-649128","7","ALL BROKERS ESCROW INC 2924 W MAGNOLIA BLVD  BURBANK, CA  91505","4","1933","656 S MAIN ST","LOS ANGELES","19","90014","900 N BROADWAY, STE 1050","LOS ANGELES","90012","CA"
"634720","PEND ACTIVE","20 | 0","07/27/2023","06/30/2024","DBA: G&M 4                        G & M OIL COMPANY INC                         16990 BEACH BLVD,                         HUNTINGTON BEACH, CA  92647-4836","16868 A LN                              HUNTINGTON BEACH, CA  92647-4831","","","","11","3010","16990 BEACH BLVD","HUNTINGTON BEACH","30","92647","16868 A LN","HUNTINGTON BEACH","92647","CA"
"635256","PEND WITHDRAWN","47 | 0","","","KINGS COURT LLC                         5135 W HIGHWAY 20,                         UPPER LAKE, CA  95485-9315","","448292","","STEWART TITLE GUARANTY COMPANY  1200 CALIFORNIA ST  #120 REDLANDS, CA  92373","27","1700","5135 W HIGHWAY 20","UPPER LAKE","17","95485","","","",""
"635521","PEND ACTIVE","17 | 0","07/28/2023","06/30/2024","DBA: HQ THINK TANK LLC                        H.Q. THINK TANK LLC                         8265 TOLOSO RD,                         ATASCADERO, CA  93422-4811","PO BOX 1336                              PASO ROBLES, CA  93447-1336","","7","","13","4007","8265 TOLOSO RD","ATASCADERO","40","93422","PO BOX 1336","PASO ROBLES","93447","CA"
"635521","PEND ACTIVE","20 | 0","07/28/2023","06/30/2024","DBA: HQ THINK TANK LLC                        H.Q. THINK TANK LLC                         8265 TOLOSO RD,                         ATASCADERO, CA  93422-4811","PO BOX 1336                              PASO ROBLES, CA  93447-1336","","7,I","","13","4007","8265 TOLOSO RD","ATASCADERO","40","93422","PO BOX 1336","PASO ROBLES","93447","CA"
"635764","PEND ACTIVE","48 | 0","07/27/2023","06/30/2024","DBA: SAVOY TIVOLI                        SAVOY TIVOLI MANAGEMENT CORP                         1438 GRANT AVE,                         SAN FRANCISCO, CA  94133-3304","","48-488836","7","","24","3800","1438 GRANT AVE","SAN FRANCISCO","38","94133","","","",""
"636092","PEND ACTIVE","02 | 0","07/28/2023","06/30/2024","DBA: BELLA LUCY                        WILSON, DEAN ALAN                         4286 SUISUN VALLEY RD,                         FAIRFIELD, CA  94534-3159","149 E D ST                              BENICIA, CA  94510","","","","22","4800","4286 SUISUN VALLEY RD","FAIRFIELD","48","94534","149 E D ST","BENICIA","94510","CA"
"637743","PEND ACTIVE","47 | 1","07/27/2023","06/30/2024","DBA: GAUCHO BEACH                        BEACH RESTAURANT GROUP, INC.                         780 E SHORELINE DR,                         LONG BEACH, CA  90802","10840 PARAMOUNT BLVD                              DOWNEY, CA  90241-3338","","7,A","","3","1932","780 E SHORELINE DR","LONG BEACH","19","90802","10840 PARAMOUNT BLVD","DOWNEY","90241","CA"
"637743","PEND ACTIVE","47 | 1","07/27/2023","06/30/2024","DBA: GAUCHO BEACH                        BEACH RESTAURANT GROUP, INC.                         780 E SHORELINE DR,                         LONG BEACH, CA  90802","10840 PARAMOUNT BLVD                              DOWNEY, CA  90241-3338","","7,A","","3","1932","780 E SHORELINE DR","LONG BEACH","19","90802","10840 PARAMOUNT BLVD","DOWNEY","90241","CA"
"637743","PEND ACTIVE","58 | 1","07/27/2023","06/30/2024","DBA: GAUCHO BEACH                        BEACH RESTAURANT GROUP, INC.                         780 E SHORELINE DR,                         LONG BEACH, CA  90802","10840 PARAMOUNT BLVD                              DOWNEY, CA  90241-3338","","7,A","","3","1932","780 E SHORELINE DR","LONG BEACH","19","90802","10840 PARAMOUNT BLVD","DOWNEY","90241","CA"
"639991","R64B ACTIVE","47 | 0","02/22/2023","01/31/2024","DBA: SUSHI GAGA                        DREAMPEER INC.                         634 14TH ST, STE 109-110,                         SAN DIEGO, CA  92101","6088 SAINT THERESE WY                              SAN DIEGO, CA  92120","47-625819","7","ABC ESCROW 2222 DAMON STREET  LOS ANGELES, CA  90021","10","3710","634 14TH ST, STE 109-110","SAN DIEGO","37","92101","6088 SAINT THERESE WY","SAN DIEGO","92120","CA"
"640277","ACTIVE CANCEL","21 | 0","10/06/2022","09/30/2023","DBA: MELS LIQUORS                        B&H ENTERPRISES INC.                         1220 V ST,                         MERCED, CA  95340-5631","21925 VERNETTI WY                              CASTRO VALLEY, CA  94546","21-533719/ 21-648695","7","BAY AREA ESCROW COMPANY 2817 CROW CANYON RD STE 102 SAN RAMON, CA  94583","29","2406","1220 V ST","MERCED","24","95340","21925 VERNETTI WY","CASTRO VALLEY","94546","CA"
"640505","PEND ACTIVE","12 | 1","07/28/2023","09/30/2023","DBA: RUISENOR                        VELAZQUEZ-MARTIN, PABLO ANTONIO                         120 S VIGNES ST, APT 102,                         LOS ANGELES, CA  90012-4336","","18-584081","7","","4","1933","120 S VIGNES ST, APT 102","LOS ANGELES","19","90012","","","",""
"640505","PEND ACTIVE","18 | 1","07/28/2023","09/30/2023","DBA: RUISENOR                        VELAZQUEZ-MARTIN, PABLO ANTONIO                         120 S VIGNES ST, APT 102,                         LOS ANGELES, CA  90012-4336","","18-584081","7","","4","1933","120 S VIGNES ST, APT 102","LOS ANGELES","19","90012","","","",""
"641685","PEND ACTIVE","47 | 0","07/28/2023","06/30/2024","DBA: FUJISAN SUSHI                        FUJISAN LLC                         1560 OCOTILLO DR, STE O,                         EL CENTRO, CA  92243-4237","1120 S 14TH ST                              EL CENTRO, CA  92243-3811","","5","","8","1304","1560 OCOTILLO DR, STE O","EL CENTRO","13","92243","1120 S 14TH ST","EL CENTRO","92243","CA"
"642133","PEND ACTIVE","21 | 0","07/28/2023","06/30/2024","DBA: ARCO VICTOR RD                        MARKS FUEL & FOOD, INC.                         880 E VICTOR RD,                         LODI, CA  95240-0721","880 E VICTOR RD                              LODI, CA  95240-0721","","5","","29","3902","880 E VICTOR RD","LODI","39","95240","880 E VICTOR RD","LODI","95240","CA"
"643032","PEND ACTIVE","21 | 0","07/28/2023","06/30/2024","DBA: SAVE MART 8                        SAVE MART SUPERMARKETS LLC                         130 W STOCKTON ST,                         SONORA, CA  95370-4952","PO BOX 4664                              MODESTO, CA  95352-4664","21-67501","","","29","5501","130 W STOCKTON ST","SONORA","55","95370","PO BOX 4664","MODESTO","95352","CA"
"643041","PEND ACTIVE","21 | 0","07/28/2023","06/30/2024","DBA: SAVE MART 39                        SAVE MART SUPERMARKETS LLC                         4725 QUAIL LAKES DR,                         STOCKTON, CA  95207-5243","PO BOX 4664                              MODESTO, CA  95352-4664","21-125153","","","29","3905","4725 QUAIL LAKES DR","STOCKTON","39","95207","PO BOX 4664","MODESTO","95352","CA"
"643041","PEND ACTIVE","86 | 0","07/28/2023","06/30/2024","DBA: SAVE MART 39                        SAVE MART SUPERMARKETS LLC                         4725 QUAIL LAKES DR,                         STOCKTON, CA  95207-5243","PO BOX 4664                              MODESTO, CA  95352-4664","86-125153","","","29","3905","4725 QUAIL LAKES DR","STOCKTON","39","95207","PO BOX 4664","MODESTO","95352","CA"
"643054","PEND ACTIVE","86 | 0","07/28/2023","06/30/2024","DBA: SAVE MART 53                        SAVE MART SUPERMARKETS LLC                         150 W OLIVE AVE,                         MERCED, CA  95348-3135","PO BOX 4664                              MODESTO, CA  95352-4664","","","","29","2406","150 W OLIVE AVE","MERCED","24","95348","PO BOX 4664","MODESTO","95352","CA"
"643054","PEND ACTIVE","21 | 0","07/28/2023","06/30/2024","DBA: SAVE MART 53                        SAVE MART SUPERMARKETS LLC                         150 W OLIVE AVE,                         MERCED, CA  95348-3135","PO BOX 4664                              MODESTO, CA  95352-4664","21-163305","","","29","2406","150 W OLIVE AVE","MERCED","24","95348","PO BOX 4664","MODESTO","95352","CA"
"643059","PEND ACTIVE","21 | 0","07/27/2023","06/30/2024","DBA: SAVE MART 86                        SAVE MART SUPERMARKETS LLC                         801 OAKDALE RD,                         MODESTO, CA  95355-4592","PO BOX 4664                              MODESTO, CA  95352-4664","21-375427","","","29","5002","801 OAKDALE RD","MODESTO","50","95355","PO BOX 4664","MODESTO","95352","CA"
"643059","PEND ACTIVE","86 | 0","07/27/2023","06/30/2024","DBA: SAVE MART 86                        SAVE MART SUPERMARKETS LLC                         801 OAKDALE RD,                         MODESTO, CA  95355-4592","PO BOX 4664                              MODESTO, CA  95352-4664","86-375427","","","29","5002","801 OAKDALE RD","MODESTO","50","95355","PO BOX 4664","MODESTO","95352","CA"
"643154","PEND ACTIVE","75 | 0","07/28/2023","06/30/2024","DBA: HERITAGE BARBECUE                        HERITAGE OCEANSIDE LLC                         2002 S COAST HWY,                         OCEANSIDE, CA  92054-6535","31721 CAMINO CAPISTRANO                              SAN JUAN CAPISTRANO, CA  92675-2653","75-611640","7","HERITAGE ESCROW COMPANY THE 2550 FIFTH AVE  STE 800  SAN DIEGO, CA  92103","9","3709","2002 S COAST HWY","OCEANSIDE","37","92054","31721 CAMINO CAPISTRANO","SAN JUAN CAPISTRANO","92675","CA"
"643154","PEND ACTIVE","75 | 0","07/28/2023","06/30/2024","DBA: HERITAGE BARBECUE                        HERITAGE OCEANSIDE LLC                         2002 S COAST HWY,                         OCEANSIDE, CA  92054-6535","31721 CAMINO CAPISTRANO                              SAN JUAN CAPISTRANO, CA  92675-2653","75-611640","7","HERITAGE ESCROW COMPANY THE 2550 FIFTH AVE  STE 800  SAN DIEGO, CA  92103","9","3709","2002 S COAST HWY","OCEANSIDE","37","92054","31721 CAMINO CAPISTRANO","SAN JUAN CAPISTRANO","92675","CA"
"643482","PEND ACTIVE","41 | 0","07/28/2023","06/30/2024","DBA: CECE RESTAURANT                        NGUYEN, VICTOR                         12921 FERN ST, STE A-C,                         STANTON, CA  90680","","41-613364","7","LUCKY TEAM ESCROW INC 13305 BROOKHURST ST GARDEN GROVE, CA  92843-3117","11","3019","12921 FERN ST, STE A-C","STANTON","30","90680","","","",""
"643730","PEND WITHDRAWN","14 | 0","","","DBA: LODI VINES                        CALRUNN LLC                         927 INDUSTRIAL WAY,                         LODI, CA  95240-3105","2250 VALMORA DR                              STOCKTON, CA  95210-1647","","","","29","3902","927 INDUSTRIAL WAY","LODI","39","95240","2250 VALMORA DR","STOCKTON","95210","CA"
"643730","PEND WITHDRAWN","22 | 0","","","DBA: LODI VINES                        CALRUNN LLC                         927 INDUSTRIAL WAY,                         LODI, CA  95240-3105","2250 VALMORA DR                              STOCKTON, CA  95210-1647","","","","29","3902","927 INDUSTRIAL WAY","LODI","39","95240","2250 VALMORA DR","STOCKTON","95210","CA"
"644126","PEND ACTIVE","21 | 0","07/27/2023","06/30/2024","DBA: TONY'S LIQUOR                        SADEORA ENTERPRISE                          3100 FULTON AVE, STE 102,                         SACRAMENTO, CA  95821-4730","8442 KEUSMAN ST                              ELK GROVE, CA  95758","21-606985","7","CAPITOL CITY ESCROW 3838 WATT AVE STE F-610 SACRAMENTO, CA  95821","23","3400","3100 FULTON AVE, STE 102","SACRAMENTO","34","95821","8442 KEUSMAN ST","ELK GROVE","95758","CA"
"644599","PEND WITHDRAWN","20 | 0","","","DBA: LINDAS LIQUOR AND GROCERY                        HERNANDEZ, JONATHAN                         1570 POMEROY AVE,                         SANTA CLARA, CA  95051-8002","","","7","","25","4314","1570 POMEROY AVE","SANTA CLARA","43","95051","","","",""
"645390","PEND ACTIVE","02 | 0","07/28/2023","06/30/2024","DBA: JEFF BRANCO CELLARS                        BRANCO, JEFFREY MICHAEL JR                         3230 RIVERSIDE AVE, STE 190,                         PASO ROBLES, CA  93446-6000","1375 E GRAND AVE , STE 103 PMB 544                              ARROYO GRANDE, CA  93420-2421","","7","","13","4002","3230 RIVERSIDE AVE, STE 190","PASO ROBLES","40","93446","1375 E GRAND AVE , STE 103 PMB 544","ARROYO GRANDE","93420","CA"
"645508","PEND ACTIVE","41 | 0","07/28/2023","06/30/2024","AV SUSHI & MORE                          2728 E PALMDALE BLVD, STE 116 - 117,                         PALMDALE, CA  93550-4931","","","","","5","1974","2728 E PALMDALE BLVD, STE 116 - 117","PALMDALE","19","93550","","","",""
"645696","PEND ACTIVE","41 | 0","07/27/2023","06/30/2024","DBA: ALBERTINA'S MEXICAN CUISINE                         ALBERTINA'S MEXICAN CUISINE INC                          1800 S CENTRAL AVE,                         LOS ANGELES, CA  90021-3033","","41-560245","7","PENN ESCROW INC 1818 W BEVERLY BLVD STE 103 MONTEBELLO, CA  90640","4","1933","1800 S CENTRAL AVE","LOS ANGELES","19","90021","","","",""
"645790","PEND ACTIVE","17 | 0","07/27/2023","06/30/2024","DBA: JUVINILE WINES                        JUVINILE LLC                         2399 JANIN PL,                         SOLVANG, CA  93463","","","7","","13","4200","2399 JANIN PL","SOLVANG","42","93463","","","",""
"645790","PEND ACTIVE","20 | 0","07/27/2023","06/30/2024","DBA: JUVINILE WINES                        JUVINILE LLC                         2399 JANIN PL,                         SOLVANG, CA  93463","","","7,I","","13","4200","2399 JANIN PL","SOLVANG","42","93463","","","",""
"646012","PEND ACTIVE","41 | 0","07/28/2023","06/30/2024","DBA: LOS PERICOS BAR AND GRILL                        TACOS LOS PERICOS, LLC                         6100 S MOONEY BLVD,                         VISALIA, CA  93277-9394","1348 E PROSPERITY AVE                              TULARE, CA  93274-8052","","7","","21","5406","6100 S MOONEY BLVD","VISALIA","54","93277","1348 E PROSPERITY AVE","TULARE","93274","CA"
"646168","PEND ACTIVE","70 | 0","07/27/2023","06/30/2024","DBA: FAIRFIELD INN & SUITES #7335                        MG HOSPITALITY, LLC                         1710 W SHAW AVE,                         FRESNO, CA  93711","15051 LEFFINGWELL RD, STE 201                              WHITTIER, CA  90604-2159","","","","21","1005","1710 W SHAW AVE","FRESNO","10","93711","15051 LEFFINGWELL RD, STE 201","WHITTIER","90604","CA"
"646468","PEND ACTIVE","47 | 0","07/28/2023","04/30/2024","DBA: PICCOLO PARADISO                        GD ASSOCIATES LLC                         150-152 S BEVERLY DR ,                         BEVERLY HILLS, CA  90212-3003","9405 BRIGHTON WY, STE 20                              BEVERLY HILLS, CA  90210-4727","47-518657","7","","4","1908","150-152 S BEVERLY DR","BEVERLY HILLS","19","90212","9405 BRIGHTON WY, STE 20","BEVERLY HILLS","90210","CA"
"646506","PEND ACTIVE","47 | 0","07/28/2023","06/30/2024","DBA: SLICE OF ITALY ROSEDALE                        SIDHU'S CUISINE INC                         10524 HAGEMAN RD, SUITE C1-C3,                         BAKERSFIELD, CA  93312-9106","6900 SAVANAH FALLS DR                              BAKERSFIELD, CA  93312","47-573174","7","TICOR TITLE COMPANY OF CALIFORNIA 10000 STOCKDALE HWY STE 101 BAKERSFIELD, CA  93311","6","1501","10524 HAGEMAN RD, SUITE C1-C3","BAKERSFIELD","15","93312","6900 SAVANAH FALLS DR","BAKERSFIELD","93312","CA"
"646555","PEND ACTIVE","02 | 0","07/28/2023","06/30/2024","DBA: SAMPL                        VINESHIFT INC.                         21945 CARNEROS LAKE LN, STE 1,                         SONOMA, CA  95476-2842","180 MORRIS ST, STE 170                              SEBASTOPOL, CA  95472-3876","","","","27","4900","21945 CARNEROS LAKE LN, STE 1","SONOMA","49","95476","180 MORRIS ST, STE 170","SEBASTOPOL","95472","CA"
"646787","PEND ACTIVE","48 | 0","07/27/2023","06/30/2024","DBA: STAN'S BAR & LOUNGE                        STAN'S BAR & LOUNGE INC                         280 FAIRVIEW DR,                         GRIDLEY, CA  95948-2621","PO BOX 3329                              YUBA CITY, CA  95992","48-469766","7","OLD REPUBLIC TITLE 855 HARTER PKWY STE 130 YUBA CITY, CA  95993-9454","31","0403","280 FAIRVIEW DR","GRIDLEY","04","95948","PO BOX 3329","YUBA CITY","95992","CA"
"646861","PEND ACTIVE","02 | 0","07/28/2023","06/30/2024","ARH ENTERPRISES LLC                         3730 SILVERADO TRL N,                         SAINT HELENA, CA  94574-9810","PO BOX 754                              OCEAN SHORES, WA  98569","","","","27","2800","3730 SILVERADO TRL N","SAINT HELENA","28","94574","PO BOX 754","OCEAN SHORES","98569","WA"
"646972","PEND ACTIVE","41 | 1","07/27/2023","06/30/2024","DBA: WEST COAST PHILLY'S                        ROCCO'S DELI ITALIANO 2, LLC                          1902 S PACIFIC AVE,                         SAN PEDRO, CA  90731-5530","","41-617052","7","UNIVERSAL ESCROW INC 1025 W. 190TH ST STE 218 GARDENA, CA  90247","3","1933","1902 S PACIFIC AVE","SAN PEDRO","19","90731","","","",""
"646972","PEND ACTIVE","58 | 1","07/27/2023","06/30/2024","DBA: WEST COAST PHILLY'S                        ROCCO'S DELI ITALIANO 2, LLC                          1902 S PACIFIC AVE,                         SAN PEDRO, CA  90731-5530","","41-617052","7","UNIVERSAL ESCROW INC 1025 W. 190TH ST STE 218 GARDENA, CA  90247","3","1933","1902 S PACIFIC AVE","SAN PEDRO","19","90731","","","",""
"647014","PEND ACTIVE","47 | 0","07/28/2023","06/30/2024","DBA: TJ'S ROADHOUSE                        TJ'S ROADHOUSE OF NEVADA CITY LLC                         101 BROAD ST,                         NEVADA CITY, CA  95959-2623","101 BROAD ST, STE. A                              NEVADA CITY, CA  95959-2623","47-563854","7","CAPITOL CITY ESCROW INC 3838 WATT AVE STE F610 SACRAMENTO, CA  95821","23","2902","101 BROAD ST","NEVADA CITY","29","95959","101 BROAD ST, STE. A","NEVADA CITY","95959","CA"
"647130","PEND ACTIVE","58 | 1","07/28/2023","06/30/2024","DBA: CATS RESTAURANT THE                        CHEF CENTURY INC                         17533 SANTA CRUZ HWY,                         LOS GATOS, CA  95033-9101","","47-565559","","BUSINESS ESCROW SERVICE CENTER 3031 TISCH WY STE 310 SAN JOSE, CA  95128","25","4300","17533 SANTA CRUZ HWY","LOS GATOS","43","95033","","","",""
"647130","PEND ACTIVE","47 | 1","07/28/2023","06/30/2024","DBA: CATS RESTAURANT THE                        CHEF CENTURY INC                         17533 SANTA CRUZ HWY,                         LOS GATOS, CA  95033-9101","","47-565559","","BUSINESS ESCROW SERVICE CENTER 3031 TISCH WY STE 310 SAN JOSE, CA  95128","25","4300","17533 SANTA CRUZ HWY","LOS GATOS","43","95033","","","",""
"647132","PEND ACTIVE","20 | 0","07/28/2023","06/30/2024","DBA: GAS 'N' STUFF                        FOOD & FUEL INC                         33127 ROAD 222,                         NORTH FORK, CA  93643","","20-596555","7","ORANGE COAST TITLE COMPANY 7580 N INGRAM AVE STE 112 FRESNO, CA  93711","21","2000","33127 ROAD 222","NORTH FORK","20","93643","","","",""
"647214","PEND ACTIVE","40 | 0","07/27/2023","06/30/2024","DBA: CAFE EL COLIBRI                         CHEPINA'S GROCERY, INC.                          1198 MIRASOL ST,                         LOS ANGELES, CA  90023-3119","209 E GLEASON ST                               MONTEREY PARK, CA  91755","40-621929","","","4","1933","1198 MIRASOL ST","LOS ANGELES","19","90023","209 E GLEASON ST","MONTEREY PARK","91755","CA"
"647256","PEND ACTIVE","41 | 0","07/27/2023","06/30/2024","DBA: AROMI                        MONDELLO LLC                         7200 PARKWAY DR, STE 111-112,                         LA MESA, CA  91942","4850 PACIFIC HWY, #10                              SAN DIEGO, CA  92110","41-556014","7","HERITAGE ESCROW 2550 5TH AVE STE 800 SAN DIEGO, CA  92103","10","3707","7200 PARKWAY DR, STE 111-112","LA MESA","37","91942","4850 PACIFIC HWY, #10","SAN DIEGO","92110","CA"
"647387","PEND ACTIVE","41 | 0","07/28/2023","06/30/2024","DBA: QUE CHULADA MEXICAN RESTAURANT                        QUE CHULADA RESTAURANT LLC                         5850 GEARY BLVD,                         SAN FRANCISCO, CA  94121-2005","","","","","24","3800","5850 GEARY BLVD","SAN FRANCISCO","38","94121","","","",""
"647590","PEND ACTIVE","20 | 0","07/27/2023","06/30/2024","DBA: 7-ELEVEN STORE 39498B                        7 ELEVEN INC                         40981 CALIFORNIA OAKS RD,                         MURRIETA, CA  92562-5748","PO BOX 139044, ATTN: LICENSING DEPARTMENT                              DALLAS, TX  75313-9044","20-512425","7","","7","3323","40981 CALIFORNIA OAKS RD","MURRIETA","33","92562","PO BOX 139044, ATTN: LICENSING DEPARTMENT","DALLAS","75313","TX"
"647604","PEND ACTIVE","47 | 0","07/28/2023","06/30/2024","DBA: LOS PABLOS TAQUERIA & BIRRIERIA                        PILLOS POLLOS LLC                          42425 JACKSON ST, STE C-113,                         INDIO, CA  92203-9678","45901 CAPISTRANO ST                               INDIO, CA  92201-3864","47-636479","","ESCROW CONNECTION THE 1111 E TAHQUITZ CANYON WAY #101 PALM SPRINGS, CA  92262","8","3309","42425 JACKSON ST, STE C-113","INDIO","33","92203","45901 CAPISTRANO ST","INDIO","92201","CA"
"647685","PEND ACTIVE","17 | 0","07/28/2023","06/30/2024","DBA: TWENTY TWENTY WINES                        ZEITER, SIERRA MARIE                         9011 LLOYD LN,                         STOCKTON, CA  95212-1500","","","7","","29","3900","9011 LLOYD LN","STOCKTON","39","95212","","","",""
"647811","PEND ACTIVE","41 | 0","07/27/2023","06/30/2024","DBA: CORDOVA KTV CAFE LLC                        CORDOVA KTV CAFE LLC                         9721 FOLSOM BLVD,                         SACRAMENTO, CA  95827-1326","","41-621396","7","CAPITOL CITY ESCROW 3838 WATT AVE #F610 SACRAMENTO, CA  95821","23","3400","9721 FOLSOM BLVD","SACRAMENTO","34","95827","","","",""
"647869","PEND ACTIVE","70 | 0","07/28/2023","06/30/2024","IHRTRST CONCESSIONS LLC                         4241 CHESTER LN,                         BAKERSFIELD, CA  93309-1082","5301 HEADQUARTERS DR                              PLANO, TX  75024","70-571678","","","6","1501","4241 CHESTER LN","BAKERSFIELD","15","93309","5301 HEADQUARTERS DR","PLANO","75024","TX"
"648052","PEND ACTIVE","48 | 0","07/28/2023","06/30/2024","DBA: GYM SALOON, THE                        MARTIN, DAVID WAYNE II                         6093 LINCOLN BLVD,                         OROVILLE, CA  95966-9562","","48-584806","","HERITAGE ESCROW 2550 5TH AVE STE 800 SAN DIEGO, CA  92103","31","0400","6093 LINCOLN BLVD","OROVILLE","04","95966","","","",""
"648080","PEND ACTIVE","20 | 0","07/28/2023","06/30/2024","DBA: A & G MART                        A & G MART INC                         66425 PIERSON BLVD,                         DESERT HOT SPRINGS, CA  92240-3600","PO BOX 734                              PALM SPRINGS, CA  92263-0734","20-465417","","ABC ESCROW 2222 DAMON ST  LOS ANGELES, CA  90021","8","3314","66425 PIERSON BLVD","DESERT HOT SPRINGS","33","92240","PO BOX 734","PALM SPRINGS","92263","CA"
"648105","PEND ACTIVE","02 | 0","07/28/2023","06/30/2024","DBA: MALONEY VINEYARDS                        MALONEY VINEYARDS, LLC                         1850 TEMPLETON RD,                         TEMPLETON, CA  93465-8310","1261 AVENIDA SEVILLA , 1B                              WALNUT CREEK, CA  94595","","","","13","4000","1850 TEMPLETON RD","TEMPLETON","40","93465","1261 AVENIDA SEVILLA , 1B","WALNUT CREEK","94595","CA"
"648171","PEND ACTIVE","02 | 0","07/28/2023","06/30/2024","DBA: PERCHANCE ESTATES                        PERCHANCE ESTATES, LLC                         144 GATEWAY RD E,                         NAPA, CA  94558-7576","3021 GREGORY AVE                              WILMETTE, IL  60091","02-625236","","","27","2800","144 GATEWAY RD E","NAPA","28","94558","3021 GREGORY AVE","WILMETTE","60091","IL"
"648225","PEND ACTIVE","21 | 0","07/28/2023","06/30/2024","DBA: BARREL LIQUOR & MORE                        SINGH, HARDEV                         2340 SUNSET BLVD., #150,                         ROCKLIN, CA  95765","11879 AUTUMN SUNSET WAY                              RANCHO CORDOVA, CA  95742-8009","21-477936","","CALIFORNIA BUSINESS ESCROW INC 1748 MAIN STREET  ESCALON, CA  95320","23","3104","2340 SUNSET BLVD., #150","ROCKLIN","31","95765","11879 AUTUMN SUNSET WAY","RANCHO CORDOVA","95742","CA"
"648250","PEND ACTIVE","02 | 0","07/27/2023","06/30/2024","DBA: MAWNAN LANE                        MAWNAN LANE, INC.                         5573 W WOODBRIDGE RD,                         LODI, CA  95242-9497","PO BOX 10724, ATTN:KRISTIN CARLTON                               NAPA, CA  94581-2724","","","","29","3900","5573 W WOODBRIDGE RD","LODI","39","95242","PO BOX 10724, ATTN:KRISTIN CARLTON","NAPA","94581","CA"
"648333","ACTIVE PEND","41 | 0","","","DBA: ROLL EM UP TAQUITOS                        JSR RESTAURANT GROUP LLC                         5001 CANDLEWOOD ST,                         LAKEWOOD, CA  90712-1835","1448 SUNNYCREST DR                              FULLERTON, CA  92835","","7","","3","1929","5001 CANDLEWOOD ST","LAKEWOOD","19","90712","1448 SUNNYCREST DR","FULLERTON","92835","CA"
"648333","ISSUED PENDING","41 | 0","","","DBA: ROLL EM UP TAQUITOS                        JSR RESTAURANT GROUP LLC                         5001 CANDLEWOOD ST,                         LAKEWOOD, CA  90712-1835","1448 SUNNYCREST DR                              FULLERTON, CA  92835","","7","","3","1929","5001 CANDLEWOOD ST","LAKEWOOD","19","90712","1448 SUNNYCREST DR","FULLERTON","92835","CA"
"648340","PEND ACTIVE","41 | 0","07/28/2023","09/30/2024","DBA: HULA'S CHINESE BAR-B-Q                        HULA'S CHINESE BAR-B-Q                         1937 E 20TH ST, STE B10,                         CHICO, CA  95928","4269 KEITH LN                              CHICO, CA  95973","41-627545","7,8","NONE","31","0402","1937 E 20TH ST, STE B10","CHICO","04","95928","4269 KEITH LN","CHICO","95973","CA"
"648378","PEND ACTIVE","47 | 0","07/28/2023","06/30/2024","DBA: CRAFT HOUSE                        CRAFT HAUS FASHION VALLEY, LLC                         7007 FRIARS RD, STE 347,                         SAN DIEGO, CA  92108-5102","3200 PASEO VILLAGE WAY, #2646                              SAN DIEGO, CA  92130","47-547407","7","ABC ESCROW 2222 DAMON ST  LOS ANGELES, CA  90021","10","3710","7007 FRIARS RD, STE 347","SAN DIEGO","37","92108","3200 PASEO VILLAGE WAY, #2646","SAN DIEGO","92130","CA"
"648402","PEND ACTIVE","12 | 1","07/28/2023","06/30/2024","DBA: CONCURRENT PARTNERS LLC                        CONCURRENT PARTNERS LLC                         5307 & 5325 INDUSTRIAL WY,                         BENICIA, CA  94510-1026","407 N PACIFIC COAST HWY, #591                              REDONDO BEACH, CA  90277","","","","22","4801","5307 & 5325 INDUSTRIAL WY","BENICIA","48","94510","407 N PACIFIC COAST HWY, #591","REDONDO BEACH","90277","CA"
"648402","PEND ACTIVE","18 | 1","07/28/2023","06/30/2024","DBA: CONCURRENT PARTNERS LLC                        CONCURRENT PARTNERS LLC                         5307 & 5325 INDUSTRIAL WY,                         BENICIA, CA  94510-1026","407 N PACIFIC COAST HWY, #591                              REDONDO BEACH, CA  90277","","","","22","4801","5307 & 5325 INDUSTRIAL WY","BENICIA","48","94510","407 N PACIFIC COAST HWY, #591","REDONDO BEACH","90277","CA"
"648497","PEND ACTIVE","41 | 0","07/27/2023","06/30/2024","DBA: MARY'S PIZZA SHACK                        WILLIAMSON RESTAURANT GROUP, INC.                         535 SUMMERFIELD RD,                         SANTA ROSA, CA  95405-5202","101 GOLF COURSE DR, STE B                              ROHNERT PARK, CA  94928-1780","41-192669","","","27","4904","535 SUMMERFIELD RD","SANTA ROSA","49","95405","101 GOLF COURSE DR, STE B","ROHNERT PARK","94928","CA"
"648632","PEND ACTIVE","21 | 0","07/28/2023","06/30/2024","DBA: CHEVRON                        IJK OIL, INC.                         970 MERCHANT ST,                         VACAVILLE, CA  95688-5341","","21-642568","","CALIFORNIA BUSINESS ESCROW INC 1748 MAIN ST ESCALON, CA  95320-1927","22","4806","970 MERCHANT ST","VACAVILLE","48","95688","","","",""
"648695","PEND ACTIVE","21 | 0","07/27/2023","06/30/2024","DBA: MELS LIQUOR                        MOSLEH, ALI ALI AHMED                         1220 V ST,                         MERCED, CA  95340-5631","","21-640277","7","OLD REPUBLIC TITLE CO 1000 BURNETT AVE STE 400 CONCORD, CA  94520-2088","29","2406","1220 V ST","MERCED","24","95340","","","",""
"648705","PEND ACTIVE","20 | 0","07/27/2023","06/30/2024","DBA: 7-ELEVEN #35745                        7 ELEVEN INC                         4401 REDONDO BEACH BLVD,                         LAWNDALE, CA  90260-3717","PO BOX 139044, ATTN: LICENSING DEPARTMENT                              DALLAS, TX  75313-9044","","","","3","1966","4401 REDONDO BEACH BLVD","LAWNDALE","19","90260","PO BOX 139044, ATTN: LICENSING DEPARTMENT","DALLAS","75313","TX"
"648730","PEND ACTIVE","20 | 0","07/27/2023","06/30/2024","DBA: CAL MART                        NGE MART INC                         3003 S FIGUEROA ST,                         LOS ANGELES, CA  90007","","20-329475","7","BENNETT ESCROW SERVICES INC 332 N RIVERSIDE AVENUE RIALTO, CA  92376-5926","4","1933","3003 S FIGUEROA ST","LOS ANGELES","19","90007","","","",""
"648771","PEND ACTIVE","47 | 0","07/28/2023","06/30/2024","MDBA GREEK LLC                         388 MAIN ST,                         LOS ALTOS, CA  94022-2805","","47-620498","","OLD REPUBLIC TITLE 1000 BURNETT AVE STE 400 CONCORD, CA  94520-2088","25","4305","388 MAIN ST","LOS ALTOS","43","94022","","","",""
"648795","PEND ACTIVE","21 | 0","07/28/2023","06/30/2024","OM NAMAHA LLC                         1630 CONTRA COSTA BLVD, STE E,                         PLEASANT HILL, CA  94523","","21-433243","","BAY AREA ESCROW COMPANY 2817 CROW CANYON RD STE 102 SAN RAMON, CA  94583","22","0712","1630 CONTRA COSTA BLVD, STE E","PLEASANT HILL","07","94523","","","",""
"648818","PEND WITHDRAWN","41 | 1","","","DBA: LA FRITANGUERA EXPRESS                        CHARLIES EATS & DINING INC                          610 MAIN ST, PARCEL 9,                         MARTINEZ, CA  94553","1819 COLFAX ST                              CONCORD, CA  94520-2117","","","","22","0706","610 MAIN ST, PARCEL 9","MARTINEZ","07","94553","1819 COLFAX ST","CONCORD","94520","CA"
"648818","PEND WITHDRAWN","58 | 1","","","DBA: LA FRITANGUERA EXPRESS                        CHARLIES EATS & DINING INC                          610 MAIN ST, PARCEL 9,                         MARTINEZ, CA  94553","1819 COLFAX ST                              CONCORD, CA  94520-2117","","","","22","0706","610 MAIN ST, PARCEL 9","MARTINEZ","07","94553","1819 COLFAX ST","CONCORD","94520","CA"
"648821","PEND ACTIVE","41 | 0","07/28/2023","06/30/2024","DBA: SAINT FRANCIS FOUNTAIN                        SEENIN, MANTAKARN                         2801 24TH ST,                         SAN FRANCISCO, CA  94110-4213","","41-394094/ 41-651853","7","OLD REPUBLIC TITLE CO 1000 BURNETT AVE STE 400 CONCORD, CA  94520-2088","24","3800","2801 24TH ST","SAN FRANCISCO","38","94110","","","",""
"648996","PEND ACTIVE","20 | 0","07/27/2023","06/30/2024","DBA: 7-ELEVEN STORE 38097B                        POWAR ONE ENTERPRISE INC                         7830 PINE AVE,                         CHINO, CA  91708","PO BOX 139044, ATTN: LICENSING DEPARTMENT                              DALLAS, TX  75313-9044","20-607079","8","","7","3602","7830 PINE AVE","CHINO","36","91708","PO BOX 139044, ATTN: LICENSING DEPARTMENT","DALLAS","75313","TX"
"648999","PEND ACTIVE","47 | 1","07/27/2023","06/30/2024","DBA: SODEXO LIVE!                        VOLUME SERVICES INC                         2580 CAHUENGA BLVD E,                         LOS ANGELES, CA  90068-2752","1 INDEPENDENCE PT, STE 305                              GREENVILLE, SC  29615","47-627739","7,A","ABC ESCROW 2222 DAMON STREET  LOS ANGELES, CA  90021","4","1933","2580 CAHUENGA BLVD E","LOS ANGELES","19","90068","1 INDEPENDENCE PT, STE 305","GREENVILLE","29615","SC"
"648999","PEND ACTIVE","58 | 1","07/27/2023","06/30/2024","DBA: SODEXO LIVE!                        VOLUME SERVICES INC                         2580 CAHUENGA BLVD E,                         LOS ANGELES, CA  90068-2752","1 INDEPENDENCE PT, STE 305                              GREENVILLE, SC  29615","47-627739","7,A","ABC ESCROW 2222 DAMON STREET  LOS ANGELES, CA  90021","4","1933","2580 CAHUENGA BLVD E","LOS ANGELES","19","90068","1 INDEPENDENCE PT, STE 305","GREENVILLE","29615","SC"
"649036","PEND ACTIVE","41 | 0","07/28/2023","06/30/2024","DBA: CHICAGO'S  PIZZA WITH A TWIST                        JD PIZZA LLC                         159 E LATHROP RD,                         LATHROP, CA  95330","","","","","29","3907","159 E LATHROP RD","LATHROP","39","95330","","","",""
"649046","PEND ACTIVE","20 | 0","07/28/2023","02/29/2024","DBA: BILLS PLACE                        BILL'S PLACE MART                         16374 SIERRA HWY,                         CANYON COUNTRY, CA  91351-1412","","20-564371","7,8","UNITED ESCROW CO 3440 WILSHIRE BLVD STE 600 LOS ANGELES, CA  90010","5","1900","16374 SIERRA HWY","CANYON COUNTRY","19","91351","","","",""
"649061","PEND ACTIVE","02 | 0","07/28/2023","06/30/2024","DBA: MERRY EDWARDS WINERY                        SONOMA VINEYARD COMPANY, INC.                         9201 HIGHWAY 128,                         PHILO, CA  95466","383 4TH ST, STE 400                              OAKLAND, CA  94607","","","","27","2300","9201 HIGHWAY 128","PHILO","23","95466","383 4TH ST, STE 400","OAKLAND","94607","CA"
"649069","PEND ACTIVE","41 | 0","07/28/2023","06/30/2024","DBA: DOG HAUS BIERGARTEN NORTH BURBANK                        BURBANK AVION DH, LP                         3019 HOLLYWOOD WAY STE 301F,                         BURBANK, CA  91505-1082","121 E CHESTNUT AVE                              MONROVIA, CA  91016-3411","","","","5","1910","3019 HOLLYWOOD WAY STE 301F","BURBANK","19","91505","121 E CHESTNUT AVE","MONROVIA","91016","CA"
"649103","PEND ACTIVE","41 | 0","07/28/2023","06/30/2024","DBA: BLAZE PIZZA                        EKTA OUTLETS LLC                         48650 SEMINOLE DR., #1108,                         CABAZON, CA  92230-2161","11873 VALLEY VIEW ST. #188                              GARDEN GROVE, CA  92845","41-543341","","CITYWIDE ESCROW SERVICES INC 12501 SEAL BEACH BLVD STE 130 SEAL BEACH, CA  90740-2755","8","3300","48650 SEMINOLE DR., #1108","CABAZON","33","92230","11873 VALLEY VIEW ST. #188","GARDEN GROVE","92845","CA"
"649128","PEND ACTIVE","48 | 0","07/27/2023","06/30/2024","TOG ENTERPRISES LLC                          656 S MAIN ST,                         LOS ANGELES, CA  90014-2004","3036 DEERFIELD PL                              CHINO HILLS, CA  91709","48-628505","7","ALL BROKERS ESCROW INC 2924 W MAGNOLIA BLVD BURBANK, CA  91505","4","1933","656 S MAIN ST","LOS ANGELES","19","90014","3036 DEERFIELD PL","CHINO HILLS","91709","CA"
"649153","PEND ACTIVE","41 | 0","07/31/2023","06/30/2024","DBA: AMAZING BASIL & A CUP OF                        AMAZING BASIL & A CUP OF LLC                         46831 WARM SPRINGS BLVD,                         FREMONT, CA  94539-7922","915 WILLIAM DR                              SAN LORENZO, CA  94580","","","","22","0105","46831 WARM SPRINGS BLVD","FREMONT","01","94539","915 WILLIAM DR","SAN LORENZO","94580","CA"
"649220","PEND ACTIVE","20 | 0","07/27/2023","06/30/2024","DBA: TIGER PLAZA MARKET                        TIGER PLAZA MARKET INC                         691 N RAMONA BLVD, STE C,                         SAN JACINTO, CA  92583-3312","","20-536789","7","ACE ESCROW INC 1725 S NOGALES ST STE 104 ROWLAND HEIGHTS, CA  91748","7","3313","691 N RAMONA BLVD, STE C","SAN JACINTO","33","92583","","","",""
"649283","PEND ACTIVE","47 | 1","07/27/2023","06/30/2024","DBA: HUNGRY ELEPHANT BAR & GRILL                        NEEMKAROLI LLC                         303 W MAIN ST,                         VISALIA, CA  93291","","47-405916","","TICOR TITLE COMPANY 10000 STOCKDALE HWY STE 100 BAKERSFIELD, CA","21","5406","303 W MAIN ST","VISALIA","54","93291","","","",""
"649283","PEND ACTIVE","58 | 1","07/27/2023","06/30/2024","DBA: HUNGRY ELEPHANT BAR & GRILL                        NEEMKAROLI LLC                         303 W MAIN ST,                         VISALIA, CA  93291","","47-405916","","TICOR TITLE COMPANY 10000 STOCKDALE HWY STE 100 BAKERSFIELD, CA","21","5406","303 W MAIN ST","VISALIA","54","93291","","","",""
"649350","PEND ACTIVE","47 | 0","07/28/2023","06/30/2024","DBA: SUNFLOWER GARDEN                        LIN, XIAOFANG                         436 FERRY ST,                         MARTINEZ, CA  94553","","47-506771","7","OLD REPUBLIC TITLE 1000 BURNETT AVE STE 400 CONCORD, CA  94520-2088","22","0706","436 FERRY ST","MARTINEZ","07","94553","","","",""
"649445","PEND ACTIVE","41 | 0","07/28/2023","06/30/2024","DBA: BARZAR EATERY                        FOODIE S&Y CORP                         136 A PEABODY RD,                         VACAVILLE, CA  95687-4729","","","","","22","4806","136 A PEABODY RD","VACAVILLE","48","95687","","","",""
"649671","PEND ACTIVE","41 | 0","08/10/2023","07/31/2024","DBA: NORTHERN CAFE CHINESE HOT POT                         IHOME KITCHEN LLC                          1061 BROXTON AVE,                         LOS ANGELES, CA  90024-2803","1001 TIVERTON ACE APT 3137                              LOS ANGELES, CA  90024","41-614304","7","SINCERE ESCROW 935 S SAN GABRIEL BLVD SAN GABRIEL, CA  91776","4","1933","1061 BROXTON AVE","LOS ANGELES","19","90024","1001 TIVERTON ACE APT 3137","LOS ANGELES","90024","CA"
"649671","PEND ACTIVE","41 | 0","08/10/2023","07/31/2024","DBA: NORTHERN CAFE CHINESE HOT POT                         IHOME KITCHEN LLC                          1061 BROXTON AVE,                         LOS ANGELES, CA  90024-2803","1001 TIVERTON ACE APT 3137                              LOS ANGELES, CA  90024","41-614304","7","SINCERE ESCROW 935 S SAN GABRIEL BLVD SAN GABRIEL, CA  91776","4","1933","1061 BROXTON AVE","LOS ANGELES","19","90024","1001 TIVERTON ACE APT 3137","LOS ANGELES","90024","CA"
"650413","PEND ACTIVE","26 | 0","07/27/2023","06/30/2024","DBA: AGAINST THE GRAIN                        AGAINST THE GRAIN LLC                         1800 NORTHWESTERN PARKWAY,                         LOUISVILLE, KY  40203","","","","","75","9999","1800 NORTHWESTERN PARKWAY","LOUISVILLE","","40203","","","",""
"650416","PEND ACTIVE","28 | 0","07/27/2023","06/30/2024","DBA: MICHIGRAIN DISTILLERY                        MASH MAVERICKS, INC.                         523 E SHIAWASSEE ST,                         LANSING, MI  48912","3205 BLOSSOM DR                              WEST BLOOMFIELD, MI  48324","","","","75","9999","523 E SHIAWASSEE ST","LANSING","","48912","3205 BLOSSOM DR","WEST BLOOMFIELD","48324","MI"