"License Number","Status Changed From/To","Type| Dup","Original Issue Date","Expir. Date","Primary Owner and Premises Addr.","Mailing Addr.","Transfer-From/To","Conditions","Escrow","District Code","Geo Code","Prem Street","City","County","Zip Code","Mailing Street","Mailing City","Mailing Zip Code","Mailing State"
"197600","SUREND CANCEL","47 | 0","01/23/1987","10/31/2023","DBA: GRADUATE RESTAURANTS INC THE                        GRADUATE RESTAURANTS INC THE                         990 INDUSTRIAL WAY,                         SAN LUIS OBISPO, CA  93401-7602","2701 MCMILLAN AVE, STE 110                              SAN LUIS OBISPO, CA  93401-4740","","","","13","4004","990 INDUSTRIAL WAY","SAN LUIS OBISPO","40","93401","2701 MCMILLAN AVE, STE 110","SAN LUIS OBISPO","93401","CA"
"332658","ACTIVE CANCEL","41 | 0","08/01/1997","07/31/2024","DBA: MARVS ORGINAL  PIZZA COMPANY                        SYRACUSE, RANDALL                         729 12TH ST,                         PASO ROBLES, CA  93446","","41-285805/ 41-650311","","","13","4002","729 12TH ST","PASO ROBLES","40","93446","","","",""
"347999","ACTIVE CANCEL","20 | 0","12/01/1998","06/30/2024","DBA: 7 ELEVEN STORE 2232 14174E                        7 ELEVEN INC                         3500 GRAND AVE,                         OAKLAND, CA  94610","PO BOX 139044, ATTN: LICENSING DEPARTMENT                              DALLAS, TX  75313-9044","20-214561/ 20-650146","","","22","0109","3500 GRAND AVE","OAKLAND","01","94610","PO BOX 139044, ATTN: LICENSING DEPARTMENT","DALLAS","75313","TX"
"361061","SUREND CANCEL","47 | 2","02/07/2000","01/31/2024","DBA: THIRSTY BEAR BREWING CO                        THIRSTY BEAR BREWING COMPANY LLC                         661 HOWARD ST,                         SAN FRANCISCO, CA  94105-3915","","47-315952/ 47-645162","","","24","3800","661 HOWARD ST","SAN FRANCISCO","38","94105","","","",""
"361061","SUREND CANCEL","23 | 0","02/07/2000","01/31/2024","DBA: THIRSTY BEAR BREWING CO                        THIRSTY BEAR BREWING COMPANY LLC                         661 HOWARD ST,                         SAN FRANCISCO, CA  94105-3915","","23-315952/ 23-645162","","","24","3800","661 HOWARD ST","SAN FRANCISCO","38","94105","","","",""
"361061","SUREND CANCEL","47 | 2","02/07/2000","01/31/2024","DBA: THIRSTY BEAR BREWING CO                        THIRSTY BEAR BREWING COMPANY LLC                         661 HOWARD ST,                         SAN FRANCISCO, CA  94105-3915","","47-315952/ 47-645162","","","24","3800","661 HOWARD ST","SAN FRANCISCO","38","94105","","","",""
"361061","SUREND CANCEL","58 | 2","02/07/2000","01/31/2024","DBA: THIRSTY BEAR BREWING CO                        THIRSTY BEAR BREWING COMPANY LLC                         661 HOWARD ST,                         SAN FRANCISCO, CA  94105-3915","","47-315952/ 47-645162","","","24","3800","661 HOWARD ST","SAN FRANCISCO","38","94105","","","",""
"361061","SUREND CANCEL","77 | 2","02/07/2000","01/31/2024","DBA: THIRSTY BEAR BREWING CO                        THIRSTY BEAR BREWING COMPANY LLC                         661 HOWARD ST,                         SAN FRANCISCO, CA  94105-3915","","47-315952/ 47-645162","","","24","3800","661 HOWARD ST","SAN FRANCISCO","38","94105","","","",""
"399018","REVPEN NREN","41 | 0","06/23/2003","05/31/2023","DBA: WONGS TEA GARDEN                        ZHOU, QIUYANG SITU                         5189 E KINGS CANYON RD,                         FRESNO, CA  93727-3937","1884 E QUINCY AVE                              FRESNO, CA  93720","41-236999","","","21","1005","5189 E KINGS CANYON RD","FRESNO","10","93727","1884 E QUINCY AVE","FRESNO","93720","CA"
"436619","ACTIVE CANCEL","20 | 0","05/11/2006","04/30/2024","DBA: JACKS MARKET                        CHO, MYUNG JA                         9737 S INGLEWOOD AVE,                         INGLEWOOD, CA  90301-3654","","20-187926/ 20-648857","","","3","1927","9737 S INGLEWOOD AVE","INGLEWOOD","19","90301","","","",""
"470068","ACTIVE NREN","26 | 0","08/20/2008","06/30/2023","DBA: FLYING DOG BREWERY                        FLYING DOG BREWERY LP                         4607 WEDGEWOOD BLVD,                         FREDERICK, MD  21703","","","","","75","9999","4607 WEDGEWOOD BLVD","FREDERICK","","21703","","","",""
"474248","ACTIVE CANCEL","20 | 0","01/13/2009","06/30/2024","DBA: 7 ELEVEN STORE 2175 17165E                        7 ELEVEN INC                         5401 E BEVERLY BLVD,                         LOS ANGELES, CA  90022-2207","PO BOX 139044, ATTN: LICENSING DEPARTMENT                              DALLAS, TX  75313-9044","20-214998/ 20-649441","","","2","1900","5401 E BEVERLY BLVD","LOS ANGELES","19","90022","PO BOX 139044, ATTN: LICENSING DEPARTMENT","DALLAS","75313","TX"
"483267","SUREND CANCEL","21 | 0","01/07/2011","05/31/2024","DBA: CVS PHARMACY 4326                        LONGS DRUG STORES CALIFORNIA LLC                         4028 LONE TREE WAY,                         ANTIOCH, CA  94531","1 CVS DR, MC# 1160                              WOONSOCKET, RI  02895-6146","","","","22","0701","4028 LONE TREE WAY","ANTIOCH","07","94531","1 CVS DR, MC# 1160","WOONSOCKET","02895","RI"
"484643","ACTIVE SUREND","20 | 0","01/14/2010","12/31/2023","DBA: OAK AVENUE MART                        CHO, DONGJUN                         186 4TH ST,                         GREENFIELD, CA  93927-5212","","20-460056","7","","26","2704","186 4TH ST","GREENFIELD","27","93927","","","",""
"487268","SUREND CANCEL","20 | 0","04/08/2010","03/31/2024","DBA: CANYON VIEW ALTA DENA DAIRY                        PATEL, NIRANJANA PANKAJ                         756 E FOOTHILL BLVD,                         SAN DIMAS, CA  91773-1209","1248 W 6TH ST                              CORONA, CA  92882","20-433880/ 20-650009","7","","2","1900","756 E FOOTHILL BLVD","SAN DIMAS","19","91773","1248 W 6TH ST","CORONA","92882","CA"
"504195","ACTIVE CANCEL","47 | 0","02/28/2011","01/31/2024","DBA: BUFFALO WILD WINGS GRILL AND BAR                        PACIFIC WINGS INC                         12450 DAY ST,                         MORENO VALLEY, CA  92553","","","5,7","","7","3321","12450 DAY ST","MORENO VALLEY","33","92553","","","",""
"536201","ACTIVE CANCEL","41 | 0","11/01/2013","10/31/2023","DBA: SOUND ROOM THE                        BAY AREA JAZZ AND ARTS INC.                         2147 BROADWAY,                         OAKLAND, CA  94612-2309","","","7","","22","0109","2147 BROADWAY","OAKLAND","01","94612","","","",""
"536201","ACTIVE CANCEL","41 | 0","11/01/2013","10/31/2023","DBA: SOUND ROOM THE                        BAY AREA JAZZ AND ARTS INC.                         2147 BROADWAY,                         OAKLAND, CA  94612-2309","","","7","","22","0109","2147 BROADWAY","OAKLAND","01","94612","","","",""
"537329","ACTIVE CANCEL","47 | 0","04/18/2014","03/31/2024","DBA: BUFFALO WILD WINGS                        PACIFIC WINGS TWO, INC.                         690 E HOSPITALITY LN,                         SAN BERNARDINO, CA  92408-3568","","","5","","7","3610","690 E HOSPITALITY LN","SAN BERNARDINO","36","92408","","","",""
"542133","PEND ACTIVE","47 | 0","09/05/2023","06/30/2024","DBA: CORDEIROS STEAKHOUSE                        CORDEIRO'S BAR & GRILL, INC.                         2025 MONTICELLO RD,                         NAPA, CA  94558-2001","988 ENTERPRISE WAY                              NAPA, CA  94558-6209","75-542133","E","","27","2800","2025 MONTICELLO RD","NAPA","28","94558","988 ENTERPRISE WAY","NAPA","94558","CA"
"545794","ACTIVE NREN","28 | 0","06/05/2014","06/30/2023","CUT SPIKE DISTILLERY                         11941 CENTENNIAL RD , STE 1 ,                         LA VISTA, NE  68128","","","","","75","9999","11941 CENTENNIAL RD , STE 1","LA VISTA","","68128","","","",""
"557380","SUREND NREN","41 | 1","07/02/2015","06/30/2023","DBA: MAD MIKES                        MAD MIKE'S AMERICAN GOURMET INC                         27470 COMMERCE CENTER DR, STE A,                         TEMECULA, CA  92590-2522","","","","","7","3322","27470 COMMERCE CENTER DR, STE A","TEMECULA","33","92590","","","",""
"557380","SUREND NREN","58 | 1","07/02/2015","06/30/2023","DBA: MAD MIKES                        MAD MIKE'S AMERICAN GOURMET INC                         27470 COMMERCE CENTER DR, STE A,                         TEMECULA, CA  92590-2522","","","","","7","3322","27470 COMMERCE CENTER DR, STE A","TEMECULA","33","92590","","","",""
"558396","SUREND CANCEL","21 | 0","07/29/2015","04/30/2024","DBA: STATER BROS MARKETS 65                        STATER BROS MARKETS                         1619 N MOUNTAIN AVE,                         UPLAND, CA  91784-1732","PO BOX 150                              SAN BERNARDINO, CA  92402-0150","21-112854/ 21-645228","","","7","3611","1619 N MOUNTAIN AVE","UPLAND","36","91784","PO BOX 150","SAN BERNARDINO","92402","CA"
"558795","ACTIVE CANCEL","20 | 0","01/27/2016","12/31/2023","DBA: UNITED OIL #5191                        APRO LLC                         449 HEGENBERGER RD,                         OAKLAND, CA  94621-1417","4130 COVER ST                              LONG BEACH, CA  90808-1885","20-471418/ 20-649960","","CITYWIDE ESCROW SERVICES 12501 SEAL BEACH BLVD STE 103 SEAL BEACH, CA  90740","22","0109","449 HEGENBERGER RD","OAKLAND","01","94621","4130 COVER ST","LONG BEACH","90808","CA"
"563553","ACTIVE NREN","02 | 0","03/18/2016","06/30/2023","DBA: GORE VINEYARDS                        GORE FAMILY VINEYARDS, LLC                         119 W NORTH ST,                         HEALDSBURG, CA  95448-4814","124 BAILHACHE AVE                              HEALDSBURG, CA  95448-9422","","","","27","4902","119 W NORTH ST","HEALDSBURG","49","95448","124 BAILHACHE AVE","HEALDSBURG","95448","CA"
"563564","ACTIVE NREN","02 | 0","03/18/2016","06/30/2023","DBA: GORE VINEYARDS                        GORE FAMILY VINEYARDS, LLC                         124 BAILHACHE AVE,                         HEALDSBURG, CA  95448-9422","","","7","","27","4900","124 BAILHACHE AVE","HEALDSBURG","49","95448","","","",""
"571814","ACTIVE CANCEL","21 | 0","10/26/2016","09/30/2023","DBA: SEAPORT LIQUOR & MART                        SINGH, KULWINDER                         1110 N GAFFEY ST, STE H,                         SAN PEDRO, CA  90731-1357","","21-402846/ 21-646051","7","ABC ESCROW 2222 DAMON STREET  LOS ANGELES, CA  90021","3","1933","1110 N GAFFEY ST, STE H","SAN PEDRO","19","90731","","","",""
"574903","ACTIVE CANCEL","47 | 0","03/08/2017","02/29/2024","DBA: ABURI                        ENJ DINING GROUP INC                         4201 E WILLOW ST,                         LONG BEACH, CA  90815-1742","4201 E WILLOW ST                              LONG BEACH, CA  90815-1742","","5","","3","1932","4201 E WILLOW ST","LONG BEACH","19","90815","4201 E WILLOW ST","LONG BEACH","90815","CA"
"579706","NREN CANCEL","41 | 0","08/24/2017","07/31/2023","DBA: PIZZA HUT                        SOCAL PIZZA HOLDINGS LLC                         17342 BEACH BLVD,                         HUNTINGTON BEACH, CA  92647-5949","1 CITY BLVD W, STE 750                              ORANGE, CA  92868-3615","41-469609","7","","11","3010","17342 BEACH BLVD","HUNTINGTON BEACH","30","92647","1 CITY BLVD W, STE 750","ORANGE","92868","CA"
"580621","SUREND CANCEL","47 | 0","09/27/2017","08/31/2023","DBA: TJS BAR & GRILL                        CUCCO, GERALD JOSEPH                         5710 E LOS ANGELES AVE,                         SIMI VALLEY, CA  93063-5217","2000 TIPICO ST                              CHATSWORTH, CA  91311","48-467969/ 47-642698","7","ABC ESCROW  2222 DAMON STREET  LOS ANGELES, CA  90021","12","5609","5710 E LOS ANGELES AVE","SIMI VALLEY","56","93063","2000 TIPICO ST","CHATSWORTH","91311","CA"
"581434","ACTIVE CANCEL","41 | 0","09/27/2017","08/31/2024","DBA: HANGAR 7                        C & K LABINE, LLC                         107 W OCEAN AVE,                         LOMPOC, CA  93436-6732","752 PLUTO AVE                              LOMPOC, CA  93436-1968","41-535049/ 41-649842","7","ALISO ESCROW 4522 MARKET ST VENTURA, CA  93003","13","4202","107 W OCEAN AVE","LOMPOC","42","93436","752 PLUTO AVE","LOMPOC","93436","CA"
"588011","ACTIVE CANCEL","02 | 0","11/30/2017","06/30/2023","DBA: MAGNOLIA BLOSSOM                        ROBERTS FAMILY WINES LLC                         1200 AMERICAN WAY,                         WINDSOR, CA  95492-7861","201 S MONROE ST, STE 201                              TALLAHASSEE, FL  32301","02-567271","","","27","4909","1200 AMERICAN WAY","WINDSOR","49","95492","201 S MONROE ST, STE 201","TALLAHASSEE","32301","FL"
"591396","ACTIVE CANCEL","47 | 0","11/05/2018","10/31/2023","DBA: MADEROS                        CASA RUSTICA, LLC                         5965 VILLAGE WAY, STE E107,                         SAN DIEGO, CA  92121-2475","333 C ST, STE 200                              SAN DIEGO, CA  92101-4809","47-560988/ 47-648631","7","","9","3710","5965 VILLAGE WAY, STE E107","SAN DIEGO","37","92121","333 C ST, STE 200","SAN DIEGO","92101","CA"
"600249","ACTIVE CANCEL","41 | 0","12/28/2018","11/30/2023","BUMHO F&B, INC                         5580 CLAIREMONT MESA BLVD,                         SAN DIEGO, CA  92117-2347","190 N MAGNOLIA AVE                              EL CAJON, CA  92020-3904","41-530580/ 41-649878","7","TEAM ESCROW INC 17310 RED HILL AVE STE 140 IRVINE, CA  92614","10","3710","5580 CLAIREMONT MESA BLVD","SAN DIEGO","37","92117","190 N MAGNOLIA AVE","EL CAJON","92020","CA"
"601260","ACTIVE NREN","02 | 0","05/23/2019","06/30/2023","DBA: CAVALETTO VINEYARD ESTATE                         CAVALETTO VINEYARD ESTATE LLC                         3995 CAMPBELL RIDGE RD,                         SALYER, CA  95563","PO BOX 1645                              WILLOW CREEK, CA  95573-1645","","","","31","5300","3995 CAMPBELL RIDGE RD","SALYER","53","95563","PO BOX 1645","WILLOW CREEK","95573","CA"
"606357","ACTIVE CANCEL","41 | 0","12/04/2019","11/30/2023","DBA: BURGER DADDY                        BURGER DADDY LLC                         149 LINDEN AVE , STE C & D,                         LONG BEACH, CA  90802","","","7","","3","1932","149 LINDEN AVE , STE C & D","LONG BEACH","19","90802","","","",""
"609446","ACTIVE NREN","02 | 0","10/21/2019","06/30/2023","DBA: GORE VINEYARDS                        GORE FAMILY VINEYARDS, LLC                         21023 GEYSERVILLE AVE, # A,                         GEYSERVILLE, CA  95441-9334","124 BAILHACHE AVE                              HEALDSBURG, CA  95448-9422","","7","","27","4900","21023 GEYSERVILLE AVE, # A","GEYSERVILLE","49","95441","124 BAILHACHE AVE","HEALDSBURG","95448","CA"
"611444","ACTIVE CANCEL","47 | 0","02/04/2020","01/31/2024","DBA: LA DIVAN                        EVEREST INDUSTRIES INC                         827 5TH AVE,                         SAN DIEGO, CA  92101-6107","650 6TH AVE                              SAN DIEGO, CA  92101","47-583153/ 47-646855","7","","10","3710","827 5TH AVE","SAN DIEGO","37","92101","650 6TH AVE","SAN DIEGO","92101","CA"
"611995","SUSPEN ACTIVE","41 | 0","12/10/2021","11/30/2023","DBA: BOTTLECRAFT                        BOTTLECRAFT SLO, INC.                         3845 S HIGUERA ST, UNITS 1 AND 10,                         SAN LUIS OBISPO, CA  93401","","","7","","13","4004","3845 S HIGUERA ST, UNITS 1 AND 10","SAN LUIS OBISPO","40","93401","","","",""
"612418","ACTIVE CANCEL","47 | 0","01/08/2020","12/31/2023","DBA: TONG SOON GARDEN RESTAURANT                        LEO, EUN M                         3240 EL CAMINO REAL,                         SANTA CLARA, CA  95051-2820","","47-572239/ 47-649319","","WILLIAM H DUNN 1350 DELL AVE SUITE 204 CAMPBELL, CA  95008","25","4314","3240 EL CAMINO REAL","SANTA CLARA","43","95051","","","",""
"613670","PEND ACTIVE","41 | 0","09/01/2023","10/31/2024","DBA: SOUND ROOM THE                        BAY AREA JAZZ AND ARTS INC.                         3022 BROADWAY,                         OAKLAND, CA  94611","2 GREENBANK AVE                              PIEDMONT, CA  94611","41-536201","7","","22","0109","3022 BROADWAY","OAKLAND","01","94611","2 GREENBANK AVE","PIEDMONT","94611","CA"
"618997","ACTIVE CANCEL","20 | 0","01/08/2021","12/31/2023","DBA: ALTA MART & PRIME GAS                         14689 LA PAZ DR VICTORVILLE                         14689 LA PAZ DR,                         VICTORVILLE, CA  92395-4005","2900 BRISTOL ST , STE H-202                              COSTA MESA, CA  92626","20-451448/ 20-649883","7","SAPPHIRE ESCROW 17100 PIONEER BLVD STE 110 ARTESIA, CA  90701","7","3612","14689 LA PAZ DR","VICTORVILLE","36","92395","2900 BRISTOL ST , STE H-202","COSTA MESA","92626","CA"
"622286","ACTIVE CANCEL","41 | 0","02/02/2021","01/31/2024","DBA: BRUNO'S DELI, MARKET, CAFÉ                        BRUNO'S DELI, MARKET, CAFÉ LLC                         1304 2ND ST,                         SAN RAFAEL, CA  94901-3829","452 RIVIERA DR                              SAN RAFAEL, CA  94901-1531","","","","27","2108","1304 2ND ST","SAN RAFAEL","21","94901","452 RIVIERA DR","SAN RAFAEL","94901","CA"
"630622","PEND ACTIVE","21 | 0","09/05/2023","08/31/2024","SPRINGLINE BEVCO LLC                         1300 EL CAMINO REAL,                         MENLO PARK, CA  94025-4211","160 PACIFIC AVE, STE 204                              SAN FRANCISCO, CA  94111","","5","","25","4107","1300 EL CAMINO REAL","MENLO PARK","41","94025","160 PACIFIC AVE, STE 204","SAN FRANCISCO","94111","CA"
"632499","PEND ACTIVE","41 | 0","09/01/2023","08/31/2024","DBA: BLOSSOM                        PHAM, DUC DY                         3193 GLENDALE BLVD,                         LOS ANGELES, CA  90039-1805","1121 ABBOT KINNEY BLVD, STE 4-5                              VENICE, CA  90291-5334","","7","","4","1933","3193 GLENDALE BLVD","LOS ANGELES","19","90039","1121 ABBOT KINNEY BLVD, STE 4-5","VENICE","90291","CA"
"635812","PEND WITHDRAWN","47 | 0","","","DBA: STRAWBERRY INN, LLC                         STRAWBERRY INN LLC                          31880 STATE HWY 108,                         STRAWBERRY, CA  95375","950 E HIGHWAY 114, STE 160                              SOUTHLAKE , TX  76902","410292","","WARRANTY ESCROW SERVICE CORP 3150 PIO PICO DR #101 CARLSBAD, CA  92008","29","5500","31880 STATE HWY 108","STRAWBERRY","55","95375","950 E HIGHWAY 114, STE 160","SOUTHLAKE","76902","TX"
"635938","ACTIVE CANCEL","79 | 0","03/28/2022","06/30/2023","DBA: MEADIOCRITY MEAD @ POWAY CERTIFIED FARMER'S MARKET CFM                        MEADIOCRITY MEADERY, LLC                         14134 MIDLAND RD & TEMPLE,                         POWAY, CA  92064","1365 GRAND AVE, STE 100                              SAN MARCOS, CA  92078-2455","","","","9","3716","14134 MIDLAND RD & TEMPLE","POWAY","37","92064","1365 GRAND AVE, STE 100","SAN MARCOS","92078","CA"
"635940","ACTIVE CANCEL","79 | 0","03/28/2022","06/30/2023","DBA: MEDIOCRITY MEAD @ VISTA CERTIFIED FARMER'S MARKET CFM                        MEADIOCRITY MEADERY, LLC                         325 S MELROSE DR,                         VISTA, CA  92081","1365 GRAND AVE, STE 100                              SAN MARCOS, CA  92078-2455","","","","9","3713","325 S MELROSE DR","VISTA","37","92081","1365 GRAND AVE, STE 100","SAN MARCOS","92078","CA"
"636913","ACTIVE CANCEL","41 | 0","06/24/2022","05/31/2024","DBA: TANDOORI PIZZA & SWEETS                        KA TANDOORI SAN JOSE INC                         3227 S WHITE RD,                         SAN JOSE, CA  95148","","","7","","25","4313","3227 S WHITE RD","SAN JOSE","43","95148","","","",""
"639542","PEND WITHDRAWN","41 | 0","","","DBA: TANGO                        TANGO LLC                         305 FOREST AVE SUITE 103,                         LAGUNA BEACH, CA  92651-2128","1900 MAIN ST, STE 700                              C/O MICHAEL C. CHO, PTWWW, IRVINE, CA  92614-7328","","","","11","3011","305 FOREST AVE SUITE 103","LAGUNA BEACH","30","92651","1900 MAIN ST, STE 700","IRVINE","92614","CA"
"641456","ACTIVE CANCEL","21 | 0","01/12/2023","12/31/2023","DBA: LQ BEVERAGE WAREHOUSE LLC                        LQ BEVERAGE WAREHOUSE LLC                         1400 CENTINELA AVE,                         INGLEWOOD, CA  90302-1181","","21-448587/ 21-646471","7","ABC ESCROW 2222 DAMON STREET  LOS ANGELES, CA  90021","3","1927","1400 CENTINELA AVE","INGLEWOOD","19","90302","","","",""
"641485","ACTIVE CANCEL","21 | 0","06/13/2023","06/30/2024","DBA: 7 ELEVEN #24268                        7 ELEVEN INC                         601 PATTERSON BLVD,                         PLEASANT HILL, CA  94523","PO BOX 139044, ATTN: LICENSING DEPARTMENT                              DALLAS, TX  75313-9044","21-11727/ 21-649745","2","","22","0712","601 PATTERSON BLVD","PLEASANT HILL","07","94523","PO BOX 139044, ATTN: LICENSING DEPARTMENT","DALLAS","75313","TX"
"641883","PEND ACTIVE","21 | 0","09/01/2023","08/31/2024","DBA: ROCKET #5734                        APRO LLC                         2950 AUTO MALL PKWY,                         FREMONT, CA  94538","4130 COVER STREET                              LONG BEACH, CA  90808","","5","","22","0105","2950 AUTO MALL PKWY","FREMONT","01","94538","4130 COVER STREET","LONG BEACH","90808","CA"
"642237","PEND WITHDRAWN","47 | 0","","","DBA: M4 ONTARIO INC DBA CHEBA HUT - ONTARIO                        M4 ONTARIO, INC                          1900 E INLAND EMPIRE BLVD, STE A,                         ONTARIO, CA  91764-1856","12223 HIGHLAND AVE, STE 525                              RANCHO CUCAMONGA, CA  91739-2574","","","","7","3607","1900 E INLAND EMPIRE BLVD, STE A","ONTARIO","36","91764","12223 HIGHLAND AVE, STE 525","RANCHO CUCAMONGA","91739","CA"
"642277","PEND WITHDRAWN","20 | 0","","","DBA: OCEANS EXPRESS FLEX WASH                        HB WASH & MART INC                         750 N ESCONDIDO BLVD,                         ESCONDIDO, CA  92025-1704","","557298","7","ALISON MCLOSKEY ESCROW 4820 EL CAJON BLVD SAN DIEGO, CA  92115-4695","9","3705","750 N ESCONDIDO BLVD","ESCONDIDO","37","92025","","","",""
"642367","PEND ACTIVE","41 | 0","09/01/2023","08/31/2024","DBA: SL KITCHEN                        BATIN, INC.                         1057 MACARTHUR BLVD, UT B & C,                         SAN LEANDRO, CA  94577-3000","","","7","","22","0112","1057 MACARTHUR BLVD, UT B & C","SAN LEANDRO","01","94577","","","",""
"642698","R64B ACTIVE","47 | 0","09/01/2023","08/31/2024","DBA: LA POPULAR                        EUREKA RESTAURANT GROUP, LLC                         235 YALE AVE,                         CLAREMONT, CA  91711-4725","","47-580621","2","INNOVATIVE ESCROW, INC 28212 KELLY JOHNSON PKWY STE 110 VALENCIA, CA  91355","2","1911","235 YALE AVE","CLAREMONT","19","91711","","","",""
"642698","R64B ACTIVE","47 | 0","09/01/2023","08/31/2024","DBA: LA POPULAR                        EUREKA RESTAURANT GROUP, LLC                         235 YALE AVE,                         CLAREMONT, CA  91711-4725","","47-580621","2","INNOVATIVE ESCROW, INC 28212 KELLY JOHNSON PKWY STE 110 VALENCIA, CA  91355","2","1911","235 YALE AVE","CLAREMONT","19","91711","","","",""
"642698","R64B ACTIVE","47 | 0","09/01/2023","08/31/2024","DBA: LA POPULAR                        EUREKA RESTAURANT GROUP, LLC                         235 YALE AVE,                         CLAREMONT, CA  91711-4725","","47-580621","2","INNOVATIVE ESCROW, INC 28212 KELLY JOHNSON PKWY STE 110 VALENCIA, CA  91355","2","1911","235 YALE AVE","CLAREMONT","19","91711","","","",""
"642698","R64B ACTIVE","47 | 0","09/01/2023","08/31/2024","DBA: LA POPULAR                        EUREKA RESTAURANT GROUP, LLC                         235 YALE AVE,                         CLAREMONT, CA  91711-4725","","47-580621","2","INNOVATIVE ESCROW, INC 28212 KELLY JOHNSON PKWY STE 110 VALENCIA, CA  91355","2","1911","235 YALE AVE","CLAREMONT","19","91711","","","",""
"642698","R64B ACTIVE","47 | 0","09/01/2023","08/31/2024","DBA: LA POPULAR                        EUREKA RESTAURANT GROUP, LLC                         235 YALE AVE,                         CLAREMONT, CA  91711-4725","","47-580621","2","INNOVATIVE ESCROW, INC 28212 KELLY JOHNSON PKWY STE 110 VALENCIA, CA  91355","2","1911","235 YALE AVE","CLAREMONT","19","91711","","","",""
"642698","R64B ACTIVE","47 | 0","09/01/2023","08/31/2024","DBA: LA POPULAR                        EUREKA RESTAURANT GROUP, LLC                         235 YALE AVE,                         CLAREMONT, CA  91711-4725","","47-580621","2","INNOVATIVE ESCROW, INC 28212 KELLY JOHNSON PKWY STE 110 VALENCIA, CA  91355","2","1911","235 YALE AVE","CLAREMONT","19","91711","","","",""
"644025","ACTIVE CANCEL","79 | 0","11/15/2022","06/30/2023","DBA: MEADIOCRITY MEADERY LLC DBA PROMENADE IN TEMEMCULA CFM                        MEADIOCRITY MEADERY, LLC                         40640 WINCHESTER RD,                         TEMECULA, CA  92591-5504","1365 GRAND AVE, STE 100                              SAN MARCOS, CA  92078-2455","","","","7","3322","40640 WINCHESTER RD","TEMECULA","33","92591","1365 GRAND AVE, STE 100","SAN MARCOS","92078","CA"
"644117","PEND ACTIVE","68 | 1","09/05/2023","08/31/2024","DBA: BLOOMINGDALE'S 28                        NOVEL SPIRITS, LLC                         10250 SANTA MONICA BLVD 2ND FL, 2ND FL,                         LOS ANGELES, CA  90067","145 PROGRESS PLACE, ATTN: ACCTG. BUSINESS LICENSE                              SPRINGDALE, OH  45246","47-607262","7","","4","1933","10250 SANTA MONICA BLVD 2ND FL, 2ND FL","LOS ANGELES","19","90067","145 PROGRESS PLACE, ATTN: ACCTG. BUSINESS LICENSE","SPRINGDALE","45246","OH"
"644117","PEND ACTIVE","47 | 1","09/05/2023","08/31/2024","DBA: BLOOMINGDALE'S 28                        NOVEL SPIRITS, LLC                         10250 SANTA MONICA BLVD 2ND FL, 2ND FL,                         LOS ANGELES, CA  90067","145 PROGRESS PLACE, ATTN: ACCTG. BUSINESS LICENSE                              SPRINGDALE, OH  45246","47-607262","7","","4","1933","10250 SANTA MONICA BLVD 2ND FL, 2ND FL","LOS ANGELES","19","90067","145 PROGRESS PLACE, ATTN: ACCTG. BUSINESS LICENSE","SPRINGDALE","45246","OH"
"644185","PEND ACTIVE","47 | 2","09/01/2023","08/31/2024","DBA: SOUTH COAST BOTANIC GARDEN FOUNDATION, INC                        SOUTH COAST BOTANIC GARDEN FOUNDATION, INCORPORATE                         26300 CRENSHAW BLVD,                         PALOS VERDES ESTATES, CA  90274","","","7,A","","3","1941","26300 CRENSHAW BLVD","PALOS VERDES ESTATES","19","90274","","","",""
"644185","PEND ACTIVE","68 | 2","09/01/2023","08/31/2024","DBA: SOUTH COAST BOTANIC GARDEN FOUNDATION, INC                        SOUTH COAST BOTANIC GARDEN FOUNDATION, INCORPORATE                         26300 CRENSHAW BLVD,                         PALOS VERDES ESTATES, CA  90274","","","7,A","","3","1941","26300 CRENSHAW BLVD","PALOS VERDES ESTATES","19","90274","","","",""
"644185","PEND ACTIVE","58 | 2","09/01/2023","08/31/2024","DBA: SOUTH COAST BOTANIC GARDEN FOUNDATION, INC                        SOUTH COAST BOTANIC GARDEN FOUNDATION, INCORPORATE                         26300 CRENSHAW BLVD,                         PALOS VERDES ESTATES, CA  90274","","","7,A","","3","1941","26300 CRENSHAW BLVD","PALOS VERDES ESTATES","19","90274","","","",""
"644346","PEND ACTIVE","41 | 0","09/01/2023","08/31/2024","DBA: WATERS EDGE WINERY LB                        ONE HAT ENTERPRISES INC.                         149 LINDEN AVE , STE C & D,                         LONG BEACH, CA  90802","","41-606357","7","","3","1932","149 LINDEN AVE , STE C & D","LONG BEACH","19","90802","","","",""
"644844","PEND WITHDRAWN","47 | 0","","","DBA: STK                        STK WESTWOOD II, LLC                         1100 GLENDON AVE, STE 100,                         LOS ANGELES, CA  90024-3593","1624 MARKET ST, STE 311                              DENVER, CO  80202","626066","7","CALIFORNIA BUSINESS ESCROW INC 1748 MAIN STREET ESCALON, CA  95320","4","1933","1100 GLENDON AVE, STE 100","LOS ANGELES","19","90024","1624 MARKET ST, STE 311","DENVER","80202","CO"
"644925","PEND ACTIVE","41 | 0","09/01/2023","08/31/2024","DBA: TASTY NOODLE HOUSE                        TNH OCEANSIDE INC                         2501 EL CAMINO REAL, STE 2016,                         CARLSBAD, CA  92008-1204","","","7","","9","3701","2501 EL CAMINO REAL, STE 2016","CARLSBAD","37","92008","","","",""
"645162","PEND ACTIVE","47 | 2","09/01/2023","08/31/2024","DBA: HOWARD THE                        BOXED FOODS COMPANY LLC                         661 HOWARD ST,                         SAN FRANCISCO, CA  94105-3915","","47-361061","","CALIFORNIA BUSINESS ESCROW 1748 MAIN ST ESCALON, CA  95320-1927","24","3800","661 HOWARD ST","SAN FRANCISCO","38","94105","","","",""
"645162","PEND ACTIVE","23 | 0","09/01/2023","08/31/2024","DBA: HOWARD THE                        BOXED FOODS COMPANY LLC                         661 HOWARD ST,                         SAN FRANCISCO, CA  94105-3915","","23-361061","","CALIFORNIA BUSINESS ESCROW 1748 MAIN ST ESCALON, CA  95320-1927","24","3800","661 HOWARD ST","SAN FRANCISCO","38","94105","","","",""
"645162","PEND ACTIVE","47 | 2","09/01/2023","08/31/2024","DBA: HOWARD THE                        BOXED FOODS COMPANY LLC                         661 HOWARD ST,                         SAN FRANCISCO, CA  94105-3915","","47-361061","","CALIFORNIA BUSINESS ESCROW 1748 MAIN ST ESCALON, CA  95320-1927","24","3800","661 HOWARD ST","SAN FRANCISCO","38","94105","","","",""
"645162","PEND ACTIVE","77 | 2","09/01/2023","08/31/2024","DBA: HOWARD THE                        BOXED FOODS COMPANY LLC                         661 HOWARD ST,                         SAN FRANCISCO, CA  94105-3915","","47-361061","","CALIFORNIA BUSINESS ESCROW 1748 MAIN ST ESCALON, CA  95320-1927","24","3800","661 HOWARD ST","SAN FRANCISCO","38","94105","","","",""
"645162","PEND ACTIVE","58 | 2","09/01/2023","08/31/2024","DBA: HOWARD THE                        BOXED FOODS COMPANY LLC                         661 HOWARD ST,                         SAN FRANCISCO, CA  94105-3915","","47-361061","","CALIFORNIA BUSINESS ESCROW 1748 MAIN ST ESCALON, CA  95320-1927","24","3800","661 HOWARD ST","SAN FRANCISCO","38","94105","","","",""
"645205","ACTIVE CANCEL","79 | 0","01/10/2023","06/30/2023","DBA: MEADIOCRITY MEAD LLC DBA: OCEAN BEACH CFM                        MEADIOCRITY MEADERY, LLC                         4900 BLOCK OF NEWPORT AVE BTN CABLE AND BACON ST,                         SAN DIEGO, CA  92107","1365 GRAND AVENUE STE 100                              SAN MARCOS, CA  92078","","","","9","3710","4900 BLOCK OF NEWPORT AVE BTN CABLE AND BACON ST","SAN DIEGO","37","92107","1365 GRAND AVENUE STE 100","SAN MARCOS","92078","CA"
"645207","ACTIVE CANCEL","79 | 0","01/10/2023","06/30/2023","DBA: MEADIOCRITY MEADERY LLC DBA: NORTH PARK CFM                        MEADIOCRITY MEADERY, LLC                         2900 NORTH PARK WAY,                         SAN DIEGO, CA  92104","1365 GRAND AVENUE STE 100                              SAN MARCOS, CA  92078","","","","9","3710","2900 NORTH PARK WAY","SAN DIEGO","37","92104","1365 GRAND AVENUE STE 100","SAN MARCOS","92078","CA"
"645228","PEND ACTIVE","21 | 0","09/01/2023","04/30/2024","DBA: STATER BROS MARKETS #209                        STATER BROS MARKETS                         8373 PINE AVE,                         CHINO, CA  91708","PO BOX 150                              SAN BERNARDINO, CA  92402-0150","21-558396","","","7","3602","8373 PINE AVE","CHINO","36","91708","PO BOX 150","SAN BERNARDINO","92402","CA"
"645245","PEND ACTIVE","47 | 0","09/05/2023","08/31/2024","DBA: KITCHEN 15                        ED DAVID RESTAURANT GROUP INC                         1630 K ST,                         SACRAMENTO, CA  95814-4020","5746 LONETREE BLVD                              ROCKLIN, CA  95765-3734","47-582778","7","CAPITOL CITY ESCROW 3838 WATT AVE #F610 SACRAMENTO, CA  95821","23","3405","1630 K ST","SACRAMENTO","34","95814","5746 LONETREE BLVD","ROCKLIN","95765","CA"
"645372","PEND ACTIVE","41 | 0","09/01/2023","08/31/2024","DBA: HAVELI KABAB & GRILL INC                        HAVELI KABAB & GRILL INC                         3227 S WHITE RD,                         SAN JOSE, CA  95148","","41-636913","7","BAY AREA ESCROW 2817 CROW CANYON RD STE 102 SAN RAMON, CA  94583","25","4313","3227 S WHITE RD","SAN JOSE","43","95148","","","",""
"645522","PEND ACTIVE","47 | 0","09/05/2023","08/31/2024","DBA: PACIFIC PARK                        PACIFIC PARK CONCESSIONS, LLC                         380 SANTA MONICA PIER,                         SANTA MONICA, CA  90401-3128","","","7,A","","3","1953","380 SANTA MONICA PIER","SANTA MONICA","19","90401","","","",""
"645823","ACTIVE CANCEL","79 | 0","02/07/2023","06/30/2023","DBA: MEADIOCRITY MEAD @ LA MESA VILLAGE CFM                        MEADIOCRITY MEADERY, LLC                         8300 LA MESA BLVD BETWEEN PALM AVE & ALLISON AVE,                         LA MESA, CA  91942","1365 GRAND AVE, STE 100                              SAN MARCOS, CA  92078-2455","","","","10","3707","8300 LA MESA BLVD BETWEEN PALM AVE & ALLISON AVE","LA MESA","37","91942","1365 GRAND AVE, STE 100","SAN MARCOS","92078","CA"
"645825","ACTIVE CANCEL","79 | 0","02/07/2023","06/30/2023","DBA: MEADIOCRITY MEAD @ CARLSBAD STATE ST CFM                        MEADIOCRITY MEADERY, LLC                         2900 STATE ST BETWEEN CARLSBAD VILLAGE DR & GRAND,                         CARLSBAD, CA  92078","1365 GRAND AVE, STE 100                              SAN MARCOS, CA  92078-2455","","","","9","3701","2900 STATE ST BETWEEN CARLSBAD VILLAGE DR & GRAND","CARLSBAD","37","92078","1365 GRAND AVE, STE 100","SAN MARCOS","92078","CA"
"645827","ACTIVE CANCEL","79 | 0","02/07/2023","06/30/2023","DBA: MEADIOCRITY MEAD @ PACIFIC BEACH CFM                        MEADIOCRITY MEADERY, LLC                         4500 BAYARD ST FROM GARNET AVE TO HORNBLEND ST,                         SAN DIEGO, CA  92109","1365 GRAND AVE, STE 100                              SAN MARCOS, CA  92078-2455","","","","9","3710","4500 BAYARD ST FROM GARNET AVE TO HORNBLEND ST","SAN DIEGO","37","92109","1365 GRAND AVE, STE 100","SAN MARCOS","92078","CA"
"646051","PEND ACTIVE","21 | 0","09/01/2023","08/31/2024","DBA: SEAPORT LIQUOR & MART                        SEAPORT LIQUOR & MART                         1110 N GAFFEY ST, STE H,                         SAN PEDRO, CA  90731-1357","","21-571814","7","","3","1933","1110 N GAFFEY ST, STE H","SAN PEDRO","19","90731","","","",""
"646251","PEND ACTIVE","77 | 1","09/05/2023","08/31/2024","DBA: POSY'S GENERAL STORE                        1100 OST LLC                         1100 O ST, STE E,                         SACRAMENTO, CA  95814","","47-322632","7","JIMMY N YEE 930 ALHAMBRA BLVD STE 200 SACRAMENTO, CA  95816","23","3405","1100 O ST, STE E","SACRAMENTO","34","95814","","","",""
"646251","PEND ACTIVE","47 | 1","09/05/2023","08/31/2024","DBA: POSY'S GENERAL STORE                        1100 OST LLC                         1100 O ST, STE E,                         SACRAMENTO, CA  95814","","47-322632","7","JIMMY N YEE 930 ALHAMBRA BLVD STE 200 SACRAMENTO, CA  95816","23","3405","1100 O ST, STE E","SACRAMENTO","34","95814","","","",""
"646471","PEND ACTIVE","21 | 0","09/01/2023","08/31/2024","DBA: LINDYS WINE & SPIRITS                        SAHIB 10 INC                         1400 CENTINELA AVE,                         INGLEWOOD, CA  90302-1181","11720 AVIATION BLVD                              INGLEWOOD, CA  90304-1038","21-641456","7","SECURITY LAND ESCROW 10805 PARAMOUNT BLVD STE A DOWNEY, CA  90241-3308","3","1927","1400 CENTINELA AVE","INGLEWOOD","19","90302","11720 AVIATION BLVD","INGLEWOOD","90304","CA"
"646710","PEND ACTIVE","13 | 0","09/05/2023","08/31/2024","DBA: CULTURED SPIRITS                        CULTURED SPIRITS LLC                         2542 SAN GABRIEL BLVD,                         ROSEMEAD, CA  91770-3252","PO BOX 13710                              JACKSON, WY  83002-3710","","","","2","1965","2542 SAN GABRIEL BLVD","ROSEMEAD","19","91770","PO BOX 13710","JACKSON","83002","WY"
"646855","PEND ACTIVE","47 | 0","09/01/2023","08/31/2024","DBA: MALIBU FARM SEAPORT VILLAGE                        MALIBU FARM SEAPORT VILLAGE                          831 W HARBOR DR,                         SAN DIEGO, CA  92101","","47-611444","","ABC 2222 DAMON STREET  LOS ANGELES, CA  90021","10","3710","831 W HARBOR DR","SAN DIEGO","37","92101","","","",""
"646855","PEND ACTIVE","47 | 0","09/01/2023","08/31/2024","DBA: MALIBU FARM SEAPORT VILLAGE                        MALIBU FARM SEAPORT VILLAGE                          831 W HARBOR DR,                         SAN DIEGO, CA  92101","","47-611444","","ABC 2222 DAMON STREET  LOS ANGELES, CA  90021","10","3710","831 W HARBOR DR","SAN DIEGO","37","92101","","","",""
"647056","PEND ACTIVE","41 | 0","09/01/2023","08/31/2024","DBA: CHALET EVENT CENTER, THE                        CHALET EVENT CENTER LLC, THE                         5450 CHINA GARDEN RD,                         ROCKLIN, CA  95677-3234","1909 WILLOW AVE                              WEST SACRAMENTO, CA  95691-3138","","7","","23","3104","5450 CHINA GARDEN RD","ROCKLIN","31","95677","1909 WILLOW AVE","WEST SACRAMENTO","95691","CA"
"647550","ACTIVE CANCEL","47 | 0","05/22/2023","04/30/2024","DBA: LUCHOWS PALM SPRINGS                         SRACSO                         4771 E PALM CANYON DR, # B  C & D,                         PALM SPRINGS, CA  92264-5277","","47-623831/ 47-649899","","ESCROW CONNECTION THE 1111 E TAHQUITZ CANYON WAY #101 PALM SPRINGS, CA  92262","8","3310","4771 E PALM CANYON DR, # B  C & D","PALM SPRINGS","33","92264","","","",""
"647632","PEND WITHDRAWN","70 | 0","","","DBA: SHERATON SAN JOSE HOTEL                        MERRITT CA BEVERAGE LLC                         1801 BARBER LN,                         MILPITAS, CA  95035-7419","101 MERRITT 7 CORPORATE PARK 1ST FL                              NORWALK, CT  06851","623349","7","CALIFORNIA BUSINESS ESCROW INC 1748 MAIN STREET ESCALON, CA  95320","25","4308","1801 BARBER LN","MILPITAS","43","95035","101 MERRITT 7 CORPORATE PARK 1ST FL","NORWALK","06851","CT"
"647861","PEND ACTIVE","02 | 0","09/01/2023","06/30/2024","DBA: DEODORA VINEYARDS & WINERY                        DEODORA VINEYARDS & WINERY LLC                         1160 HOPPER AVE,                         SANTA ROSA, CA  95403-1651","1071 CELESTIAL ST, STE 2402                              CINCINATTI, OH  45202","","","","27","4904","1160 HOPPER AVE","SANTA ROSA","49","95403","1071 CELESTIAL ST, STE 2402","CINCINATTI","45202","OH"
"647862","PEND ACTIVE","17 | 0","09/01/2023","08/31/2024","DBA: DEODORA VINEYARDS & WINERY                        DEODORA VINEYARDS & WINERY LLC                         150 CHERRY CREEK RD,                         CLOVERDALE, CA  95425-3808","1071 CELESTIAL ST, STE 2402                              CINCINATTI, OH  45202","","7","","27","4901","150 CHERRY CREEK RD","CLOVERDALE","49","95425","1071 CELESTIAL ST, STE 2402","CINCINATTI","45202","OH"
"647862","PEND ACTIVE","20 | 0","09/01/2023","08/31/2024","DBA: DEODORA VINEYARDS & WINERY                        DEODORA VINEYARDS & WINERY LLC                         150 CHERRY CREEK RD,                         CLOVERDALE, CA  95425-3808","1071 CELESTIAL ST, STE 2402                              CINCINATTI, OH  45202","","7,I","","27","4901","150 CHERRY CREEK RD","CLOVERDALE","49","95425","1071 CELESTIAL ST, STE 2402","CINCINATTI","45202","OH"
"647975","PEND ACTIVE","17 | 1","09/01/2023","08/31/2024","DBA: STALLION BRANDS OF AMERICA                        STALLION BRANDS OF AMERICA INC                         3802 LUPINE LN UNIT J,                         CALABASAS, CA  91302-2920","","","7","","5","1987","3802 LUPINE LN UNIT J","CALABASAS","19","91302","","","",""
"647975","PEND ACTIVE","18 | 1","09/01/2023","08/31/2024","DBA: STALLION BRANDS OF AMERICA                        STALLION BRANDS OF AMERICA INC                         3802 LUPINE LN UNIT J,                         CALABASAS, CA  91302-2920","","","","","5","1987","3802 LUPINE LN UNIT J","CALABASAS","19","91302","","","",""
"647975","PEND ACTIVE","09 | 1","09/01/2023","08/31/2024","DBA: STALLION BRANDS OF AMERICA                        STALLION BRANDS OF AMERICA INC                         3802 LUPINE LN UNIT J,                         CALABASAS, CA  91302-2920","","","7","","5","1987","3802 LUPINE LN UNIT J","CALABASAS","19","91302","","","",""
"647975","PEND ACTIVE","12 | 1","09/01/2023","08/31/2024","DBA: STALLION BRANDS OF AMERICA                        STALLION BRANDS OF AMERICA INC                         3802 LUPINE LN UNIT J,                         CALABASAS, CA  91302-2920","","","","","5","1987","3802 LUPINE LN UNIT J","CALABASAS","19","91302","","","",""
"648093","PEND ACTIVE","02 | 0","09/01/2023","06/30/2024","DBA: NEWFOUND WINES                        NAUMANN SYKES WINE CELLARS, LLC                         21684 8TH ST E, STE 300,                         SONOMA, CA  95476-2817","1200 OAK AVE                              SAINT HELENA, CA  94574","","","","27","4900","21684 8TH ST E, STE 300","SONOMA","49","95476","1200 OAK AVE","SAINT HELENA","94574","CA"
"648294","PEND ACTIVE","41 | 0","09/01/2023","07/31/2024","DBA: BELLY DELI                        BELLY DELI, LLC.                         1304 2ND ST,                         SAN RAFAEL, CA  94901-3829","883 4TH ST                              SAN RAFAEL, CA  94901","41-622286","","CRESCENT LAND TITLE COMPANY 890 3RD ST CRESCENT CITY, CA  95531","27","2108","1304 2ND ST","SAN RAFAEL","21","94901","883 4TH ST","SAN RAFAEL","94901","CA"
"648435","PEND ACTIVE","21 | 0","09/05/2023","08/31/2024","DBA: MARINA LIQUORS                        SHAZO PROVISIONS LLC                         3108 DEL MONTE BLVD,                         MARINA, CA  93933","PO BOX 516                              AROMAS, CA  95004","21-622570","","BUSINESS & ESCROW SERVICE CENTER INC 3031 TISCH WAY STE 310 SAN JOSE, CA  95128","26","2712","3108 DEL MONTE BLVD","MARINA","27","93933","PO BOX 516","AROMAS","95004","CA"
"648558","PEND ACTIVE","42 | 0","09/01/2023","08/31/2024","DBA: PARKSIDE WINE BAR                        OSO RESTAURANT GROUP, LLC                         5 E NAPA ST,                         SONOMA, CA  95476-6708","PO BOX 1205                              SONOMA, CA  95476","","","","27","4906","5 E NAPA ST","SONOMA","49","95476","PO BOX 1205","SONOMA","95476","CA"
"648611","PEND ACTIVE","47 | 0","09/01/2023","08/31/2024","DBA: BUFFALO WILD WINGS                        MORENO VALLEY WING COMPANY LLC                         12450 DAY ST,                         MORENO VALLEY, CA  92553","GRUBE INC, PO BOX 157                              DEFIANCE, OH  43512","47-504195","7","CALIFORNIA BUSINESS ESCROW INC 1748 MAIN ST ESCALON, CA  95320-1927","7","3321","12450 DAY ST","MORENO VALLEY","33","92553","GRUBE INC, PO BOX 157","DEFIANCE","43512","OH"
"648616","PEND ACTIVE","47 | 0","09/01/2023","08/31/2024","DBA: BUFFALO WILD WINGS                        SAN BERNARDINO WING COMPANY LLC                         690 E HOSPITALITY LN,                         SAN BERNARDINO, CA  92408-3568","GRUBE INC, PO BOX 157                              DEFIANCE, OH  43512","47-537329","","CALIFORNIA BUSINESS ESCROW INC 1748 MAIN ST ESCALON, CA  95320-1927","7","3610","690 E HOSPITALITY LN","SAN BERNARDINO","36","92408","GRUBE INC, PO BOX 157","DEFIANCE","43512","OH"
"648631","PEND ACTIVE","47 | 0","09/01/2023","08/31/2024","DBA: EL PUEBLO MEXICAN FOOD                        EL PUEBLO MEX CARMEL VALLEY INC                         5965 VILLAGE WAY, STE E107,                         SAN DIEGO, CA  92121-2475","820 BIRMINGHAM DR                              CARDIFF BY THE SEA, CA  92007-1402","47-591396","7","HERITAGE ESCROW COMPANY 2550 FIFTH AVE STE 800 SAN DIEGO, CA  92103","9","3710","5965 VILLAGE WAY, STE E107","SAN DIEGO","37","92121","820 BIRMINGHAM DR","CARDIFF BY THE SEA","92007","CA"
"648718","PEND ACTIVE","02 | 0","09/05/2023","06/30/2024","DBA: TRAILSIDE ESTATE                        TRAILSIDE VINEYARD LLC                         4047 E 3RD AVE,                         NAPA, CA  94558-4011","899 ADAMS ST, STE G                              SAINT HELENA, CA  95474-1160","","","","27","2800","4047 E 3RD AVE","NAPA","28","94558","899 ADAMS ST, STE G","SAINT HELENA","95474","CA"
"648841","PEND ACTIVE","47 | 0","09/01/2023","08/31/2024","DBA: AIKAN SUSHI                        AIKAN LONG BEACH, INC.                         4201 E WILLOW ST,                         LONG BEACH, CA  90815-1742","3200 WILSHIRE BLVD, 1205                              LOS ANGELES, CA  90010","47-574903","","HANA ESCROW COMPANY INC 3580 WILSHIRE BLVD STE 1170 LOS ANGELES, CA  90010","3","1932","4201 E WILLOW ST","LONG BEACH","19","90815","3200 WILSHIRE BLVD, 1205","LOS ANGELES","90010","CA"
"648857","PEND ACTIVE","20 | 0","09/01/2023","08/31/2024","DBA: JACKS MARKET                        RAJVEER, INC.                         9737 S INGLEWOOD AVE,                         INGLEWOOD, CA  90301-3654","","20-436619","","UNITY ESCROW 3600 WILSHIRE BLVD  #900 LOS ANGELES, CA  90010","3","1927","9737 S INGLEWOOD AVE","INGLEWOOD","19","90301","","","",""
"648940","PEND ACTIVE","41 | 0","09/05/2023","08/31/2024","DBA: GURU CURRY HOUSE                        HIGH PEAKS CURRY LLC                         10350 SAN PABLO AVE,                         EL CERRITO, CA  94530-3114","391 GRAND AVE                              OAKLAND, CA  94610","","","","22","0704","10350 SAN PABLO AVE","EL CERRITO","07","94530","391 GRAND AVE","OAKLAND","94610","CA"
"649187","PEND ACTIVE","41 | 0","09/01/2023","08/31/2024","DBA: TUK TUK CHICKEN & RICE                        TUKTUK CHICKEN & RICE                         5663 SNELL AVE,                         SAN JOSE, CA  95123","","","7","","25","4313","5663 SNELL AVE","SAN JOSE","43","95123","","","",""
"649307","PEND ACTIVE","58 | 1","09/05/2023","08/31/2024","DBA: YAS RESTAURANT                        CAVALIER PLACE INC.                          1138 SARATOGA AVE,                         SAN JOSE, CA  95129","","47-438788","","BUSINESS & ESCROW SERVICE CENTER 3031 TISCH WAY #301 SAN JOSE, CA  95218","25","4313","1138 SARATOGA AVE","SAN JOSE","43","95129","","","",""
"649307","PEND ACTIVE","47 | 1","09/05/2023","08/31/2024","DBA: YAS RESTAURANT                        CAVALIER PLACE INC.                          1138 SARATOGA AVE,                         SAN JOSE, CA  95129","","47-438788","","BUSINESS & ESCROW SERVICE CENTER 3031 TISCH WAY #301 SAN JOSE, CA  95218","25","4313","1138 SARATOGA AVE","SAN JOSE","43","95129","","","",""
"649319","PEND ACTIVE","47 | 0","09/01/2023","08/31/2024","DBA: TONG SOON GARDEN RESTAURANT                        KIM, JOON HO                         3240 EL CAMINO REAL,                         SANTA CLARA, CA  95051-2820","","47-612418","","FIDELITY NATIONAL TITLE COMPANY 2099 GATEWAY PL STE 500 SAN JOSE, CA  95110","25","4314","3240 EL CAMINO REAL","SANTA CLARA","43","95051","","","",""
"649385","PEND ACTIVE","47 | 0","09/01/2023","08/31/2024","DBA: BREAK THE                        PB BREAK, INC. THE                         841 DOLLIVER ST,                         PISMO BEACH, CA  93449-2503","PO BOX 1228                              SAN LUIS OBISPO, CA  93406-1228","47-197600","7","COMMERCIAL INVESTMENTS 72 MARIPOSA DR SAN LUIS OBISPO, CA  93401","13","4003","841 DOLLIVER ST","PISMO BEACH","40","93449","PO BOX 1228","SAN LUIS OBISPO","93406","CA"
"649441","PEND ACTIVE","20 | 0","09/01/2023","06/30/2024","DBA: 7-ELEVEN STORE 17165F                        7 ELEVEN INC                         5401 E BEVERLY BLVD,                         LOS ANGELES, CA  90022-2207","PO BOX 139044, ATTN: LICENSING DEPARTMENT                              DALLAS, TX  75313-9044","20-474248","","7 ELEVEN INC 330 E LAMBERT RD STE 150 BREA, CA  92821-4128","2","1900","5401 E BEVERLY BLVD","LOS ANGELES","19","90022","PO BOX 139044, ATTN: LICENSING DEPARTMENT","DALLAS","75313","TX"
"649624","PEND ACTIVE","41 | 0","09/05/2023","08/31/2024","DBA: LOS CACHANILLAS SPORT BAR AND SEA FOOD                        LOPEZ-FIGUEROA, MARIA LAURA                         992 FITZUREN RD,                         ANTIOCH, CA  94509-4758","338 WINTERGREEN RD                              BRENTWOOD, CA  94513","","7","","22","0701","992 FITZUREN RD","ANTIOCH","07","94509","338 WINTERGREEN RD","BRENTWOOD","94513","CA"
"649647","PEND ACTIVE","41 | 0","09/05/2023","08/31/2024","DBA: GABRIEL & DANIEL'S MEXICAN GRILL                        GARCIACORTES, GABRIEL  B                         250 ANZA BLVD,                         BURLINGAME, CA  94010-1939","","","7","","25","4103","250 ANZA BLVD","BURLINGAME","41","94010","","","",""
"649677","PEND ACTIVE","02 | 0","09/05/2023","06/30/2024","DBA: SHIBUMI KNOLL VINEYARDS LLC                        SHIBUMI KNOLL VINEYARDS LLC                         1299 MAIN ST, STE A,                         SAINT HELENA, CA  94574-1902","3480 ST HELENA HWY N                              SAINT HELENA, CA  94574","","7","","27","2803","1299 MAIN ST, STE A","SAINT HELENA","28","94574","3480 ST HELENA HWY N","SAINT HELENA","94574","CA"
"649708","PEND ACTIVE","90 | 0","09/01/2023","08/31/2024","DBA: BIG EASY THE                        NIRVANA ENTERPRISES INC                         128 AMERICAN ALLEY,                         PETALUMA, CA  94952-2973","139 PETALUMA BLVD N, STE B                              PETALUMA, CA  94952","","7","","27","4903","128 AMERICAN ALLEY","PETALUMA","49","94952","139 PETALUMA BLVD N, STE B","PETALUMA","94952","CA"
"649730","PEND ACTIVE","21 | 0","09/01/2023","08/31/2024","DBA: JESSE'S LIQUOR                        JASSI, GURNAM SINGH                         510 CENTER AVE,                         MARTINEZ, CA  94553","","21-483267","","CALIFORNIA BUSINESS ESCROW 1748 MAIN ST ESCALON, CA  95320-1927","22","0706","510 CENTER AVE","MARTINEZ","07","94553","","","",""
"649745","PEND ACTIVE","21 | 0","09/01/2023","06/30/2024","DBA: 7-ELEVEN 24268                        7 ELEVEN INC                         601 PATTERSON BLVD,                         PLEASANT HILL, CA  94523","PO BOX 139044, ATTN: LICENSING DEPARTMENT                              DALLAS, TX  75313-9044","21-641485","2","","22","0712","601 PATTERSON BLVD","PLEASANT HILL","07","94523","PO BOX 139044, ATTN: LICENSING DEPARTMENT","DALLAS","75313","TX"
"649767","PEND ACTIVE","18 | 1","09/01/2023","08/31/2024","DBA: NAVACON                        NAVACON, LLC                         806 E 60TH ST,                         LOS ANGELES, CA  90001-1015","PO BOX 54937                              LOS ANGELES, CA  90054","","","","4","1933","806 E 60TH ST","LOS ANGELES","19","90001","PO BOX 54937","LOS ANGELES","90054","CA"
"649767","PEND ACTIVE","12 | 1","09/01/2023","08/31/2024","DBA: NAVACON                        NAVACON, LLC                         806 E 60TH ST,                         LOS ANGELES, CA  90001-1015","PO BOX 54937                              LOS ANGELES, CA  90054","","","","4","1933","806 E 60TH ST","LOS ANGELES","19","90001","PO BOX 54937","LOS ANGELES","90054","CA"
"649818","PEND ACTIVE","20 | 0","09/01/2023","08/31/2024","DBA: LAS MONTANAS SUPERMARKET                        LAS MONTANAS HAYWARD, INC.                         20800 MISSION BLVD,                         HAYWARD, CA  94541","13901 SAN PABLO AVE                              SAN PABLO, CA  94806","","","","22","0100","20800 MISSION BLVD","HAYWARD","01","94541","13901 SAN PABLO AVE","SAN PABLO","94806","CA"
"649842","PEND ACTIVE","41 | 0","09/01/2023","08/31/2024","DBA: OFF-BASE                        CROSS-SWELL, LLC                         107 W OCEAN AVE,                         LOMPOC, CA  93436-6732","322 S G ST                              LOMPOC, CA  93436-7204","41-581434","7","SUPREME ESCROW INC 3701 WILSHIRE BLVD STE 535 LOS ANGELES, CA  90010","13","4202","107 W OCEAN AVE","LOMPOC","42","93436","322 S G ST","LOMPOC","93436","CA"
"649860","PEND ACTIVE","02 | 0","09/05/2023","06/30/2024","DBA: FAYARD WINES                        FAYARD WINEMAKING LLC                         1408 2ND ST,                         NAPA, CA  94559-2824","PO BOX 5689                              NAPA, CA  94581-0689","","","","27","2802","1408 2ND ST","NAPA","28","94559","PO BOX 5689","NAPA","94581","CA"
"649878","PEND ACTIVE","41 | 0","09/01/2023","08/31/2024","DBA: BUGA KOREAN BBQ                        SKR FOODS INC                         5580 CLAIREMONT MESA BLVD,                         SAN DIEGO, CA  92117-2347","14660 CARMEL RIDGE RD                              SAN DIEGO, CA  92128","41-600249","7","PACIFIC HOMELAND ESCROW 8799 BALBOA AVE STE 100 SAN DIEGO, CA  92123","10","3710","5580 CLAIREMONT MESA BLVD","SAN DIEGO","37","92117","14660 CARMEL RIDGE RD","SAN DIEGO","92128","CA"
"649883","PEND ACTIVE","20 | 0","09/01/2023","08/31/2024","DBA: G&M #216                        G & M OIL COMPANY INC                         14689 LA PAZ DR,                         VICTORVILLE, CA  92395-4005","16868 A LANE                               HUNTINGTON BEACH, CA  92647-4831","20-618997","7","CALIFORNIA BUSINESS ESCROW","7","3612","14689 LA PAZ DR","VICTORVILLE","36","92395","16868 A LANE","HUNTINGTON BEACH","92647","CA"
"649899","PEND ACTIVE","47 | 0","09/01/2023","08/31/2024","DBA: IMPALA BAR AND GRILL                        STEELE MANAGEMENT LLC                          333 S PALM CANYON DR, STE 1,                         PALM SPRINGS, CA  92262-7301","280 S AVENIDA CABALLEROS , UNIT 268                              PALM SPRINGS, CA  92262-6795","47-647550","7","THE ESCROW CONNECTION 1111 E. TAHQUITZ CANYON WAY #101 PALM SPRINGS, CA  92262","8","3310","333 S PALM CANYON DR, STE 1","PALM SPRINGS","33","92262","280 S AVENIDA CABALLEROS , UNIT 268","PALM SPRINGS","92262","CA"
"649960","PEND ACTIVE","20 | 0","09/01/2023","08/31/2024","GAWFCO ENTERPRISES INCORPORATED                         449 HEGENBERGER RD,                         OAKLAND, CA  94621-1417","3669 MT DIABLO BLVD                              LAFAYETTE, CA  94549-3739","20-558795","","CALIFORNIA BUSINESS ESCROW 1748 MAIN ST ESCALON, CA  95320-1927","22","0109","449 HEGENBERGER RD","OAKLAND","01","94621","3669 MT DIABLO BLVD","LAFAYETTE","94549","CA"
"650009","PEND ACTIVE","20 | 0","09/01/2023","08/31/2024","DBA: OLIVE'S NEIGHBORHOOD MARKET                        OLIVE'S NEIGHBORHOOD MARKET LLC                         756 E FOOTHILL BLVD,                         SAN DIMAS, CA  91773-1209","","20-487268","7","INNOVATIVE ESCROW, INC 28212 KELLY JOHNSON PKWY STE 110 VALENCIA, CA  91355","2","1900","756 E FOOTHILL BLVD","SAN DIMAS","19","91773","","","",""
"650097","PEND ACTIVE","21 | 0","09/05/2023","08/31/2024","DBA: FIFTY'S MARKET & LIQUOR                        HAYSTACK L&C INC.                         27826 MISSION BLVD,                         HAYWARD, CA  94544-4144","100 RYAN INDUSTRIAL CT                              SAN RAMON, CA  94583-1527","21-616260","7","OLD REPUBLIC TITLE 1000 BURNETT AVE STE 400 CONCORD, CA  94520-2088","22","0106","27826 MISSION BLVD","HAYWARD","01","94544","100 RYAN INDUSTRIAL CT","SAN RAMON","94583","CA"
"650146","PEND ACTIVE","20 | 0","09/01/2023","06/30/2024","DBA: 7 ELEVEN #14174F                        7 ELEVEN INC                         3500 GRAND AVE,                         OAKLAND, CA  94610","PO BOX 139044, ATTN: LICENSING DEPARTMENT                              DALLAS, TX  75313-9044","20-347999","","7 ELEVEN INC PO BOX 139044 ATTEN: LICENSING DEPARTMENT DALLAS, TX  75313-9044","22","0109","3500 GRAND AVE","OAKLAND","01","94610","PO BOX 139044, ATTN: LICENSING DEPARTMENT","DALLAS","75313","TX"
"650156","PEND ACTIVE","41 | 0","09/01/2023","08/31/2024","DBA: CALIFORNIA STREET TACOS                        CALIFORNIA STREET TACOS, INC                         2101 16TH ST,                         SACRAMENTO, CA  95818-1506","2570 LA FRANCE DR                              CARMICHAEL, CA  95608-4653","","7","","23","3405","2101 16TH ST","SACRAMENTO","34","95818","2570 LA FRANCE DR","CARMICHAEL","95608","CA"
"650228","PEND ACTIVE","41 | 0","09/05/2023","08/31/2024","DBA: THAI TASTE KITCHEN                        SC THAI KITCHEN, INC.                         3814 PIEDMONT AVE,                         OAKLAND, CA  94611-5354","","","7","","22","0109","3814 PIEDMONT AVE","OAKLAND","01","94611","","","",""
"650311","PEND ACTIVE","41 | 0","09/01/2023","08/31/2024","DBA: MARV'S PIZZA                        CANTU, ROBERT JR                         729 12TH ST,                         PASO ROBLES, CA  93446","759 LAWRENCE DR                               SAN LUIS OBISPO, CA  93401","41-332658","","CENTRAL COAST BUSINESS BROKERS 1405 GARDEN ST SAN LUIS OBISPO, CA  93401","13","4002","729 12TH ST","PASO ROBLES","40","93446","759 LAWRENCE DR","SAN LUIS OBISPO","93401","CA"
"650549","PEND ACTIVE","41 | 0","09/01/2023","08/31/2024","DBA: CHIMNEY TREE GRILL                        TIO MILO LLC                         1111 AVENUE OF THE GIANTS,                         PHILLIPSVILLE, CA  95559","PO BOX 463                              MIRANDA, CA  95553-0463","","","","28","1200","1111 AVENUE OF THE GIANTS","PHILLIPSVILLE","12","95559","PO BOX 463","MIRANDA","95553","CA"
"651156","PEND ACTIVE","82 | 0","09/05/2023","08/31/2024","DBA: CARLTON WINEMAKERS STUDIO                        HAMPTON FAMILY VINEYARDS, LLC                         801 N SCOTT ST,                         CARLTON, OR  97111-1210","PO BOX 279                              CARLTON, OR  97111","","","","75","9999","801 N SCOTT ST","CARLTON","","97111","PO BOX 279","CARLTON","97111","OR"