"License Number","Status Changed From/To","Type| Dup","Original Issue Date","Expir. Date","Primary Owner and Premises Addr.","Mailing Addr.","Transfer-From/To","Conditions","Escrow","District Code","Geo Code","Prem Street","City","County","Zip Code","Mailing Street","Mailing City","Mailing Zip Code","Mailing State"
"39251","ACTIVE CANCEL","20 | 0","08/01/1976","01/31/2024","DURONS MARKET INC                         1610 N WILLOWBROOK AVE,                         COMPTON, CA  90222","9292 MULLER ST                              DOWNEY, CA  90241","","","","3","1912","1610 N WILLOWBROOK AVE","COMPTON","19","90222","9292 MULLER ST","DOWNEY","90241","CA"
"150547","ACTIVE CANCEL","41 | 0","02/14/1984","07/31/2024","LOS BURRITOS INC                         5568 LANKERSHIM BLVD,                         NORTH HOLLYWOOD, CA  91601","4961 WEST SUNSET BLVD                              LOS ANGELES, CA  90027","","7","","5","1933","5568 LANKERSHIM BLVD","NORTH HOLLYWOOD","19","91601","4961 WEST SUNSET BLVD","LOS ANGELES","90027","CA"
"236181","REVPEN CANCEL","41 | 0","08/01/1989","01/31/2025","DBA: EL TACO LOCO                        SANCHEZ, ROBERTO T                         3274 24TH ST,                         SAN FRANCISCO, CA  94110","","","","","24","3800","3274 24TH ST","SAN FRANCISCO","38","94110","","","",""
"250014","AUTREV ACTIVE","20 | 0","09/17/1990","04/30/2024","DBA: FISHERMANS RETREAT                        HOLIDAY RETREATS INC                         32300 SAN TIMOTEO CANYON RD,                         REDLANDS, CA  92373","17150 EUCLID STREET, SUITE 306                              FOUNTAIN VALLEY, CA  92708","","","","7","3300","32300 SAN TIMOTEO CANYON RD","REDLANDS","33","92373","17150 EUCLID STREET, SUITE 306","FOUNTAIN VALLEY","92708","CA"
"250014","AUTREV ACTIVE","20 | 0","09/17/1990","04/30/2024","DBA: FISHERMANS RETREAT                        HOLIDAY RETREATS INC                         32300 SAN TIMOTEO CANYON RD,                         REDLANDS, CA  92373","17150 EUCLID STREET, SUITE 306                              FOUNTAIN VALLEY, CA  92708","","","","7","3300","32300 SAN TIMOTEO CANYON RD","REDLANDS","33","92373","17150 EUCLID STREET, SUITE 306","FOUNTAIN VALLEY","92708","CA"
"256812","AUTREV ACTIVE","41 | 0","03/11/1991","02/28/2025","DBA: FISHERMANS RETREAT                        HOLIDAY RETREATS INC                         32300 SAN TIMOTEO CANYON RD, STE B,                         REDLANDS, CA  92373","17150 EUCLID STREET, SUITE 306                              FOUNTAIN VALLEY, CA  92708","","7","","7","3300","32300 SAN TIMOTEO CANYON RD, STE B","REDLANDS","33","92373","17150 EUCLID STREET, SUITE 306","FOUNTAIN VALLEY","92708","CA"
"256812","AUTREV ACTIVE","41 | 0","03/11/1991","02/28/2025","DBA: FISHERMANS RETREAT                        HOLIDAY RETREATS INC                         32300 SAN TIMOTEO CANYON RD, STE B,                         REDLANDS, CA  92373","17150 EUCLID STREET, SUITE 306                              FOUNTAIN VALLEY, CA  92708","","7","","7","3300","32300 SAN TIMOTEO CANYON RD, STE B","REDLANDS","33","92373","17150 EUCLID STREET, SUITE 306","FOUNTAIN VALLEY","92708","CA"
"272410","REVPEN ACTIVE","40 | 0","06/02/1992","10/31/2024","DBA: TAQUERIA LA UNICA                        CHAVEZ, ALICIA                         2530 S BROADWAY, STE G,                         SANTA MARIA, CA  93454","4460 BEVERLY DR                              SANTA MARIA, CA  93455","","","","13","4204","2530 S BROADWAY, STE G","SANTA MARIA","42","93454","4460 BEVERLY DR","SANTA MARIA","93455","CA"
"272410","REVPEN ACTIVE","40 | 0","06/02/1992","10/31/2024","DBA: TAQUERIA LA UNICA                        CHAVEZ, ALICIA                         2530 S BROADWAY, STE G,                         SANTA MARIA, CA  93454","4460 BEVERLY DR                              SANTA MARIA, CA  93455","","","","13","4204","2530 S BROADWAY, STE G","SANTA MARIA","42","93454","4460 BEVERLY DR","SANTA MARIA","93455","CA"
"316682","SUREND CANCEL","20 | 0","04/26/1996","06/30/2024","DBA: GROCERY OUTLET                        GROCERY OUTLET INC                         36601 NEWARK BLVD, 19-25,                         NEWARK, CA  94560","5650 HOLLIS ST                              EMERYVILLE, CA  94608-2597","","","","22","0108","36601 NEWARK BLVD, 19-25","NEWARK","01","94560","5650 HOLLIS ST","EMERYVILLE","94608","CA"
"455910","ACTIVE CANCEL","41 | 0","01/13/2010","12/31/2024","DBA: LE PAIN QUOTIDIEN                        PQ MANHATTAN BEACH INC                         451 MANHATTAN BEACH BLVD, STE 132,                         MANHATTAN BEACH, CA  90266-5345","50 BROAD ST, 12TH FLR                              NEW YORK, NY  10004-2790","","7","","3","1935","451 MANHATTAN BEACH BLVD, STE 132","MANHATTAN BEACH","19","90266","50 BROAD ST, 12TH FLR","NEW YORK","10004","NY"
"480318","CANCEL SUREND","02 | 1","10/27/2009","06/30/2024","DBA: NOTTINGHAM CELLARS                        WGG ENTERPRISES, LLC                         2245 S VASCO RD, UNIT C & D,                         LIVERMORE, CA  94550-8313","PO BOX 1235                               MANTECA, CA  95336","","","","22","0107","2245 S VASCO RD, UNIT C & D","LIVERMORE","01","94550","PO BOX 1235","MANTECA","95336","CA"
"480318","CANCEL SUREND","81 | 1","10/27/2009","06/30/2024","DBA: NOTTINGHAM CELLARS                        WGG ENTERPRISES, LLC                         2245 S VASCO RD, UNIT C & D,                         LIVERMORE, CA  94550-8313","PO BOX 1235                               MANTECA, CA  95336","","","","22","0107","2245 S VASCO RD, UNIT C & D","LIVERMORE","01","94550","PO BOX 1235","MANTECA","95336","CA"
"483310","REVPEN ACTIVE","41 | 0","11/24/2009","10/31/2024","DBA: LANNA THAI RESTAURANT                        LANNA THAI CUISINE                         2270 LAS POSITAS RD,                         LIVERMORE, CA  94551-8892","","","","","22","0107","2270 LAS POSITAS RD","LIVERMORE","01","94551","","","",""
"483310","REVPEN ACTIVE","41 | 0","11/24/2009","10/31/2024","DBA: LANNA THAI RESTAURANT                        LANNA THAI CUISINE                         2270 LAS POSITAS RD,                         LIVERMORE, CA  94551-8892","","","","","22","0107","2270 LAS POSITAS RD","LIVERMORE","01","94551","","","",""
"530394","ACTIVE CANCEL","47 | 0","08/29/2013","02/29/2024","DBA: LA TAPATIA MEXICAN COUSIN, MARTINEZ                        ECJ, INC.                         524 & 536 MAIN ST,                         MARTINEZ, CA  94553-1140","536 MAIN ST                              MARTINEZ, CA  94553-1440","47-433555/ 47-653208","7","","22","0706","524 & 536 MAIN ST","MARTINEZ","07","94553","536 MAIN ST","MARTINEZ","94553","CA"
"530394","ACTIVE CANCEL","47 | 0","08/29/2013","02/29/2024","DBA: LA TAPATIA MEXICAN COUSIN, MARTINEZ                        ECJ, INC.                         524 & 536 MAIN ST,                         MARTINEZ, CA  94553-1140","536 MAIN ST                              MARTINEZ, CA  94553-1440","47-433555/ 47-653208","7","","22","0706","524 & 536 MAIN ST","MARTINEZ","07","94553","536 MAIN ST","MARTINEZ","94553","CA"
"530647","ACTIVE CANCEL","47 | 0","11/12/2013","10/31/2024","DBA: MIMIS CAFE 0057                        SWH MIMI'S CAFE, LLC                         6670 E PACIFIC COAST HWY,                         LONG BEACH, CA  90803","5243 E BEVERLY BLVD                               LOS ANGELES, CA  90022","47-371458/ 47-632931","7","","3","1932","6670 E PACIFIC COAST HWY","LONG BEACH","19","90803","5243 E BEVERLY BLVD","LOS ANGELES","90022","CA"
"530732","ACTIVE SUREND","41 | 0","11/12/2013","10/31/2024","DBA:  MIMI'S CAFE 0020                        SWH MIMI'S CAFE, LLC                         19710 NORDHOFF PL,                         CHATSWORTH, CA  91311-6605","","41-309327","7","","5","1933","19710 NORDHOFF PL","CHATSWORTH","19","91311","","","",""
"565402","SUSPEN ACTIVE","41 | 0","02/05/2016","04/30/2024","DBA: TOMMY'S SALSA                        TOMMY'S SALSA, INC.                         1553 S NOVATO BLVD, STE F,                         NOVATO, CA  94947-4112","","41-556653","","","27","2110","1553 S NOVATO BLVD, STE F","NOVATO","21","94947","","","",""
"565402","SUSPEN ACTIVE","41 | 0","02/05/2016","04/30/2024","DBA: TOMMY'S SALSA                        TOMMY'S SALSA, INC.                         1553 S NOVATO BLVD, STE F,                         NOVATO, CA  94947-4112","","41-556653","","","27","2110","1553 S NOVATO BLVD, STE F","NOVATO","21","94947","","","",""
"569418","ACTIVE SUSPEN","21 | 0","09/01/2016","08/31/2024","DBA: ORIGINAL WINE CLUB                        ORIGINAL WINE CLUB INC. THE                         1431 S VILLAGE WAY, UNIT A,                         SANTA ANA, CA  92705-4714","3303 HARBOR BLVD, STE A103                              COSTA MESA, CA  92626-1536","21-511662","7","CALIFORNIA BUSINESS ESCROW INC 1748 MAIN ST ESCALON, CA  95320-1927","11","3017","1431 S VILLAGE WAY, UNIT A","SANTA ANA","30","92705","3303 HARBOR BLVD, STE A103","COSTA MESA","92626","CA"
"570335","SUREND CANCEL","47 | 0","11/21/2016","10/31/2024","DBA: MACE MEADOWS GOLF COURSE                        MACE MEADOWS CC LLC                         26570 FAIRWAY DR,                         PIONEER, CA  95666","","47-210237/ 47-654721","","CAPITAL CITY ESCROW INC 3838 WATT AVE #F610 SACRAMENTO, CA  95821","23","0300","26570 FAIRWAY DR","PIONEER","03","95666","","","",""
"570335","SUREND CANCEL","47 | 0","11/21/2016","10/31/2024","DBA: MACE MEADOWS GOLF COURSE                        MACE MEADOWS CC LLC                         26570 FAIRWAY DR,                         PIONEER, CA  95666","","47-210237/ 47-654721","","CAPITAL CITY ESCROW INC 3838 WATT AVE #F610 SACRAMENTO, CA  95821","23","0300","26570 FAIRWAY DR","PIONEER","03","95666","","","",""
"589641","ACTIVE SUSPEN","20 | 0","02/20/2018","05/31/2024","DBA: CIRCLE R MINI MART                        DEOL, JAGDIPPAL SINGH                         1210 R ST,                         MERCED, CA  95340","","20-412770/ 20-656419","7","","29","2406","1210 R ST","MERCED","24","95340","","","",""
"592251","ACTIVE CANCEL","20 | 0","05/29/2018","04/30/2024","DBA: SUPER EL GAVILANCILLO                        SANCHEZ-CAPIZ, JOSE                         9360 ROAD 236,                         TERRA BELLA, CA  93270","1303 PEPPERWOOD ST                              TULARE, CA  93274-8703","20-504760/ 20-646264","7","","21","5400","9360 ROAD 236","TERRA BELLA","54","93270","1303 PEPPERWOOD ST","TULARE","93274","CA"
"596498","REVPEN ACTIVE","23 | 1","11/26/2018","10/31/2024","SEAHORSE BREWING COMPANY LLC                         2017 PALMETTO AVE,                         PACIFICA, CA  94044-2767","790 MAIN ST                              HALF MOON BAY, CA  94019-1925","","","","25","4109","2017 PALMETTO AVE","PACIFICA","41","94044","790 MAIN ST","HALF MOON BAY","94019","CA"
"596498","REVPEN ACTIVE","23 | 1","11/26/2018","10/31/2024","SEAHORSE BREWING COMPANY LLC                         2017 PALMETTO AVE,                         PACIFICA, CA  94044-2767","790 MAIN ST                              HALF MOON BAY, CA  94019-1925","","","","25","4109","2017 PALMETTO AVE","PACIFICA","41","94044","790 MAIN ST","HALF MOON BAY","94019","CA"
"596498","REVPEN ACTIVE","77 | 1","11/26/2018","10/31/2024","SEAHORSE BREWING COMPANY LLC                         2017 PALMETTO AVE,                         PACIFICA, CA  94044-2767","790 MAIN ST                              HALF MOON BAY, CA  94019-1925","","","","25","4109","2017 PALMETTO AVE","PACIFICA","41","94044","790 MAIN ST","HALF MOON BAY","94019","CA"
"596498","REVPEN ACTIVE","77 | 1","11/26/2018","10/31/2024","SEAHORSE BREWING COMPANY LLC                         2017 PALMETTO AVE,                         PACIFICA, CA  94044-2767","790 MAIN ST                              HALF MOON BAY, CA  94019-1925","","","","25","4109","2017 PALMETTO AVE","PACIFICA","41","94044","790 MAIN ST","HALF MOON BAY","94019","CA"
"597522","AUTREV SUREND","48 | 2","01/03/2019","07/31/2024","DBA: RED BARN THE                        ENTERTAINMENT GAME INC                         73290 HWY 111,                         PALM DESERT, CA  92260-3903","","48-520199/ 47-648550","7","","8","3318","73290 HWY 111","PALM DESERT","33","92260","","","",""
"597522","AUTREV SUREND","48 | 2","01/03/2019","07/31/2024","DBA: RED BARN THE                        ENTERTAINMENT GAME INC                         73290 HWY 111,                         PALM DESERT, CA  92260-3903","","48-520199/ 47-648550","7","","8","3318","73290 HWY 111","PALM DESERT","33","92260","","","",""
"597522","AUTREV SUREND","58 | 2","01/03/2019","07/31/2024","DBA: RED BARN THE                        ENTERTAINMENT GAME INC                         73290 HWY 111,                         PALM DESERT, CA  92260-3903","","48-520199/ 47-648550","7","","8","3318","73290 HWY 111","PALM DESERT","33","92260","","","",""
"597522","AUTREV SUREND","58 | 2","01/03/2019","07/31/2024","DBA: RED BARN THE                        ENTERTAINMENT GAME INC                         73290 HWY 111,                         PALM DESERT, CA  92260-3903","","48-520199/ 47-648550","7","","8","3318","73290 HWY 111","PALM DESERT","33","92260","","","",""
"597522","AUTREV SUREND","77 | 2","01/03/2019","07/31/2024","DBA: RED BARN THE                        ENTERTAINMENT GAME INC                         73290 HWY 111,                         PALM DESERT, CA  92260-3903","","48-520199/ 47-648550","7","","8","3318","73290 HWY 111","PALM DESERT","33","92260","","","",""
"597522","AUTREV SUREND","77 | 2","01/03/2019","07/31/2024","DBA: RED BARN THE                        ENTERTAINMENT GAME INC                         73290 HWY 111,                         PALM DESERT, CA  92260-3903","","48-520199/ 47-648550","7","","8","3318","73290 HWY 111","PALM DESERT","33","92260","","","",""
"599430","ACTIVE CANCEL","02 | 0","03/20/2019","06/30/2024","DBA: STEVEN KENT WINERY THE                        OUT FROM LAND INVESTOR GROUP LLC                         5443 TESLA RD,                         LIVERMORE, CA  94550","5443 TESLA RD                              LIVERMORE, CA  94550","02-558809","","","22","0107","5443 TESLA RD","LIVERMORE","01","94550","5443 TESLA RD","LIVERMORE","94550","CA"
"601264","ACTIVE CANCEL","41 | 0","03/15/2019","02/28/2025","DBA: SANTA BARBARA SUNSHINE CAFE                         SANTA BARBARA SUNSHINE CAFÉ INC                         3514 STATE ST,                         SANTA BARBARA, CA  93105","","41-391999/ 41-653924","","ALISO ESCROW 4522 MARKET ST VENTURA, CA  93003","12","4203","3514 STATE ST","SANTA BARBARA","42","93105","","","",""
"609096","ACTIVE CANCEL","47 | 0","12/19/2019","11/30/2024","DBA: GRILL ON THE ALLEY, THE                        BH WHITE CORPORATION THE                         120 PROMENADE WAY,                         THOUSAND OAKS, CA  91362-3829","","47-459544/ 47-649265","7","ABC ESCROW 2222 DAMON STREET  LOS ANGELES, CA  90021","12","5607","120 PROMENADE WAY","THOUSAND OAKS","56","91362","","","",""
"609430","AUTREV ACTIVE","17 | 1","10/11/2019","09/30/2024","DBA: TRANSPARENT WINE COMPANY                        PRIVACY GLASS BEVERAGE, INC.                         1631 LA VEREDA RD , # 4,                         BERKELEY, CA  94709","303 BERKELEY PARK BLVD                              KENSINGTON, CA  94707","","7","","22","0103","1631 LA VEREDA RD , # 4","BERKELEY","01","94709","303 BERKELEY PARK BLVD","KENSINGTON","94707","CA"
"609430","AUTREV ACTIVE","17 | 1","10/11/2019","09/30/2024","DBA: TRANSPARENT WINE COMPANY                        PRIVACY GLASS BEVERAGE, INC.                         1631 LA VEREDA RD , # 4,                         BERKELEY, CA  94709","303 BERKELEY PARK BLVD                              KENSINGTON, CA  94707","","7","","22","0103","1631 LA VEREDA RD , # 4","BERKELEY","01","94709","303 BERKELEY PARK BLVD","KENSINGTON","94707","CA"
"609430","AUTREV ACTIVE","09 | 1","10/11/2019","09/30/2024","DBA: TRANSPARENT WINE COMPANY                        PRIVACY GLASS BEVERAGE, INC.                         1631 LA VEREDA RD , # 4,                         BERKELEY, CA  94709","303 BERKELEY PARK BLVD                              KENSINGTON, CA  94707","","7","","22","0103","1631 LA VEREDA RD , # 4","BERKELEY","01","94709","303 BERKELEY PARK BLVD","KENSINGTON","94707","CA"
"609430","AUTREV ACTIVE","09 | 1","10/11/2019","09/30/2024","DBA: TRANSPARENT WINE COMPANY                        PRIVACY GLASS BEVERAGE, INC.                         1631 LA VEREDA RD , # 4,                         BERKELEY, CA  94709","303 BERKELEY PARK BLVD                              KENSINGTON, CA  94707","","7","","22","0103","1631 LA VEREDA RD , # 4","BERKELEY","01","94709","303 BERKELEY PARK BLVD","KENSINGTON","94707","CA"
"610680","ACTIVE CANCEL","47 | 0","06/29/2020","05/31/2024","DBA: LOS MAREADO CEVICHE BAR 2                        OLIVO, CLAUDIA  RENATA                         138 N HARVARD ST,                         HEMET, CA  92543-4212","","","5","","7","3308","138 N HARVARD ST","HEMET","33","92543","","","",""
"612684","ACTIVE CANCEL","02 | 0","11/18/2020","06/30/2024","DBA: ZARIF COMPANIES                        ZARIF COMPANIES                         4457 SANTA ROSA RD, STE 2,                         LOMPOC, CA  93436-9516","9903 SANTA MONICA BLVD , STE 1021                              BEVERLY HILLS, CA  90212","02-486559/ 02-654076","","NONE","13","4200","4457 SANTA ROSA RD, STE 2","LOMPOC","42","93436","9903 SANTA MONICA BLVD , STE 1021","BEVERLY HILLS","90212","CA"
"617196","PEND ACTIVE","41 | 0","02/07/2024","01/31/2025","DBA: EAST COAST FOODS                        CRUSE, LORENNA L                         1315 SOLANO ST, STE B,                         CORNING, CA  96021","4650 DAWSON RD                              CORNING, CA  96021","","7","","31","5201","1315 SOLANO ST, STE B","CORNING","52","96021","4650 DAWSON RD","CORNING","96021","CA"
"626975","REVPEN ACTIVE","41 | 0","11/05/2021","10/31/2024","DBA: DIGGERS DINER CONCORD                        DAVENPORT, NICOLE MARIE                         1895 FARM BUREAU RD, # B,                         CONCORD, CA  94519","","","7","","22","0703","1895 FARM BUREAU RD, # B","CONCORD","07","94519","","","",""
"626975","REVPEN ACTIVE","41 | 0","11/05/2021","10/31/2024","DBA: DIGGERS DINER CONCORD                        DAVENPORT, NICOLE MARIE                         1895 FARM BUREAU RD, # B,                         CONCORD, CA  94519","","","7","","22","0703","1895 FARM BUREAU RD, # B","CONCORD","07","94519","","","",""
"629316","ACTIVE CANCEL","20 | 0","01/25/2022","12/31/2024","DBA: MIA BEA WINES                        BARRA, LORI JEAN                         9901 EAST RD,                         REDWOOD VALLEY, CA  95470-9527","PO BOX 371                              REDWOOD VALLEY, CA  95470","20-537211/ 20-647549","7,I","","27","2300","9901 EAST RD","REDWOOD VALLEY","23","95470","PO BOX 371","REDWOOD VALLEY","95470","CA"
"629316","ACTIVE CANCEL","17 | 0","01/25/2022","12/31/2024","DBA: MIA BEA WINES                        BARRA, LORI JEAN                         9901 EAST RD,                         REDWOOD VALLEY, CA  95470-9527","PO BOX 371                              REDWOOD VALLEY, CA  95470","17-537211/ 17-647549","7","","27","2300","9901 EAST RD","REDWOOD VALLEY","23","95470","PO BOX 371","REDWOOD VALLEY","95470","CA"
"629316","ACTIVE CANCEL","02 | 0","01/25/2022","06/30/2024","DBA: MIA BEA WINES                        BARRA, LORI JEAN                         9901 EAST RD,                         REDWOOD VALLEY, CA  95470-9527","PO BOX 371                              REDWOOD VALLEY, CA  95470","","7","","27","2300","9901 EAST RD","REDWOOD VALLEY","23","95470","PO BOX 371","REDWOOD VALLEY","95470","CA"
"632931","PEND ACTIVE","47 | 0","02/07/2024","01/31/2025","DBA: MIMIS CAFE                        BEYOND LIMITS 1, INC WHICH WILL DO BUSINESS IN CAL                         19710 NORDHOFF PL,                         CHATSWORTH, CA  91311-6605","4185 W FIGARDEN DR, STE 102                              FRESNO, CA  93722-6070","47-530647","","","5","1933","19710 NORDHOFF PL","CHATSWORTH","19","91311","4185 W FIGARDEN DR, STE 102","FRESNO","93722","CA"
"633971","PEND ACTIVE","41 | 0","02/07/2024","12/31/2024","DBA: LE PAIN QUOTIDIEN                        APQ MANHATTAN BEACH CA, LLC                         451 MANHATTAN BEACH BLVD, STE 132,                         MANHATTAN BEACH, CA  90266-5345","C/O AURIFY BRANDS, LLC, 56 W 22ND ST                              2ND FLOOR, NEW YORK, NY  10010","41-455910","7","","3","1935","451 MANHATTAN BEACH BLVD, STE 132","MANHATTAN BEACH","19","90266","C/O AURIFY BRANDS, LLC, 56 W 22ND ST","NEW YORK","10010","NY"
"634630","PEND ACTIVE","02 | 0","02/08/2024","06/30/2024","001 VINTNERS, LLC                         451 JACKSON ST, STE 3,                         SAN FRANCISCO, CA  94111-1615","451 JACKSON ST, STE 3                              SAN FRANCISCO, CA  94111-1615","","7","","24","3800","451 JACKSON ST, STE 3","SAN FRANCISCO","38","94111","451 JACKSON ST, STE 3","SAN FRANCISCO","94111","CA"
"636648","ACTIVE CANCEL","41 | 0","08/08/2022","01/31/2024","DBA: EL CARBONERO RESTAURANT                        SANTAMARIA RESTAURANT, INC.                         232-234 PALMDALE BLVD,                         PALMDALE, CA  93550-4515","","41-476517","8","","5","1974","232-234 PALMDALE BLVD","PALMDALE","19","93550","","","",""
"637470","PEND ACTIVE","41 | 0","02/07/2024","01/31/2025","DBA: RAY RAY'S TACO                        TACO POP-UP, LLC                          1304 MAIN ST,                         SAINT HELENA, CA  94574-1905","1746 MADRONA AVE                              SAINT HELENA, CA  94574-1811","","","","27","2803","1304 MAIN ST","SAINT HELENA","28","94574","1746 MADRONA AVE","SAINT HELENA","94574","CA"
"638497","ACTIVE CANCEL","41 | 0","09/19/2022","08/31/2024","DBA: ASADERO LOS CORRALES 111                        LOS CORRALES INC                         425 S SUNRISE WAY, BLDG F #2,                         PALM SPRINGS, CA  92262-7663","","","","","8","3310","425 S SUNRISE WAY, BLDG F #2","PALM SPRINGS","33","92262","","","",""
"639103","REVPEN ACTIVE","41 | 0","11/17/2022","10/31/2024","DBA: CRAFTHOUSE                        DELIVERY SB LLC                         1114 STATE ST, STE 20,                         SANTA BARBARA, CA  93101-3169","","","7","","12","4203","1114 STATE ST, STE 20","SANTA BARBARA","42","93101","","","",""
"639103","REVPEN ACTIVE","41 | 0","11/17/2022","10/31/2024","DBA: CRAFTHOUSE                        DELIVERY SB LLC                         1114 STATE ST, STE 20,                         SANTA BARBARA, CA  93101-3169","","","7","","12","4203","1114 STATE ST, STE 20","SANTA BARBARA","42","93101","","","",""
"639923","ACTIVE CANCEL","02 | 0","10/07/2022","06/30/2024","DBA: WOO GIRL! CELLARS                        BRIGHTGEEKS, LLC                         2021 DISCOVERY VILLAGE LN,                         GOLD RIVER, CA  95670-3065","PO BOX 1380                               WOODBRIDGE, CA  95258-1380","02-618778","7","","23","3400","2021 DISCOVERY VILLAGE LN","GOLD RIVER","34","95670","PO BOX 1380","WOODBRIDGE","95258","CA"
"639954","ACTIVE CANCEL","21 | 0","10/03/2022","09/30/2024","DBA: CHERRY LIQUOR                        R. SINGH & A. MULTANI, INC.                         3601 CHERRY AVE,                         LONG BEACH, CA  90807-4301","","21-600096/ 21-654851","","ACE ESCROW INC 6871 BEACH BLVD BUENA PARK, CA  90621","3","1932","3601 CHERRY AVE","LONG BEACH","19","90807","","","",""
"641272","PEND ACTIVE","41 | 0","02/07/2024","01/31/2025","DBA: SMALL CHANGE                        NICHOLS & LIPELT INC.                         5000 TELEGRAPH AVE,                         OAKLAND, CA  94609","59 SANDY LN                              WALNUT CREEK, CA  94597","","7","","22","0109","5000 TELEGRAPH AVE","OAKLAND","01","94609","59 SANDY LN","WALNUT CREEK","94597","CA"
"642121","AUTREV ACTIVE","02 | 0","03/03/2023","06/30/2024","DBA: VINES ON THE MARYCREST                        VINES ON THE MARYCREST LLC                         3230 RIVERSIDE AVE, STE 190,                         PASO ROBLES, CA  93446-6000","832 JACKSON DR                              PASO ROBLES, CA  93446","02-478613","","","13","4002","3230 RIVERSIDE AVE, STE 190","PASO ROBLES","40","93446","832 JACKSON DR","PASO ROBLES","93446","CA"
"642121","AUTREV ACTIVE","02 | 0","03/03/2023","06/30/2024","DBA: VINES ON THE MARYCREST                        VINES ON THE MARYCREST LLC                         3230 RIVERSIDE AVE, STE 190,                         PASO ROBLES, CA  93446-6000","832 JACKSON DR                              PASO ROBLES, CA  93446","02-478613","","","13","4002","3230 RIVERSIDE AVE, STE 190","PASO ROBLES","40","93446","832 JACKSON DR","PASO ROBLES","93446","CA"
"642563","PEND ACTIVE","20 | 0","02/07/2024","01/31/2025","DBA: SPROUTS FARMERS MARKET #467                        SF MARKETS LLC                         7925 ATLANTIC AVE,                         CUDAHY, CA  90201-5710","","","7","","2","1971","7925 ATLANTIC AVE","CUDAHY","19","90201","","","",""
"645035","PEND ACTIVE","20 | 0","02/07/2024","06/30/2024","DBA: GROCERY OUTLET                        GROCERY OUTLET INC                         150 DONAHUE ST,                         SAUSALITO, CA  94965-1250","5650 HOLLIST ST                              EMERYVILLE, CA  94608-2597","20-316682","","","27","2100","150 DONAHUE ST","SAUSALITO","21","94965","5650 HOLLIST ST","EMERYVILLE","94608","CA"
"645551","PEND ACTIVE","47 | 0","02/08/2024","01/31/2025","DBA: CLUB SFO THE                        SODEXO OPERATIONS LLC                         SF INT'L AIRPORT, HARVEY MILK TERMINAL 1, BOARDING AREA B,                         LEVEL 2, SPACE NOS. B.2.200 AND B.2M.202, SAN FRANCISCO, CA  94128","9801 WASHINGTON BLVD, STE 1255C                              GAITHERSBURG, MD  20878-7373","","A","","24","4100","SF INT'L AIRPORT, HARVEY MILK TERMINAL 1, BOARDING AREA B","SAN FRANCISCO","41","94128","9801 WASHINGTON BLVD, STE 1255C","GAITHERSBURG","20878","MD"
"645597","ACTIVE CANCEL","48 | 0","03/10/2023","02/29/2024","DBA: HAUNTED HEAD SALOON                        MIKE'S LIQUOR PROPERTY LLC                         207 N TREMONT ST,                         OCEANSIDE, CA  92054","6625 NORMAN LN                              SAN DIEGO, CA  92120-3948","48-422114/ 48-655151","7","WARRANTY ESCROW SERVICE CORP 410 S MELROSE DR., STE 101 VISTA, CA  92081","9","3709","207 N TREMONT ST","OCEANSIDE","37","92054","6625 NORMAN LN","SAN DIEGO","92120","CA"
"645839","R64B ACTIVE","47 | 0","07/12/2023","06/30/2024","DBA: AMALFI LLAMA                         AMALFI LLAMA SD LLC                         4575 LA JOLLA VILLAGE DR, STE 1155,                         SAN DIEGO, CA  92122-1299","12101 S CRENSHAW BLVD, STE 400                              HAWTHORNE, CA  90250-3469","48-564713","7","INNOVATIVE ESCROW 28212 KELLY JOHNSON PKWY STE 110 VALENCIA, CA  91355","10","3710","4575 LA JOLLA VILLAGE DR, STE 1155","SAN DIEGO","37","92122","12101 S CRENSHAW BLVD, STE 400","HAWTHORNE","90250","CA"
"645905","ACTIVE CANCEL","41 | 0","02/13/2023","05/31/2024","DBA: LA CASA DEL MARIACHI GRILL & CANTINA                         LUNA, JORGE ALEJANDRO                         79305 HIGHWAY 111, STE 1,                         LA QUINTA, CA  92253-4506","","41-625251","","","8","3320","79305 HIGHWAY 111, STE 1","LA QUINTA","33","92253","","","",""
"646264","PEND ACTIVE","20 | 0","02/07/2024","01/31/2025","DBA: REYNOSO MEAT MARKET                        DELACRUZ, APRIL JANNET                         9360 ROAD 236,                         TERRA BELLA, CA  93270","8975 RD 240                              TERRA BELLA, CA  93270-9752","20-592251","7","TICOR TITLE COMPANY 10000 STOCKDALE HWY STE 101 BAKERSFIELD, CA  93311","21","5400","9360 ROAD 236","TERRA BELLA","54","93270","8975 RD 240","TERRA BELLA","93270","CA"
"646341","PEND WITHDRAWN","20 | 0","","","DBA: SAN FRAN MARKET                        DRKTM GROUP LLC                         3353 26TH ST,                         SAN FRANCISCO, CA  94110-4635","","609453","7","","24","3800","3353 26TH ST","SAN FRANCISCO","38","94110","","","",""
"647173","PEND WITHDRAWN","09 | 1","","","DBA: HELMSMAN IMPORTS                        BLUE MERANTI LLC                         9401 SAN LEANDRO ST,                         OAKLAND, CA  94603-2318","3828 DELMAS DR                              FORT WORTH, TX  76116","","","","22","0109","9401 SAN LEANDRO ST","OAKLAND","01","94603","3828 DELMAS DR","FORT WORTH","76116","TX"
"647173","PEND WITHDRAWN","17 | 1","","","DBA: HELMSMAN IMPORTS                        BLUE MERANTI LLC                         9401 SAN LEANDRO ST,                         OAKLAND, CA  94603-2318","3828 DELMAS DR                              FORT WORTH, TX  76116","","","","22","0109","9401 SAN LEANDRO ST","OAKLAND","01","94603","3828 DELMAS DR","FORT WORTH","76116","TX"
"647173","PEND WITHDRAWN","12 | 1","","","DBA: HELMSMAN IMPORTS                        BLUE MERANTI LLC                         9401 SAN LEANDRO ST,                         OAKLAND, CA  94603-2318","3828 DELMAS DR                              FORT WORTH, TX  76116","","","","22","0109","9401 SAN LEANDRO ST","OAKLAND","01","94603","3828 DELMAS DR","FORT WORTH","76116","TX"
"647173","PEND WITHDRAWN","18 | 1","","","DBA: HELMSMAN IMPORTS                        BLUE MERANTI LLC                         9401 SAN LEANDRO ST,                         OAKLAND, CA  94603-2318","3828 DELMAS DR                              FORT WORTH, TX  76116","","","","22","0109","9401 SAN LEANDRO ST","OAKLAND","01","94603","3828 DELMAS DR","FORT WORTH","76116","TX"
"647335","PEND ACTIVE","68 | 2","02/08/2024","01/31/2025","DBA: MENIFEE LAKES COUNTRY CLUB                         SLV GOLF, LLC                         29875 MENIFEE LAKES DR,                         MENIFEE, CA  92584","PO BOX 4070                              SCOTTSDALE, AZ  85261-4070","47-623119","7","INLAND EMPIRE ESCROW 12794 CENTRAL AVE CHINO, CA  91710","7","3300","29875 MENIFEE LAKES DR","MENIFEE","33","92584","PO BOX 4070","SCOTTSDALE","85261","AZ"
"647335","PEND ACTIVE","58 | 2","02/08/2024","01/31/2025","DBA: MENIFEE LAKES COUNTRY CLUB                         SLV GOLF, LLC                         29875 MENIFEE LAKES DR,                         MENIFEE, CA  92584","PO BOX 4070                              SCOTTSDALE, AZ  85261-4070","47-623119","7","INLAND EMPIRE ESCROW 12794 CENTRAL AVE CHINO, CA  91710","7","3300","29875 MENIFEE LAKES DR","MENIFEE","33","92584","PO BOX 4070","SCOTTSDALE","85261","AZ"
"647335","PEND ACTIVE","47 | 2","02/08/2024","01/31/2025","DBA: MENIFEE LAKES COUNTRY CLUB                         SLV GOLF, LLC                         29875 MENIFEE LAKES DR,                         MENIFEE, CA  92584","PO BOX 4070                              SCOTTSDALE, AZ  85261-4070","47-623119","7","INLAND EMPIRE ESCROW 12794 CENTRAL AVE CHINO, CA  91710","7","3300","29875 MENIFEE LAKES DR","MENIFEE","33","92584","PO BOX 4070","SCOTTSDALE","85261","AZ"
"647473","PEND ACTIVE","17 | 0","02/08/2024","03/31/2024","DBA: DUOVINO CELLARS                         SPIRITED KUMAR, LLC, THE                         414 CHINN ST,                         SANTA ROSA, CA  95404-4340","6274 E PASEO TIERRA ALTA                               TUCSON, AZ  85715-3122","17-625427","7","","27","4904","414 CHINN ST","SANTA ROSA","49","95404","6274 E PASEO TIERRA ALTA","TUCSON","85715","AZ"
"647473","PEND ACTIVE","20 | 0","02/08/2024","03/31/2024","DBA: DUOVINO CELLARS                         SPIRITED KUMAR, LLC, THE                         414 CHINN ST,                         SANTA ROSA, CA  95404-4340","6274 E PASEO TIERRA ALTA                               TUCSON, AZ  85715-3122","20-625427","7,I","","27","4904","414 CHINN ST","SANTA ROSA","49","95404","6274 E PASEO TIERRA ALTA","TUCSON","85715","AZ"
"647549","PEND ACTIVE","20 | 0","02/07/2024","12/31/2024","DBA: MIA BEA WINES                        MIA BEA WINES, INC.                         9901 EAST RD,                         REDWOOD VALLEY, CA  95470-9527","PO BOX 371                              REDWOOD VALLEY, CA  95470","20-629316","7,8,I","","27","2300","9901 EAST RD","REDWOOD VALLEY","23","95470","PO BOX 371","REDWOOD VALLEY","95470","CA"
"647549","PEND ACTIVE","17 | 0","02/07/2024","12/31/2024","DBA: MIA BEA WINES                        MIA BEA WINES, INC.                         9901 EAST RD,                         REDWOOD VALLEY, CA  95470-9527","PO BOX 371                              REDWOOD VALLEY, CA  95470","17-629316","7,8","","27","2300","9901 EAST RD","REDWOOD VALLEY","23","95470","PO BOX 371","REDWOOD VALLEY","95470","CA"
"647549","PEND ACTIVE","02 | 0","02/07/2024","06/30/2024","DBA: MIA BEA WINES                        MIA BEA WINES, INC.                         9901 EAST RD,                         REDWOOD VALLEY, CA  95470-9527","PO BOX 371                              REDWOOD VALLEY, CA  95470","02-629316","7,8","","27","2300","9901 EAST RD","REDWOOD VALLEY","23","95470","PO BOX 371","REDWOOD VALLEY","95470","CA"
"647948","PEND ACTIVE","41 | 0","02/08/2024","01/31/2025","DBA: HUTTOPIA WINE COUNTRY                        HUTTOPIA SIX SIGMA, LLC                         13444 SPRUCE GROVE RD,                         LOWER LAKE, CA  95457","","","7","","27","1700","13444 SPRUCE GROVE RD","LOWER LAKE","17","95457","","","",""
"648907","PEND ACTIVE","41 | 0","02/07/2024","01/31/2025","DBA: SHAKE SHACK #1491                        SHAKE SHACK CALIFORNIA LLC                         2424 MAGOWAN DR,                         SANTA ROSA, CA  95405-5006","225 VARICK ST, STE 301                              NEW YORK, NY  10014-5816","","","","27","4904","2424 MAGOWAN DR","SANTA ROSA","49","95405","225 VARICK ST, STE 301","NEW YORK","10014","NY"
"649248","PEND ACTIVE","20 | 0","02/08/2024","01/31/2025","DBA: RFALCO, LLC & BAYOU AND DEMISSE SNACKS, LLC (055)                        BAYOU AND DEMISSE SNACKS LLC                         5648 HOLLISTER AVE,                         GOLETA, CA  93117","9302 GARFIELD AVE                              SOUTH GATE, CA  90280-3805","20-284872","","INNOVATIVE ESCROW 28212 KELLY JOHNSON PKWY STE 110 VALENCIA, CA  91355","12","4208","5648 HOLLISTER AVE","GOLETA","42","93117","9302 GARFIELD AVE","SOUTH GATE","90280","CA"
"649265","PEND ACTIVE","47 | 0","02/07/2024","01/31/2025","DBA: PROMENADE AT WESTLAKE, THE                        RED O WESTLAKE, LLC                         120 PROMENADE WAY,                         THOUSAND OAKS, CA  91362-3829","13 CORPORATE PLAZA , STE 120                              NEWPORT BEACH, CA  92660","47-609096","7","CALIFORNIA BUSINESS ESCROW INC 1748 MAIN ST ESCALON, CA  95320-1927","12","5607","120 PROMENADE WAY","THOUSAND OAKS","56","91362","13 CORPORATE PLAZA , STE 120","NEWPORT BEACH","92660","CA"
"649288","ACTIVE CANCEL","41 | 0","08/21/2023","03/31/2024","DBA: TACOS & BEER MI LINDO MEXICO                        TACOS & BEER MI LINDO MEXICO TEMECULA INC.                          40517 MARGARITA RD,                         TEMECULA, CA  92591","","41-636165","7","","7","3322","40517 MARGARITA RD","TEMECULA","33","92591","","","",""
"649515","PEND WITHDRAWN","17 | 0","","","DBA: TABALIPA WINE COMPANY                        LIVING LIFE VINEYARDS LLC                         4145 ROBLAR AVE,                         SANTA YNEZ, CA  93460-9581","200 THE STRAND                              MANHATTAN BEACH, CA  90266","","","","13","4200","4145 ROBLAR AVE","SANTA YNEZ","42","93460","200 THE STRAND","MANHATTAN BEACH","90266","CA"
"649515","PEND WITHDRAWN","20 | 0","","","DBA: TABALIPA WINE COMPANY                        LIVING LIFE VINEYARDS LLC                         4145 ROBLAR AVE,                         SANTA YNEZ, CA  93460-9581","200 THE STRAND                              MANHATTAN BEACH, CA  90266","","","","13","4200","4145 ROBLAR AVE","SANTA YNEZ","42","93460","200 THE STRAND","MANHATTAN BEACH","90266","CA"
"650314","PEND ACTIVE","47 | 0","02/08/2024","01/31/2025","DBA: BEAR AND CROWN                        BEAR AND CROWN LLC                         1022 2ND ST,                         SACRAMENTO, CA  95814-3202","1418 D ST                              SACRAMENTO, CA  95814","47-594837","7","FIDELITY NATIONAL TITLE 265 N 1ST ST DIXON, CA  95620-3027","23","3405","1022 2ND ST","SACRAMENTO","34","95814","1418 D ST","SACRAMENTO","95814","CA"
"650793","PEND ACTIVE","17 | 0","02/07/2024","01/31/2025","SONOMA COUNTY GRAPE GROWERS FOUNDATION                         3245 GUERNEVILLE RD,                         SANTA ROSA, CA  95401-4030","","","7","","27","4904","3245 GUERNEVILLE RD","SANTA ROSA","49","95401","","","",""
"650793","PEND ACTIVE","20 | 0","02/07/2024","01/31/2025","SONOMA COUNTY GRAPE GROWERS FOUNDATION                         3245 GUERNEVILLE RD,                         SANTA ROSA, CA  95401-4030","","","7,I","","27","4904","3245 GUERNEVILLE RD","SANTA ROSA","49","95401","","","",""
"651357","PEND ACTIVE","02 | 0","02/07/2024","06/30/2024","DBA: STEVEN KENT WINERY                        OUT FROM LAND INVESTOR GROUP LLC                         2245 S VASCO RD, UNIT C,                         LIVERMORE, CA  94550","","","7","","22","0107","2245 S VASCO RD, UNIT C","LIVERMORE","01","94550","","","",""
"651551","PEND NEW","21 | 0","","","SINGH, SANDEEP                         ,","1126 E TRENTON AVE                              ORANGE, CA  92867-3806","","","","11","","","","","","1126 E TRENTON AVE","ORANGE","92867","CA"
"652220","PEND ACTIVE","41 | 0","02/08/2024","01/31/2025","LOOSIES                         300 E 4TH ST, STE 103,                         SANTA ANA, CA  92701-4621","1402 E 21ST ST                              SANTA ANA, CA  92705-7110","","","","11","3017","300 E 4TH ST, STE 103","SANTA ANA","30","92701","1402 E 21ST ST","SANTA ANA","92705","CA"
"652862","PEND ACTIVE","47 | 0","02/07/2024","01/31/2025","DBA: LA CASA DEL MARIACHI                        LUNA, JORGE ALEJANDRO                         79305 HIGHWAY 111, STE 1,                         LA QUINTA, CA  92253-4506","79305 HIGHWAY 111, STE 1                              LA QUINTA, CA  92253-4506","","5","","8","3320","79305 HIGHWAY 111, STE 1","LA QUINTA","33","92253","79305 HIGHWAY 111, STE 1","LA QUINTA","92253","CA"
"653208","PEND ACTIVE","47 | 0","02/07/2024","01/31/2025","DBA: LA TAPATIA MEXICAN CUISINE                        CASA AZTECA INC.                         524, 530 & 536 MAIN ST,                         MARTINEZ, CA  94553-1440","536 MAIN ST                              MARTINEZ, CA  94553-1440","47-530394","7","BAY AREA ESCROW COMPANY 2817 CROW CANYON RD STE 102 SAN RAMON, CA  94583","22","0706","524, 530 & 536 MAIN ST","MARTINEZ","07","94553","536 MAIN ST","MARTINEZ","94553","CA"
"653208","PEND ACTIVE","47 | 0","02/07/2024","01/31/2025","DBA: LA TAPATIA MEXICAN CUISINE                        CASA AZTECA INC.                         524, 530 & 536 MAIN ST,                         MARTINEZ, CA  94553-1440","536 MAIN ST                              MARTINEZ, CA  94553-1440","47-530394","7","BAY AREA ESCROW COMPANY 2817 CROW CANYON RD STE 102 SAN RAMON, CA  94583","22","0706","524, 530 & 536 MAIN ST","MARTINEZ","07","94553","536 MAIN ST","MARTINEZ","94553","CA"
"653306","PEND ACTIVE","54 | 0","02/08/2024","01/31/2025","DBA: CELEBRATION CRUISES                        SAGAMORE STEARNS, LLC                          219 STEARNS WHARF, STE G,                         SANTA BARBARA, CA  93101-3581","1117 STATE ST                              SANTA BARBARA, CA  93101-2712","54-545100","7","ALLISON-MCCLOSKEY ESCROW COMPANY 4820 EL CAJON BLVD SAN DIEGO, CA  92115-4695","12","4203","219 STEARNS WHARF, STE G","SANTA BARBARA","42","93101","1117 STATE ST","SANTA BARBARA","93101","CA"
"653413","PEND ACTIVE","41 | 0","02/08/2024","01/31/2025","DBA: FOODE VENTURES LLC                         FOODE VENTURES 2, LLC                          108 W 2ND STREET STE 102,                         LOS ANGELES, CA  90012-1585","P.O. BOX 1380                              BEVERLY HILLS, CA  90213","","7","","4","1933","108 W 2ND STREET STE 102","LOS ANGELES","19","90012","P.O. BOX 1380","BEVERLY HILLS","90213","CA"
"653519","PEND ACTIVE","42 | 0","02/08/2024","01/31/2025","DBA: HYPHEN-                        PS SOCIAL GROUP INC                         1007 N PALM CANYON DR,                         PALM SPRINGS, CA  92262-4419","","","","","8","3310","1007 N PALM CANYON DR","PALM SPRINGS","33","92262","","","",""
"653649","PEND ACTIVE","47 | 0","02/08/2024","01/31/2025","DBA: EMILIANO'S MEXICAN RESTAURANT                        KHOSHO FAMILY INC                         6690 MISSION GORGE RD, STES A-D,                         SAN DIEGO, CA  92120","","47-429027","7","ALISON MCLOSKEY ESCROW 4820 EL CAJON BLVD SAN DIEGO, CA  92115-4695","10","3710","6690 MISSION GORGE RD, STES A-D","SAN DIEGO","37","92120","","","",""
"653682","PEND ACTIVE","41 | 0","02/07/2024","01/31/2025","DBA: FOUR KINGS                        FOUR KINGS RESTAURANT, LLC                         710 COMMERCIAL ST,                         SAN FRANCISCO, CA  94108-1803","168 WESTWOOD DR                              SAN FRANCISCO, CA  94112","","7","","24","3800","710 COMMERCIAL ST","SAN FRANCISCO","38","94108","168 WESTWOOD DR","SAN FRANCISCO","94112","CA"
"653732","PEND ACTIVE","54 | 0","02/07/2024","01/31/2025","DBA: ELECTRA YACHT CHARTERS                        RYAN MURRAY PARTNERS                          1340 MARINA WAY SOUTH, SLIP # D-253 A,                         RICHMOND, CA  94804","13 VILLAGE LANE                              DALY CITY, CA  94015","","","","22","0709","1340 MARINA WAY SOUTH, SLIP # D-253 A","RICHMOND","07","94804","13 VILLAGE LANE","DALY CITY","94015","CA"
"653777","PEND ACTIVE","41 | 0","02/08/2024","01/31/2025","DBA: LIMONCELLO RISTORANTE                        LIMONCELLO OC LLC                         31115 RANCHO VIEJO RD, STE G1,                         SAN JUAN CAPISTRANO, CA  92675-1781","","41-625356","7","","11","3023","31115 RANCHO VIEJO RD, STE G1","SAN JUAN CAPISTRANO","30","92675","","","",""
"653924","PEND ACTIVE","41 | 0","02/07/2024","02/28/2025","DBA: SANTA BARBARA SUNSHINE CAFE                         SANTA BARBARA SUNSHINE CAFÉ INC                         5711 CALLE REAL,                         GOLETA, CA  93117-2315","","41-601264","7","","12","4208","5711 CALLE REAL","GOLETA","42","93117","","","",""
"654022","PEND ACTIVE","17 | 0","02/07/2024","01/31/2025","LAMPHEN ENTERTAINMENT & HOSPITALITY, LLC                         4 CHARLTON CT, #4225,                         SAN FRANCISCO, CA  94123","268 BUSH ST, #3006                              SAN FRANCISCO, CA  94101","","7","","24","3800","4 CHARLTON CT, #4225","SAN FRANCISCO","38","94123","268 BUSH ST, #3006","SAN FRANCISCO","94101","CA"
"654022","PEND ACTIVE","20 | 0","02/07/2024","01/31/2025","LAMPHEN ENTERTAINMENT & HOSPITALITY, LLC                         4 CHARLTON CT, #4225,                         SAN FRANCISCO, CA  94123","268 BUSH ST, #3006                              SAN FRANCISCO, CA  94101","","7,I","","24","3800","4 CHARLTON CT, #4225","SAN FRANCISCO","38","94123","268 BUSH ST, #3006","SAN FRANCISCO","94101","CA"
"654076","PEND ACTIVE","02 | 0","02/07/2024","06/30/2024","DBA: ZARIF COMPANIES                        ZARIF COMPANIES                         300 N G ST, STE C,                         LOMPOC, CA  93436-6020","9903 SANTA MONICA BLVD , STE 1021                              BEVERLY HILLS, CA  90212","02-612684","","","13","4202","300 N G ST, STE C","LOMPOC","42","93436","9903 SANTA MONICA BLVD , STE 1021","BEVERLY HILLS","90212","CA"
"654084","PEND ACTIVE","09 | 1","02/08/2024","09/30/2024","SAVAGE RABBIT DISTRIBUTING INC.                         14450 MYFORD RD, STE 100,                         IRVINE, CA  92606-1001","","17-617956","7","","11","3026","14450 MYFORD RD, STE 100","IRVINE","30","92606","","","",""
"654084","PEND ACTIVE","12 | 1","02/08/2024","09/30/2024","SAVAGE RABBIT DISTRIBUTING INC.                         14450 MYFORD RD, STE 100,                         IRVINE, CA  92606-1001","","18-617956","7","","11","3026","14450 MYFORD RD, STE 100","IRVINE","30","92606","","","",""
"654084","PEND ACTIVE","17 | 1","02/08/2024","09/30/2024","SAVAGE RABBIT DISTRIBUTING INC.                         14450 MYFORD RD, STE 100,                         IRVINE, CA  92606-1001","","17-617956","7","","11","3026","14450 MYFORD RD, STE 100","IRVINE","30","92606","","","",""
"654084","PEND ACTIVE","18 | 1","02/08/2024","09/30/2024","SAVAGE RABBIT DISTRIBUTING INC.                         14450 MYFORD RD, STE 100,                         IRVINE, CA  92606-1001","","18-617956","7","","11","3026","14450 MYFORD RD, STE 100","IRVINE","30","92606","","","",""
"654084","PEND ACTIVE","20 | 0","02/08/2024","09/30/2024","SAVAGE RABBIT DISTRIBUTING INC.                         14450 MYFORD RD, STE 100,                         IRVINE, CA  92606-1001","","20-617956","7,I","","11","3026","14450 MYFORD RD, STE 100","IRVINE","30","92606","","","",""
"654114","PEND ACTIVE","02 | 0","02/07/2024","06/30/2024","DBA: NUNNO LEGACY HOUSE WINERY                        NUNNO WINE CLOUD, LLC                         3502 DRY CREEK RD, UNIT B8,                         PASO ROBLES, CA  93446-8570","PO BOX 641                              PASO ROBLES, CA  93447","","","","13","4002","3502 DRY CREEK RD, UNIT B8","PASO ROBLES","40","93446","PO BOX 641","PASO ROBLES","93447","CA"
"654242","PEND ACTIVE","02 | 0","02/08/2024","06/30/2024","DBA: GRACE VINEYARDS                        GRACE VINEYARDS, INC.                         21 E ELM ST,                         LODI, CA  95240-2222","28001 NICHOLS RD                              GALT, CA  95632-8204","","","","29","3902","21 E ELM ST","LODI","39","95240","28001 NICHOLS RD","GALT","95632","CA"
"654403","PEND ACTIVE","02 | 0","02/07/2024","06/30/2024","DBA: OLLIES PIQUETTE, LANDSBY WINES                        MIKKELSEN FAMILY WINES LLC                         5995 PEACHY CANYON RD,                         PASO ROBLES, CA  93446-9692","6485 PEACHY CANYON RD                              PASO ROBLES, CA  93446","","","","13","4000","5995 PEACHY CANYON RD","PASO ROBLES","40","93446","6485 PEACHY CANYON RD","PASO ROBLES","93446","CA"
"654423","PEND ACTIVE","02 | 0","02/07/2024","06/30/2024","DBA: EISLYNN WINES                        EISLYNN WINES, LLC                         6701 FOXEN CANYON RD,                         LOS OLIVOS, CA  93441","PO BOX 484                              LOS ALAMOS, CA  93440","","","","13","4200","6701 FOXEN CANYON RD","LOS OLIVOS","42","93441","PO BOX 484","LOS ALAMOS","93440","CA"
"654457","PEND ACTIVE","41 | 0","02/07/2024","01/31/2025","DBA: EL TACO LOCO                        GUERREROS TAQUERIA 4 INC.                         3274 24TH ST,                         SAN FRANCISCO, CA  94110","","41-236181","","OLD REPUBLIC TITLE COMPANY 1000 BURNETT AVE #400 CONCORD, CA  94520","24","3800","3274 24TH ST","SAN FRANCISCO","38","94110","","","",""
"654577","PEND ACTIVE","41 | 0","02/08/2024","01/31/2025","DBA: BBQ CHICKEN FOUNTAIN VALLEY                        BBQ FOUNTAIN VALLEY LLC                         18639 BROOKHURST ST,                         FOUNTAIN VALLEY, CA  92708-6709","","","","","11","3007","18639 BROOKHURST ST","FOUNTAIN VALLEY","30","92708","","","",""
"654639","PEND ACTIVE","70 | 0","02/07/2024","01/31/2025","DBA: FAIRFIELD INN & SUITES                        WINTERS HOSPITALITY LLC                         702 MATSUMOTO LN,                         WINTERS, CA  95694","5847 DA VINCI WAY                              SACRAMENTO, CA  95835","","7","","23","5702","702 MATSUMOTO LN","WINTERS","57","95694","5847 DA VINCI WAY","SACRAMENTO","95835","CA"
"654653","PEND ACTIVE","47 | 0","02/08/2024","01/31/2025","DBA: FREDA'S PIZZA                        ROAD RESTAURANT GROUP LLC                         233 E HIGH ST, # 100,                         MOORPARK, CA  93021-1122","","48-103042","7","ABC ESCROW 222 DAMON ST LOS ANGELES, CA  90021","12","5610","233 E HIGH ST, # 100","MOORPARK","56","93021","","","",""
"654677","PEND ACTIVE","02 | 0","02/08/2024","06/30/2024","DBA: FENNELL FAMILY WINE COMPANY                        FENNELL FAMILY WINE COMPANY LLC                         5249 FOXEN CANYON RD,                         LOS OLIVOS, CA  93441","2432 CALLE SORIA                              SANTA BARBARA, CA  93109","02-625980","","","13","4200","5249 FOXEN CANYON RD","LOS OLIVOS","42","93441","2432 CALLE SORIA","SANTA BARBARA","93109","CA"
"654721","PEND ACTIVE","47 | 0","02/07/2024","01/31/2025","DBA: ROSA'S COCINA                        ROSA'S COCINA                         15 EUREKA ST,                         SUTTER CREEK, CA  95685-4233","","47-570335","7","ABC ESCROW 2222 DAMON ST  LOS ANGELES, CA  90021","23","0305","15 EUREKA ST","SUTTER CREEK","03","95685","","","",""
"654721","PEND ACTIVE","47 | 0","02/07/2024","01/31/2025","DBA: ROSA'S COCINA                        ROSA'S COCINA                         15 EUREKA ST,                         SUTTER CREEK, CA  95685-4233","","47-570335","7","ABC ESCROW 2222 DAMON ST  LOS ANGELES, CA  90021","23","0305","15 EUREKA ST","SUTTER CREEK","03","95685","","","",""
"654771","PEND ACTIVE","41 | 0","02/08/2024","01/31/2025","DBA: MONKEY KING WESTWOOD                         JAN-L LLC                         1360 WESTWOOD BLVD,                         LOS ANGELES, CA  90024-4919","6338 REGIO AVE                              BUENA PARK, CA  90620-1026","41-628825","7","","4","1933","1360 WESTWOOD BLVD","LOS ANGELES","19","90024","6338 REGIO AVE","BUENA PARK","90620","CA"
"654775","PEND ACTIVE","09 | 1","02/08/2024","01/31/2025","INTERGALACTIC WINE COMPANY, LLC                         1440 LAWNDALE RD,                         KENWOOD, CA  95452-9091","","","7","","27","4900","1440 LAWNDALE RD","KENWOOD","49","95452","","","",""
"654775","PEND ACTIVE","17 | 1","02/08/2024","01/31/2025","INTERGALACTIC WINE COMPANY, LLC                         1440 LAWNDALE RD,                         KENWOOD, CA  95452-9091","","","7","","27","4900","1440 LAWNDALE RD","KENWOOD","49","95452","","","",""
"654804","PEND ACTIVE","20 | 0","02/07/2024","01/31/2025","JILL DAVIS WINE CONSULTING LLC                         26 GOLDEN GRASS CT,                         ALAMO, CA  94507","","","7,I","","22","0700","26 GOLDEN GRASS CT","ALAMO","07","94507","","","",""
"654804","PEND ACTIVE","17 | 0","02/07/2024","01/31/2025","JILL DAVIS WINE CONSULTING LLC                         26 GOLDEN GRASS CT,                         ALAMO, CA  94507","","","7","","22","0700","26 GOLDEN GRASS CT","ALAMO","07","94507","","","",""
"654832","PEND ACTIVE","41 | 0","02/08/2024","01/31/2025","DBA: BATTER UP PANCAKES                        PANE DELLA VITA II, INC.                         1610 HERNDON AVE, STE 106,                         CLOVIS, CA  93611-0589","8029 N CEDAR AVE                              FRESNO, CA  93720-4827","","","","21","1001","1610 HERNDON AVE, STE 106","CLOVIS","10","93611","8029 N CEDAR AVE","FRESNO","93720","CA"
"654851","PEND ACTIVE","21 | 0","02/07/2024","01/31/2025","DBA: CHERRY LIQUOR                        CHERRY WINE & SPIRITS, INC.                         3601 CHERRY AVE,                         LONG BEACH, CA  90807-4301","","21-639954","","HANA ESCROW 3580 WILSHIRE BLVD STE 1170 LOS ANGELES, CA  90010","3","1932","3601 CHERRY AVE","LONG BEACH","19","90807","","","",""
"654975","PEND ACTIVE","02 | 0","02/08/2024","06/30/2024","DBA: J. CAGE CELLARS                        WINE-STAINED DREAMS, LLC                         9086 WINDSOR RD,                         WINDSOR, CA  95492-9701","1138 RACHAEL LN                              WINDSOR, CA  95492-7917","","7","","27","4909","9086 WINDSOR RD","WINDSOR","49","95492","1138 RACHAEL LN","WINDSOR","95492","CA"
"655151","PEND ACTIVE","48 | 0","02/07/2024","01/31/2025","DBA: HAUNTED HEAD SALOON                        HAUNTED HEAD SALOON LLC                         207 N TREMONT ST,                         OCEANSIDE, CA  92054","","48-645597","7","","9","3709","207 N TREMONT ST","OCEANSIDE","37","92054","","","",""
"655256","PEND ACTIVE","17 | 0","02/08/2024","01/31/2025","DBA: GRINNIN VAQUERA LLC                        GRINNIN VAQUERA L.L.C.                         2395 29TH AVE, APT #5,                         SAN FRANCISCO, CA  94116","","","7","","24","3800","2395 29TH AVE, APT #5","SAN FRANCISCO","38","94116","","","",""
"655331","PEND ACTIVE","47 | 0","02/07/2024","01/31/2025","DBA: TACOS & BEER MI LINDO MEXICO                        TACOS & BEER MI LINDO MEXICO TEMECULA INC.                          40517 MARGARITA RD,                         TEMECULA, CA  92591","","47-610680","7","INNOVATIVE ESCROW INC 28212 KELLY JOHNSON PKWY  STE 110 VALENCIA, CA  91355","7","3322","40517 MARGARITA RD","TEMECULA","33","92591","","","",""
"656270","PEND ACTIVE","28 | 0","02/07/2024","06/30/2024","COUNTRY LUAU SPIRITS CORPORATION                         1117 ALTUM ST,                         AUSTIN, TX  78721","","","","","75","9999","1117 ALTUM ST","AUSTIN","","78721","","","",""
"656279","PEND ACTIVE","28 | 0","02/07/2024","06/30/2024","DEWEY BEVERAGE, INC.                         3554 SW 172ND ST,                         BURIEN, WA  98166","","","","","75","9999","3554 SW 172ND ST","BURIEN","","98166","","","",""
"656281","PEND ACTIVE","28 | 0","02/07/2024","06/30/2024","HIGH SIERRA DISTILLERY, LLC                         1601 WATER ST,                         MINDEN, NV  89423","","","","","75","9999","1601 WATER ST","MINDEN","","89423","","","",""
"656334","PEND ACTIVE","28 | 0","02/07/2024","06/30/2024","DBA: BLACK BUTTON DISTILLING                        24LIGNE LLC                         1344 UNIVERSITY AVE, SUITE 7000,                         ROCHESTER, NY  14607","","","","","75","9999","1344 UNIVERSITY AVE, SUITE 7000","ROCHESTER","","14607","","","",""
"656367","PEND ACTIVE","20 | 0","02/08/2024","01/31/2025","DBA: MODESTO GROCERY & DELI                        HUYNH, TUYEN Q                         1800 PRESCOTT RD, STE A,                         MODESTO, CA  95350","","20-384081","","","29","5002","1800 PRESCOTT RD, STE A","MODESTO","50","95350","","","",""