"License Number","Status Changed From/To","Type| Dup","Original Issue Date","Expir. Date","Primary Owner and Premises Addr.","Mailing Addr.","Transfer-From/To","Conditions","Escrow","District Code","Geo Code","Prem Street","City","County","Zip Code","Mailing Street","Mailing City","Mailing Zip Code","Mailing State"
"176181","ACTIVE CANCEL","41 | 0","09/09/1985","12/31/2023","DBA: CHUCK E CHEESES 445                        CEC ENTERTAINMENT INC                         17069 VALLEY BLVD, STE D,                         FONTANA, CA  92335-6830","1707 MARKET PLACE BLVD, STE 200                              C/O LICENSING DEPT , IRVING, TX  75063-8049","","","","7","3604","17069 VALLEY BLVD, STE D","FONTANA","36","92335","1707 MARKET PLACE BLVD, STE 200","IRVING","75063","TX"
"339108","ACTIVE CANCEL","21 | 0","03/02/1998","02/29/2024","DBA: SAMS MARKET AND LIQUOR                        NASHER, SALEH NAGI                         2 WILBUR AVE,                         ANTIOCH, CA  94509-1812","","21-294077/ 21-648398","","","22","0701","2 WILBUR AVE","ANTIOCH","07","94509","","","",""
"397592","ACTIVE CANCEL","41 | 0","06/13/2003","05/31/2024","DBA: CHUCK E CHEESES 375                        CEC ENTERTAINMENT INC                         777 E HOSPITALITY LN,                         SAN BERNARDINO, CA  92408-3578","1707 MARKET PLACE BLVD, STE 200                              C/O LICENSING DEPT , IRVING, TX  75063-8049","","","","7","3610","777 E HOSPITALITY LN","SAN BERNARDINO","36","92408","1707 MARKET PLACE BLVD, STE 200","IRVING","75063","TX"
"397871","ACTIVE CANCEL","20 | 0","04/04/2003","10/31/2023","DBA: CALIFORNIA ETCHING                        ARNOLD, TIMOTHY LOUIS                         840 JACKSON ST,                         NAPA, CA  94559","1952 IROQUOIS ST                              NAPA, CA  94559-1328","20-380465/ 20-648909","","","27","2802","840 JACKSON ST","NAPA","28","94559","1952 IROQUOIS ST","NAPA","94559","CA"
"411742","ACTIVE CANCEL","20 | 0","07/19/2004","06/30/2024","DBA: FIRST & FAIR MARKET                        HA, DUKE TAN                         2715 W 1ST ST, STE A,                         SANTA ANA, CA  92703","","20-393812/ 20-650085","7","","11","3017","2715 W 1ST ST, STE A","SANTA ANA","30","92703","","","",""
"437189","ACTIVE CANCEL","47 | 1","06/14/2006","05/31/2024","DBA: CAMPO DI BOCCE OF LIVERMORE LLC                        CAMPO DI BOCCE OF LIVERMORE LLC                         175 E VINEYARD AVE,                         LIVERMORE, CA  94550","","47-333374/ 47-648432","","","22","0107","175 E VINEYARD AVE","LIVERMORE","01","94550","","","",""
"437189","ACTIVE CANCEL","58 | 1","06/14/2006","05/31/2024","DBA: CAMPO DI BOCCE OF LIVERMORE LLC                        CAMPO DI BOCCE OF LIVERMORE LLC                         175 E VINEYARD AVE,                         LIVERMORE, CA  94550","","47-333374/ 47-648432","","","22","0107","175 E VINEYARD AVE","LIVERMORE","01","94550","","","",""
"437189","ACTIVE CANCEL","47 | 1","06/14/2006","05/31/2024","DBA: CAMPO DI BOCCE OF LIVERMORE LLC                        CAMPO DI BOCCE OF LIVERMORE LLC                         175 E VINEYARD AVE,                         LIVERMORE, CA  94550","","47-333374/ 47-648432","","","22","0107","175 E VINEYARD AVE","LIVERMORE","01","94550","","","",""
"458363","ACTIVE CANCEL","47 | 1","02/08/2008","01/31/2024","DBA: BANK - PLATES & POURS, THE                        CNC PUMA CORPORATION                         28645 OLD TOWN FRONT ST,                         TEMECULA, CA  92590-1819","C/O MICHAEL CHO, PALMIERI TYLER, 1900 MAIN ST                              STE 700, IRVINE, CA  92614-7328","","7","","7","3322","28645 OLD TOWN FRONT ST","TEMECULA","33","92590","C/O MICHAEL CHO, PALMIERI TYLER, 1900 MAIN ST","IRVINE","92614","CA"
"458363","ACTIVE CANCEL","47 | 1","02/08/2008","01/31/2024","DBA: BANK - PLATES & POURS, THE                        CNC PUMA CORPORATION                         28645 OLD TOWN FRONT ST,                         TEMECULA, CA  92590-1819","C/O MICHAEL CHO, PALMIERI TYLER, 1900 MAIN ST                              STE 700, IRVINE, CA  92614-7328","","7","","7","3322","28645 OLD TOWN FRONT ST","TEMECULA","33","92590","C/O MICHAEL CHO, PALMIERI TYLER, 1900 MAIN ST","IRVINE","92614","CA"
"458363","ACTIVE CANCEL","58 | 1","02/08/2008","01/31/2024","DBA: BANK - PLATES & POURS, THE                        CNC PUMA CORPORATION                         28645 OLD TOWN FRONT ST,                         TEMECULA, CA  92590-1819","C/O MICHAEL CHO, PALMIERI TYLER, 1900 MAIN ST                              STE 700, IRVINE, CA  92614-7328","","7","","7","3322","28645 OLD TOWN FRONT ST","TEMECULA","33","92590","C/O MICHAEL CHO, PALMIERI TYLER, 1900 MAIN ST","IRVINE","92614","CA"
"505284","AUTREV ACTIVE","02 | 0","01/26/2011","06/30/2024","DBA: ST OLOF VINEYARDS & WINERY                        EJ OLOF ENTERPRISES, INC.                         5615 HIGHLAND SPRINGS RD,                         LAKEPORT, CA  95453","","","7","","27","1700","5615 HIGHLAND SPRINGS RD","LAKEPORT","17","95453","","","",""
"505284","AUTREV ACTIVE","02 | 0","01/26/2011","06/30/2024","DBA: ST OLOF VINEYARDS & WINERY                        EJ OLOF ENTERPRISES, INC.                         5615 HIGHLAND SPRINGS RD,                         LAKEPORT, CA  95453","","","7","","27","1700","5615 HIGHLAND SPRINGS RD","LAKEPORT","17","95453","","","",""
"512822","ACTIVE CANCEL","20 | 0","07/26/2011","09/30/2024","DBA: M & M GROCERY                        ALSHAIBI, AREF KASSIM MOHAMED                         225 MARIE ST,                         MENDOTA, CA  93640","","20-417593/ 20-653918","","","21","1009","225 MARIE ST","MENDOTA","10","93640","","","",""
"513464","ACTIVE CANCEL","48 | 2","10/20/2011","09/30/2024","DBA: REVOLVER VIDEO BAR                        LOADED GUN LLC                         8851 SANTA MONICA BLVD,                         WEST HOLLYWOOD, CA  90069-4534","8851 SANTA MONICA BLVD                              WEST HOLLYWOOD, CA  90069-4534","47-422149/ 48-650685","","BUSINESS TITLE ESCROW INC 25152 SPRINGFIELD CT #285 VALENCIA, CA  91355","4","1983","8851 SANTA MONICA BLVD","WEST HOLLYWOOD","19","90069","8851 SANTA MONICA BLVD","WEST HOLLYWOOD","90069","CA"
"513464","ACTIVE CANCEL","77 | 2","10/20/2011","09/30/2024","DBA: REVOLVER VIDEO BAR                        LOADED GUN LLC                         8851 SANTA MONICA BLVD,                         WEST HOLLYWOOD, CA  90069-4534","8851 SANTA MONICA BLVD                              WEST HOLLYWOOD, CA  90069-4534","47-422149/ 48-650685","","BUSINESS TITLE ESCROW INC 25152 SPRINGFIELD CT #285 VALENCIA, CA  91355","4","1983","8851 SANTA MONICA BLVD","WEST HOLLYWOOD","19","90069","8851 SANTA MONICA BLVD","WEST HOLLYWOOD","90069","CA"
"513464","ACTIVE CANCEL","58 | 2","10/20/2011","09/30/2024","DBA: REVOLVER VIDEO BAR                        LOADED GUN LLC                         8851 SANTA MONICA BLVD,                         WEST HOLLYWOOD, CA  90069-4534","8851 SANTA MONICA BLVD                              WEST HOLLYWOOD, CA  90069-4534","47-422149/ 48-650685","","BUSINESS TITLE ESCROW INC 25152 SPRINGFIELD CT #285 VALENCIA, CA  91355","4","1983","8851 SANTA MONICA BLVD","WEST HOLLYWOOD","19","90069","8851 SANTA MONICA BLVD","WEST HOLLYWOOD","90069","CA"
"531020","ACTIVE SUREND","47 | 2","06/20/2013","05/31/2024","DBA: BROWNS BAR & GRILL                        BROWN'S BAR & GRILL, INC.                         5020 19 1/2 AVE,                         RIVERDALE, CA  93656-9505","PO BOX 278                              RIVERDALE, CA  93656-0278","47-504156/ 47-631877","7","CHICAGO TITLE CO 1460 W SEVENTH ST STE 102 HANFORD, CA  93230","21","1600","5020 19 1/2 AVE","RIVERDALE","16","93656","PO BOX 278","RIVERDALE","93656","CA"
"531020","ACTIVE SUREND","77 | 2","06/20/2013","05/31/2024","DBA: BROWNS BAR & GRILL                        BROWN'S BAR & GRILL, INC.                         5020 19 1/2 AVE,                         RIVERDALE, CA  93656-9505","PO BOX 278                              RIVERDALE, CA  93656-0278","47-504156/ 47-631877","7","CHICAGO TITLE CO 1460 W SEVENTH ST STE 102 HANFORD, CA  93230","21","1600","5020 19 1/2 AVE","RIVERDALE","16","93656","PO BOX 278","RIVERDALE","93656","CA"
"531020","ACTIVE SUREND","58 | 2","06/20/2013","05/31/2024","DBA: BROWNS BAR & GRILL                        BROWN'S BAR & GRILL, INC.                         5020 19 1/2 AVE,                         RIVERDALE, CA  93656-9505","PO BOX 278                              RIVERDALE, CA  93656-0278","47-504156/ 47-631877","7","CHICAGO TITLE CO 1460 W SEVENTH ST STE 102 HANFORD, CA  93230","21","1600","5020 19 1/2 AVE","RIVERDALE","16","93656","PO BOX 278","RIVERDALE","93656","CA"
"548506","ACTIVE CANCEL","20 | 0","10/03/2014","09/30/2024","DBA: GOLDEN GROCERY MARKET                        GOLDEN GROCERY MARKET                         7219 S WESTERN AVE,                         LOS ANGELES, CA  90047-2252","","20-531337/ 20-647765","","","4","1933","7219 S WESTERN AVE","LOS ANGELES","19","90047","","","",""
"554468","ACTIVE CANCEL","21 | 0","06/15/2016","05/31/2024","DBA: GROW THE PRODUCE SHOP INC                        GROW THE PRODUCE SHOP INC                         300 S SANTA FE AVE, SUITE C,                         LOS ANGELES, CA  90013-3100","425 15TH ST, # 3723                              MANHATTAN BEACH, CA  90266","","5,7","","4","1933","300 S SANTA FE AVE, SUITE C","LOS ANGELES","19","90013","425 15TH ST, # 3723","MANHATTAN BEACH","90266","CA"
"554468","ACTIVE CANCEL","86 | 0","06/18/2015","05/31/2024","DBA: GROW THE PRODUCE SHOP INC                        GROW THE PRODUCE SHOP INC                         300 S SANTA FE AVE, SUITE C,                         LOS ANGELES, CA  90013-3100","425 15TH ST, # 3723                              MANHATTAN BEACH, CA  90266","","5,7","","4","1933","300 S SANTA FE AVE, SUITE C","LOS ANGELES","19","90013","425 15TH ST, # 3723","MANHATTAN BEACH","90266","CA"
"556489","SUREND CANCEL","21 | 0","06/01/2015","05/31/2024","DBA: JON'S MARKET                        BERBERIAN ENTERPRISES INC                         4848 W 190TH ST,                         TORRANCE, CA  90503-1002","5315 SANTA MONICA BLVD                              LOS ANGELES, CA  90029-1105","21-506200/ 21-649825","","CALIFORNIA BUSINESS ESCROW INC 1748 MAIN ST ESCALON, CA  95320-1927","3","1958","4848 W 190TH ST","TORRANCE","19","90503","5315 SANTA MONICA BLVD","LOS ANGELES","90029","CA"
"556813","ACTIVE CANCEL","40 | 0","06/15/2016","05/31/2024","DBA: NORTENO BAR AND GRILL                        GARCIA, EMMA                         7717 COMPTON AVE,                         LOS ANGELES, CA  90001-2611","2816 MISSOURI AVE                              SOUTH GATE, CA  90280","40-503038/ 40-651767","7","LAS FLORES ESCROW INC 10821 PARAMOUNT BLVD DOWNEY, CA  90241-3308","4","1900","7717 COMPTON AVE","LOS ANGELES","19","90001","2816 MISSOURI AVE","SOUTH GATE","90280","CA"
"560058","AUTREV ACTIVE","02 | 0","01/19/2016","06/30/2024","DBA: BOHEME WINES                        K BEITLER LLC                         2064 GRAVENSTEIN HWY N, BLDG 7,                         SEBASTOPOL, CA  95472-2662","P. O. BOX 569                              OCCIDENTAL, CA  95465-0569","","","","27","4900","2064 GRAVENSTEIN HWY N, BLDG 7","SEBASTOPOL","49","95472","P. O. BOX 569","OCCIDENTAL","95465","CA"
"560058","AUTREV ACTIVE","02 | 0","01/19/2016","06/30/2024","DBA: BOHEME WINES                        K BEITLER LLC                         2064 GRAVENSTEIN HWY N, BLDG 7,                         SEBASTOPOL, CA  95472-2662","P. O. BOX 569                              OCCIDENTAL, CA  95465-0569","","","","27","4900","2064 GRAVENSTEIN HWY N, BLDG 7","SEBASTOPOL","49","95472","P. O. BOX 569","OCCIDENTAL","95465","CA"
"560618","SUREND ACTIVE","41 | 0","09/21/2015","08/31/2023","DBA: MARISCOS EL BARCO                        ZARAGOZA, ELIAZAR                         1390 W 6TH ST, STE 112,                         CORONA, CA  92882-3553","","41-452861","7","STONE CREEK ESCROW INC 876 N MOUNTAIN AVE STE 110 UPLAND, CA  91786-4166","7","3306","1390 W 6TH ST, STE 112","CORONA","33","92882","","","",""
"567379","AUTREV ACTIVE","02 | 0","04/08/2016","06/30/2024","DBA: BOHEME WINES                        K BEITLER LLC                         3625 MAIN ST,                         OCCIDENTAL, CA  95465","PO BOX 569                              OCCIDENTAL, CA  95465-0569","","","","27","4900","3625 MAIN ST","OCCIDENTAL","49","95465","PO BOX 569","OCCIDENTAL","95465","CA"
"567379","AUTREV ACTIVE","02 | 0","04/08/2016","06/30/2024","DBA: BOHEME WINES                        K BEITLER LLC                         3625 MAIN ST,                         OCCIDENTAL, CA  95465","PO BOX 569                              OCCIDENTAL, CA  95465-0569","","","","27","4900","3625 MAIN ST","OCCIDENTAL","49","95465","PO BOX 569","OCCIDENTAL","95465","CA"
"570256","SUSPEN ACTIVE","20 | 0","09/06/2016","08/31/2023","DBA: VP RACING OF BLYTHE                        ZOURA, ALLEN LATIF                         301 S LOVEKIN BLVD,                         BLYTHE, CA  92225-2709","","20-566560","7","COAST TO COAST ESCROW SERVICES INC 19772 MAC ARTHUR BLVD #120 IRVINE, CA  92612","8","3303","301 S LOVEKIN BLVD","BLYTHE","33","92225","","","",""
"582820","ACTIVE CANCEL","47 | 0","09/01/2017","02/29/2024","DBA: ANGELA'S                        SABOOR'S INC.                         1640 PARK ST,                         ALAMEDA, CA  94501","","47-277417/ 47-649072","7","CAPITAL TRUST ESCROW 280 S BEVERLY DR STE 300 BEVERLY HILLS, CA  90212","22","0101","1640 PARK ST","ALAMEDA","01","94501","","","",""
"594275","ACTIVE NREN","41 | 0","09/07/2018","08/31/2023","DBA: PIZZAREV                        DOUGHLICIOUS LLC                         748 W RANCHO VISTA BLVD   , STE E,                         PALMDALE, CA  93551-3998","3973 TROLLEY CT                              BREA, CA  92823-1054","41-557300","","HERITAGE ESCROW 2550 5TH AVE STE 810 SAN DIEGO, CA  92103","5","1974","748 W RANCHO VISTA BLVD   , STE E","PALMDALE","19","93551","3973 TROLLEY CT","BREA","92823","CA"
"597866","REVPEN ACTIVE","41 | 0","08/19/2019","07/31/2024","DBA: HAL YAMASHITA                        HM PREMIERE JAPAN, LLC                         1300 MAIN ST, STE 100,                         NAPA, CA  94559-1946","PO BOX 10248                              NAPA, CA  94581","","","","27","2802","1300 MAIN ST, STE 100","NAPA","28","94559","PO BOX 10248","NAPA","94581","CA"
"597866","REVPEN ACTIVE","41 | 0","08/19/2019","07/31/2024","DBA: HAL YAMASHITA                        HM PREMIERE JAPAN, LLC                         1300 MAIN ST, STE 100,                         NAPA, CA  94559-1946","PO BOX 10248                              NAPA, CA  94581","","","","27","2802","1300 MAIN ST, STE 100","NAPA","28","94559","PO BOX 10248","NAPA","94581","CA"
"605206","ACTIVE CANCEL","41 | 0","06/21/2019","05/31/2024","DBA: GREEK THEATRE THE                        F & B ASSOCIATES INC                         HEARST GREEK THEATRE GAYLEY RD & STADIUM RIM WY,                         BERKELEY, CA  94702","485 VALLEY DR, STE A                              BRISBANE, CA  94005-1209","41-479804","7","FEDERAL ESCROW , INC 23734 VALENCIA BLVD STE 100A VALENCIA, CA  91355","22","0103","HEARST GREEK THEATRE GAYLEY RD & STADIUM RIM WY","BERKELEY","01","94702","485 VALLEY DR, STE A","BRISBANE","94005","CA"
"621563","ACTIVE CANCEL","20 | 0","07/10/2023","06/30/2024","DBA: 7-ELEVEN STORE #1043676                        7 ELEVEN INC                         6291 ARCHIBALD AVE,                         EASTVALE, CA  92880","PO BOX 139044, ATTN: LICENSING DEPARTMENT                              DALLAS, TX  75313-9044","","","","7","3328","6291 ARCHIBALD AVE","EASTVALE","33","92880","PO BOX 139044, ATTN: LICENSING DEPARTMENT","DALLAS","75313","TX"
"621563","ACTIVE CANCEL","20 | 0","07/10/2023","06/30/2024","DBA: 7-ELEVEN STORE #1043676                        7 ELEVEN INC                         6291 ARCHIBALD AVE,                         EASTVALE, CA  92880","PO BOX 139044, ATTN: LICENSING DEPARTMENT                              DALLAS, TX  75313-9044","","","","7","3328","6291 ARCHIBALD AVE","EASTVALE","33","92880","PO BOX 139044, ATTN: LICENSING DEPARTMENT","DALLAS","75313","TX"
"624847","REVPEN ACTIVE","58 | 1","08/25/2021","07/31/2024","DBA: SANTANA'S COTTAGE CAFE & CATERING                         CRYSTAL SPRINGS CATERING INC                         1090 N MAIN ST,                         LAKEPORT, CA  95453-4308","938 WILMINGTON WAY                              REDWOOD CITY, CA  94062","","","","27","1701","1090 N MAIN ST","LAKEPORT","17","95453","938 WILMINGTON WAY","REDWOOD CITY","94062","CA"
"624847","REVPEN ACTIVE","58 | 1","08/25/2021","07/31/2024","DBA: SANTANA'S COTTAGE CAFE & CATERING                         CRYSTAL SPRINGS CATERING INC                         1090 N MAIN ST,                         LAKEPORT, CA  95453-4308","938 WILMINGTON WAY                              REDWOOD CITY, CA  94062","","","","27","1701","1090 N MAIN ST","LAKEPORT","17","95453","938 WILMINGTON WAY","REDWOOD CITY","94062","CA"
"624847","REVPEN ACTIVE","41 | 1","08/25/2021","07/31/2024","DBA: SANTANA'S COTTAGE CAFE & CATERING                         CRYSTAL SPRINGS CATERING INC                         1090 N MAIN ST,                         LAKEPORT, CA  95453-4308","938 WILMINGTON WAY                              REDWOOD CITY, CA  94062","","","","27","1701","1090 N MAIN ST","LAKEPORT","17","95453","938 WILMINGTON WAY","REDWOOD CITY","94062","CA"
"624847","REVPEN ACTIVE","41 | 1","08/25/2021","07/31/2024","DBA: SANTANA'S COTTAGE CAFE & CATERING                         CRYSTAL SPRINGS CATERING INC                         1090 N MAIN ST,                         LAKEPORT, CA  95453-4308","938 WILMINGTON WAY                              REDWOOD CITY, CA  94062","","","","27","1701","1090 N MAIN ST","LAKEPORT","17","95453","938 WILMINGTON WAY","REDWOOD CITY","94062","CA"
"626195","SUSPEN ACTIVE","47 | 0","07/23/2021","06/30/2024","DBA: MUSHIN BAR                        MUSHIN BAR, LLC                         1814 FRANKLIN ST, STE 5G,                         OAKLAND, CA  94612-3487","484 LAKEPARK AVE, #150                              OAKLAND, CA  94610","47-351827","","CAPITAL TRUST ESCROW 280 S BEVERLY DR #300 BEVERLY HILLS, CA  90212","22","0109","1814 FRANKLIN ST, STE 5G","OAKLAND","01","94612","484 LAKEPARK AVE, #150","OAKLAND","94610","CA"
"636558","PEND ACTIVE","41 | 0","10/30/2023","09/30/2024","DBA: COVALE                        COVALE LLC                         7534 GOURMET ALLEY,                         GILROY, CA  95020","","","","","25","4304","7534 GOURMET ALLEY","GILROY","43","95020","","","",""
"637400","PEND ACTIVE","20 | 0","10/30/2023","09/30/2024","DBA: COPACABANA MARKET                         COPACABANA MARKET LLC                         9643 RESEDA BLVD,                         NORTHRIDGE, CA  91324-2018","11447 GOTHIC AVE                               GRANADA HILLS, CA  91344-3739","","7","","5","1933","9643 RESEDA BLVD","NORTHRIDGE","19","91324","11447 GOTHIC AVE","GRANADA HILLS","91344","CA"
"638186","PEND ACTIVE","41 | 0","10/30/2023","09/30/2024","DBA: SAMS FLAMING GRILL                        SAMS FLAMING GRILL                         24802 ORCHARD VILLAGE RD,                         SANTA CLARITA, CA  91355-3088","25347 WAYNE MILLS PL                              SANTA CLARITA, CA  91355-1827","","","","5","1985","24802 ORCHARD VILLAGE RD","SANTA CLARITA","19","91355","25347 WAYNE MILLS PL","SANTA CLARITA","91355","CA"
"639960","PEND ACTIVE","21 | 0","10/30/2023","09/30/2024","DBA: EZ MART LIQUOR                        EZ SUNRISE INVESTMENTS INC                         7800 SUNRISE BLVD,                         CITRUS HEIGHTS, CA  95610-1500","","21-560023","7","","23","3406","7800 SUNRISE BLVD","CITRUS HEIGHTS","34","95610","","","",""
"645760","PEND ACTIVE","02 | 0","10/30/2023","06/30/2024","DBA: CMZ HOLDINGS                        CMZ HOLDINGS LLC                         1160 HOPPER AVE,                         SANTA ROSA, CA  95403-1651","3599 CELESTA CT                              SEBASTOPOL, CA  95472-8228","","","","27","4904","1160 HOPPER AVE","SANTA ROSA","49","95403","3599 CELESTA CT","SEBASTOPOL","95472","CA"
"645941","PEND ACTIVE","02 | 0","10/30/2023","06/30/2024","DBA: CMZ WINES                        CMZ HOLDINGS LLC                         3599 CELESTA CT,                         SEBASTOPOL, CA  95472-8228","","","7","","27","4900","3599 CELESTA CT","SEBASTOPOL","49","95472","","","",""
"646206","SUREND CANCEL","47 | 0","04/25/2023","03/31/2024","DBA: KILN                        KILN RESTAURANT LLC                         149 FELL ST,                         SAN FRANCISCO, CA  94102-5106","708 BUSH ST                              SAN FRANCISCO, CA  94108-3403","47-551460/ 47-650508","","CALIFORNIA BUSINESS ESCROW","24","3800","149 FELL ST","SAN FRANCISCO","38","94102","708 BUSH ST","SAN FRANCISCO","94108","CA"
"646411","PEND ACTIVE","41 | 0","10/27/2023","09/30/2024","DBA: SWEET ANGELS                        DAVIDSHDS LLC                         421 N RODEO DR, STE 11,                         BEVERLY HILLS, CA  90210-4514","","","","","4","1908","421 N RODEO DR, STE 11","BEVERLY HILLS","19","90210","","","",""
"646790","PEND ACTIVE","47 | 0","10/30/2023","09/30/2024","DBA: CHEESECAKES UNLIMITED                        DEMERCURIO, APRIL CHRISTINE                         1135 PINE ST, STE 113,                         REDDING, CA  96001-0750","","47-534821","7","CAPITAL CITY ESCROW INC 3838 WATT AVE  STE F-610 SACRAMENTO, CA  95821-2697","31","4502","1135 PINE ST, STE 113","REDDING","45","96001","","","",""
"646840","PEND ACTIVE","41 | 0","10/27/2023","09/30/2024","DBA: POOR RICHARD'S PIZZA                        RAYANI EMPIRE #2 CORP.                         19668 ORANGE BELT DR,                         STRATHMORE, CA  93267","6651 PICADILLY LN                              PORTERVILLE, CA  93257","","","","21","5400","19668 ORANGE BELT DR","STRATHMORE","54","93267","6651 PICADILLY LN","PORTERVILLE","93257","CA"
"646937","PEND ACTIVE","58 | 2","10/27/2023","09/30/2024","DBA: LIVING OUT                        ALICEB, LLC                         1122 E TAHQUITZ CANYON WAY,                         PALM SPRINGS, CA  92262","","47-458363","","ABC ESCROW 2222 DAMON ST  LOS ANGELES, CA  90021","8","3310","1122 E TAHQUITZ CANYON WAY","PALM SPRINGS","33","92262","","","",""
"646937","PEND ACTIVE","47 | 2","10/27/2023","09/30/2024","DBA: LIVING OUT                        ALICEB, LLC                         1122 E TAHQUITZ CANYON WAY,                         PALM SPRINGS, CA  92262","","47-458363","","ABC ESCROW 2222 DAMON ST  LOS ANGELES, CA  90021","8","3310","1122 E TAHQUITZ CANYON WAY","PALM SPRINGS","33","92262","","","",""
"646937","PEND ACTIVE","68 | 2","10/27/2023","09/30/2024","DBA: LIVING OUT                        ALICEB, LLC                         1122 E TAHQUITZ CANYON WAY,                         PALM SPRINGS, CA  92262","","47-458363","","ABC ESCROW 2222 DAMON ST  LOS ANGELES, CA  90021","8","3310","1122 E TAHQUITZ CANYON WAY","PALM SPRINGS","33","92262","","","",""
"646937","PEND ACTIVE","47 | 2","10/27/2023","09/30/2024","DBA: LIVING OUT                        ALICEB, LLC                         1122 E TAHQUITZ CANYON WAY,                         PALM SPRINGS, CA  92262","","47-458363","","ABC ESCROW 2222 DAMON ST  LOS ANGELES, CA  90021","8","3310","1122 E TAHQUITZ CANYON WAY","PALM SPRINGS","33","92262","","","",""
"647403","PEND WITHDRAWN","41 | 0","","","DBA: CAFFE CAPRICCIO                        DUE FRATELLI CAFFE, LLC                         2200 MASON ST,                         SAN FRANCISCO, CA  94133-1806","660 4TH ST, # 728                              SAN FRANCISCO, CA  94107-1618","544333","7","","24","3800","2200 MASON ST","SAN FRANCISCO","38","94133","660 4TH ST, # 728","SAN FRANCISCO","94107","CA"
"647439","PEND ACTIVE","47 | 0","10/30/2023","08/31/2024","DBA: CHANSON                        CHANSON, INC                         508-10 E BROADWAY,                         GLENDALE, CA  91205","","47-639630","7,8","","5","1921","508-10 E BROADWAY","GLENDALE","19","91205","","","",""
"647459","ACTIVE R64B","57 | 0","10/27/2023","09/30/2024","SAMO LIQUOR LICENSEE LLC                          1401 OCEAN AVE, STE 300,                         ROOFTOP, SANTA MONICA, CA  90401-2163","401 CONGRESS AVE, SUITE 2750                              AUSTIN, TX  78801","","7","CALIFORNIA BUSINESS ESCROW 1748 MAIN ST ESCALON, CA  95320-1927","3","1953","1401 OCEAN AVE, STE 300","SANTA MONICA","19","90401","401 CONGRESS AVE, SUITE 2750","AUSTIN","78801","TX"
"647459","ACTIVE R64B","57 | 0","10/27/2023","09/30/2024","SAMO LIQUOR LICENSEE LLC                          1401 OCEAN AVE, STE 300,                         ROOFTOP, SANTA MONICA, CA  90401-2163","401 CONGRESS AVE, SUITE 2750                              AUSTIN, TX  78801","","7","CALIFORNIA BUSINESS ESCROW 1748 MAIN ST ESCALON, CA  95320-1927","3","1953","1401 OCEAN AVE, STE 300","SANTA MONICA","19","90401","401 CONGRESS AVE, SUITE 2750","AUSTIN","78801","TX"
"647459","ACTIVE R64B","57 | 0","10/27/2023","09/30/2024","SAMO LIQUOR LICENSEE LLC                          1401 OCEAN AVE, STE 300,                         ROOFTOP, SANTA MONICA, CA  90401-2163","401 CONGRESS AVE, SUITE 2750                              AUSTIN, TX  78801","","7","CALIFORNIA BUSINESS ESCROW 1748 MAIN ST ESCALON, CA  95320-1927","3","1953","1401 OCEAN AVE, STE 300","SANTA MONICA","19","90401","401 CONGRESS AVE, SUITE 2750","AUSTIN","78801","TX"
"647459","ACTIVE R64B","57 | 0","10/27/2023","09/30/2024","SAMO LIQUOR LICENSEE LLC                          1401 OCEAN AVE, STE 300,                         ROOFTOP, SANTA MONICA, CA  90401-2163","401 CONGRESS AVE, SUITE 2750                              AUSTIN, TX  78801","","7","CALIFORNIA BUSINESS ESCROW 1748 MAIN ST ESCALON, CA  95320-1927","3","1953","1401 OCEAN AVE, STE 300","SANTA MONICA","19","90401","401 CONGRESS AVE, SUITE 2750","AUSTIN","78801","TX"
"647765","PEND ACTIVE","20 | 0","10/27/2023","09/30/2024","DBA: GOLDEN MARKET                        WESTERN & FLORENCE 7223 LLC                         7219 S WESTERN AVE,                         LOS ANGELES, CA  90047-2252","934 S SANTEE BLVD                               LOS ANGELES, CA  90015","20-548506","","ACE ESCROW INC 3030 W 8TH ST #408 LOS ANGELES, CA  90005","4","1933","7219 S WESTERN AVE","LOS ANGELES","19","90047","934 S SANTEE BLVD","LOS ANGELES","90015","CA"
"648081","ACTIVE NREN","84 | 0","05/04/2023","08/31/2023","DBA: BORING ROSE BREWING CO.                        BORING ROSE LLC                         337 PLACERVILLE DR,                         PLACERVILLE, CA  95667-3912","7340 CHAPARRAL DR                              SHINGLE SPRINGS, CA  95682","","","","23","0901","337 PLACERVILLE DR","PLACERVILLE","09","95667","7340 CHAPARRAL DR","SHINGLE SPRINGS","95682","CA"
"648255","PEND ACTIVE","09 | 1","10/27/2023","09/30/2024","DBA: ELITE BUZZ                        MERLAN, EMILEDE SUSANA                         6774 CALLE DE LINEA, STE 106,                         SAN DIEGO, CA  92154","4740 MISSION GORGE PL, PO BOX 600414                              SAN DIEGO, CA  92160","","","","10","3710","6774 CALLE DE LINEA, STE 106","SAN DIEGO","37","92154","4740 MISSION GORGE PL, PO BOX 600414","SAN DIEGO","92160","CA"
"648255","PEND ACTIVE","17 | 1","10/27/2023","09/30/2024","DBA: ELITE BUZZ                        MERLAN, EMILEDE SUSANA                         6774 CALLE DE LINEA, STE 106,                         SAN DIEGO, CA  92154","4740 MISSION GORGE PL, PO BOX 600414                              SAN DIEGO, CA  92160","","","","10","3710","6774 CALLE DE LINEA, STE 106","SAN DIEGO","37","92154","4740 MISSION GORGE PL, PO BOX 600414","SAN DIEGO","92160","CA"
"648261","PEND ACTIVE","41 | 0","10/27/2023","09/30/2024","DBA: SURF POINT COFFEEHOUSE                        SURF POINT COFFEE AND PLANTS LLC                         10 SEAL DR,                         WHITETHORN, CA  95589-9140","","","","","28","1200","10 SEAL DR","WHITETHORN","12","95589","","","",""
"648386","PEND ACTIVE","41 | 1","10/30/2023","09/30/2024","DBA: LA FUENTE MEXICAN FOOD                        SABROSOS INC                         1227 UNIVERSITY AVE,                         SAN DIEGO, CA  92103","","41-428088","7","","10","3710","1227 UNIVERSITY AVE","SAN DIEGO","37","92103","","","",""
"648386","PEND ACTIVE","77 | 1","10/30/2023","09/30/2024","DBA: LA FUENTE MEXICAN FOOD                        SABROSOS INC                         1227 UNIVERSITY AVE,                         SAN DIEGO, CA  92103","","41-428088","7","","10","3710","1227 UNIVERSITY AVE","SAN DIEGO","37","92103","","","",""
"648398","PEND ACTIVE","21 | 0","10/27/2023","09/30/2024","DBA: SAM'S LIQUOR & GROCERY                        NASHER, ABDULALIM SALEH                         2 WILBUR AVE,                         ANTIOCH, CA  94509-1812","","21-339108","","","22","0701","2 WILBUR AVE","ANTIOCH","07","94509","","","",""
"648432","PEND ACTIVE","47 | 1","10/27/2023","09/30/2024","DBA: DA BOCCERY                        DA BOCCERY LLC                         175 E VINEYARD AVE,                         LIVERMORE, CA  94550","2300 FIRST ST, STE 220                              LIVERMORE, CA  94550","47-437189","","OLD REPUBLIC TITLE 1000 BURNETT AVE STE 400 CONCORD, CA  94520-2088","22","0107","175 E VINEYARD AVE","LIVERMORE","01","94550","2300 FIRST ST, STE 220","LIVERMORE","94550","CA"
"648432","PEND ACTIVE","58 | 1","10/27/2023","09/30/2024","DBA: DA BOCCERY                        DA BOCCERY LLC                         175 E VINEYARD AVE,                         LIVERMORE, CA  94550","2300 FIRST ST, STE 220                              LIVERMORE, CA  94550","47-437189","","OLD REPUBLIC TITLE 1000 BURNETT AVE STE 400 CONCORD, CA  94520-2088","22","0107","175 E VINEYARD AVE","LIVERMORE","01","94550","2300 FIRST ST, STE 220","LIVERMORE","94550","CA"
"648432","PEND ACTIVE","47 | 1","10/27/2023","09/30/2024","DBA: DA BOCCERY                        DA BOCCERY LLC                         175 E VINEYARD AVE,                         LIVERMORE, CA  94550","2300 FIRST ST, STE 220                              LIVERMORE, CA  94550","47-437189","","OLD REPUBLIC TITLE 1000 BURNETT AVE STE 400 CONCORD, CA  94520-2088","22","0107","175 E VINEYARD AVE","LIVERMORE","01","94550","2300 FIRST ST, STE 220","LIVERMORE","94550","CA"
"648488","PEND ACTIVE","02 | 0","10/27/2023","06/30/2024","MARCELAIS MINE LLC                         4921 MARCELAIS RD,                         EL DORADO, CA  95623-4000","1230 SANDRA CIR                              PLACERVILLE, CA  95667-4842","","","","23","0900","4921 MARCELAIS RD","EL DORADO","09","95623","1230 SANDRA CIR","PLACERVILLE","95667","CA"
"648489","PEND ACTIVE","41 | 0","10/27/2023","09/30/2024","DBA: RED CHICKZ THE                        AKAMM INC                         2525 EL CAMINO REAL, STE 217,                         CARLSBAD, CA  92008-1208","","","","","9","3701","2525 EL CAMINO REAL, STE 217","CARLSBAD","37","92008","","","",""
"648909","PEND ACTIVE","20 | 0","10/27/2023","09/30/2024","DBA: CALIFORNIA ETCHING                        PRYSM GROUP, INC                         1952 IROQUOIS ST,                         NAPA, CA  94559-1328","5098 MONACO DR                              PLEASANTON, CA  94566","20-397871","7,I","BUSINESS ESCROW SERVICE CENTER 3031 TISCH WAY STE 310 SAN JOSE, CA  95128","27","2802","1952 IROQUOIS ST","NAPA","28","94559","5098 MONACO DR","PLEASANTON","94566","CA"
"648909","PEND ACTIVE","17 | 0","10/27/2023","09/30/2024","DBA: CALIFORNIA ETCHING                        PRYSM GROUP, INC                         1952 IROQUOIS ST,                         NAPA, CA  94559-1328","5098 MONACO DR                              PLEASANTON, CA  94566","","7","BUSINESS ESCROW SERVICE CENTER 3031 TISCH WAY STE 310 SAN JOSE, CA  95128","27","2802","1952 IROQUOIS ST","NAPA","28","94559","5098 MONACO DR","PLEASANTON","94566","CA"
"649072","PEND ACTIVE","47 | 0","10/27/2023","09/30/2024","DBA: MOXIE                         UP ON PARK LLC                         1640 PARK ST,                         ALAMEDA, CA  94501","1201 SHERMAN ST                              ALAMEDA, CA  94501","47-582820","7","SUPREME ESCROW INC 3701 WILSHIRE BLVD STE 535 LOS ANGELES, CA  90010","22","0101","1640 PARK ST","ALAMEDA","01","94501","1201 SHERMAN ST","ALAMEDA","94501","CA"
"649075","PEND ACTIVE","41 | 0","10/30/2023","09/30/2024","DBA: COSETTE WINE + RESTAURANT                        ROLLING GREENS NURSERY INC                         12833 VENTURA BLVD # 145,                         STUDIO CITY, CA  91604-2368","1005 MATEO ST                              LOS ANGELES, CA  90021-1715","","","","5","1933","12833 VENTURA BLVD # 145","STUDIO CITY","19","91604","1005 MATEO ST","LOS ANGELES","90021","CA"
"649386","PEND ACTIVE","41 | 0","10/27/2023","09/30/2024","DBA: ZINGO'S CAFE INC.                        ZINGO'S CAFE INC.                          3201 BUCK OWENS BLVD, ZINGOS CAFE,                         BAKERSFIELD, CA  93308-6321","","","7","","6","1501","3201 BUCK OWENS BLVD, ZINGOS CAFE","BAKERSFIELD","15","93308","","","",""
"649710","PEND ACTIVE","41 | 0","10/27/2023","09/30/2024","DBA: ALTAN'S PLACE                        MONGOLD LLC                         1782 SHATTUCK AVE,                         BERKELEY, CA  94709-1750","","","","","22","0103","1782 SHATTUCK AVE","BERKELEY","01","94709","","","",""
"649712","PEND ACTIVE","70 | 0","10/27/2023","09/30/2024","DBA: HOSTELING INTERNATIONAL SAN DIEGO DOWNTOWN                        AMERICAN YOUTH HOSTELS, INC                         521 MARKET ST,                         SAN DIEGO, CA  92101-7024","8455 COLESVILLE RD, STE 1225                              SILVER SPRING, MD  20910","","","","10","3710","521 MARKET ST","SAN DIEGO","37","92101","8455 COLESVILLE RD, STE 1225","SILVER SPRING","20910","MD"
"649825","PEND ACTIVE","77 | 1","10/27/2023","09/30/2024","DBA: K & L WINE MERCHANTS                        BBCK ENTERPRISES INC                         4235 SEPULVEDA BLVD,                         CULVER CITY, CA  90230-4708","3005 EL CAMINO REAL                              REDWOOD CITY, CA  94061-4004","","7","CALIFORNIA BUSINESS ESCROW 1748 MAIN ST ESCALON, CA  95320-1927","4","1914","4235 SEPULVEDA BLVD","CULVER CITY","19","90230","3005 EL CAMINO REAL","REDWOOD CITY","94061","CA"
"649825","PEND ACTIVE","21 | 0","10/27/2023","09/30/2024","DBA: K & L WINE MERCHANTS                        BBCK ENTERPRISES INC                         4235 SEPULVEDA BLVD,                         CULVER CITY, CA  90230-4708","3005 EL CAMINO REAL                              REDWOOD CITY, CA  94061-4004","21-556489","7","CALIFORNIA BUSINESS ESCROW 1748 MAIN ST ESCALON, CA  95320-1927","4","1914","4235 SEPULVEDA BLVD","CULVER CITY","19","90230","3005 EL CAMINO REAL","REDWOOD CITY","94061","CA"
"649825","PEND ACTIVE","42 | 1","10/27/2023","09/30/2024","DBA: K & L WINE MERCHANTS                        BBCK ENTERPRISES INC                         4235 SEPULVEDA BLVD,                         CULVER CITY, CA  90230-4708","3005 EL CAMINO REAL                              REDWOOD CITY, CA  94061-4004","","7","CALIFORNIA BUSINESS ESCROW 1748 MAIN ST ESCALON, CA  95320-1927","4","1914","4235 SEPULVEDA BLVD","CULVER CITY","19","90230","3005 EL CAMINO REAL","REDWOOD CITY","94061","CA"
"649825","PEND ACTIVE","86 | 0","10/27/2023","09/30/2024","DBA: K & L WINE MERCHANTS                        BBCK ENTERPRISES INC                         4235 SEPULVEDA BLVD,                         CULVER CITY, CA  90230-4708","3005 EL CAMINO REAL                              REDWOOD CITY, CA  94061-4004","","","CALIFORNIA BUSINESS ESCROW 1748 MAIN ST ESCALON, CA  95320-1927","4","1914","4235 SEPULVEDA BLVD","CULVER CITY","19","90230","3005 EL CAMINO REAL","REDWOOD CITY","94061","CA"
"649938","PEND ACTIVE","47 | 0","10/30/2023","09/30/2024","DBA: CHINA GARDEN                        P.Y.L LLC                         22253 REDWOOD RD,                         CASTRO VALLEY, CA  94546","","47-420014","7","OLD REPUBLIC TITLE 1000 BURNETT AVE STE 400 CONCORD, CA  94520-2088","22","0100","22253 REDWOOD RD","CASTRO VALLEY","01","94546","","","",""
"650085","PEND ACTIVE","20 | 0","10/27/2023","09/30/2024","DBA: FIRST & FAIR MARKET                        KAUR, DALJIT                         2715 W 1ST ST, STE A,                         SANTA ANA, CA  92703","","20-411742","7","LUCKY TEAM ESCROW INC 13305 BROOKHURST ST GARDEN GROVE, CA  92843-3117","11","3017","2715 W 1ST ST, STE A","SANTA ANA","30","92703","","","",""
"650151","PEND ACTIVE","02 | 0","10/30/2023","06/30/2024","DBA: ROCCA FAMILY VINEYARDS                        ROCCA FAMILY VINEYARDS INC                         1000 MAIN ST ,                         SAINT HELENA, CA  94574-2011","129 DEVLIN RD                              NAPA, CA  94558-6255","","","","27","2803","1000 MAIN ST","SAINT HELENA","28","94574","129 DEVLIN RD","NAPA","94558","CA"
"650155","PEND ACTIVE","41 | 0","10/27/2023","09/30/2024","DBA: KING PLUS SHABU SHABU                        KING PLUS INVESTMENT AND MANAGEMENT INC                          903 N CATALINA AVE, #100,                         REDONDO BEACH, CA  90277-2092","6781 WARM SPRINGS AVE                              LA VERNE, CA  91750","","7","","3","1946","903 N CATALINA AVE, #100","REDONDO BEACH","19","90277","6781 WARM SPRINGS AVE","LA VERNE","91750","CA"
"650286","PEND ACTIVE","42 | 0","10/30/2023","09/30/2024","DBA: SAISON CELLAR SCOTTS VALLEY                        SAISON CELLAR SCOTTS VALLEY, LLC                         222-I MT HERMON RD,                         SCOTTS VALLEY, CA  95066-4032","","","","","26","4404","222-I MT HERMON RD","SCOTTS VALLEY","44","95066","","","",""
"650485","PEND ACTIVE","41 | 0","10/30/2023","09/30/2024","DBA: SHAKEY'S                        EAST JM, LLC                          12540 VALLEY VIEW ST,                         GARDEN GROVE, CA  92845-2006","3870 PASEO DE LAS TORTUGAS                              TORRANCE, CA  90505-6320","41-479113","7","CAPITAL CITY ESCROW 3838 WATT AVE #F610 SACRAMENTO, CA  95821","11","3009","12540 VALLEY VIEW ST","GARDEN GROVE","30","92845","3870 PASEO DE LAS TORTUGAS","TORRANCE","90505","CA"
"650508","PEND ACTIVE","47 | 0","10/27/2023","09/30/2024","DBA: PRESS CLUB                        YBL HOSPITALITY PARTNERS LLC                         20 YERBA BUENA LN,                         SAN FRANCISCO, CA  94103-3183","1995 BROADWAY ST, STE 1201                              NEW YORK, NY  10023","47-646206","7","CALIFORNIA BUSINESS ESCROW","24","3800","20 YERBA BUENA LN","SAN FRANCISCO","38","94103","1995 BROADWAY ST, STE 1201","NEW YORK","10023","NY"
"650528","PEND ACTIVE","41 | 0","10/30/2023","09/30/2024","DBA: BAAN YAAI                        TEERUT LLC                         2274 LOMBARD ST,                         SAN FRANCISCO, CA  94123-2704","","","","","24","3800","2274 LOMBARD ST","SAN FRANCISCO","38","94123","","","",""
"650655","PEND ACTIVE","41 | 0","10/30/2023","09/30/2024","DBA: MAMICHELAS LLC                        MAMICHELAS LLC                         131 MAIN ST,                         SALINAS, CA  93901","","41-625785","7","","26","2708","131 MAIN ST","SALINAS","27","93901","","","",""
"650685","PEND ACTIVE","77 | 2","10/27/2023","09/30/2024","DBA: REVOLVER                        BOB'S GARAGE BAR, LLC                         8851 SANTA MONICA BLVD,                         WEST HOLLYWOOD, CA  90069-4534","","48-513464","","CALIFORNIA BUSINESS ESCROW 1748 MAIN ST ESCALON, CA  95320-1927","4","1983","8851 SANTA MONICA BLVD","WEST HOLLYWOOD","19","90069","","","",""
"650685","PEND ACTIVE","58 | 2","10/27/2023","09/30/2024","DBA: REVOLVER                        BOB'S GARAGE BAR, LLC                         8851 SANTA MONICA BLVD,                         WEST HOLLYWOOD, CA  90069-4534","","48-513464","","CALIFORNIA BUSINESS ESCROW 1748 MAIN ST ESCALON, CA  95320-1927","4","1983","8851 SANTA MONICA BLVD","WEST HOLLYWOOD","19","90069","","","",""
"650685","PEND ACTIVE","48 | 2","10/27/2023","09/30/2024","DBA: REVOLVER                        BOB'S GARAGE BAR, LLC                         8851 SANTA MONICA BLVD,                         WEST HOLLYWOOD, CA  90069-4534","","48-513464","","CALIFORNIA BUSINESS ESCROW 1748 MAIN ST ESCALON, CA  95320-1927","4","1983","8851 SANTA MONICA BLVD","WEST HOLLYWOOD","19","90069","","","",""
"650716","PEND ACTIVE","41 | 0","10/27/2023","09/30/2024","DBA: CHUCK E CHEESE'S                        CEC ENTERTAINMENT, LLC                         17069 VALLEY BLVD, STE D,                         FONTANA, CA  92335-6830","1707 MARKET PLACE BLVD, STE 200                              C/O LICENSING DEPT , IRVING, TX  75063-8049","41-176181","","","7","3604","17069 VALLEY BLVD, STE D","FONTANA","36","92335","1707 MARKET PLACE BLVD, STE 200","IRVING","75063","TX"
"650722","PEND ACTIVE","47 | 0","10/30/2023","09/30/2024","DBA: BAR ELLA                        1520 HOSPITALITY LLC                          1030 GARNET AVE,                         SAN DIEGO, CA  92109-2833","315 BONAIR , #2                              SAN DIEGO, CA  92037","47-462297","7","HERITAGE ESCROW 2550 5TH AVE STE 800 SAN DIEGO, CA  92103","10","3710","1030 GARNET AVE","SAN DIEGO","37","92109","315 BONAIR , #2","SAN DIEGO","92037","CA"
"650723","PEND ACTIVE","41 | 0","10/27/2023","09/30/2024","DBA: CHUCK E CHEESE'S                        CEC ENTERTAINMENT, LLC                         777 E HOSPITALITY LN,                         SAN BERNARDINO, CA  92408-3578","1707 MARKET PLACE BLVD, STE 200                              C/O LICENSING DEPT , IRVING, TX  75063-8049","41-397592","","","7","3610","777 E HOSPITALITY LN","SAN BERNARDINO","36","92408","1707 MARKET PLACE BLVD, STE 200","IRVING","75063","TX"
"650764","PEND ACTIVE","21 | 0","10/30/2023","09/30/2024","DBA: CAPITOL LIQUORS                        SANDHU BROTHERS ENTERPRISE                         3130 SENTER RD,                         SAN JOSE, CA  95111-1257","","21-540596","","BUSINESS & ESCROW SERVICE CENTER INC 3031 TISCH WAY STE 310 SAN JOSE, CA  95128","25","4313","3130 SENTER RD","SAN JOSE","43","95111","","","",""
"650780","PEND ACTIVE","20 | 0","10/30/2023","08/31/2024","DBA: OCEAN VIEW MARKET                        ABDULKHALEQ, BASHEER MOHAMED AHMED                         1468 6TH ST,                         BERKELEY, CA  94710","","20-192858","","","22","0103","1468 6TH ST","BERKELEY","01","94710","","","",""
"650794","PEND ACTIVE","86 | 0","10/27/2023","09/30/2024","DBA: GROW THE PRODUCE SHOP                        CHEEMA INVESTMENTS, LLC                          300 S SANTA FE AVE, SUITE C,                         LOS ANGELES, CA  90013-3100","2726 PALO ALTO AVE                              CLOVIS, CA  93611-6827","86-554468","7","ESCROW WORLD INC 416 S SPRING ST STE 408 LOS ANGELES, CA  90013","4","1933","300 S SANTA FE AVE, SUITE C","LOS ANGELES","19","90013","2726 PALO ALTO AVE","CLOVIS","93611","CA"
"650794","PEND ACTIVE","21 | 0","10/27/2023","09/30/2024","DBA: GROW THE PRODUCE SHOP                        CHEEMA INVESTMENTS, LLC                          300 S SANTA FE AVE, SUITE C,                         LOS ANGELES, CA  90013-3100","2726 PALO ALTO AVE                              CLOVIS, CA  93611-6827","21-554468","7","ESCROW WORLD INC 416 S SPRING ST STE 408 LOS ANGELES, CA  90013","4","1933","300 S SANTA FE AVE, SUITE C","LOS ANGELES","19","90013","2726 PALO ALTO AVE","CLOVIS","93611","CA"
"650866","PEND ACTIVE","20 | 0","10/30/2023","09/30/2024","DBA: SUTTERVILLE FOOD MART                        PB 32 GAS INC                         1400 SUTTERVILLE RD,                         SACRAMENTO, CA  95822-1224","PO BOX 340516                              SACRAMENTO, CA  95834","20-527016","7","CAPITAL CITY ESCROW 3838 WATT AVE #F610 SACRAMENTO, CA  95821","23","3405","1400 SUTTERVILLE RD","SACRAMENTO","34","95822","PO BOX 340516","SACRAMENTO","95834","CA"
"650892","PEND ACTIVE","21 | 0","10/30/2023","09/30/2024","DBA: PAULS IMPERIO LICQUORS & TAQUERIA 3                        PABLAS IMPERIO BEVERAGES LLC                         1401 ALMADEN RD,                         SAN JOSE, CA  95125","18350 CAPISTRANO WAY                              MORGAN HILL, CA  95037","21-625196","7","BUSINESS & ESCROW SERVICE CENTER 3031 TISCH WAY #310 SAN JOSE, CA  95113","25","4313","1401 ALMADEN RD","SAN JOSE","43","95125","18350 CAPISTRANO WAY","MORGAN HILL","95037","CA"
"650977","PEND ACTIVE","41 | 0","10/30/2023","09/30/2024","CJD 2L CALIFORNIA LLC                         800 W TOWER AVE, BLDG 40,                         ALAMEDA, CA  94501","2015 PITKIN AVE                               BROOKLYN , NY  11207-3424","41-369565","","CALIFORNIA BUSINESS ESCROW 1748 MAIN ST ESCALON, CA  95320-1927","22","0101","800 W TOWER AVE, BLDG 40","ALAMEDA","01","94501","2015 PITKIN AVE","BROOKLYN","11207","NY"
"651028","PEND ACTIVE","41 | 0","10/30/2023","09/30/2024","DBA: POCOCK BREWING PUBLIC HOUSE                        POCOCK BREWING EXPANSION 1, LLC                          24329 MAIN ST,                         SANTA CLARITA, CA  91321-2912","24907 AVENUE TIBBITTS, STE B                              SANTA CLARITA, CA  91355-3487","","7","","5","1985","24329 MAIN ST","SANTA CLARITA","19","91321","24907 AVENUE TIBBITTS, STE B","SANTA CLARITA","91355","CA"
"651229","PEND ACTIVE","47 | 1","10/30/2023","09/30/2024","DBA: JULEP                        SOVC, LLC                         1735 HANCOCK ST, STE A,                         SAN DIEGO, CA  92101","","47-604409","","","10","3710","1735 HANCOCK ST, STE A","SAN DIEGO","37","92101","","","",""
"651229","PEND ACTIVE","58 | 1","10/30/2023","09/30/2024","DBA: JULEP                        SOVC, LLC                         1735 HANCOCK ST, STE A,                         SAN DIEGO, CA  92101","","47-604409","","","10","3710","1735 HANCOCK ST, STE A","SAN DIEGO","37","92101","","","",""
"651245","PEND ACTIVE","02 | 0","10/27/2023","06/30/2024","DBA: ARROW & BRANCH                        LITTLE CREEK VINEYARD LLC                         1299 MAIN ST, STE A,                         SAINT HELENA, CA  94574-1957","PO BOX 1006                              COBB, CA  95426-1006","","7","","27","2803","1299 MAIN ST, STE A","SAINT HELENA","28","94574","PO BOX 1006","COBB","95426","CA"
"651267","PEND ACTIVE","41 | 0","10/30/2023","09/30/2024","DBA: MARISCOS EL RAFA #2                        GARCIA CASTRO , RAFAEL                          7372 MISSION BLVD, #104,                         JURUPA VALLEY, CA  92509-2910","","41-611270","","","7","3329","7372 MISSION BLVD, #104","JURUPA VALLEY","33","92509","","","",""
"651428","PEND ACTIVE","41 | 0","10/30/2023","09/30/2024","DBA: IHOP                        HANHOP, INC.                         180 N 11TH AVE,                         HANFORD, CA  93230-4669","1445 5TH ST                              SANTA MONICA, CA  90401-2401","","","","21","1602","180 N 11TH AVE","HANFORD","16","93230","1445 5TH ST","SANTA MONICA","90401","CA"
"651484","PEND ACTIVE","41 | 0","10/30/2023","09/30/2024","DBA: JANDO'S MEXICAN FOOD                        JANDO'S MEXICAN FOOD INC.                         4591 FRUITRIDGE RD,                         SACRAMENTO, CA  95820-5105","4591 FRUITRIDGE RD                              SACRAMENTO, CA  95820-5105","41-627630","7","LENNAR TITLE 7555 N PALM AVE STE 210 FRESNO, CA  93711","23","3405","4591 FRUITRIDGE RD","SACRAMENTO","34","95820","4591 FRUITRIDGE RD","SACRAMENTO","95820","CA"
"651501","PEND ACTIVE","41 | 0","10/27/2023","09/30/2024","DBA: SALTY PEARL THE                        SALTY PEARL LLC THE                         550 2ND ST,                         OAKLAND, CA  94607","","","","","22","0109","550 2ND ST","OAKLAND","01","94607","","","",""
"651544","PEND WITHDRAWN","47 | 0","","","ANTONUCCI, MASON SKYLAR                         ,","2023 SMITH FLAT RD                              PLACERVILLE, CA  95667","","","","23","","","","","","2023 SMITH FLAT RD","PLACERVILLE","95667","CA"
"651565","PEND ACTIVE","41 | 1","10/30/2023","09/30/2024","DBA: WILLOWS AND PINE RESTAURANT AND CATERING                        WILLOWS AND PINE RESTAURANT AND CATERING, LLC                         3525 FRUITVALE AVE,                         OAKLAND, CA  94602","3542 FRUITVALE AVE PMB 105                              OAKLAND, CA  94602","","","","22","0109","3525 FRUITVALE AVE","OAKLAND","01","94602","3542 FRUITVALE AVE PMB 105","OAKLAND","94602","CA"
"651565","PEND ACTIVE","58 | 1","10/30/2023","09/30/2024","DBA: WILLOWS AND PINE RESTAURANT AND CATERING                        WILLOWS AND PINE RESTAURANT AND CATERING, LLC                         3525 FRUITVALE AVE,                         OAKLAND, CA  94602","3542 FRUITVALE AVE PMB 105                              OAKLAND, CA  94602","","","","22","0109","3525 FRUITVALE AVE","OAKLAND","01","94602","3542 FRUITVALE AVE PMB 105","OAKLAND","94602","CA"
"651604","PEND ACTIVE","41 | 0","10/27/2023","09/30/2024","DBA: PHO TAI                        PHO TAI CALI LLC                         151 W JACKSON ST,                         HAYWARD, CA  94544","","","","","22","0106","151 W JACKSON ST","HAYWARD","01","94544","","","",""
"651639","PEND WITHDRAWN","21 | 0","","","MANN , INDARPAL SINGH                          ,","9074 N SANTA FE                              CRESSEY, CA  95312","","","","29","","","","","","9074 N SANTA FE","CRESSEY","95312","CA"
"651692","PEND WITHDRAWN","47 | 0","","","TRIOLO, TEAL ANDREA                         ,","PO BOX 583                              LOTUS, CA  95651-0583","","","","23","","","","","","PO BOX 583","LOTUS","95651","CA"
"651716","PEND WITHDRAWN","47 | 0","","","AHTRST CONCESSIONS, LLC                         ,","5301 HEADQUARTERS DR                              PLANO, TX  75024","","","","23","","","","","","5301 HEADQUARTERS DR","PLANO","75024","TX"
"651740","PEND WITHDRAWN","21 | 0","","","BRIGHTSITE INC                         ,","500 C ST                              WEST SACRAMENTO, CA  95605","","","","23","","","","","","500 C ST","WEST SACRAMENTO","95605","CA"
"651748","PEND WITHDRAWN","21 | 0","","","LUCKY BHANGU INC                         ,","1841 SWAN FALLS LN                              ROSEVILLE, CA  95661","","","","23","","","","","","1841 SWAN FALLS LN","ROSEVILLE","95661","CA"
"651767","PEND ACTIVE","40 | 0","10/27/2023","09/30/2024","DBA: NORTENO BAR AND GRILL                         NORTENO BAR & GRILL LLC                          7717 COMPTON AVE,                         LOS ANGELES, CA  90001-2611","8780 19TH ST #517, C/O ABL CONSULTING                              ALTA LOMA, CA  91701","40-556813","","SECURITY LAND ESCROW 10805 PARAMOUNT BLVD STE A DOWNEY, CA  90241-3308","4","1900","7717 COMPTON AVE","LOS ANGELES","19","90001","8780 19TH ST #517, C/O ABL CONSULTING","ALTA LOMA","91701","CA"
"651781","PEND WITHDRAWN","47 | 0","","","LEIGHTON & CELESTE INC                         ,","1576 CHIPPEWA ST                              SOUTH LAKE TAHOE, CA  96150","","","","23","","","","","","1576 CHIPPEWA ST","SOUTH LAKE TAHOE","96150","CA"
"651792","PEND WITHDRAWN","47 | 0","","","TRES CALAVERAS LLC                         ,","1663 BALLOU CIR                              FOLSOM, CA  95630-5715","","","","23","","","","","","1663 BALLOU CIR","FOLSOM","95630","CA"
"651802","PEND WITHDRAWN","21 | 0","","","RIVERSIDE PETROLEUM LLC                         ,","21 WHYTE AVE                              ROSEVILLE, CA  95661-5251","","","","23","","","","","","21 WHYTE AVE","ROSEVILLE","95661","CA"
"651811","PEND WITHDRAWN","21 | 0","","","SANTA FE MERCADOS INC                         ,","331 PIERCY RD                              SAN JOSE, CA  95138","","","","29","","","","","","331 PIERCY RD","SAN JOSE","95138","CA"
"651812","PEND ACTIVE","41 | 0","10/30/2023","09/30/2024","DBA: LIANGS VILLAGE                        JAJE FOODS INC                         20530 STEVENS CREEK BLVD,                         CUPERTINO, CA  95014-2130","","","","","25","4303","20530 STEVENS CREEK BLVD","CUPERTINO","43","95014","","","",""
"651846","PEND ACTIVE","20 | 0","10/30/2023","06/30/2024","DBA: 7-ELEVEN STORE 38766A                        7 ELEVEN INC                         6291 ARCHIBALD AVE,                         EASTVALE, CA  92880","PO BOX 139044, ATTEN: LICENSING DEPARTMENT                              DALLAS, TX  75313-9044","20-621563","","7 ELEVEN INC PO BOX 139044 ATTN: LICENSING DEPARTMENT DALLAS, TX  75313-9044","7","3328","6291 ARCHIBALD AVE","EASTVALE","33","92880","PO BOX 139044, ATTEN: LICENSING DEPARTMENT","DALLAS","75313","TX"
"651846","PEND ACTIVE","20 | 0","10/30/2023","06/30/2024","DBA: 7-ELEVEN STORE 38766A                        7 ELEVEN INC                         6291 ARCHIBALD AVE,                         EASTVALE, CA  92880","PO BOX 139044, ATTEN: LICENSING DEPARTMENT                              DALLAS, TX  75313-9044","20-621563","","7 ELEVEN INC PO BOX 139044 ATTN: LICENSING DEPARTMENT DALLAS, TX  75313-9044","7","3328","6291 ARCHIBALD AVE","EASTVALE","33","92880","PO BOX 139044, ATTEN: LICENSING DEPARTMENT","DALLAS","75313","TX"
"651858","PEND WITHDRAWN","47 | 0","","","BELL, KENNETH ROBERT                         ,","PO BOX 1194                              PLACERVILLE, CA  95667","","","","23","","","","","","PO BOX 1194","PLACERVILLE","95667","CA"
"651877","PEND WITHDRAWN","21 | 0","","","SANDHU, GURVIR  SINGH                          ,","1051 LA PALOMA ST                               TURLOCK, CA  95382","","","","29","","","","","","1051 LA PALOMA ST","TURLOCK","95382","CA"
"651898","PEND WITHDRAWN","21 | 0","","","SANGHA, SANDEEP KAUR                         ,","3195 RIVER BANK CT                              ROSEVILLE, CA  95747","","","","23","","","","","","3195 RIVER BANK CT","ROSEVILLE","95747","CA"
"651922","PEND WITHDRAWN","47 | 0","","","HERO RANCH LLC                         ,","14583 BIG BASIN WAY                              SARATOGA, CA  95070","","","","23","","","","","","14583 BIG BASIN WAY","SARATOGA","95070","CA"
"651949","PEND WITHDRAWN","21 | 0","","","SAC AVENUE INVESTMENTS LLC                         ,","3032 LENNON DR                              ROSEVILLE, CA  95661","","","","23","","","","","","3032 LENNON DR","ROSEVILLE","95661","CA"
"651954","PEND WITHDRAWN","47 | 0","","","SELLAND'S EDH INC                         ,","555 UNIVERSITY AVE, STE 100                              SACRAMENTO, CA  95825","","","","23","","","","","","555 UNIVERSITY AVE, STE 100","SACRAMENTO","95825","CA"
"651956","PEND WITHDRAWN","21 | 0","","","SACHDEVA, DHEERAJ                         ,","214 SILVER SPUR CT                              FOLSOM, CA  95630","","","","23","","","","","","214 SILVER SPUR CT","FOLSOM","95630","CA"
"651958","PEND ACTIVE","41 | 0","10/30/2023","09/30/2024","DBA: TASTE OF THAI FUSION LLC                        TASTE OF THAI FUSION LLC                         1136 S MAIN ST,                         SALINAS, CA  93901","791 MONTEREY ST                              SOLEDAD, CA  93960","41-372866","","BUSINESS AND ESCROW SERVICES INC 3031 TISCH WAY STE 310 SAN JOSE, CA  95128","26","2708","1136 S MAIN ST","SALINAS","27","93901","791 MONTEREY ST","SOLEDAD","93960","CA"
"651961","PEND WITHDRAWN","21 | 0","","","GREWAL, AKASHDEEP                          ,","641 BARCELONA CT                              ROSEVILLE, CA  95747-5027","","","","23","","","","","","641 BARCELONA CT","ROSEVILLE","95747","CA"
"652003","PEND WITHDRAWN","21 | 0","","","SINGH, MANDEEP                         ,","6576 E CORNELL AVE                              FRESNO, CA  93727-1432","","","","29","","","","","","6576 E CORNELL AVE","FRESNO","93727","CA"
"652020","PEND WITHDRAWN","21 | 0","","","FULL STOP MARKET #2 INC                         ,","561 5TH ST                              LINCOLN, CA  95648-1847","","","","23","","","","","","561 5TH ST","LINCOLN","95648","CA"
"652024","PEND WITHDRAWN","47 | 0","","","ANDERS, AMELIA                          ,","369 GREEN VALLEY RD                              EL DORADO HILLS, CA  95762","","","","23","","","","","","369 GREEN VALLEY RD","EL DORADO HILLS","95762","CA"
"652034","PEND WITHDRAWN","21 | 0","","","SINGH, SUPREET                         ,","3173 SAHOTA CT                              MANTECA, CA  95348","","","","29","","","","","","3173 SAHOTA CT","MANTECA","95348","CA"
"652039","PEND WITHDRAWN","21 | 0","","","SINGH, JASIKRAT                          ,","PO BOX 1373                              PLANADA, CA  95365","","","","29","","","","","","PO BOX 1373","PLANADA","95365","CA"
"652043","PEND WITHDRAWN","21 | 0","","","DHALIWAL, SIMRAN KAUR                         ,","2198 DEREK WAY                              ATWATER, CA  95301","","","","29","","","","","","2198 DEREK WAY","ATWATER","95301","CA"
"652065","PEND WITHDRAWN","47 | 0","","","CANTINA AZTECA INC                         ,","6400 FAIR OAKS BLVD                              CARMICHAEL, CA  95608-4017","","","","23","","","","","","6400 FAIR OAKS BLVD","CARMICHAEL","95608","CA"
"652130","PEND WITHDRAWN","21 | 0","","","CHAHAL, HARDIP                         ,","132 ALICANTE CT                              ROSEVILLE, CA  95747-8379","","","","29","","","","","","132 ALICANTE CT","ROSEVILLE","95747","CA"
"652136","PEND WITHDRAWN","21 | 0","","","CHEVRON STATIONS INC                         ,","6001 BOLLINGER CANYON RD, D2200                              SAN RAMON, CA  94583","","","","23","","","","","","6001 BOLLINGER CANYON RD, D2200","SAN RAMON","94583","CA"
"652179","PEND WITHDRAWN","21 | 0","","","AU ENERGY LLC                         ,","41805 ALBRAE ST, 2ND FL                              FREMONT, CA  94538-3120","","","","23","","","","","","41805 ALBRAE ST, 2ND FL","FREMONT","94538","CA"
"652189","PEND WITHDRAWN","47 | 0","","","SACHDEVA, DHEERAJ                         ,","214 SILVER SPUR CT                              FOLSOM, CA  95630","","","","23","","","","","","214 SILVER SPUR CT","FOLSOM","95630","CA"
"652244","PEND WITHDRAWN","21 | 0","","","BADWAL, DAVINDER SINGH                         ,","2301 SUNSET BLVD, APT 1415                              ROCKLIN, CA  95765","","","","23","","","","","","2301 SUNSET BLVD, APT 1415","ROCKLIN","95765","CA"
"652247","PEND WITHDRAWN","21 | 0","","","BAJWA, MANROOP                         ,","599 HILLSWICK CIR                              FOLSOM, CA  95630","","","","23","","","","","","599 HILLSWICK CIR","FOLSOM","95630","CA"
"652299","PEND WITHDRAWN","21 | 0","","","NORCAL BOTTLE SHOPS, INC.                         ,","5140 FAWN HOLLOW WAY                              ANTELOPE, CA  95843","","","","23","","","","","","5140 FAWN HOLLOW WAY","ANTELOPE","95843","CA"
"652306","PEND WITHDRAWN","21 | 0","","","WINTON MARKETS INC                         ,","6076 JEFF ST                              ATWATER, CA  95301","","","","29","","","","","","6076 JEFF ST","ATWATER","95301","CA"
"652317","PEND WITHDRAWN","21 | 0","","","COLFAX AUBURN LLC                         ,","421 S AUBURN ST                              COLFAX, CA  95713","","","","23","","","","","","421 S AUBURN ST","COLFAX","95713","CA"
"652340","PEND WITHDRAWN","47 | 0","","","PEARL'S FINE THINGS LLC                         ,","6992 CRYSTAL BLVD                              EL DORADO, CA  95623","","","","23","","","","","","6992 CRYSTAL BLVD","EL DORADO","95623","CA"
"652344","PEND WITHDRAWN","21 | 0","","","DUNNIGAN MARKET INC                         ,","1701 LEE CT                              WOODLAND, CA  95776","","","","23","","","","","","1701 LEE CT","WOODLAND","95776","CA"
"652349","PEND WITHDRAWN","21 | 0","","","TARGET CORPORATION                         ,","PO BOX 9471, TPS-3010                              MINNEAPOLIS, MN  55440-9471","","","","23","","","","","","PO BOX 9471, TPS-3010","MINNEAPOLIS","55440","MN"
"652351","PEND WITHDRAWN","21 | 0","","","SINGH, DILNIWAZ                         ,","2649 GIORNO WAY                              EL DORADO HILLS, CA  95762","","","","23","","","","","","2649 GIORNO WAY","EL DORADO HILLS","95762","CA"
"652383","PEND WITHDRAWN","21 | 0","","","PBJ OIL INC                         ,","8660 AUBURN BLVD                              ROSEVILLE, CA  95661-5246","","","","23","","","","","","8660 AUBURN BLVD","ROSEVILLE","95661","CA"
"652420","PEND WITHDRAWN","47 | 0","","","TEE MINUS 18 LLC                         ,","5289 FLORENTINO LOOP                              EL DORADO HILLS, CA  95762","","","","23","","","","","","5289 FLORENTINO LOOP","EL DORADO HILLS","95762","CA"
"652432","PEND WITHDRAWN","21 | 0","","","AU ENERGY LLC                         ,","41805 ALBRAE ST 2ND FL                              FREMONT, CA  94538-3120","","","","22","","","","","","41805 ALBRAE ST 2ND FL","FREMONT","94538","CA"
"652554","PEND WITHDRAWN","21 | 0","","","BINDRA, RUBAL SINGH                         ,","307 TIMBERLINE WAY                              MADERA, CA  93636","","","","29","","","","","","307 TIMBERLINE WAY","MADERA","93636","CA"
"652567","PEND WITHDRAWN","21 | 0","","","BADWAL, SATNAM SINGH                         ,","903 AUBREE LN                              ROCKLIN, CA  95765","","","","23","","","","","","903 AUBREE LN","ROCKLIN","95765","CA"
"652581","PEND WITHDRAWN","47 | 0","","","MCDERMOTT, MICHAEL JASON                         ,","3800 LEISURE LN                              PLACERVILLE, CA  95667-8420","","","","23","","","","","","3800 LEISURE LN","PLACERVILLE","95667","CA"
"652591","PEND WITHDRAWN","21 | 0","","","CHAUDHARY, MANJU                         ,","8284 GRAND CRU DR                              SACRAMENTO, CA  95829","","","","23","","","","","","8284 GRAND CRU DR","SACRAMENTO","95829","CA"
"652594","PEND WITHDRAWN","47 | 0","","","CAMP RICHARDSON HOSPITALITY LLC                         ,","6720 W 121ST ST, STE 200                              OVERLAND PARK, KS  66209","","","","23","","","","","","6720 W 121ST ST, STE 200","OVERLAND PARK","66209","KS"
"652604","PEND WITHDRAWN","21 | 0","","","KUMAR, KRISHAN                          ,","510 N FAIRFIELD AVE                              SUSANVILLE, CA  96130","","","","23","","","","","","510 N FAIRFIELD AVE","SUSANVILLE","96130","CA"
"652608","PEND WITHDRAWN","47 | 0","","","NEHER ENTERPRISES INC                         ,","PO BOX 489                              SHINGLE SPRINGS, CA  95682","","","","23","","","","","","PO BOX 489","SHINGLE SPRINGS","95682","CA"
"652609","PEND WITHDRAWN","21 | 0","","","ROCO                         ,","2220 LAKE WASHINGTON BLVD, STE 120                              WEST SACRAMENTO, CA  95691-6417","","","","23","","","","","","2220 LAKE WASHINGTON BLVD, STE 120","WEST SACRAMENTO","95691","CA"
"652611","PEND WITHDRAWN","21 | 0","","","KAUR, SATWINDER                         ,","201 BELLINGHAM CT                              LINCOLN, CA  95648","","","","23","","","","","","201 BELLINGHAM CT","LINCOLN","95648","CA"
"652641","PEND WITHDRAWN","21 | 0","","","COSTCO WHOLESALE CORPORATION                         ,","999 LAKE DR                              ISSAQUAH, WA  98027-8990","","","","23","","","","","","999 LAKE DR","ISSAQUAH","98027","WA"
"652651","PEND WITHDRAWN","47 | 0","","","QUARTER CIRCLE IX FARMS LIMITED LIABILITY CO.                         ,","6140 HAWK HAVEN LANE                              SOMERSET, CA  95684","","","","23","","","","","","6140 HAWK HAVEN LANE","SOMERSET","95684","CA"
"652671","PEND WITHDRAWN","47 | 0","","","SHRESTHA, LILA KUMARI                         ,","2924 W CREEK LN                              SANTA ROSA, CA  95407","","","","23","","","","","","2924 W CREEK LN","SANTA ROSA","95407","CA"
"652685","PEND WITHDRAWN","47 | 0","","","STUBBYS LLC                         ,","1020 NORTHSIDE DR, STE A                              COOL, CA  95614","","","","23","","","","","","1020 NORTHSIDE DR, STE A","COOL","95614","CA"
"652692","PEND WITHDRAWN","47 | 0","","","EH EATS INC.                         ,","2023 VINE ST, STE 201                              EL DORADO HILLS, CA  95762-7124","","","","23","","","","","","2023 VINE ST, STE 201","EL DORADO HILLS","95762","CA"
"652697","PEND WITHDRAWN","21 | 0","","","GROCERY OUTLET INC                         ,","5650 HOLLIS ST                              EMERYVILLE, CA  94608-2597","","","","23","","","","","","5650 HOLLIS ST","EMERYVILLE","94608","CA"
"652712","PEND WITHDRAWN","21 | 0","","","DHUGGA, GURJIT SINGH                         ,","2082 MANSFIELD CT                              CHICO, CA  95928","","","","23","","","","","","2082 MANSFIELD CT","CHICO","95928","CA"
"652737","PEND WITHDRAWN","21 | 0","","","7 ELEVEN INC                         ,","PO BOX 139044, ATTN: LICENSING DEPARTMENT                              DALLAS, TX  75313-9044","","","","29","","","","","","PO BOX 139044, ATTN: LICENSING DEPARTMENT","DALLAS","75313","TX"
"652746","PEND WITHDRAWN","21 | 0","","","7 ELEVEN INC                         ,","PO BOX 139044, ATTN: LICENSING DEPARTMENT                              DALLAS, TX  75313-9044","","","","22","","","","","","PO BOX 139044, ATTN: LICENSING DEPARTMENT","DALLAS","75313","TX"
"652752","PEND WITHDRAWN","21 | 0","","","BK GILL, INC.                         ,","1815 TURIN DR                              YUBA CITY, CA  95993","","","","23","","","","","","1815 TURIN DR","YUBA CITY","95993","CA"
"652766","PEND WITHDRAWN","21 | 0","","","7 ELEVEN INC                         ,","PO BOX 139044, ATTN: LICENSING DEPARTMENT                              DALLAS, TX  75313-9044","","","","23","","","","","","PO BOX 139044, ATTN: LICENSING DEPARTMENT","DALLAS","75313","TX"
"652777","PEND WITHDRAWN","47 | 0","","","LIMONADA TAHOE LLC                         ,","1034 EMERALD BAY RD, #149                              SOUTH LAKE TAHOE, CA  96150","","","","23","","","","","","1034 EMERALD BAY RD, #149","SOUTH LAKE TAHOE","96150","CA"
"652785","PEND WITHDRAWN","21 | 0","","","SINGH, BHUPINDER                         ,","3530 CROWLEY CT                              COTTONWOOD, CA  96022","","","","23","","","","","","3530 CROWLEY CT","COTTONWOOD","96022","CA"
"652794","PEND WITHDRAWN","21 | 0","","","SANGHERA, PARAMJIT SINGH                          ,","4481 SUNDARI AVE                              OLIVEHURST, CA  95961","","","","23","","","","","","4481 SUNDARI AVE","OLIVEHURST","95961","CA"
"652828","PEND WITHDRAWN","21 | 0","","","GROCERY OUTLET INC                         ,","5650 HOLLIST ST                              EMERYVILLE, CA  94608-2597","","","","23","","","","","","5650 HOLLIST ST","EMERYVILLE","94608","CA"
"652856","PEND WITHDRAWN","47 | 0","","","HATTC LLC                         ,","5960 S LAND PARK DR, STE 138                              SACRAMENTO, CA  95822","","","","23","","","","","","5960 S LAND PARK DR, STE 138","SACRAMENTO","95822","CA"
"652916","PEND WITHDRAWN","21 | 0","","","GREWAL, RANPREET KAUR                         ,","7137 WALERGA RD, #3                              SACRAMENTO, CA  95842-4620","","","","23","","","","","","7137 WALERGA RD, #3","SACRAMENTO","95842","CA"
"652934","PEND WITHDRAWN","21 | 0","","","SINGH, JOBAN                         ,","7764 HYDE PARK CIR                              ANTELOPE, CA  95843","","","","23","","","","","","7764 HYDE PARK CIR","ANTELOPE","95843","CA"
"652936","PEND WITHDRAWN","21 | 0","","","KAUR, NAVDEEP                         ,","7858 COOK RIOLO RD                              ANTELOPE, CA  95843-3953","","","","23","","","","","","7858 COOK RIOLO RD","ANTELOPE","95843","CA"
"652939","PEND WITHDRAWN","21 | 0","","","SAPRAI, HARJOT                         ,","830 RIO GRANDE DR                              VACAVILLE, CA  95687","","","","22","","","","","","830 RIO GRANDE DR","VACAVILLE","95687","CA"
"652964","PEND WITHDRAWN","21 | 0","","","MUNDY, JORAWER SINGH                         ,","4810 CHILES RD                              DAVIS, CA  95618","","","","23","","","","","","4810 CHILES RD","DAVIS","95618","CA"
"653007","PEND WITHDRAWN","21 | 0","","","KAUR, HARJEET                         ,","7764 HYDE PARK CIR                              ANTELOPE, CA  95843","","","","23","","","","","","7764 HYDE PARK CIR","ANTELOPE","95843","CA"
"653038","PEND WITHDRAWN","47 | 0","","","CHINO PROMENADE III, INC.                         ,","PO BOX 750595                              PETALUMA, CA  94975-0595","","","","23","","","","","","PO BOX 750595","PETALUMA","94975","CA"
"653068","PEND WITHDRAWN","21 | 0","","","GROCERY OUTLET INC                         ,","5650 HOLLIS ST                              EMERYVILLE, CA  94608-2597","","","","29","","","","","","5650 HOLLIS ST","EMERYVILLE","94608","CA"
"653175","PEND WITHDRAWN","21 | 0","","","BJNOOR, INC.                         ,","2130 ASPENGLEN WY                              LIVINGSTON, CA  95334","","","","29","","","","","","2130 ASPENGLEN WY","LIVINGSTON","95334","CA"
"653176","PEND WITHDRAWN","21 | 0","","","DHALIWAL, GURVIND SINGH                         ,","2198 DEREK AVE                              ATWATER, CA  95301","","","","29","","","","","","2198 DEREK AVE","ATWATER","95301","CA"
"653177","PEND WITHDRAWN","21 | 0","","","DHALIWAL, CHAMKAUR SINGH                         ,","2198 DEREK AVE                              ATWATER, CA  95301","","","","29","","","","","","2198 DEREK AVE","ATWATER","95301","CA"
"653178","PEND WITHDRAWN","21 | 0","","","SINGH, GURPREET                          ,","6444 JONAH ST                              ATWATER, CA  95301","","","","29","","","","","","6444 JONAH ST","ATWATER","95301","CA"
"653179","PEND WITHDRAWN","21 | 0","","","SINGH, INDERJEET                         ,","560 PINE CREEK CIR                              FAIRFIELD, CA  94534","","","","29","","","","","","560 PINE CREEK CIR","FAIRFIELD","94534","CA"
"653180","PEND WITHDRAWN","21 | 0","","","SRA, AVTAR SINGH                         ,","2440 BUENA VISTA DR                              MANTECA, CA  95337","","","","29","","","","","","2440 BUENA VISTA DR","MANTECA","95337","CA"
"653181","PEND WITHDRAWN","21 | 0","","","MANN, KIRANDEEP  KAUR                         ,","1804 SUN VALLEY AVE                              LIVINGSTON, CA  95334","","","","29","","","","","","1804 SUN VALLEY AVE","LIVINGSTON","95334","CA"
"653189","PEND WITHDRAWN","21 | 0","","","NISQUALLI STATION INC.                         ,","13601 APPLE VALLEY RD                              APPLE VALLEY, CA  92308-6189","","","","29","","","","","","13601 APPLE VALLEY RD","APPLE VALLEY","92308","CA"
"653918","PEND ACTIVE","20 | 0","10/27/2023","09/30/2024","DBA: M & M GROCERY                        ALSHAIBI, AREF KASSIM MOHAMED                         225 MARIE ST,                         MENDOTA, CA  93640","","20-512822","","","21","1009","225 MARIE ST","MENDOTA","10","93640","","","",""
"654055","PEND ACTIVE","28 | 0","10/30/2023","06/30/2024","DBA: SIPTALE                        3TDN ENTERPRISE LLC                         19014 E RYAN RD,                         QUEEN CREEK, AZ  85142","","","","","75","9999","19014 E RYAN RD","QUEEN CREEK","","85142","","","",""