"License Number","Status Changed From/To","Type| Dup","Original Issue Date","Expir. Date","Primary Owner and Premises Addr.","Mailing Addr.","Transfer-From/To","Conditions","Escrow","District Code","Geo Code","Prem Street","City","County","Zip Code","Mailing Street","Mailing City","Mailing Zip Code","Mailing State"
"17181","CANCEL ACTIVE","51 | 1","01/21/1987","01/31/2024","DBA: UNITED ANCIENT ORDER OF DRUIDS 56                        UNITED ANCIENT ORDER OF DRUIDS                         501 SUMNER ST,                         BAKERSFIELD, CA  93305","4326 GREENWOOD ST                              NEWBURY PARK, CA  91320-5232","","","","6","1501","501 SUMNER ST","BAKERSFIELD","15","93305","4326 GREENWOOD ST","NEWBURY PARK","91320","CA"
"17181","CANCEL ACTIVE","58 | 1","01/21/1987","01/31/2024","DBA: UNITED ANCIENT ORDER OF DRUIDS 56                        UNITED ANCIENT ORDER OF DRUIDS                         501 SUMNER ST,                         BAKERSFIELD, CA  93305","4326 GREENWOOD ST                              NEWBURY PARK, CA  91320-5232","","","","6","1501","501 SUMNER ST","BAKERSFIELD","15","93305","4326 GREENWOOD ST","NEWBURY PARK","91320","CA"
"214928","ACTIVE CANCEL","20 | 0","07/01/1988","06/30/2024","DBA: 7 ELEVEN 2233 16346                        7 ELEVEN INC                         602 LAUREL ST,                         SANTA CRUZ, CA  95060","PO BOX 139044, ATTN: LICENSING DEPARTMENT                              DALLAS, TX  75313-9044","","","","26","4402","602 LAUREL ST","SANTA CRUZ","44","95060","PO BOX 139044, ATTN: LICENSING DEPARTMENT","DALLAS","75313","TX"
"277035","ACTIVE CANCEL","41 | 0","11/30/1992","05/31/2024","MA, PHUONG HOANG                         4170 CONVOY ST,                         SAN DIEGO, CA  92111","","","7","","10","3710","4170 CONVOY ST","SAN DIEGO","37","92111","","","",""
"283687","ACTIVE CANCEL","41 | 0","08/30/1993","07/31/2024","DBA: SEAFOOD WORLD RESTAURANT                        SEAFOOD WORLD CORPORATION                         15351 BROOKHURST ST, STE 101-107,                         WESTMINSTER, CA  92683","","","7","","11","3021","15351 BROOKHURST ST, STE 101-107","WESTMINSTER","30","92683","","","",""
"345545","REVPEN ACTIVE","47 | 1","09/14/2010","08/31/2024","DBA: NEIGHBOR                        WEST INDIES TRADING CO INC                         1031 ABBOT KINNEY BLVD,                         VENICE, CA  90291-3386","","","7","","3","1933","1031 ABBOT KINNEY BLVD","VENICE","19","90291","","","",""
"345545","REVPEN ACTIVE","47 | 1","09/14/2010","08/31/2024","DBA: NEIGHBOR                        WEST INDIES TRADING CO INC                         1031 ABBOT KINNEY BLVD,                         VENICE, CA  90291-3386","","","7","","3","1933","1031 ABBOT KINNEY BLVD","VENICE","19","90291","","","",""
"345545","REVPEN ACTIVE","58 | 1","09/14/2010","08/31/2024","DBA: NEIGHBOR                        WEST INDIES TRADING CO INC                         1031 ABBOT KINNEY BLVD,                         VENICE, CA  90291-3386","","","7","","3","1933","1031 ABBOT KINNEY BLVD","VENICE","19","90291","","","",""
"345545","REVPEN ACTIVE","58 | 1","09/14/2010","08/31/2024","DBA: NEIGHBOR                        WEST INDIES TRADING CO INC                         1031 ABBOT KINNEY BLVD,                         VENICE, CA  90291-3386","","","7","","3","1933","1031 ABBOT KINNEY BLVD","VENICE","19","90291","","","",""
"436791","ACTIVE CANCEL","20 | 0","02/28/2006","03/31/2024","DBA: VALLEY GAS FOOD MART                        FATIMA, NAZIR                         600 E ELM AVE,                         COALINGA, CA  93210-1515","","20-349391/ 20-653935","","","21","1002","600 E ELM AVE","COALINGA","10","93210","","","",""
"448073","SUSPEN ACTIVE","41 | 0","01/22/2007","08/31/2024","DBA: INDIGO MOON                        SOMERS, JAMES BUTLER                         1980 MAIN ST,                         CAMBRIA, CA  93428-3012","","41-402585","7","","13","4000","1980 MAIN ST","CAMBRIA","40","93428","","","",""
"457323","ACTIVE CANCEL","21 | 0","10/22/2007","08/31/2024","DBA: TOMS LIQUORS                        AAMJ INCORPORATED                         634 E LAUREL DR,                         SALINAS, CA  93906","","21-341566/ 21-653464","8","","26","2708","634 E LAUREL DR","SALINAS","27","93906","","","",""
"519392","SUREND CANCEL","47 | 0","03/30/2012","02/29/2024","DBA: WOKCANO RESTAURANT                        FAIR OAKS 88, INC.                         33 S FAIR OAKS AVE,                         PASADENA, CA  91105-1905","1447 NAUD ST                              LOS ANGELES, CA  90012-1948","47-409527/ 47-638477","","","2","1943","33 S FAIR OAKS AVE","PASADENA","19","91105","1447 NAUD ST","LOS ANGELES","90012","CA"
"521320","ACTIVE CANCEL","48 | 0","07/17/2012","06/30/2024","DBA: BLUE LOUNGE THE                        FRIEDMAN, FREDRICK STANLEY                         529 SEABRIGHT AVE,                         SANTA CRUZ, CA  95062-3451","902 ESCALONA DR                              SANTA CRUZ, CA  95060","48-473502/ 48-653842","7","BUSINESS & ESCROW SERVICE CENTER INC 3031 TISCH WAY STE 310 SAN JOSE, CA  95128","26","4402","529 SEABRIGHT AVE","SANTA CRUZ","44","95062","902 ESCALONA DR","SANTA CRUZ","95060","CA"
"522275","ACTIVE CANCEL","47 | 0","09/13/2012","08/31/2024","DBA: STOCKING FRAME THE                        B-SIDE GROUP LLC                         911 S HILL ST, UNIT A,                         LOS ANGELES, CA  90015-1611","1130 S FLOWER ST, STE 110                              LOS ANGELES, CA  90015","47-401629/ 47-650616","7","BUSINESS TITLE ESCROW 25152 SPRINGFIELD CT #285 VALENCIA, CA  91355","4","1933","911 S HILL ST, UNIT A","LOS ANGELES","19","90015","1130 S FLOWER ST, STE 110","LOS ANGELES","90015","CA"
"537014","ACTIVE CANCEL","47 | 0","03/27/2017","06/30/2024","DBA: GIULIA                        PHILO GROUP LLC                         655 S HOPE ST, UNIT 101,                         LOS ANGELES, CA  90017-3237","655 HOPE ST, STE 101                              LOS ANGELES, CA  90016","48-475127/ 47-647927","2,7","ABC ESCROW  12304 SANTA MONICA BLVD STE 100 LOS ANGELES, CA  90025-2586","4","1933","655 S HOPE ST, UNIT 101","LOS ANGELES","19","90017","655 HOPE ST, STE 101","LOS ANGELES","90016","CA"
"537014","ACTIVE CANCEL","47 | 0","03/27/2017","06/30/2024","DBA: GIULIA                        PHILO GROUP LLC                         655 S HOPE ST, UNIT 101,                         LOS ANGELES, CA  90017-3237","655 HOPE ST, STE 101                              LOS ANGELES, CA  90016","48-475127/ 47-647927","2,7","ABC ESCROW  12304 SANTA MONICA BLVD STE 100 LOS ANGELES, CA  90025-2586","4","1933","655 S HOPE ST, UNIT 101","LOS ANGELES","19","90017","655 HOPE ST, STE 101","LOS ANGELES","90016","CA"
"547869","REVPEN CANCEL","41 | 0","09/22/2014","08/31/2023","DBA: WINGSTOP                        B&S VENTURES INC                         24231 CRENSHAW BLVD, STE C,                         TORRANCE, CA  90505-5344","","","","","3","1958","24231 CRENSHAW BLVD, STE C","TORRANCE","19","90505","","","",""
"550695","REVPEN ACTIVE","47 | 1","09/27/2016","08/31/2024","DBA: BAY BAR AND GRILL                        MAXXDOGG, INC                         209 ESPLANADE,                         CAPITOLA, CA  95010","PO BOX 686                              CAPITOLA, CA  95010","47-524773","7","","26","4401","209 ESPLANADE","CAPITOLA","44","95010","PO BOX 686","CAPITOLA","95010","CA"
"550695","REVPEN ACTIVE","47 | 1","09/27/2016","08/31/2024","DBA: BAY BAR AND GRILL                        MAXXDOGG, INC                         209 ESPLANADE,                         CAPITOLA, CA  95010","PO BOX 686                              CAPITOLA, CA  95010","47-524773","7","","26","4401","209 ESPLANADE","CAPITOLA","44","95010","PO BOX 686","CAPITOLA","95010","CA"
"550695","REVPEN ACTIVE","58 | 1","09/27/2016","08/31/2024","DBA: BAY BAR AND GRILL                        MAXXDOGG, INC                         209 ESPLANADE,                         CAPITOLA, CA  95010","PO BOX 686                              CAPITOLA, CA  95010","47-524773","7","","26","4401","209 ESPLANADE","CAPITOLA","44","95010","PO BOX 686","CAPITOLA","95010","CA"
"550695","REVPEN ACTIVE","58 | 1","09/27/2016","08/31/2024","DBA: BAY BAR AND GRILL                        MAXXDOGG, INC                         209 ESPLANADE,                         CAPITOLA, CA  95010","PO BOX 686                              CAPITOLA, CA  95010","47-524773","7","","26","4401","209 ESPLANADE","CAPITOLA","44","95010","PO BOX 686","CAPITOLA","95010","CA"
"555004","PEND ACTIVE","02 | 0","12/12/2023","06/30/2024","DBA: POCOCK BREWING COMPANY                        POCOCK BREWING COMPANY, LLC                         24907 AVENUE TIBBITTS, STES A, B, C,                         SANTA CLARITA, CA  91355-3487","24907 AVENUE TIBBITTS, STE B                              SANTA CLARITA, CA  91355-3487","","","","5","1985","24907 AVENUE TIBBITTS, STES A, B, C","SANTA CLARITA","19","91355","24907 AVENUE TIBBITTS, STE B","SANTA CLARITA","91355","CA"
"559285","ACTIVE CANCEL","41 | 0","10/12/2015","08/31/2024","DBA: OMEGA SUSHI                        OMEGA WORLD                         5830 E LOS ANGELES AVE,                         SIMI VALLEY, CA  93063-4200","","41-501320/ 41-653446","","","12","5609","5830 E LOS ANGELES AVE","SIMI VALLEY","56","93063","","","",""
"561260","AUTREV ACTIVE","41 | 0","05/26/2016","04/30/2024","DBA: VALLARTA TACO BAR                        FRANCISCO'S MEXICAN FOOD, LLC                         3033 24TH ST,                         SAN FRANCISCO, CA  94110-4131","3033 24TH ST                              SAN FRANCISCO, CA  94110-4131","","7","","24","3800","3033 24TH ST","SAN FRANCISCO","38","94110","3033 24TH ST","SAN FRANCISCO","94110","CA"
"561260","AUTREV ACTIVE","41 | 0","05/26/2016","04/30/2024","DBA: VALLARTA TACO BAR                        FRANCISCO'S MEXICAN FOOD, LLC                         3033 24TH ST,                         SAN FRANCISCO, CA  94110-4131","3033 24TH ST                              SAN FRANCISCO, CA  94110-4131","","7","","24","3800","3033 24TH ST","SAN FRANCISCO","38","94110","3033 24TH ST","SAN FRANCISCO","94110","CA"
"561750","ACTIVE CANCEL","02 | 0","03/23/2016","06/30/2024","DBA: WINC                        BWSC, LLC                         1160 HOPPER AVE,                         SANTA ROSA, CA  95403-1651","26203 WAGON DR                              SAN JUAN CAPISTRANO, CA  92675","","","","27","4904","1160 HOPPER AVE","SANTA ROSA","49","95403","26203 WAGON DR","SAN JUAN CAPISTRANO","92675","CA"
"587698","AUTREV ACTIVE","02 | 0","01/24/2018","06/30/2024","DBA: PARVANEH VINEYARDS                        MIDCITY INVESTMENTS LLC                         3230 RIVERSIDE AVE, STE 190,                         PASO ROBLES, CA  93446-6000","26816 WYATT LN                              STEVENSON RANCH, CA  91381-1002","","","","13","4002","3230 RIVERSIDE AVE, STE 190","PASO ROBLES","40","93446","26816 WYATT LN","STEVENSON RANCH","91381","CA"
"587698","AUTREV ACTIVE","02 | 0","01/24/2018","06/30/2024","DBA: PARVANEH VINEYARDS                        MIDCITY INVESTMENTS LLC                         3230 RIVERSIDE AVE, STE 190,                         PASO ROBLES, CA  93446-6000","26816 WYATT LN                              STEVENSON RANCH, CA  91381-1002","","","","13","4002","3230 RIVERSIDE AVE, STE 190","PASO ROBLES","40","93446","26816 WYATT LN","STEVENSON RANCH","91381","CA"
"596468","ACTIVE CANCEL","18 | 1","06/06/2019","05/31/2024","DBA: GUSTO ITALIANO                        COPPOLA, VINCENZO                          1700 MYRTLE ST,                         CALISTOGA, CA  94515-1532","","","7","","27","2801","1700 MYRTLE ST","CALISTOGA","28","94515","","","",""
"596468","ACTIVE CANCEL","12 | 1","06/06/2019","05/31/2024","DBA: GUSTO ITALIANO                        COPPOLA, VINCENZO                          1700 MYRTLE ST,                         CALISTOGA, CA  94515-1532","","","7","","27","2801","1700 MYRTLE ST","CALISTOGA","28","94515","","","",""
"600083","REVPEN ACTIVE","41 | 0","11/28/2018","10/31/2024","DBA: BRAVO HOUSE OF ENCHILADAS                        OROZCO, PEDRO DAVID                         1075 TULLY RD, STE 30,                         SAN JOSE, CA  95122-4200","","","","","25","4313","1075 TULLY RD, STE 30","SAN JOSE","43","95122","","","",""
"606548","ACTIVE CANCEL","41 | 0","09/10/2019","08/31/2024","PUMARIN THAI INC.                          28368 S WESTERN AVE,                         RANCHO PALOS VERDES, CA  90275-1434","","","7","","3","1978","28368 S WESTERN AVE","RANCHO PALOS VERDES","19","90275","","","",""
"607005","ACTIVE CANCEL","41 | 0","08/01/2019","07/31/2024","DBA: HISUI SUSHI                        HISUI SUSHI, INC.                         25004 BLUE RAVINE RD, STE 107,                         FOLSOM, CA  95630-5283","25004 BLUE RAVINE RD, STE 107                              FOLSOM, CA  95630-5283","","","","23","3401","25004 BLUE RAVINE RD, STE 107","FOLSOM","34","95630","25004 BLUE RAVINE RD, STE 107","FOLSOM","95630","CA"
"609875","PEND ACTIVE","20 | 0","12/11/2023","11/30/2024","DBA: AMPM                        OEM PETROLEUM, LLC                         2910 W EIGHT MILE RD,                         STOCKTON, CA  95209","2190 MERIDIAN PARK BLVD, STE G                              CONCORD, CA  94520-5715","","","","29","3905","2910 W EIGHT MILE RD","STOCKTON","39","95209","2190 MERIDIAN PARK BLVD, STE G","CONCORD","94520","CA"
"614294","ACTIVE CANCEL","41 | 0","02/26/2020","01/31/2024","DBA: NEW YORK PIZZA AND GRILL                        NEW YORK PIZZA AND DELI LLC                         1401 W EL MONTE WAY, STE 106,                         DINUBA, CA  93618-9165","","","","","21","5401","1401 W EL MONTE WAY, STE 106","DINUBA","54","93618","","","",""
"618476","ACTIVE CANCEL","18 | 0","09/24/2020","08/31/2024","DBA: STOKE DISTILLING COMPANY                        87 SPIRITS INC                         2170 S EL CAMINO REAL, STE 220,                         OCEANSIDE, CA  92054-6203","603 SEAGAZE DR, #919                              OCEANSIDE, CA  92054-3005","18-607326/ 18-653240","","","9","3709","2170 S EL CAMINO REAL, STE 220","OCEANSIDE","37","92054","603 SEAGAZE DR, #919","OCEANSIDE","92054","CA"
"620490","ACTIVE SUREND","47 | 2","09/24/2021","08/31/2024","DBA: XACTION SPORTS GEAR INC                        XACTION SPORTS GEAR, INC                         126 E MARKET ST,                         STOCKTON, CA  95202","5209 MARBURN AVE                               LOS ANGELES, CA  90043","","5","","29","3905","126 E MARKET ST","STOCKTON","39","95202","5209 MARBURN AVE","LOS ANGELES","90043","CA"
"620490","ACTIVE SUREND","58 | 2","09/24/2021","08/31/2024","DBA: XACTION SPORTS GEAR INC                        XACTION SPORTS GEAR, INC                         126 E MARKET ST,                         STOCKTON, CA  95202","5209 MARBURN AVE                               LOS ANGELES, CA  90043","","5","","29","3905","126 E MARKET ST","STOCKTON","39","95202","5209 MARBURN AVE","LOS ANGELES","90043","CA"
"620490","ACTIVE SUREND","77 | 2","09/24/2021","08/31/2024","DBA: XACTION SPORTS GEAR INC                        XACTION SPORTS GEAR, INC                         126 E MARKET ST,                         STOCKTON, CA  95202","5209 MARBURN AVE                               LOS ANGELES, CA  90043","","5","","29","3905","126 E MARKET ST","STOCKTON","39","95202","5209 MARBURN AVE","LOS ANGELES","90043","CA"
"622034","ACTIVE CANCEL","20 | 0","02/24/2021","01/31/2024","DBA: CALIMEX MARKET 2                        SALEH, AMAL KHALID                         245 CHESTER AVE,                         BAKERSFIELD, CA  93301-5411","","20-607345/ 20-649130","7","TICOR TITLE COMPANY 10000 STOCKDALE HWY STE 101 BAKERSFIELD, CA  93311","6","1501","245 CHESTER AVE","BAKERSFIELD","15","93301","","","",""
"625003","ACTIVE CANCEL","41 | 0","07/26/2021","06/30/2024","DBA: SMOKE AND FIRE SOCIAL EATERY PARAMOUNT                        SMOKE AND FIRE SOCIAL EATERY LLC                         8009 ALONDRA BLVD, STE A,                         PARAMOUNT, CA  90723","11731 GRAYSTONE AVE                              NORWALK, CA  90650-7805","41-591663/ 41-648957","7","SAPPHIRE ESCROW 17100 PIONEER BLVD STE 110 ARTESIA, CA  90701","3","1942","8009 ALONDRA BLVD, STE A","PARAMOUNT","19","90723","11731 GRAYSTONE AVE","NORWALK","90650","CA"
"625677","REVPEN ACTIVE","41 | 0","09/23/2021","08/31/2024","DBA: MR.MOTO PIZZA                        MISSION MOTO CORP                         5618 MISSION CENTER RD, STE 1001,                         SAN DIEGO, CA  92108-5301","879 W HARBOR DR, STE C                              SAN DIEGO, CA  92101","","7","","10","3710","5618 MISSION CENTER RD, STE 1001","SAN DIEGO","37","92108","879 W HARBOR DR, STE C","SAN DIEGO","92101","CA"
"625677","REVPEN ACTIVE","41 | 0","09/23/2021","08/31/2024","DBA: MR.MOTO PIZZA                        MISSION MOTO CORP                         5618 MISSION CENTER RD, STE 1001,                         SAN DIEGO, CA  92108-5301","879 W HARBOR DR, STE C                              SAN DIEGO, CA  92101","","7","","10","3710","5618 MISSION CENTER RD, STE 1001","SAN DIEGO","37","92108","879 W HARBOR DR, STE C","SAN DIEGO","92101","CA"
"626675","ACTIVE CANCEL","41 | 0","07/26/2021","06/30/2024","DBA: LOVE LETTER                        NARI FOOD INC                         3277 GRAND AVE, STE H,                         CHINO HILLS, CA  91709-1490","","41-597727/ 41-651372","7","ACE ESCROW INC 1725 S NOGALES ST STE 104 ROWLAND HEIGHTS, CA  91748","7","3623","3277 GRAND AVE, STE H","CHINO HILLS","36","91709","","","",""
"630409","PEND ACTIVE","70 | 0","12/11/2023","11/30/2024","DBA: VAGABOND INN                        VISTA INVESTMENTS MGMT CO                         120 W COLORADO ST,                         GLENDALE, CA  91204-1304","2225 CAMPUS DR                              EL SEGUNDO, CA  90245-0001","","","","5","1921","120 W COLORADO ST","GLENDALE","19","91204","2225 CAMPUS DR","EL SEGUNDO","90245","CA"
"630436","ACTIVE CANCEL","41 | 0","11/29/2021","10/31/2024","DBA: SUNNY SIDE CAFE                        JJBTSJCK LLC                         1511 SHATTUCK AVE, #F,                         BERKELEY, CA  94709-1579","","","7","","22","0103","1511 SHATTUCK AVE, #F","BERKELEY","01","94709","","","",""
"631180","REVPEN ACTIVE","47 | 0","09/20/2022","08/31/2024","DBA: BOTANICA                        BELLO PROJECTS LLC                         3139 UNIVERSITY AVE,                         SAN DIEGO, CA  92104-2902","928 FORT STOCKTON, STE 207                              SAN DIEGO, CA  92110","","5,7","","10","3710","3139 UNIVERSITY AVE","SAN DIEGO","37","92104","928 FORT STOCKTON, STE 207","SAN DIEGO","92110","CA"
"633517","ACTIVE CANCEL","41 | 0","01/26/2022","12/31/2023","DBA: SISTERS KOREAN KITCHEN                        SISTERS KOREAN KITCHEN, INC.                         19143 BLOOMFIELD AVE,                         CERRITOS, CA  90703-7104","","41-576753","7","","3","1915","19143 BLOOMFIELD AVE","CERRITOS","19","90703","","","",""
"634576","REVPEN ACTIVE","41 | 0","09/12/2022","08/31/2024","4TH STREET GARAGE                         41925 4TH ST,                         TEMECULA, CA  92590-2706","","","","","7","3322","41925 4TH ST","TEMECULA","33","92590","","","",""
"634576","REVPEN ACTIVE","41 | 0","09/12/2022","08/31/2024","4TH STREET GARAGE                         41925 4TH ST,                         TEMECULA, CA  92590-2706","","","","","7","3322","41925 4TH ST","TEMECULA","33","92590","","","",""
"635598","ACTIVE CANCEL","02 | 0","03/10/2023","06/30/2024","DBA: LA FATA CELLARS                        VISION IN THE VINEYARDS                         27495 DIAZ RD,                         TEMECULA, CA  92590-3414","PO BOX 645                              SOLVANG, CA  93464-0645","","","","7","3322","27495 DIAZ RD","TEMECULA","33","92590","PO BOX 645","SOLVANG","93464","CA"
"636252","ACTIVE CANCEL","42 | 0","10/10/2022","09/30/2023","DBA: SENOR FROG'S SPORTS BAR                        SENOR FROG SPORTS BAR                         2814 & 2816 NILES ST,                         BAKERSFIELD, CA  93306","","","7","","6","1500","2814 & 2816 NILES ST","BAKERSFIELD","15","93306","","","",""
"638477","PEND ACTIVE","47 | 0","12/11/2023","11/30/2024","DBA: MILLS ALLEY                         33 FAIR OAKS INC                         33 S FAIR OAKS AVE,                         PASADENA, CA  91105-1905","9669 NORBROOK DR                               RANCHO CUCAMONGA, CA  91737-1698","47-519392","","METRO ESCROW INC 3600 WILSHIRE BLVD STE 326 LOS ANGELES, CA  90010","2","1943","33 S FAIR OAKS AVE","PASADENA","19","91105","9669 NORBROOK DR","RANCHO CUCAMONGA","91737","CA"
"639567","PEND ACTIVE","41 | 0","12/11/2023","11/30/2024","DBA: MENDOCINO FARMS SANDWICH MARKET                        MENDOCINO FARMS LLC                         23391 MULLHOLLAND DR , STE A-B,                         WOODLAND HILLS, CA  91364-2734","2004 E PARK PL, STE H                              EL SEGUNDO, CA  90245-6100","","","","5","1933","23391 MULLHOLLAND DR , STE A-B","WOODLAND HILLS","19","91364","2004 E PARK PL, STE H","EL SEGUNDO","90245","CA"
"642860","PEND ACTIVE","47 | 0","12/11/2023","11/30/2024","FOC HOSPITALITY, LLC                         148 S LA BREA AVE ,                         LOS ANGELES, CA  90036-2910","8023 BEVERLY BLVD #1582                              LOS ANGELES, CA  90048","","5,7","","4","1933","148 S LA BREA AVE","LOS ANGELES","19","90036","8023 BEVERLY BLVD #1582","LOS ANGELES","90048","CA"
"643709","PEND ACTIVE","21 | 0","12/12/2023","11/30/2024","DBA: TOTAL WINE & MORE                        CALIFORNIA FINE WINE & SPIRITS LLC                         71 TAMAL VISTA BLVD,                         CORTE MADERA, CA  94925-1145","6600 ROCKLEDGE DR, STE 150                              BETHESDA, MD  20817-1806","21-477863","","CALIFORNIA BUSINESS ESCROW 1748 MAIN ST ESCALON, CA  95320-1927","27","2102","71 TAMAL VISTA BLVD","CORTE MADERA","21","94925","6600 ROCKLEDGE DR, STE 150","BETHESDA","20817","MD"
"643709","PEND ACTIVE","42 | 0","12/12/2023","11/30/2024","DBA: TOTAL WINE & MORE                        CALIFORNIA FINE WINE & SPIRITS LLC                         71 TAMAL VISTA BLVD,                         CORTE MADERA, CA  94925-1145","6600 ROCKLEDGE DR, STE 150                              BETHESDA, MD  20817-1806","","","CALIFORNIA BUSINESS ESCROW 1748 MAIN ST ESCALON, CA  95320-1927","27","2102","71 TAMAL VISTA BLVD","CORTE MADERA","21","94925","6600 ROCKLEDGE DR, STE 150","BETHESDA","20817","MD"
"643709","PEND ACTIVE","86 | 0","12/12/2023","11/30/2024","DBA: TOTAL WINE & MORE                        CALIFORNIA FINE WINE & SPIRITS LLC                         71 TAMAL VISTA BLVD,                         CORTE MADERA, CA  94925-1145","6600 ROCKLEDGE DR, STE 150                              BETHESDA, MD  20817-1806","","","CALIFORNIA BUSINESS ESCROW 1748 MAIN ST ESCALON, CA  95320-1927","27","2102","71 TAMAL VISTA BLVD","CORTE MADERA","21","94925","6600 ROCKLEDGE DR, STE 150","BETHESDA","20817","MD"
"644497","PEND WITHDRAWN","21 | 0","","","DBA: CIRCLE 7 LIQUOR AND MART                        SONI, SAMRIDHI                         5207 MADISON AVE, STE D,                         SACRAMENTO, CA  95841","1673 BARONESS WAY                              ROSEVILLE, CA  95747","454350","7","CAPITAL TRUST ESCROW 280 BEVERLY DR STE 300 BEVERLY HILLS, CA  90212","23","3400","5207 MADISON AVE, STE D","SACRAMENTO","34","95841","1673 BARONESS WAY","ROSEVILLE","95747","CA"
"645092","ACTIVE CANCEL","20 | 0","05/18/2023","04/30/2024","DBA: SNG #110                        SHOP N GO INC                         2806 FLORAL AVE,                         SELMA, CA  93662-2605","405 N PALM AVE                              FRESNO, CA  93701-1440","20-590380/ 20-653579","7","","21","1015","2806 FLORAL AVE","SELMA","10","93662","405 N PALM AVE","FRESNO","93701","CA"
"645627","PEND ACTIVE","09 | 1","12/12/2023","11/30/2024","DBA: CHATEAU DU MARTRET                        CHATEAU DU MARTRET LLC                         8439 LOS SERRANOS WAY,                         CITRUS HEIGHTS, CA  95610-3334","8439 LOS SERRANOS WAY                              CITRUS HEIGHTS, CA  95610-3334","","7","","23","3406","8439 LOS SERRANOS WAY","CITRUS HEIGHTS","34","95610","8439 LOS SERRANOS WAY","CITRUS HEIGHTS","95610","CA"
"645627","PEND ACTIVE","17 | 1","12/12/2023","11/30/2024","DBA: CHATEAU DU MARTRET                        CHATEAU DU MARTRET LLC                         8439 LOS SERRANOS WAY,                         CITRUS HEIGHTS, CA  95610-3334","8439 LOS SERRANOS WAY                              CITRUS HEIGHTS, CA  95610-3334","","7","","23","3406","8439 LOS SERRANOS WAY","CITRUS HEIGHTS","34","95610","8439 LOS SERRANOS WAY","CITRUS HEIGHTS","95610","CA"
"645627","PEND WITHDRAWN","20 | 0","","","DBA: CHATEAU DU MARTRET                        CHATEAU DU MARTRET LLC                         8439 LOS SERRANOS WAY,                         CITRUS HEIGHTS, CA  95610-3334","8439 LOS SERRANOS WAY                              CITRUS HEIGHTS, CA  95610-3334","","","","23","3406","8439 LOS SERRANOS WAY","CITRUS HEIGHTS","34","95610","8439 LOS SERRANOS WAY","CITRUS HEIGHTS","95610","CA"
"647223","PEND ACTIVE","17 | 0","12/12/2023","11/30/2024","ZINKE FARMS, INC.                         19424 ROAD 13, BLDG B,                         CHOWCHILLA, CA  93610-9035","PO BOX 550                              CHOWCHILLA, CA  93610-0550","","7","","21","2000","19424 ROAD 13, BLDG B","CHOWCHILLA","20","93610","PO BOX 550","CHOWCHILLA","93610","CA"
"647223","PEND ACTIVE","20 | 0","12/12/2023","11/30/2024","ZINKE FARMS, INC.                         19424 ROAD 13, BLDG B,                         CHOWCHILLA, CA  93610-9035","PO BOX 550                              CHOWCHILLA, CA  93610-0550","","7,I","","21","2000","19424 ROAD 13, BLDG B","CHOWCHILLA","20","93610","PO BOX 550","CHOWCHILLA","93610","CA"
"647508","PEND ACTIVE","41 | 0","12/12/2023","11/30/2024","DBA: TACOS DE BIRRIA ESTILO GUADALAJARA                         TACOS DE BIRRIA ESTILO GUADALAJARA LLC                          22912 PACIFIC PARK DR, UNIT B,                         ALISO VIEJO, CA  92656-5328","22912 PACIFIC PARK DR, UNIT B                              ALISO VIEJO, CA  92656-5328","41-624460","","CALIFORNIA BUSINESS ESCROW INC 1748 MAIN ST ESCALON, CA  95320-1927","11","3034","22912 PACIFIC PARK DR, UNIT B","ALISO VIEJO","30","92656","22912 PACIFIC PARK DR, UNIT B","ALISO VIEJO","92656","CA"
"647767","PEND ACTIVE","41 | 0","12/12/2023","11/30/2024","DBA: KOREATOWN PIZZA COMPANY                        KPC BP, INC.                         5236 BEACH BLVD,                         BUENA PARK, CA  90621-1230","","","","","11","3003","5236 BEACH BLVD","BUENA PARK","30","90621","","","",""
"647927","PEND ACTIVE","47 | 0","12/11/2023","06/30/2024","DBA: LUSTIG                        LUSTIG, LLC                         3273 HELMS AVE,                         CULVER CITY, CA  90232","","47-537014","7","CALIFORNIA BUSINESS ESCROW INC 1748 MAIN ST ESCALON, CA  95320-1927","4","1914","3273 HELMS AVE","CULVER CITY","19","90232","","","",""
"648000","PEND ACTIVE","41 | 0","12/11/2023","11/30/2024","DBA: BLUESTONE LANE                        BL 223 AVENIDA DEL MAR CA LLC                         223 AVENIDA DEL MAR, STE A,                         SAN CLEMENTE, CA  92672-4012","","","","","11","3016","223 AVENIDA DEL MAR, STE A","SAN CLEMENTE","30","92672","","","",""
"648090","PEND ACTIVE","41 | 0","12/12/2023","11/30/2024","DBA: STAND, THE                        STAND LLC THE                         7511 CARSON BLVD,                         LONG BEACH, CA  90808-2365","17000 VENTURA BLVD, STE 204                              ENCINO, CA  91316-4167","","7","","3","1932","7511 CARSON BLVD","LONG BEACH","19","90808","17000 VENTURA BLVD, STE 204","ENCINO","91316","CA"
"648181","PEND ACTIVE","41 | 0","12/11/2023","11/30/2024","DBA: ORIGAMI HANDROLL BAR                        ORIGAMI LLC                         1080 E IMPERIAL HWY, STE E2,                         BREA, CA  92821-5626","","","","","11","3002","1080 E IMPERIAL HWY, STE E2","BREA","30","92821","","","",""
"648677","PEND ACTIVE","58 | 1","12/12/2023","11/30/2024","PATE 4 ME, INC.                         811 15TH STREET,                         MODESTO, CA  95354","1500 SCENIC DR, #2                              MODESTO, CA  95355","","7","","29","5002","811 15TH STREET","MODESTO","50","95354","1500 SCENIC DR, #2","MODESTO","95355","CA"
"648677","PEND ACTIVE","42 | 1","12/12/2023","11/30/2024","PATE 4 ME, INC.                         811 15TH STREET,                         MODESTO, CA  95354","1500 SCENIC DR, #2                              MODESTO, CA  95355","","7","","29","5002","811 15TH STREET","MODESTO","50","95354","1500 SCENIC DR, #2","MODESTO","95355","CA"
"648957","PEND ACTIVE","41 | 0","12/11/2023","11/30/2024","DBA: SMOKE & FIRE SOCIAL EATERY                        RL PROFIT CONSULTING LLC                         8009 ALONDRA BLVD, STE A,                         PARAMOUNT, CA  90723","","41-625003","7","CHICAGO TITLE COMPANY 920 GLENNEYRE ST STE N LAGUNA BEACH, CA  92651","3","1942","8009 ALONDRA BLVD, STE A","PARAMOUNT","19","90723","","","",""
"649130","PEND ACTIVE","20 | 0","12/11/2023","11/30/2024","DBA: CALIMEX MARKET #2                        AL-THABYANI INC                         245 CHESTER AVE,                         BAKERSFIELD, CA  93301-5411","","20-622034","7","","6","1501","245 CHESTER AVE","BAKERSFIELD","15","93301","","","",""
"649295","PEND ACTIVE","41 | 0","12/12/2023","11/30/2024","DBA: EL NUEVO MEXICALI 3                        LOZA, DANNY                         35258 HIGHWAY 190,                         SPRINGVILLE, CA  93265","686 S OAKVIEW ST                              PORTERVILLE, CA  93257","41-574261","7","","21","5400","35258 HIGHWAY 190","SPRINGVILLE","54","93265","686 S OAKVIEW ST","PORTERVILLE","93257","CA"
"649301","PEND ACTIVE","47 | 0","12/12/2023","11/30/2024","DBA: EL PUESTO COCINA AND LOUNGE                        EL PUESTO DELANO, LLC                          2240 GIRARD ST, STE B,                         DELANO, CA  93215-3808","2240 GIRARD ST, STE B                              DELANO, CA  93215-3808","47-610885","7","FIRST AMERICAN TITLE COMPANY 1001 W TEHACHAPI BLVD STE B-300 TEHACHAPI, CA  93561","6","1502","2240 GIRARD ST, STE B","DELANO","15","93215","2240 GIRARD ST, STE B","DELANO","93215","CA"
"649416","PEND ACTIVE","02 | 0","12/11/2023","06/30/2024","DBA: LA FATA CELLARS                        VISION IN THE VINEYARDS                         281 PAMELA WAY , STE 104-107,                         BUELLTON, CA  93427-9594","37980 AVENIDA BRAVURA                              TEMECULA, CA  92592-8933","02-635598","","","13","4207","281 PAMELA WAY , STE 104-107","BUELLTON","42","93427","37980 AVENIDA BRAVURA","TEMECULA","92592","CA"
"649524","PEND ACTIVE","41 | 0","12/11/2023","11/30/2024","NARA THAI CUISINE INC.                         28368 S WESTERN AVE,                         RANCHO PALOS VERDES, CA  90275-1434","","41-606548","7","","3","1978","28368 S WESTERN AVE","RANCHO PALOS VERDES","19","90275","","","",""
"649574","PEND ACTIVE","41 | 0","12/12/2023","11/30/2024","DBA: CHURCH AND MAIN                        CHURCH AND MAIN, LLC                         13 W MAIN ST,                         IONE, CA  95640","","","7","","23","0302","13 W MAIN ST","IONE","03","95640","","","",""
"649682","PEND ACTIVE","41 | 0","12/11/2023","11/30/2024","DBA: EGGY'S NEIGHBORHOOD KITCHEN                        EGGYS LLC                         1511 SHATTUCK AVE, #F,                         BERKELEY, CA  94709-1579","","41-630436","7","","22","0103","1511 SHATTUCK AVE, #F","BERKELEY","01","94709","","","",""
"649769","PEND WITHDRAWN","41 | 0","","","DBA: NORIKAZE HANDROLL                        HANDROLL 3711 LLC                         3711A J ST,                         SACRAMENTO, CA  95816","","629856","7","JIMMY N YEE 930 ALHAMBRA BLVD #200 SACRAMENTO, CA  95816","23","3405","3711A J ST","SACRAMENTO","34","95816","","","",""
"650359","PEND ACTIVE","70 | 0","12/12/2023","11/30/2024","DBA: CARLTON HOTEL                        TRILOGY HOSPITALITY                          6005 EL CAMINO REAL,                         ATASCADERO, CA  93422-4210","","","7","","13","4007","6005 EL CAMINO REAL","ATASCADERO","40","93422","","","",""
"650430","PEND ACTIVE","41 | 0","12/12/2023","11/30/2024","DBA: MIKIYA WAGYU SHABU HOUSE                        MIKIYA CERRITOS LLC                         11328 SOUTH ST,                         CERRITOS, CA  90703-5414","","41-602974","","SINCERE ESCROW 935 S SAN GABRIEL BLVD SAN GABRIEL, CA  91776","3","1915","11328 SOUTH ST","CERRITOS","19","90703","","","",""
"650431","ACTIVE CANCEL","47 | 1","08/16/2023","06/30/2024","DBA: LAS TRES CATRINAS                        REYNOSO, RENE J                          555 BROADWAY, STE 1084,                         CHULA VISTA, CA  91911-5346","","47-620689/ 47-651052","2,7","","10","3702","555 BROADWAY, STE 1084","CHULA VISTA","37","91911","","","",""
"650431","ACTIVE CANCEL","58 | 1","08/16/2023","06/30/2024","DBA: LAS TRES CATRINAS                        REYNOSO, RENE J                          555 BROADWAY, STE 1084,                         CHULA VISTA, CA  91911-5346","","47-620689/ 47-651052","2,7","","10","3702","555 BROADWAY, STE 1084","CHULA VISTA","37","91911","","","",""
"650616","PEND ACTIVE","47 | 0","12/11/2023","11/30/2024","DBA: HACIENDA MI RANCHITO                        HACIENDA MI RANCHITO INC                         405 W PALMDALE BLVD,                         PALMDALE, CA  93551-4243","","47-522275","","CALIFORNIA BUSINESS ESCROW 1748 MAIN ST ESCALON, CA  95320-1927","5","1974","405 W PALMDALE BLVD","PALMDALE","19","93551","","","",""
"650705","PEND ACTIVE","02 | 0","12/12/2023","06/30/2024","DBA: DILECTA                        HAPPY BIRD                         2660 ANDERSON RD,                         PASO ROBLES, CA  93446-9612","7970 VINEYARD DR                              PASO ROBLES, CA  93446-9687","","","","13","4000","2660 ANDERSON RD","PASO ROBLES","40","93446","7970 VINEYARD DR","PASO ROBLES","93446","CA"
"650783","PEND ACTIVE","02 | 0","12/11/2023","06/30/2024","DBA: CRAV GROUP LLC                        CRAV GROUP LLC                         2258 LAS AMIGAS RD,                         NAPA, CA  94559-9717","11541 SW 81 TERRACE                              MIAMI, FL  33173","","","","27","2800","2258 LAS AMIGAS RD","NAPA","28","94559","11541 SW 81 TERRACE","MIAMI","33173","FL"
"650825","PEND ACTIVE","41 | 0","12/11/2023","11/30/2024","DBA: NORI POKE SUSHI                        E&K NORI CORPORATION                         21016 BEACH BLVD,                         HUNTINGTON BEACH, CA  92648-5402","14269 LEGATO CT                              EASTVALE, CA  92880-4518","","","","11","3010","21016 BEACH BLVD","HUNTINGTON BEACH","30","92648","14269 LEGATO CT","EASTVALE","92880","CA"
"650843","PEND ACTIVE","41 | 0","12/12/2023","11/30/2024","DBA: GEISHA JAPANESE RESTAURANT AND TEA HOSE                        SOLORIO GUTIERREZ, LUIS FREDI                         200 MONTEREY AVE, UNIT 3,                         CAPITOLA, CA  95010-3484","PO BOX 241                              AROMAS, CA  95004-0241","","","","26","4401","200 MONTEREY AVE, UNIT 3","CAPITOLA","44","95010","PO BOX 241","AROMAS","95004","CA"
"650956","PEND ACTIVE","41 | 0","12/11/2023","11/30/2024","DBA: LODI CYCLERY                        SHIRK, BRIAN JEFFRIE                         9 N SCHOOL ST,                         LODI, CA  95240","","","7","","29","3902","9 N SCHOOL ST","LODI","39","95240","","","",""
"650981","PEND ACTIVE","17 | 1","12/11/2023","11/30/2024","YOURS TRULY WINE IMPORTERS                          77564 COUNTRY CLUB DR, STE 227,                         PALM DESERT, CA  92211-6249","","","7","","8","3318","77564 COUNTRY CLUB DR, STE 227","PALM DESERT","33","92211","","","",""
"650981","PEND ACTIVE","20 | 0","12/11/2023","11/30/2024","YOURS TRULY WINE IMPORTERS                          77564 COUNTRY CLUB DR, STE 227,                         PALM DESERT, CA  92211-6249","","","7,I","","8","3318","77564 COUNTRY CLUB DR, STE 227","PALM DESERT","33","92211","","","",""
"650981","PEND ACTIVE","09 | 1","12/11/2023","11/30/2024","YOURS TRULY WINE IMPORTERS                          77564 COUNTRY CLUB DR, STE 227,                         PALM DESERT, CA  92211-6249","","","7","","8","3318","77564 COUNTRY CLUB DR, STE 227","PALM DESERT","33","92211","","","",""
"651049","PEND ACTIVE","41 | 0","12/11/2023","05/31/2024","DBA: PHUONG TRANG RESTAURANT                        TRAN, TINA                         4170 CONVOY ST,                         SAN DIEGO, CA  92111","","41-277035","7","","10","3710","4170 CONVOY ST","SAN DIEGO","37","92111","","","",""
"651052","PEND ACTIVE","47 | 1","12/11/2023","06/30/2024","DBA: LAS TRES CATRINAS                        LAS TRES CATRINAS RESTAURANT BAR LLC                         555 BROADWAY, STE 1084,                         CHULA VISTA, CA  91911-5346","","47-650431","2,7,8","","10","3702","555 BROADWAY, STE 1084","CHULA VISTA","37","91911","","","",""
"651052","PEND ACTIVE","58 | 1","12/11/2023","06/30/2024","DBA: LAS TRES CATRINAS                        LAS TRES CATRINAS RESTAURANT BAR LLC                         555 BROADWAY, STE 1084,                         CHULA VISTA, CA  91911-5346","","47-650431","2,7,8","","10","3702","555 BROADWAY, STE 1084","CHULA VISTA","37","91911","","","",""
"651167","PEND ACTIVE","41 | 0","12/12/2023","11/30/2024","DBA: JUN BISTRO                        JUN BISTRO, INC.                         290 BARBER CT,                         MILPITAS, CA  95035-7997","","41-632346","","BUSINESS & ESCROW SERVICE CENTER 3031 TISCH WAY #310 SAN JOSE, CA  95113","25","4308","290 BARBER CT","MILPITAS","43","95035","","","",""
"651186","PEND ACTIVE","41 | 0","12/12/2023","11/30/2024","DBA: TORRANCE YOKOCHO                        G/C DINING INC                         2589 PACIFIC COAST HWY,                         TORRANCE, CA  90505-7035","16915 S BROADWAY                              GARDENA, CA  90248-3111","","","","3","1958","2589 PACIFIC COAST HWY","TORRANCE","19","90505","16915 S BROADWAY","GARDENA","90248","CA"
"651298","PEND ACTIVE","02 | 0","12/11/2023","06/30/2024","DBA: GRAPESTAKE CELLARS                        BELLETTO, OWEN WILLIAM                         3773 RUTH WAY, STE A,                         PASO ROBLES, CA  93446","1855 TWELVE OAKS DR                              PASO ROBLES, CA  93446-8622","","","","13","4000","3773 RUTH WAY, STE A","PASO ROBLES","40","93446","1855 TWELVE OAKS DR","PASO ROBLES","93446","CA"
"651302","PEND ACTIVE","02 | 0","12/12/2023","06/30/2024","DBA: TERRA                        JERICHO CANYON VINEYARDS LLC                         1329 LINCOLN AVE,                         CALISTOGA, CA  94515-1754","3292 OLD LAWLEY TOLL RD                              CALISTOGA, CA  94515-9744","","","","27","2801","1329 LINCOLN AVE","CALISTOGA","28","94515","3292 OLD LAWLEY TOLL RD","CALISTOGA","94515","CA"
"651372","PEND ACTIVE","41 | 0","12/11/2023","11/30/2024","DBA: LOVE LETTER                        CL K FOOD INC                         3277 GRAND AVE, STE H,                         CHINO HILLS, CA  91709-1490","","41-626675","7","PRIMA ESCROW INC 3600 WILSHIRE BLVD SUITE 1028 LOS ANGELES, CA  90010","7","3623","3277 GRAND AVE, STE H","CHINO HILLS","36","91709","","","",""
"651395","PEND ACTIVE","23 | 0","12/11/2023","11/30/2024","DBA: MATTIE GROVES BREWERY                        MATTIE GROVES BREWERY, LLC                         1716 L ST,                         SACRAMENTO, CA  95811","","","7","","23","3405","1716 L ST","SACRAMENTO","34","95811","","","",""
"651526","PEND WITHDRAWN","41 | 0","","","DBA: JUANCHO'S GRILL & BAR                        SANCHEZ ESCOBAR, JEISSON LEVID                         1640 STORY RD,                         SAN JOSE, CA  95122-2102","","","","","25","4313","1640 STORY RD","SAN JOSE","43","95122","","","",""
"651537","PEND ACTIVE","02 | 0","12/12/2023","06/30/2024","DBA: ROBERT SINSKEY VINEYARDS                        SINSKEY VINEYARDS INC                         929 RANDOLPH ST,                         NAPA, CA  94559-2908","4059 OLD SONOMA RD                              NAPA, CA  94559","","","","27","2802","929 RANDOLPH ST","NAPA","28","94559","4059 OLD SONOMA RD","NAPA","94559","CA"
"651560","PEND WITHDRAWN","47 | 0","","","MEZCLA GROUP LLC                          ,","4664 BEETHOVEN ST                               LOS ANGELES, CA  90066","","","","4","","","","","","4664 BEETHOVEN ST","LOS ANGELES","90066","CA"
"651614","PEND ACTIVE","41 | 0","12/11/2023","11/30/2024","DBA: FUEGO CRAVINGS - RHE                        MI RANCHITO INVESTMENTS LP                         550 DEEP VALLEY DR , STE 155,                         ROLLING HILLS ESTATES, CA  90274-3697","11426 ALLERTON ST                              WHITTIER, CA  90606","","7","","3","1948","550 DEEP VALLEY DR , STE 155","ROLLING HILLS ESTATES","19","90274","11426 ALLERTON ST","WHITTIER","90606","CA"
"651627","PEND WITHDRAWN","47 | 0","","","PARADISE AMERICANA LLC                         ,","17951 SKY PARK CIR , #35E                              IRVINE, CA  92614-6323","","","","5","","","","","","17951 SKY PARK CIR , #35E","IRVINE","92614","CA"
"651638","PEND WITHDRAWN","47 | 0","","","RANGEL , EDWARD  CHALDON JR                         ,","10561 GREENACRE DR                              RANCHO CUCAMONGA, CA  91730-7319","","","","2","","","","","","10561 GREENACRE DR","RANCHO CUCAMONGA","91730","CA"
"651687","PEND ACTIVE","41 | 0","12/11/2023","11/30/2024","DBA: HISUI SUSHI                        TIGER DRAGON FOLSOM INC                         25004 BLUE RAVINE RD, STE 107,                         FOLSOM, CA  95630-5283","201 BEARD ST                              VACAVILLE, CA  95688-3022","41-607005","","CAPITOL CITY ESCROW INC 3838 WATT AVE #F610 SACRAMENTO, CA  95821","23","3401","25004 BLUE RAVINE RD, STE 107","FOLSOM","34","95630","201 BEARD ST","VACAVILLE","95688","CA"
"651704","PEND WITHDRAWN","47 | 0","","","PARMIZZA 001 LLC                          ,","4918 LLANO DRIVE                              WOODLAND HILLS, CA  91364","","","","4","","","","","","4918 LLANO DRIVE","WOODLAND HILLS","91364","CA"
"651726","PEND ACTIVE","41 | 0","12/12/2023","11/30/2024","DBA: KAOKAO GRILL                        AH & WP LLC                         2993 COLLEGE AVE,                         BERKELEY, CA  94705","","","","","22","0103","2993 COLLEGE AVE","BERKELEY","01","94705","","","",""
"651750","PEND WITHDRAWN","47 | 0","","","MOFONGOS LLC                         ,","5757 LANKERSHIM BLVD                              NORTH HOLLYWOOD, CA  91601-1628","","","","4","","","","","","5757 LANKERSHIM BLVD","NORTH HOLLYWOOD","91601","CA"
"651756","PEND WITHDRAWN","47 | 0","","","PROSSIMO WEST LLC                         ,","1651 VIRGINIA RD                              LOS ANGELES, CA  90019","","","","4","","","","","","1651 VIRGINIA RD","LOS ANGELES","90019","CA"
"651760","PEND WITHDRAWN","47 | 0","","","MAURICIO'S MEXICAN FOOD & PIZZA CORPORATION                         ,","2256 E ROUTE 66                              GLENDORA, CA  91740-4673","","","","2","","","","","","2256 E ROUTE 66","GLENDORA","91740","CA"
"651768","PEND WITHDRAWN","47 | 0","","","LA PETIT CREPERIE INC.                          ,","138 LOMA VISTA DR                              BURLINGAME, CA  94010","","","","4","","","","","","138 LOMA VISTA DR","BURLINGAME","94010","CA"
"651825","PEND WITHDRAWN","47 | 0","","","LA CHUPERIA THE MICHELADA SPOT                         ,","3742 S FLOWER ST                              LOS ANGELES, CA  90007-4318","","","","4","","","","","","3742 S FLOWER ST","LOS ANGELES","90007","CA"
"651827","PEND WITHDRAWN","47 | 0","","","MADISON NEMO LP                          ,","6609 LELAND WY                               LOS ANGELES, CA  90028","","","","4","","","","","","6609 LELAND WY","LOS ANGELES","90028","CA"
"651829","PEND WITHDRAWN","47 | 0","","","LAM , ROGER HY V                          ,","PO BOX 4095                              WHITTIER, CA  90604","","","","4","","","","","","PO BOX 4095","WHITTIER","90604","CA"
"651832","PEND WITHDRAWN","47 | 0","","","PASCAL PATISSERIE                         ,","21040 VICTORY BLVD                              WOODLAND HILLS, CA  91367","","","","4","","","","","","21040 VICTORY BLVD","WOODLAND HILLS","91367","CA"
"651862","PEND WITHDRAWN","47 | 0","","","HOLA COMIDA MANAGEMENT LLC                         ,","1712 N VERMONT AVE                              LOS ANGELES, CA  90027-4306","","","","4","","","","","","1712 N VERMONT AVE","LOS ANGELES","90027","CA"
"651878","PEND WITHDRAWN","47 | 0","","","ORIGINAL BAJA TACO STAND LLC                         ,","PO BOX 2309                              TOLUCA LAKE, CA  91610-0309","","","","4","","","","","","PO BOX 2309","TOLUCA LAKE","91610","CA"
"651886","PEND ACTIVE","18 | 1","12/11/2023","05/31/2024","DBA: GUSTO ITALIANO                        GUSTO ITALIANO US LLC                         1700 MYRTLE ST,                         CALISTOGA, CA  94515-1532","","18-596468","7,8","","27","2801","1700 MYRTLE ST","CALISTOGA","28","94515","","","",""
"651886","PEND ACTIVE","12 | 1","12/11/2023","05/31/2024","DBA: GUSTO ITALIANO                        GUSTO ITALIANO US LLC                         1700 MYRTLE ST,                         CALISTOGA, CA  94515-1532","","18-596468","7,8","","27","2801","1700 MYRTLE ST","CALISTOGA","28","94515","","","",""
"651944","PEND ACTIVE","47 | 0","12/12/2023","11/30/2024","DBA: CARMEN'S RESTAURANT                        SANDEZ, JORGE GALINDO                         78010 COUNTRY CLUB DR, STE 400,                         PALM DESERT, CA  92211-7217","","","5","","8","3318","78010 COUNTRY CLUB DR, STE 400","PALM DESERT","33","92211","","","",""
"651959","PEND WITHDRAWN","47 | 0","","","LA CHULA, INC.                         ,","8262 FIRESTONE BLVD                              DOWNEY, CA  90241-4810","","","","3","","","","","","8262 FIRESTONE BLVD","DOWNEY","90241","CA"
"651974","PEND WITHDRAWN","47 | 0","","","NEW ALL INDIA CAFE, INC.                          ,","6350 TEMPLE CITY BLVD                              TEMPLE CITY, CA  91780","","","","2","","","","","","6350 TEMPLE CITY BLVD","TEMPLE CITY","91780","CA"
"652007","PEND WITHDRAWN","47 | 0","","","HEROS BLEND CO.                          ,","4138 N LYMAN AVE                              COVINA, CA  91724","","","","2","","","","","","4138 N LYMAN AVE","COVINA","91724","CA"
"652026","PEND WITHDRAWN","47 | 0","","","LION HOSPITALITY GROUP LLC                          ,","423 N ENCINITAS AVE                              MONROVIA, CA  91016","","","","2","","","","","","423 N ENCINITAS AVE","MONROVIA","91016","CA"
"652054","PEND WITHDRAWN","47 | 0","","","PERLE RESTAURANT LLC                          ,","43 E UNION ST                              PASADENA, CA  91103-3923","","","","2","","","","","","43 E UNION ST","PASADENA","91103","CA"
"652059","PEND WITHDRAWN","47 | 0","","","MG PORTER, INC.                         ,","310 E 231ST STREET                              CARSON, CA  90745","","","","3","","","","","","310 E 231ST STREET","CARSON","90745","CA"
"652092","PEND WITHDRAWN","47 | 0","","","PEPE EL TORO RESTAURANT INC                         ,","43755 15TH ST W                              LANCASTER, CA  93534-4754","","","","5","","","","","","43755 15TH ST W","LANCASTER","93534","CA"
"652134","PEND WITHDRAWN","47 | 0","","","MARISCOS MI LINDO SINALOA, INC.                         ,","9328 BELCHER ST.                              DOWNEY, CA  90242","","","","3","","","","","","9328 BELCHER ST.","DOWNEY","90242","CA"
"652163","PEND ACTIVE","02 | 0","12/11/2023","06/30/2024","DBA: PERCH WINE COMPANY                        SAAKE, ADAM DAVID                         21 E ELM ST,                         LODI, CA  95240-2222","3355 FORNEY WAY                              SACRAMENTO, CA  95816-6555","","","","29","3902","21 E ELM ST","LODI","39","95240","3355 FORNEY WAY","SACRAMENTO","95816","CA"
"652168","PEND WITHDRAWN","47 | 0","","","MI SABOR MEXICAN KITCHEN, INC.                          ,","1810 E ROUTE 66                              GLENDORA, CA  91740-3868","","","","2","","","","","","1810 E ROUTE 66","GLENDORA","91740","CA"
"652177","PEND WITHDRAWN","47 | 0","","","MEJIA DEVIS, DAVID                         ,","8314  2ND ST, APT 504                              DOWNEY, CA  90241","","","","3","","","","","","8314  2ND ST, APT 504","DOWNEY","90241","CA"
"652204","PEND WITHDRAWN","47 | 0","","","KOH, JASON YONGKERN                         ,","1504 W 146TH                              GARDENA, CA  90247","","","","3","","","","","","1504 W 146TH","GARDENA","90247","CA"
"652237","PEND WITHDRAWN","47 | 0","","","NGUYEN, DAVID                         ,","1844 ST ALBANS RD                              SAN MARINO, CA  91108","","","","2","","","","","","1844 ST ALBANS RD","SAN MARINO","91108","CA"
"652250","PEND WITHDRAWN","47 | 0","","","LOS TACOS RESTAURANTS LLC                         ,","1 W CALIFORNIA BLVD, STE 211                              PASADENA, CA  91105-3031","","","","2","","","","","","1 W CALIFORNIA BLVD, STE 211","PASADENA","91105","CA"
"652264","PEND WITHDRAWN","47 | 0","","","OYSTER VIA, LLC                         ,","11150  OLYMPIC BLVD, SUITE 1000                              LOS ANGELES, CA  90064","","","","4","","","","","","11150  OLYMPIC BLVD, SUITE 1000","LOS ANGELES","90064","CA"
"652266","NEW WITHDRAWN","21 | 0","","","NOWYHED, SAADE HALIM                         ,","411 W PALMDALE BLVD                              PALMDALE, CA  93551","","","","5","","","","","","411 W PALMDALE BLVD","PALMDALE","93551","CA"
"652266","NEW WITHDRAWN","21 | 0","","","NOWYHED, SAADE HALIM                         ,","411 W PALMDALE BLVD                              PALMDALE, CA  93551","","","","5","","","","","","411 W PALMDALE BLVD","PALMDALE","93551","CA"
"652268","PEND WITHDRAWN","47 | 0","","","ISOS LLC                         ,","1820 SOUTH ELENA AVE, SUITE L                              REDONDO BEACH, CA  90277","","","","3","","","","","","1820 SOUTH ELENA AVE, SUITE L","REDONDO BEACH","90277","CA"
"652281","PEND WITHDRAWN","47 | 0","","","MELENDEZ, MARIO AUGUSTIN JR                         ,","1901 AVENUE OF THE STARS 1600                              LOS ANGELES, CA  90067-6055","","","","5","","","","","","1901 AVENUE OF THE STARS 1600","LOS ANGELES","90067","CA"
"652291","PEND WITHDRAWN","47 | 0","","","LALAS ON MELROSE INC                         ,","7229 MELROSE AVE                              LOS ANGELES, CA  90046","","","","5","","","","","","7229 MELROSE AVE","LOS ANGELES","90046","CA"
"652321","PEND WITHDRAWN","47 | 0","","","LOS CUATES MEXICAN GRILL, INC.                         ,","10357 BELLDER DR                              DOWNEY, CA  90241-2630","","","","3","","","","","","10357 BELLDER DR","DOWNEY","90241","CA"
"652342","PEND WITHDRAWN","47 | 0","","","MARISCOS LOS TOXICOS, LLC.                         ,","10703 COLEBROOK ST                              SHADOW HILLS, CA  91040","","","","5","","","","","","10703 COLEBROOK ST","SHADOW HILLS","91040","CA"
"652352","PEND WITHDRAWN","47 | 0","","","MUNCHEGO LLC                         ,","2518 MAIN ST                              SANTA MONICA, CA  90405-3518","","","","3","","","","","","2518 MAIN ST","SANTA MONICA","90405","CA"
"652374","PEND WITHDRAWN","47 | 0","","","POKI TO MAS LLC                         ,","1201 TRUMAN ST STE E1                              SAN FERNANDO, CA  91340-3241","","","","5","","","","","","1201 TRUMAN ST STE E1","SAN FERNANDO","91340","CA"
"652379","PEND WITHDRAWN","47 | 0","","","NOOR, MOHAMMED IQBAL                         ,","26453 FRIENDLY VALLEY PKWY                              SANTA CLARITA, CA  91321-1408","","","","5","","","","","","26453 FRIENDLY VALLEY PKWY","SANTA CLARITA","91321","CA"
"652380","PEND WITHDRAWN","47 | 0","","","MAZAL BEER & WINE, INC                         ,","5243 E BEVERLY BLVD                              LOS ANGELES, CA  90022-2020","","","","4","","","","","","5243 E BEVERLY BLVD","LOS ANGELES","90022","CA"
"652405","PEND WITHDRAWN","47 | 0","","","MARMALADE, LLC                          ,","16530 VENTURA BLVD , STE 611                              ENCINO, CA  91436","","","","4","","","","","","16530 VENTURA BLVD , STE 611","ENCINO","91436","CA"
"652422","PEND WITHDRAWN","47 | 0","","","NAJERA, GERONIMO                         ,","5231 TEDFORD WAY                              YORBA LINDA, CA  92886","","","","4","","","","","","5231 TEDFORD WAY","YORBA LINDA","92886","CA"
"652429","PEND WITHDRAWN","47 | 0","","","MFA 8TH AND FIGUEROA LLC                         ,","1251 AVENUE OF THE AMERICAS, STE 800                              NEW YORK, NY  10020","","","","4","","","","","","1251 AVENUE OF THE AMERICAS, STE 800","NEW YORK","10020","NY"
"652437","PEND WITHDRAWN","47 | 0","","","RIVERA FOODS INC.                         ,","1723 SECOND ST                              SAN FERNANDO, CA  91340","","","","4","","","","","","1723 SECOND ST","SAN FERNANDO","91340","CA"
"652464","PEND WITHDRAWN","47 | 0","","","PERSE LLC                         ,","10203 SANTA MONICA BLVD, SUITE 300B                              LOS ANGELES, CA  90067","","","","4","","","","","","10203 SANTA MONICA BLVD, SUITE 300B","LOS ANGELES","90067","CA"
"652465","PEND WITHDRAWN","47 | 0","","","OSTE, LLC                         ,","8140/8142 W 3RD ST                              LOS ANGELES, CA  90048","","","","4","","","","","","8140/8142 W 3RD ST","LOS ANGELES","90048","CA"
"652475","PEND WITHDRAWN","47 | 0","","","LARCHMONT BUNGALOW CAFE LLC                         ,","929 W 68TH ST                              LOS ANGELES, CA  90044-5206","","","","4","","","","","","929 W 68TH ST","LOS ANGELES","90044","CA"
"652480","PEND ACTIVE","58 | 1","12/12/2023","11/30/2024","DBA: L'AVENUE                        HOLINANO INC                         156 S BRAND BLVD,                         GLENDALE, CA  91204-1308","","47-552279","","ABC ESCROW 2222 DAMON ST  LOS ANGELES, CA  90021","5","1921","156 S BRAND BLVD","GLENDALE","19","91204","","","",""
"652480","PEND ACTIVE","47 | 1","12/12/2023","11/30/2024","DBA: L'AVENUE                        HOLINANO INC                         156 S BRAND BLVD,                         GLENDALE, CA  91204-1308","","47-552279","","ABC ESCROW 2222 DAMON ST  LOS ANGELES, CA  90021","5","1921","156 S BRAND BLVD","GLENDALE","19","91204","","","",""
"652481","PEND WITHDRAWN","47 | 0","","","JEMMA HOLLYWOOD, LLC                          ,","241 MAIN ST                              EL SEGUNDO, CA  90245-3804","","","","4","","","","","","241 MAIN ST","EL SEGUNDO","90245","CA"
"652483","PEND WITHDRAWN","47 | 0","","","NATIVE DAUGHTER, LLC                         ,","4813 MURIETTA AVE                              SHERMAN OAKS, CA  91423","","","","5","","","","","","4813 MURIETTA AVE","SHERMAN OAKS","91423","CA"
"652484","PEND WITHDRAWN","47 | 0","","","POSTON, DWAN                         ,","5903 5TH AVE                              LOS ANGELES, CA  90043","","","","5","","","","","","5903 5TH AVE","LOS ANGELES","90043","CA"
"652487","PEND WITHDRAWN","47 | 0","","","QUINTESSENTIAL GROUP LLC THE                         ,","3211 DONA EMILIA DR                              STUDIO CITY, CA  91604","","","","5","","","","","","3211 DONA EMILIA DR","STUDIO CITY","91604","CA"
"652488","PEND WITHDRAWN","47 | 0","","","NI & OS CUMEX INC                         ,","23360 VALENCIA                               LOS ANGELES, CA  91355","","","","5","","","","","","23360 VALENCIA","LOS ANGELES","91355","CA"
"652490","PEND WITHDRAWN","47 | 0","","","JAVAPOUR DISTRIBUTING LLC                         ,","19753 PAIGE PLACE                              SAUGUS, CA  91350","","","","5","","","","","","19753 PAIGE PLACE","SAUGUS","91350","CA"
"652494","PEND WITHDRAWN","47 | 0","","","MEDRANOS FOOD ENTERPRISES INC                         ,","44276 10TH ST WEST                              LANCASTER, CA  93534-4134","","","","5","","","","","","44276 10TH ST WEST","LANCASTER","93534","CA"
"652496","PEND WITHDRAWN","47 | 0","","","MOPHO INC                         ,","823 N LA FAYETTE PL                              LOS ANGELES, CA  90026","","","","5","","","","","","823 N LA FAYETTE PL","LOS ANGELES","90026","CA"
"652500","PEND WITHDRAWN","47 | 0","","","MHA PRODIGY INC                         ,","5243 E BEVERLY BLVD                              LOS ANGELES, CA  90022-2020","","","","4","","","","","","5243 E BEVERLY BLVD","LOS ANGELES","90022","CA"
"652505","PEND WITHDRAWN","47 | 0","","","MUSICAL DINING LLC                         ,","100 WILSHIRE BLVD , STE 700                              SANTA MONICA, CA  90401-3602","","","","5","","","","","","100 WILSHIRE BLVD , STE 700","SANTA MONICA","90401","CA"
"652507","PEND WITHDRAWN","47 | 0","","","MEDICI XD LLC                         ,","111 W VERDUGO AVE                              BURBANK, CA  91502","","","","5","","","","","","111 W VERDUGO AVE","BURBANK","91502","CA"
"652526","PEND WITHDRAWN","47 | 0","","","MUSE CAFE WEST, INC.                         ,","754 S CLOVERDALE AVE                              LOS ANGELES, CA  90036","","","","4","","","","","","754 S CLOVERDALE AVE","LOS ANGELES","90036","CA"
"652549","PEND WITHDRAWN","47 | 0","","","MONTECITO PROPERTY INVESTMENTS LLC.                         ,","364 E ROWLAND ST                              COVINA, CA  91723","","","","2","","","","","","364 E ROWLAND ST","COVINA","91723","CA"
"652616","PEND WITHDRAWN","47 | 0","","","MOSQUEDA, RICARDO                         ,","8737 VENICE BLVD STE#105                              LOS ANGELES, CA  90034","","","","4","","","","","","8737 VENICE BLVD STE#105","LOS ANGELES","90034","CA"
"652666","PEND WITHDRAWN","47 | 0","","","ICONIX FITNESS LLC                          ,","8737 VENICE BLVD STE#105                              LOS ANGELES, CA  90034","","","","4","","","","","","8737 VENICE BLVD STE#105","LOS ANGELES","90034","CA"
"652680","PEND WITHDRAWN","47 | 0","","","MCSOJU INC                         ,","9350 CORBIN AVE                              NORTHRIDGE, CA  91324-1669","","","","5","","","","","","9350 CORBIN AVE","NORTHRIDGE","91324","CA"
"652706","PEND WITHDRAWN","47 | 0","","","NOYPITZ RANCHO CUCAMONGA CORP                         ,","650 W DUARTE RD , #209A                              ARCADIA, CA  91007","","","","4","","","","","","650 W DUARTE RD , #209A","ARCADIA","91007","CA"
"652717","PEND WITHDRAWN","47 | 0","","","OAKS KITCHEN                         ,","4202 MATILIJA AVE                               SHERMAN OAKS, CA  91423","","","","4","","","","","","4202 MATILIJA AVE","SHERMAN OAKS","91423","CA"
"652724","PEND WITHDRAWN","47 | 0","","","JAXX THEATRICALS, INC.                         ,","1245 N KINGS RD , STE 29                              WEST HOLLYWOOD, CA  90069","","","","4","","","","","","1245 N KINGS RD , STE 29","WEST HOLLYWOOD","90069","CA"
"652744","PEND ACTIVE","41 | 0","12/11/2023","11/30/2024","DBA: BURGER SHACK                        NOVOA, ANAIZA                         7834 HIGHWAY 99E,                         LOS MOLINOS, CA  96055-9780","","","7","","31","5200","7834 HIGHWAY 99E","LOS MOLINOS","52","96055","","","",""
"652769","PEND WITHDRAWN","47 | 0","","","REAL FOOD DAILY LLC                         ,","414 N LA CIENEGA BLVD                              LOS ANGELES, CA  90048-1907","","","","4","","","","","","414 N LA CIENEGA BLVD","LOS ANGELES","90048","CA"
"652771","PEND WITHDRAWN","47 | 0","","","JPLR INC.                         ,","2080 FOOTHILL BLVD                              LA VERNE, CA  91750","","","","2","","","","","","2080 FOOTHILL BLVD","LA VERNE","91750","CA"
"652783","PEND WITHDRAWN","47 | 0","","","MA, YUMIKO                         ,","1121 S HACIENDA BLVD                              HACIENDA HEIGHTS, CA  91745-2231","","","","2","","","","","","1121 S HACIENDA BLVD","HACIENDA HEIGHTS","91745","CA"
"652797","PEND WITHDRAWN","47 | 0","","","NEW GOLDEN SOUP INC                         ,","1039 E VALLEY BLVD, STE B201                              SAN GABRIEL, CA  91776-3666","","","","2","","","","","","1039 E VALLEY BLVD, STE B201","SAN GABRIEL","91776","CA"
"652800","PEND WITHDRAWN","47 | 0","","","PLAYAS LAS TUNAS RESTAURANT INC.                         ,","1107 S ALVARADO ST, STE 112                              LOS ANGELES, CA  90006","","","","4","","","","","","1107 S ALVARADO ST, STE 112","LOS ANGELES","90006","CA"
"652806","PEND WITHDRAWN","47 | 0","","","LISTEN TO THE RIVER LLC                          ,","1230 2ND AVE S                              NASHVILLE , TN  37210","","","","4","","","","","","1230 2ND AVE S","NASHVILLE","37210","TN"
"652815","PEND WITHDRAWN","47 | 0","","","KOMMONS, INC., THE                         ,","3958 W 6TH ST                              LOS ANGELES, CA  90020-4210","","","","4","","","","","","3958 W 6TH ST","LOS ANGELES","90020","CA"
"652833","PEND WITHDRAWN","47 | 0","","","JUMAK NOODLE AND PUB INC                          ,","45 N RAYMOND AVE                              PASADENA, CA  91103-3917","","","","4","","","","","","45 N RAYMOND AVE","PASADENA","91103","CA"
"652835","PEND WITHDRAWN","47 | 0","","","KYI INVESTMENT, INC.                         ,","879 W ASHIYA RD                              MONTEBELLO, CA  90640","","","","2","","","","","","879 W ASHIYA RD","MONTEBELLO","90640","CA"
"652840","PEND WITHDRAWN","47 | 0","","","JUICERIE VII LLC                         ,","832 MILWOOD AVE                              VENICE, CA  90291-3831","","","","4","","","","","","832 MILWOOD AVE","VENICE","90291","CA"
"652848","PEND WITHDRAWN","47 | 0","","","LAVI HOSPITALITY LLC                         ,","4921 W ADAMS BLVD                              LOS ANGELES, CA  90016-2849","","","","4","","","","","","4921 W ADAMS BLVD","LOS ANGELES","90016","CA"
"652853","PEND WITHDRAWN","47 | 0","","","KOBEISSI INC                         ,","5215 E 2ND ST                              LONG BEACH, CA  90803-5316","","","","3","","","","","","5215 E 2ND ST","LONG BEACH","90803","CA"
"652854","PEND WITHDRAWN","47 | 0","","","PLATED PERSONAL CHEF SERVICES LTD                         ,","11209 NATIONAL BLVD, #227                              LOS ANGELES, CA  90064","","","","4","","","","","","11209 NATIONAL BLVD, #227","LOS ANGELES","90064","CA"
"652858","PEND ACTIVE","41 | 0","12/11/2023","11/30/2024","DBA: CONCHITA'S RESTAURANT                        ESQUIVELLEON, CONCEPCION                         8641 S MENDOCINO AVE,                         PARLIER, CA  93648-2213","8570 S RENE LOPEZ ST                              PARLIER, CA  93648","","7","","21","1011","8641 S MENDOCINO AVE","PARLIER","10","93648","8570 S RENE LOPEZ ST","PARLIER","93648","CA"
"652891","PEND WITHDRAWN","47 | 0","","","NORTH SPRING STREET MARKET LLC                         ,","21515 HAWTHORNE BLVD, STE 200                              TORRANCE, CA  90503-6512","","","","5","","","","","","21515 HAWTHORNE BLVD, STE 200","TORRANCE","90503","CA"
"652894","PEND WITHDRAWN","47 | 0","","","HOUSTON, PLOENPIDH POLA                         ,","1159 N WESTERN AVE                              LOS ANGELES, CA  90029","","","","4","","","","","","1159 N WESTERN AVE","LOS ANGELES","90029","CA"
"652895","PEND WITHDRAWN","47 | 0","","","PORTILLO, JOSEPH CHRISTOPHER                         ,","2514 E GAGE AVE                              HUNTINGTON PARK, CA  90255-4018","","","","4","","","","","","2514 E GAGE AVE","HUNTINGTON PARK","90255","CA"
"652903","PEND WITHDRAWN","47 | 0","","","ORTEGA, ADRIAN                         ,","11308 BLUCHER AVE                              GRANADA HILLS, CA  91344","","","","5","","","","","","11308 BLUCHER AVE","GRANADA HILLS","91344","CA"
"652913","PEND WITHDRAWN","47 | 0","","","RAHIMI, MINA                         ,","3043 FITZGERALD RD                              SIMI VALLEY, CA  93065","","","","5","","","","","","3043 FITZGERALD RD","SIMI VALLEY","93065","CA"
"652920","PEND WITHDRAWN","47 | 0","","","PHLIGHT LLC                         ,","6724 BRIGHT AVE, STE B                              WHITTIER, CA  90601-4322","","","","2","","","","","","6724 BRIGHT AVE, STE B","WHITTIER","90601","CA"
"652921","PEND WITHDRAWN","47 | 0","","","PETROS MB INC                         ,","8737 VENICE BLVD STE#105                              LOS ANGELES, CA  90034","","","","4","","","","","","8737 VENICE BLVD STE#105","LOS ANGELES","90034","CA"
"652928","PEND WITHDRAWN","47 | 0","","","MYKE'S CAFE, INC.                         ,","13171 VAN NUYS BLVD                              PACOIMA, CA  91331-2560","","","","5","","","","","","13171 VAN NUYS BLVD","PACOIMA","91331","CA"
"652932","PEND WITHDRAWN","47 | 0","","","MARTREB GROUP THE                         ,","3006 S VERMONT AVE, #383                              LOS ANGELES, CA  90007","","","","5","","","","","","3006 S VERMONT AVE, #383","LOS ANGELES","90007","CA"
"652957","PEND ACTIVE","41 | 0","12/11/2023","11/30/2024","DBA: WILD POPPY, THE                        WILD POPPY LLC, THE                         9890 BODEGA HWY,                         SEBASTOPOL, CA  95472-3057","","","","","27","4900","9890 BODEGA HWY","SEBASTOPOL","49","95472","","","",""
"652962","PEND WITHDRAWN","47 | 0","","","LA TARANTELLA OSTERIA LLC                         ,","2120 E 4TH ST                              LONG BEACH, CA  90814-1003","","","","3","","","","","","2120 E 4TH ST","LONG BEACH","90814","CA"
"652969","PEND WITHDRAWN","47 | 0","","","OCEAN PARK HOSPITALITY LLC                          ,","2911 MAIN ST                              SANTA MONICA, CA  90405-5315","","","","3","","","","","","2911 MAIN ST","SANTA MONICA","90405","CA"
"652986","PEND WITHDRAWN","47 | 0","","","MB OHANA, LLC                         ,","12132 MAXWELLTON RD                              STUDIO CITY, CA  91604-3622","","","","5","","","","","","12132 MAXWELLTON RD","STUDIO CITY","91604","CA"
"652988","PEND WITHDRAWN","47 | 0","","","PATRICK & GEOFF INVESTMENTS INC                          ,","4137 E ANAHEIM ST                              LONG BEACH, CA  90804","","","","3","","","","","","4137 E ANAHEIM ST","LONG BEACH","90804","CA"
"652990","PEND WITHDRAWN","47 | 0","","","MARIAS HOLDINGS CORP                         ,","4 JIB ST, UNIT 17                              VENICE, CA  90292","","","","5","","","","","","4 JIB ST, UNIT 17","VENICE","90292","CA"
"653000","PEND WITHDRAWN","47 | 0","","","MIAN HORIZON FINANCIAL CORPORATION                         ,","24150 PARK SORRENTO                              CALABASAS, CA  91302-4101","","","","5","","","","","","24150 PARK SORRENTO","CALABASAS","91302","CA"
"653027","PEND WITHDRAWN","47 | 0","","","NORTH RESTAURANTS LLC                         ,","26901 MALIBU HILLS RD                              CALABASAS, CA  91301-5354","","","","5","","","","","","26901 MALIBU HILLS RD","CALABASAS","91301","CA"
"653028","PEND WITHDRAWN","47 | 0","","","HWANG, JANE GIANG                         ,","4722 AMALFI ST                              CYPRESS, CA  90630","","","","3","","","","","","4722 AMALFI ST","CYPRESS","90630","CA"
"653029","PEND WITHDRAWN","47 | 0","","","MOZQUEDA-VILLALOBOS, MARIA  GUADALUPE                         ,","8737 VENICE BLVD STE#105                              LOS ANGELES, CA  90034","","","","3","","","","","","8737 VENICE BLVD STE#105","LOS ANGELES","90034","CA"
"653037","PEND WITHDRAWN","47 | 0","","","JOEY STEVENS LLC                         ,","610 S MYRTLE AVE                              MONROVIA, CA  91016-3406","","","","5","","","","","","610 S MYRTLE AVE","MONROVIA","91016","CA"
"653044","PEND WITHDRAWN","47 | 0","","","OLVERA, GUSTAVO                         ,","21515 HAWTHORNE BLVD, STE 200                              TORRANCE, CA  90503-6512","","","","5","","","","","","21515 HAWTHORNE BLVD, STE 200","TORRANCE","90503","CA"
"653055","PEND WITHDRAWN","47 | 0","","","KING OF WINGS LLC                         ,","14406 HAWTHORNE BLVD                              LAWNDALE, CA  90260","","","","5","","","","","","14406 HAWTHORNE BLVD","LAWNDALE","90260","CA"
"653060","PEND WITHDRAWN","47 | 0","","","KAIZEN SUSHI, INC.                         ,","6004 MAYWOOD AVE                              HUNTINGTON PARK, CA  90255","","","","5","","","","","","6004 MAYWOOD AVE","HUNTINGTON PARK","90255","CA"
"653125","PEND ACTIVE","41 | 0","12/12/2023","11/30/2024","DBA: BAE GO PA K BBQ                        JOHAYO FRESH LLC                         5890 MOWRY SCHOOL RD, # D1,                         NEWARK, CA  94560-5367","28817 BAY HEIGHTS RD                              HAYWARD, CA  94560","41-558667","","BUSINESS & COMMERICAL SERVICE CENTER 3031 TISCH WY STE 310 SAN JOSE, CA  95128","22","0108","5890 MOWRY SCHOOL RD, # D1","NEWARK","01","94560","28817 BAY HEIGHTS RD","HAYWARD","94560","CA"
"653223","PEND WITHDRAWN","47 | 0","","","RAGUSANO LLC                         ,","889 FRANCISCO ST, UNIT 2009                              LOS ANGELES, CA  90017","","","","3","","","","","","889 FRANCISCO ST, UNIT 2009","LOS ANGELES","90017","CA"
"653227","PEND WITHDRAWN","47 | 0","","","PORTFOLIO COFFEEHOUSE, LLC                         ,","366 CHERRY AVE                              LONG BEACH, CA  90814","","","","3","","","","","","366 CHERRY AVE","LONG BEACH","90814","CA"
"653240","PEND ACTIVE","18 | 0","12/11/2023","08/31/2024","DBA: STOKE DISTILLING COMPANY                        87 SPIRITS INC                         505 MAIN ST, UNIT B7,                         CHULA VISTA, CA  91911-6059","603 SEAGAZE DR, #919                              OCEANSIDE, CA  92054-3005","18-618476","","","10","3702","505 MAIN ST, UNIT B7","CHULA VISTA","37","91911","603 SEAGAZE DR, #919","OCEANSIDE","92054","CA"
"653269","PEND ACTIVE","47 | 0","12/12/2023","11/30/2024","DBA: TONY'S GRILL & BAR                        CUEVAS-MARTINEZ, ANTONIO                         665 S PALM CANYON DR,                         PALM SPRINGS, CA  92264-7439","35903 DATE PALM DR, STE D1                              CATHEDRAL CITY, CA  92234-6658","47-535983","","THE ESCROW CONNECTION 1111 E. TAHQUITZ CANYON WAY #101 PALM SPRINGS, CA  92262","8","3310","665 S PALM CANYON DR","PALM SPRINGS","33","92264","35903 DATE PALM DR, STE D1","CATHEDRAL CITY","92234","CA"
"653301","PEND ACTIVE","09 | 1","12/12/2023","11/30/2024","DBA: WEST COAST BRANDS DISTRIBUTING, LLC                        WEST COAST BRANDS DISTRIBUTING, LLC                         6965 LUTHER DR, STE 10 & 11,                         SACRAMENTO, CA  95823-1824","18 SYCAMORE DR                              ORINDA, CA  94563-1419","","","","23","3405","6965 LUTHER DR, STE 10 & 11","SACRAMENTO","34","95823","18 SYCAMORE DR","ORINDA","94563","CA"
"653301","PEND ACTIVE","12 | 1","12/12/2023","11/30/2024","DBA: WEST COAST BRANDS DISTRIBUTING, LLC                        WEST COAST BRANDS DISTRIBUTING, LLC                         6965 LUTHER DR, STE 10 & 11,                         SACRAMENTO, CA  95823-1824","18 SYCAMORE DR                              ORINDA, CA  94563-1419","","","","23","3405","6965 LUTHER DR, STE 10 & 11","SACRAMENTO","34","95823","18 SYCAMORE DR","ORINDA","94563","CA"
"653301","PEND ACTIVE","17 | 1","12/12/2023","11/30/2024","DBA: WEST COAST BRANDS DISTRIBUTING, LLC                        WEST COAST BRANDS DISTRIBUTING, LLC                         6965 LUTHER DR, STE 10 & 11,                         SACRAMENTO, CA  95823-1824","18 SYCAMORE DR                              ORINDA, CA  94563-1419","","","","23","3405","6965 LUTHER DR, STE 10 & 11","SACRAMENTO","34","95823","18 SYCAMORE DR","ORINDA","94563","CA"
"653301","PEND ACTIVE","18 | 1","12/12/2023","11/30/2024","DBA: WEST COAST BRANDS DISTRIBUTING, LLC                        WEST COAST BRANDS DISTRIBUTING, LLC                         6965 LUTHER DR, STE 10 & 11,                         SACRAMENTO, CA  95823-1824","18 SYCAMORE DR                              ORINDA, CA  94563-1419","","","","23","3405","6965 LUTHER DR, STE 10 & 11","SACRAMENTO","34","95823","18 SYCAMORE DR","ORINDA","94563","CA"
"653305","PEND ACTIVE","47 | 0","12/12/2023","11/30/2024","DBA: NORTH  ITALIA                        NORTH RESTAURANTS LLC                         2957 MICHELSON DR,                         IRVINE, CA  92612-0623","26901 MALIBU HILLS RD                              CALABASAS, CA  91301-5354","47-589055","","","11","3026","2957 MICHELSON DR","IRVINE","30","92612","26901 MALIBU HILLS RD","CALABASAS","91301","CA"
"653309","PEND ACTIVE","48 | 0","12/12/2023","11/30/2024","DBA: KEG ROOM BAR                        BRENNAN, JOHN PAUL                         3035 ORO DAM BLVD W,                         OROVILLE, CA  95965","","48-363468","","CAPITOL CITY ESCROW 3838 WATT AVE #F610 SACRAMENTO, CA  95821","31","0404","3035 ORO DAM BLVD W","OROVILLE","04","95965","","","",""
"653342","PEND ACTIVE","41 | 0","12/12/2023","04/30/2024","DBA: ROOSTERS ON THE RIVER                        BECKYS LLC                         1379 GARDEN HWY,                         SACRAMENTO, CA  95833-9645","5654 BELLEVIEW AVE                              SACRAMENTO, CA  95824","41-613997","7","","23","3405","1379 GARDEN HWY","SACRAMENTO","34","95833","5654 BELLEVIEW AVE","SACRAMENTO","95824","CA"
"653446","PEND ACTIVE","41 | 0","12/11/2023","11/30/2024","JC&Y CORP                         5830 E LOS ANGELES AVE,                         SIMI VALLEY, CA  93063-4200","","41-559285","","TEAM ESCROW BP, INC 6025 BEACH BLVD BUENA PARK, CA  90621-2304","12","5609","5830 E LOS ANGELES AVE","SIMI VALLEY","56","93063","","","",""
"653454","PEND ACTIVE","41 | 0","12/12/2023","01/31/2024","DBA: BLACK BEAR DINER MADERA                        BLACK BEAR DINER - MADERA, LP                         1209 E ALMOND AVE,                         MADERA, CA  93637","1224 COAST VILLAGE CIR, STE 11                              SANTA BARBARA, CA  93108-2778","41-475329","","","21","2002","1209 E ALMOND AVE","MADERA","20","93637","1224 COAST VILLAGE CIR, STE 11","SANTA BARBARA","93108","CA"
"653464","PEND ACTIVE","21 | 0","12/11/2023","11/30/2024","DBA: CLAYS LIQUOR ON LAUREL                        TS420 INC                         634 E LAUREL DR,                         SALINAS, CA  93906","99 CLAY ST                              SALINAS, CA  93901","21-457323","","BUSINESS & ESCROW SERVICE CENTER INC 3031 TISCH WAY STE 310 SAN JOSE, CA  95128","26","2708","634 E LAUREL DR","SALINAS","27","93906","99 CLAY ST","SALINAS","93901","CA"
"653490","PEND ACTIVE","12 | 1","12/12/2023","11/30/2024","DBA: SON'S & DOTTERS                        SON'S & DOTTERS LLC                         4122 SORRENTO VALLEY BLVD STE 107 A,                         SAN DIEGO, CA  92121-1431","","","","","9","3710","4122 SORRENTO VALLEY BLVD STE 107 A","SAN DIEGO","37","92121","","","",""
"653490","PEND ACTIVE","07 | 1","12/12/2023","11/30/2024","DBA: SON'S & DOTTERS                        SON'S & DOTTERS LLC                         4122 SORRENTO VALLEY BLVD STE 107 A,                         SAN DIEGO, CA  92121-1431","","","","","9","3710","4122 SORRENTO VALLEY BLVD STE 107 A","SAN DIEGO","37","92121","","","",""
"653506","PEND ACTIVE","48 | 0","12/12/2023","11/30/2024","DBA: ALIBI                        BAR ALIBI LLC                         4538 E BELMONT AVE,                         FRESNO, CA  93702-2406","119 N DUKE AVE                              FRESNO, CA  93727","48-568513","7","LENNAR TITLE, INC.  7555 N PALM AVENUE SUITE 210 FRESNO, CA  93711","21","1005","4538 E BELMONT AVE","FRESNO","10","93702","119 N DUKE AVE","FRESNO","93727","CA"
"653579","PEND ACTIVE","20 | 0","12/11/2023","11/30/2024","DBA: BEYOND MART SELMA                        JGSS FOOD SERVICE 1 INC.                         2806 FLORAL AVE,                         SELMA, CA  93662-2605","2702 VINEYARD PL                              FOWLER, CA  93625","20-645092","7","","21","1015","2806 FLORAL AVE","SELMA","10","93662","2702 VINEYARD PL","FOWLER","93625","CA"
"653601","PEND ACTIVE","42 | 0","12/12/2023","11/30/2024","DBA: GIFTS ON THE GO                        GIFTS ON THE GO LLC                         150 MAIN ST, STE 112,                         SALINAS, CA  93901-3435","1522 CONSTITUTION BLVD, #437                              SALINAS, CA  93906","42-570719","","","26","2708","150 MAIN ST, STE 112","SALINAS","27","93901","1522 CONSTITUTION BLVD, #437","SALINAS","93906","CA"
"653752","PEND ACTIVE","41 | 0","12/12/2023","11/30/2024","DBA: MAMA CHO'S BBQ                        CHO BROS, INC.                          18911 LAKE CHABOT RD,                         CASTRO VALLEY, CA  94546-2931","","41-568952","7","","22","0100","18911 LAKE CHABOT RD","CASTRO VALLEY","01","94546","","","",""
"653770","PEND ACTIVE","41 | 0","12/11/2023","11/30/2024","DBA: WHITE PALACE                        WHITE PALACE INC                         15351 BROOKHURST ST, STE 101-107,                         WESTMINSTER, CA  92683","","41-283687","7","APEX ESCROW 15440 BEACH BLVD STE 131 WESTMINSTER, CA  92683-6240","11","3021","15351 BROOKHURST ST, STE 101-107","WESTMINSTER","30","92683","","","",""
"653776","PEND ACTIVE","20 | 0","12/11/2023","06/30/2024","DBA: 7 ELEVEN 16346F                        7 ELEVEN INC                         602 LAUREL ST,                         SANTA CRUZ, CA  95060","PO BOX 139044                              DALLAS, TX  75313-9044","20-214928","","7-ELEVEN INC PO BOX 139044 ATTEN: LICENSING DEPARTMENT DALLAS, TX  75313-9044","26","4402","602 LAUREL ST","SANTA CRUZ","44","95060","PO BOX 139044","DALLAS","75313","TX"
"653813","PEND ACTIVE","02 | 0","12/12/2023","06/30/2024","ARH ENTERPRISES LLC                         810 FOOTHILL BLVD,                         CALISTOGA, CA  94515-9665","PO BOX 754                              OCEAN SHORES, WA  98569","","7","","27","2801","810 FOOTHILL BLVD","CALISTOGA","28","94515","PO BOX 754","OCEAN SHORES","98569","WA"
"653842","PEND ACTIVE","48 | 0","12/11/2023","11/30/2024","DBA: HOLD FAST LOUNGE                        JENSEN, LINDA MARY                         529 SEABRIGHT AVE,                         SANTA CRUZ, CA  95062-3451","3210 CHURNSIDE LN                              SANTA CRUZ, CA  95062","48-521320","7","BUSINESS & ESCROW SERVICE CENTER 3031 TISCH WAY STE 310 SAN JOSE, CA  95128","26","4402","529 SEABRIGHT AVE","SANTA CRUZ","44","95062","3210 CHURNSIDE LN","SANTA CRUZ","95062","CA"
"653935","PEND ACTIVE","20 | 0","12/11/2023","11/30/2024","DBA: COALINGA ISLAND                        AHMED, MUSAID KAID                         600 E ELM AVE,                         COALINGA, CA  93210-1515","","20-436791","","TICOR TITLE 10000 STOCKDALE HWY #101 BAKERSFIELD, CA  93311","21","1002","600 E ELM AVE","COALINGA","10","93210","","","",""
"653950","PEND ACTIVE","21 | 0","12/12/2023","11/30/2024","DBA: MJ 11 MARKET                        SINGH, KULJINDER                         3464 MYERS ST,                         OROVILLE, CA  95966","","21-621900","7","FIRST AMERICAN TITLE COMPANY 415 CENTURY PARK DR. YUBA CITY, CA  95991","31","0400","3464 MYERS ST","OROVILLE","04","95966","","","",""
"653962","PEND WITHDRAWN","21 | 0","","","DBA: KWIK SERV                        NY KHANS LLC                         1675 N BEALE RD,                         MARYSVILLE, CA  95901-6925","","351809","7","BUSINESS & ESCROW SERVICE CENTER 3031 TISCH WAY 310 SAN JOSE, CA  95128","23","5800","1675 N BEALE RD","MARYSVILLE","58","95901","","","",""
"653994","PEND ACTIVE","41 | 0","12/11/2023","11/30/2024","DBA: TAQUERIA TECOMAN                        TAQUERIA TECOMAN LLC                         2003 EICH RD,                         EUREKA, CA  95503-6909","","","","","28","1200","2003 EICH RD","EUREKA","12","95503","","","",""
"654002","PEND ACTIVE","17 | 1","12/11/2023","11/30/2024","DBA: PROSPECTOR IMPORTS INC                        PROSPECTOR IMPORTS INC                         3309 E MIRALOMA AVE, STE 105,                         ANAHEIM, CA  92806-1942","","","","","11","3001","3309 E MIRALOMA AVE, STE 105","ANAHEIM","30","92806","","","",""
"654002","PEND ACTIVE","18 | 1","12/11/2023","11/30/2024","DBA: PROSPECTOR IMPORTS INC                        PROSPECTOR IMPORTS INC                         3309 E MIRALOMA AVE, STE 105,                         ANAHEIM, CA  92806-1942","","","","","11","3001","3309 E MIRALOMA AVE, STE 105","ANAHEIM","30","92806","","","",""
"654002","PEND ACTIVE","09 | 1","12/11/2023","11/30/2024","DBA: PROSPECTOR IMPORTS INC                        PROSPECTOR IMPORTS INC                         3309 E MIRALOMA AVE, STE 105,                         ANAHEIM, CA  92806-1942","","","","","11","3001","3309 E MIRALOMA AVE, STE 105","ANAHEIM","30","92806","","","",""
"654002","PEND ACTIVE","12 | 1","12/11/2023","11/30/2024","DBA: PROSPECTOR IMPORTS INC                        PROSPECTOR IMPORTS INC                         3309 E MIRALOMA AVE, STE 105,                         ANAHEIM, CA  92806-1942","","","","","11","3001","3309 E MIRALOMA AVE, STE 105","ANAHEIM","30","92806","","","",""
"654077","PEND ACTIVE","85 | 0","12/12/2023","11/30/2024","DBA: STEF'S WINES                        SALT, STEFANI MILLER                         1040A GARDENA RD,                         ENCINITAS, CA  92024-4604","","","7","","9","3718","1040A GARDENA RD","ENCINITAS","37","92024","","","",""
"654078","PEND ACTIVE","17 | 1","12/11/2023","11/30/2024","DBA: INDEPENDENCE WINE MARKETING                        INDEPENDENCE WINE MARKETING LLC                         3 SHARI CT,                         NOVATO, CA  94947-4920","","","7","","27","2110","3 SHARI CT","NOVATO","21","94947","","","",""
"654078","PEND ACTIVE","09 | 1","12/11/2023","11/30/2024","DBA: INDEPENDENCE WINE MARKETING                        INDEPENDENCE WINE MARKETING LLC                         3 SHARI CT,                         NOVATO, CA  94947-4920","","","7","","27","2110","3 SHARI CT","NOVATO","21","94947","","","",""
"654145","PEND ACTIVE","41 | 0","12/12/2023","11/30/2024","TENG WEI INC                         400 EAST F ST,                         OAKDALE, CA  95361-4064","","41-460593","","JOHN KHOO ATTORNEY AT LAW 3000 T ST STE 104 SACRAMENTO, CA  95816","29","5004","400 EAST F ST","OAKDALE","50","95361","","","",""
"654157","PEND ACTIVE","41 | 0","12/11/2023","11/30/2024","DBA: NEW YORK PIZZA AND GRILL                        HANJRAH BROTHER LLC                         1401 W EL MONTE WAY, STE 106,                         DINUBA, CA  93618-9165","1758 ASA GRAY WAY                              DINUBA, CA  93618","41-614294","","TICOR TITLE COMPANY 10000 STOCKDALE HWY STE 101 BAKERSFIELD, CA  93311","21","5401","1401 W EL MONTE WAY, STE 106","DINUBA","54","93618","1758 ASA GRAY WAY","DINUBA","93618","CA"
"654233","PEND ACTIVE","41 | 0","12/12/2023","11/30/2024","DBA: BIEN HEN SEAFOOD AND LAU                        3 OCEANS RESTAURANT LLC                         14092 MAGNOLIA ST, STE 121-122,                         WESTMINSTER, CA  92683-4765","","41-584958","7","APEX ESCROW 15440 BEACH BLVD STE 131 WESTMINSTER, CA  92683-6240","11","3021","14092 MAGNOLIA ST, STE 121-122","WESTMINSTER","30","92683","","","",""
"655013","PEND ACTIVE","79 | 0","12/11/2023","06/30/2024","DBA: SCENIC VALLEY RANCH LLC DBA BORREGO SPRINGS CFM                        SCENIC VALLEY RANCH LLC                         CHRISTMAS CIRCLE & PALM CANYON DR,                         BORREGO SPRINGS, CA  92004","27012 SCENIC VALLEY RD                              RAMONA, CA  92065-6785","","","","9","3700","CHRISTMAS CIRCLE & PALM CANYON DR","BORREGO SPRINGS","37","92004","27012 SCENIC VALLEY RD","RAMONA","92065","CA"
"655045","PEND ACTIVE","28 | 0","12/12/2023","06/30/2024","HIGHLANDS IMPORTERS LLC                         25544 E BYERS DRIVE,                         AURORA, CO  80018","PO BOX 54937                              LOS ANGELES, CA  90054","","","","75","9999","25544 E BYERS DRIVE","AURORA","","80018","PO BOX 54937","LOS ANGELES","90054","CA"