"License Number","Status Changed From/To","Type| Dup","Original Issue Date","Expir. Date","Primary Owner and Premises Addr.","Mailing Addr.","Transfer-From/To","Conditions","Escrow","District Code","Geo Code","Prem Street","City","County","Zip Code","Mailing Street","Mailing City","Mailing Zip Code","Mailing State"
"69437","SUREND ACTIVE","52 | 0","04/03/1970","07/31/2024","DBA: AMERICAN LEGION LEO COLLINS POST 229                        AMERICAN LEGION LEO COLLINS POST                         11382 LAWSON AVE,                         ADELANTO, CA  92301","PO BOX 626                              ADELANTO, CA  92301","","","","7","3614","11382 LAWSON AVE","ADELANTO","36","92301","PO BOX 626","ADELANTO","92301","CA"
"116318","ACTIVE CANCEL","47 | 0","02/10/1982","08/31/2024","DBA: BASQUE CULTURAL CENTER                        SAN FRANCISCO BASQUE CULTURAL CTR                         599 RAILROAD AVE,                         SOUTH SAN FRANCISCO, CA  94080","","","","","25","4114","599 RAILROAD AVE","SOUTH SAN FRANCISCO","41","94080","","","",""
"218873","ACTIVE SUREND","21 | 0","08/05/1988","06/30/2024","DBA: RITE AID STORE 5656                        THRIFTY PAYLESS, INC.                         8694 LAKE MURRAY BLVD,                         SAN DIEGO, CA  92119","560 MISSION ST STE 1900, C/O HOLLAND & KNIGHT                              ATTN: RUTE CANTOR, SAN FRANCISCO, CA  94105","","","","10","3710","8694 LAKE MURRAY BLVD","SAN DIEGO","37","92119","560 MISSION ST STE 1900, C/O HOLLAND & KNIGHT","SAN FRANCISCO","94105","CA"
"303224","ACTIVE CANCEL","20 | 0","01/30/1995","12/31/2024","DBA: WINE STARS                        SMITH, EVELYN J                         3451 AIRWAY DR, STE I,                         SANTA ROSA, CA  95403","1634 NEOTOMAS AVE                              SANTA ROSA, CA  95405","","","","27","4904","3451 AIRWAY DR, STE I","SANTA ROSA","49","95403","1634 NEOTOMAS AVE","SANTA ROSA","95405","CA"
"376818","SUREND CANCEL","47 | 0","09/28/2001","08/31/2024","DBA: TASTE CAFE & BISTRO                        TASTE CAFE INC                         1199 FOREST AVE,                         PACIFIC GROVE, CA  93950-5100","","47-349095/ 47-654903","7","","26","2707","1199 FOREST AVE","PACIFIC GROVE","27","93950","","","",""
"419727","SUSPEN ACTIVE","47 | 1","02/15/2005","01/31/2024","DBA: OOLA RESTAURANT AND BAR                        860 RESTAURANT LLC                         860 FOLSOM ST, STE A,                         SAN FRANCISCO, CA  94107","330 FIRST ST                              SAN FRANCISCO, CA  94105","47-383623","","","24","3800","860 FOLSOM ST, STE A","SAN FRANCISCO","38","94107","330 FIRST ST","SAN FRANCISCO","94105","CA"
"419727","SUSPEN ACTIVE","58 | 1","02/15/2005","01/31/2024","DBA: OOLA RESTAURANT AND BAR                        860 RESTAURANT LLC                         860 FOLSOM ST, STE A,                         SAN FRANCISCO, CA  94107","330 FIRST ST                              SAN FRANCISCO, CA  94105","47-383623","","","24","3800","860 FOLSOM ST, STE A","SAN FRANCISCO","38","94107","330 FIRST ST","SAN FRANCISCO","94105","CA"
"437449","ACTIVE CANCEL","41 | 0","05/31/2006","04/30/2024","DBA: KITCHEN THE                        KITCHEN MAKE INC                         279 EL CAMINO REAL,                         MILLBRAE, CA  94030","","41-321243/ 41-655547","","","25","4108","279 EL CAMINO REAL","MILLBRAE","41","94030","","","",""
"449263","AUTREV ACTIVE","41 | 0","03/12/2007","08/31/2024","DBA: SUSHI BOAT WESTGATE                        SUSHI BOAT WESTGATE INC                         1600 SARATOGA AVE, STE 119,                         SAN JOSE, CA  95129-5106","","41-390395/ 41-647691","8","","25","4313","1600 SARATOGA AVE, STE 119","SAN JOSE","43","95129","","","",""
"449263","AUTREV ACTIVE","41 | 0","03/12/2007","08/31/2024","DBA: SUSHI BOAT WESTGATE                        SUSHI BOAT WESTGATE INC                         1600 SARATOGA AVE, STE 119,                         SAN JOSE, CA  95129-5106","","41-390395/ 41-647691","8","","25","4313","1600 SARATOGA AVE, STE 119","SAN JOSE","43","95129","","","",""
"450709","ACTIVE DEPREV","41 | 0","04/24/2007","03/31/2024","DBA: SEQUOIA CIDER MILL RESTAURANT                        PONCE, EFRAIN                         40311 SIERRA DR,                         THREE RIVERS, CA  93271-9745","PO BOX 288                              WOODLAKE, CA  93286-0288","41-126069","","","21","5400","40311 SIERRA DR","THREE RIVERS","54","93271","PO BOX 288","WOODLAKE","93286","CA"
"466261","ACTIVE SUREND","47 | 0","12/02/2015","11/30/2024","DBA: CANBY HOTEL AND TRADING CO                        TAVERNETTI, TRACY LAINE                         22415 HIGHWAY 299,                         CANBY, CA  96015","PO BOX 161                              CANBY, CA  96015","47-400719","7","","31","2500","22415 HIGHWAY 299","CANBY","25","96015","PO BOX 161","CANBY","96015","CA"
"466261","ACTIVE SUREND","21 | 0","12/02/2015","11/30/2024","DBA: CANBY HOTEL AND TRADING CO                        TAVERNETTI, TRACY LAINE                         22415 HIGHWAY 299,                         CANBY, CA  96015","PO BOX 161                              CANBY, CA  96015","21-400719","7","","31","2500","22415 HIGHWAY 299","CANBY","25","96015","PO BOX 161","CANBY","96015","CA"
"502827","SUSPEN ACTIVE","47 | 1","03/22/2011","02/29/2024","DBA: LOCAL KITCHEN & WINE MERCHANT                        FISHER BAKER & FARMER LLC                         330 1ST ST,                         SAN FRANCISCO, CA  94105-2602","","47-441958","7","ABC ESCROW 17383 SUNSET BLVD STE A310 PACIFIC PALISADES, CA  90272","24","3800","330 1ST ST","SAN FRANCISCO","38","94105","","","",""
"502827","SUSPEN ACTIVE","58 | 1","03/22/2011","02/29/2024","DBA: LOCAL KITCHEN & WINE MERCHANT                        FISHER BAKER & FARMER LLC                         330 1ST ST,                         SAN FRANCISCO, CA  94105-2602","","47-441958","7","ABC ESCROW 17383 SUNSET BLVD STE A310 PACIFIC PALISADES, CA  90272","24","3800","330 1ST ST","SAN FRANCISCO","38","94105","","","",""
"505978","ACTIVE CANCEL","41 | 0","12/20/2010","11/30/2024","DBA: GUADALAJARA MARKET                        VILLA, MANUEL R                         1601 CROWS LANDING RD,                         MODESTO, CA  95358-5606","710 LANDER AVE                              TURLOCK, CA  95380-5641","41-276920","","CALIFORNIA BUSINESS ESCROW INC 1748 MAIN ST ESCALON, CA  95320-1927","29","5002","1601 CROWS LANDING RD","MODESTO","50","95358","710 LANDER AVE","TURLOCK","95380","CA"
"510236","AUTREV ACTIVE","41 | 0","07/29/2011","06/30/2024","DBA: SEIYA                        KUJODA LLC                         741 LAUREL ST,                         SAN CARLOS, CA  94070-3113","","41-463379","","BUSINESS & ESCROW SERVICE CENTER 3031 TISCH WAY STE 310 SAN JOSE, CA  95128","25","4112","741 LAUREL ST","SAN CARLOS","41","94070","","","",""
"510236","AUTREV ACTIVE","41 | 0","07/29/2011","06/30/2024","DBA: SEIYA                        KUJODA LLC                         741 LAUREL ST,                         SAN CARLOS, CA  94070-3113","","41-463379","","BUSINESS & ESCROW SERVICE CENTER 3031 TISCH WAY STE 310 SAN JOSE, CA  95128","25","4112","741 LAUREL ST","SAN CARLOS","41","94070","","","",""
"521560","ACTIVE SUREND","41 | 0","09/25/2012","08/31/2024","DBA: NEW FORTUNE ASIAN CUISINE                        VANS FORTUNE COOKIE, LLC                         67555 E PALM CANYON DR, STE F120 - F121,                         CATHEDRAL CITY, CA  92234-5467","331 W RENWICK RD                              GLENDORA, CA  91740-5566","","","","8","3319","67555 E PALM CANYON DR, STE F120 - F121","CATHEDRAL CITY","33","92234","331 W RENWICK RD","GLENDORA","91740","CA"
"523458","ACTIVE CANCEL","47 | 1","08/15/2012","09/30/2024","DBA: SWISS RESTAURANT & BAR THE                        SWISS BAR, INC. THE                         516 N BROADWAY,                         SANTA MARIA, CA  93454-4160","310 JAMES WAY, STE 120                              PISMO BEACH, CA  93449","47-487942/ 47-649379","8","","13","4204","516 N BROADWAY","SANTA MARIA","42","93454","310 JAMES WAY, STE 120","PISMO BEACH","93449","CA"
"523458","ACTIVE CANCEL","58 | 1","08/15/2012","09/30/2024","DBA: SWISS RESTAURANT & BAR THE                        SWISS BAR, INC. THE                         516 N BROADWAY,                         SANTA MARIA, CA  93454-4160","310 JAMES WAY, STE 120                              PISMO BEACH, CA  93449","47-487942/ 47-649379","8","","13","4204","516 N BROADWAY","SANTA MARIA","42","93454","310 JAMES WAY, STE 120","PISMO BEACH","93449","CA"
"528044","ACTIVE CANCEL","48 | 0","12/24/2014","11/30/2024","DBA: DEJA VU BAR & NIGHTCLUB                        ONTARIO FOOD & BEVERAGE, LLC                         5282 MISSION BLVD,                         ONTARIO, CA  91762-4543","","47-448580/ 47-641762","7","CALIFORNIA BUSINESS ESCROW INC 1748 MAIN ST ESCALON, CA  95320-1927","7","3607","5282 MISSION BLVD","ONTARIO","36","91762","","","",""
"528740","ACTIVE CANCEL","20 | 0","02/01/2013","06/30/2024","DBA: 7 ELEVEN STORE 2233 16799A                        7 ELEVEN INC                         162 W 10TH ST,                         GILROY, CA  95020-6501","PO BOX 139044, ATTN: LICENSING DEPARTMENT                              DALLAS, TX  75313-9044","20-382441/ 20-654954","","7 ELEVEN INC PO BOX 219088 ATT: 7 ELEVEN LICENSING DALLAS, TX  75221-9088","25","4304","162 W 10TH ST","GILROY","43","95020","PO BOX 139044, ATTN: LICENSING DEPARTMENT","DALLAS","75313","TX"
"534840","ACTIVE CANCEL","48 | 1","09/18/2013","08/31/2024","DBA: HARRYS                        TURNHAM, HARRY ARTHUR                         6540 WOFFORD HEIGHTS BLVD,                         WOFFORD HEIGHTS, CA  93285","PO BOX 3831                              WOFFORD HEIGHTS, CA  93285-3831","48-363751/ 48-654525","7","CHICAGO TITLE 1460 W SEVENTH ST STE 102 HANFORD, CA  93230","6","1500","6540 WOFFORD HEIGHTS BLVD","WOFFORD HEIGHTS","15","93285","PO BOX 3831","WOFFORD HEIGHTS","93285","CA"
"534840","ACTIVE CANCEL","58 | 1","09/18/2013","08/31/2024","DBA: HARRYS                        TURNHAM, HARRY ARTHUR                         6540 WOFFORD HEIGHTS BLVD,                         WOFFORD HEIGHTS, CA  93285","PO BOX 3831                              WOFFORD HEIGHTS, CA  93285-3831","48-363751/ 48-654525","7","CHICAGO TITLE 1460 W SEVENTH ST STE 102 HANFORD, CA  93230","6","1500","6540 WOFFORD HEIGHTS BLVD","WOFFORD HEIGHTS","15","93285","PO BOX 3831","WOFFORD HEIGHTS","93285","CA"
"535372","ACTIVE CANCEL","41 | 0","02/14/2014","01/31/2025","DBA: LE PAIN QUOTIDIEN                        PQ VILLA MARINA INC                         13455 MAXELLA AVE, STE 140,                         MARINA DEL REY, CA  90292-8810","50 BROAD ST, 12TH FLR                              NEW YORK, NY  10004-2790","","","","3","1933","13455 MAXELLA AVE, STE 140","MARINA DEL REY","19","90292","50 BROAD ST, 12TH FLR","NEW YORK","10004","NY"
"538676","ACTIVE CANCEL","02 | 0","01/07/2014","06/30/2024","DBA: RED CAR WINE COMPANY                        RED CAR WINE COMPANY LLC                         2064 HIGHWAY 116 N, BLDG 5 STE 502,                         SEBASTOPOL, CA  95472","8400 GRATON RD                              SEBASTOPOL, CA  95472-2401","","7","","27","4900","2064 HIGHWAY 116 N, BLDG 5 STE 502","SEBASTOPOL","49","95472","8400 GRATON RD","SEBASTOPOL","95472","CA"
"541597","ACTIVE CANCEL","41 | 0","05/30/2014","04/30/2024","DBA: PITA KABOB                        PITA KABOB & GRILL, INC.                         227 N COURT ST,                         VISALIA, CA  93291","PO BOX 6968                              VISALIA, CA  93290-6968","","7","","21","5406","227 N COURT ST","VISALIA","54","93291","PO BOX 6968","VISALIA","93290","CA"
"542726","ACTIVE CANCEL","47 | 2","08/22/2014","07/31/2024","DBA: HOWARD JOHNSON                        XLY AUTTUN, LLC                         222 W HOUSTON AVE,                         FULLERTON, CA  92832-3453","","47-489273/ 47-643525","","LAWYERS TITLE COMPANY 625 E CARNEGIE DR #105 SAN BERNARDINO, CA  92408","11","3008","222 W HOUSTON AVE","FULLERTON","30","92832","","","",""
"542726","ACTIVE CANCEL","68 | 2","08/22/2014","07/31/2024","DBA: HOWARD JOHNSON                        XLY AUTTUN, LLC                         222 W HOUSTON AVE,                         FULLERTON, CA  92832-3453","","47-489273/ 47-643525","","LAWYERS TITLE COMPANY 625 E CARNEGIE DR #105 SAN BERNARDINO, CA  92408","11","3008","222 W HOUSTON AVE","FULLERTON","30","92832","","","",""
"542726","ACTIVE CANCEL","58 | 2","08/22/2014","07/31/2024","DBA: HOWARD JOHNSON                        XLY AUTTUN, LLC                         222 W HOUSTON AVE,                         FULLERTON, CA  92832-3453","","47-489273/ 47-643525","","LAWYERS TITLE COMPANY 625 E CARNEGIE DR #105 SAN BERNARDINO, CA  92408","11","3008","222 W HOUSTON AVE","FULLERTON","30","92832","","","",""
"543480","ACTIVE CANCEL","86 | 0","03/05/2015","02/29/2024","DBA: WHISKEY STORE THE                        WHISKEY STORE  INC, THE                         8650 HAYDEN PLACE, STE A,                         CULVER CITY, CA  90232-2902","","","7","BAY COMMERCIAL BANK 500 YGNACIO VALLEY RD STE 200 WALNUT GROVE, CA  94596","4","1914","8650 HAYDEN PLACE, STE A","CULVER CITY","19","90232","","","",""
"543980","SUSPEN ACTIVE","47 | 1","06/13/2014","05/31/2024","DBA: RED DOG                        MINISTRY OF TASTE LLC                         303 2ND ST, #S138,                         SAN FRANCISCO, CA  94107-1366","","47-388496","7","ABC ESCROW 2222 DAMON STREET  LOS ANGELES, CA  90021","24","3800","303 2ND ST, #S138","SAN FRANCISCO","38","94107","","","",""
"543980","SUSPEN ACTIVE","58 | 1","06/13/2014","05/31/2024","DBA: RED DOG                        MINISTRY OF TASTE LLC                         303 2ND ST, #S138,                         SAN FRANCISCO, CA  94107-1366","","47-388496","7","ABC ESCROW 2222 DAMON STREET  LOS ANGELES, CA  90021","24","3800","303 2ND ST, #S138","SAN FRANCISCO","38","94107","","","",""
"556341","AUTREV SUREND","47 | 0","07/10/2015","06/30/2024","DBA: FOUR BRICKS                        FOUR BRICKS, LLC                         6512 GREENLEAF AVE,                         WHITTIER, CA  90601-4107","19036 ABDERA ST                               ROWLAND HEIGHTS, CA  91748-2201","47-554278","","ABC ESCROW 2222 DAMON STREET  LOS ANGELES, CA  90021","2","1961","6512 GREENLEAF AVE","WHITTIER","19","90601","19036 ABDERA ST","ROWLAND HEIGHTS","91748","CA"
"556341","AUTREV SUREND","47 | 0","07/10/2015","06/30/2024","DBA: FOUR BRICKS                        FOUR BRICKS, LLC                         6512 GREENLEAF AVE,                         WHITTIER, CA  90601-4107","19036 ABDERA ST                               ROWLAND HEIGHTS, CA  91748-2201","47-554278","","ABC ESCROW 2222 DAMON STREET  LOS ANGELES, CA  90021","2","1961","6512 GREENLEAF AVE","WHITTIER","19","90601","19036 ABDERA ST","ROWLAND HEIGHTS","91748","CA"
"556605","AUTREV ACTIVE","47 | 1","08/20/2015","07/31/2024","DBA: BIG T'S SEAFOOD MARKET BAR                        TIRONE & TUAN INVESTMENTS INC                         1694 TULLY RD, STE B,                         SAN JOSE, CA  95122-2537","","47-483461","7","GREEN ESCROW SERVICES","25","4313","1694 TULLY RD, STE B","SAN JOSE","43","95122","","","",""
"556605","AUTREV ACTIVE","47 | 1","08/20/2015","07/31/2024","DBA: BIG T'S SEAFOOD MARKET BAR                        TIRONE & TUAN INVESTMENTS INC                         1694 TULLY RD, STE B,                         SAN JOSE, CA  95122-2537","","47-483461","7","GREEN ESCROW SERVICES","25","4313","1694 TULLY RD, STE B","SAN JOSE","43","95122","","","",""
"556605","AUTREV ACTIVE","58 | 1","08/20/2015","07/31/2024","DBA: BIG T'S SEAFOOD MARKET BAR                        TIRONE & TUAN INVESTMENTS INC                         1694 TULLY RD, STE B,                         SAN JOSE, CA  95122-2537","","47-483461","7","GREEN ESCROW SERVICES","25","4313","1694 TULLY RD, STE B","SAN JOSE","43","95122","","","",""
"556605","AUTREV ACTIVE","58 | 1","08/20/2015","07/31/2024","DBA: BIG T'S SEAFOOD MARKET BAR                        TIRONE & TUAN INVESTMENTS INC                         1694 TULLY RD, STE B,                         SAN JOSE, CA  95122-2537","","47-483461","7","GREEN ESCROW SERVICES","25","4313","1694 TULLY RD, STE B","SAN JOSE","43","95122","","","",""
"560034","ACTIVE CANCEL","41 | 0","09/29/2015","08/31/2024","DBA: HANUL KOREAN FOOD CORNER                        SUNG'S FOOD CASTLE INC                         6041 SNELL AVE,                         SAN JOSE, CA  95123-4217","","","","","25","4313","6041 SNELL AVE","SAN JOSE","43","95123","","","",""
"570835","ACTIVE CANCEL","47 | 2","10/11/2016","09/30/2024","DBA: GODTTI'S                        JEYLIM INVESTMENTS, LLC                         7931 FIRESTONE BLVD,                         DOWNEY, CA  90241-4222","","47-528543/ 47-650792","","TIME ESCROW 3055 WILSHIRE BLVD STE 1150 LOS ANGELES, CA  90010-1176","2","1916","7931 FIRESTONE BLVD","DOWNEY","19","90241","","","",""
"570835","ACTIVE CANCEL","77 | 2","10/11/2016","09/30/2024","DBA: GODTTI'S                        JEYLIM INVESTMENTS, LLC                         7931 FIRESTONE BLVD,                         DOWNEY, CA  90241-4222","","47-528543/ 47-650792","","TIME ESCROW 3055 WILSHIRE BLVD STE 1150 LOS ANGELES, CA  90010-1176","2","1916","7931 FIRESTONE BLVD","DOWNEY","19","90241","","","",""
"570835","ACTIVE CANCEL","58 | 2","10/11/2016","09/30/2024","DBA: GODTTI'S                        JEYLIM INVESTMENTS, LLC                         7931 FIRESTONE BLVD,                         DOWNEY, CA  90241-4222","","47-528543/ 47-650792","","TIME ESCROW 3055 WILSHIRE BLVD STE 1150 LOS ANGELES, CA  90010-1176","2","1916","7931 FIRESTONE BLVD","DOWNEY","19","90241","","","",""
"579499","ACTIVE CANCEL","41 | 0","06/07/2017","05/31/2024","DBA: HARBOR FISH & CHIPS                        KAO FAMILY CORP                         2632 UNION AVE,                         SAN JOSE, CA  95124-1348","","41-472588/ 41-654704","7","","25","4313","2632 UNION AVE","SAN JOSE","43","95124","","","",""
"581130","ACTIVE SUREND","21 | 0","08/23/2017","05/31/2024","DBA: GREWALZ MARKET                        GREWALZ BROTHERS INC.                         1270 PERSIAN DR,                         SUNNYVALE, CA  94089","","21-542673","7,8","","25","4316","1270 PERSIAN DR","SUNNYVALE","43","94089","","","",""
"581186","ACTIVE CANCEL","17 | 0","06/28/2017","05/31/2024","DBA: TREBOL GOLD LLC                        TREBOL GOLD, LLC                         400 DEL NORTE BLVD,                         OXNARD, CA  93030-7997","6093 MURPHY WY                              MALIBU, CA  90265","","7","","12","5603","400 DEL NORTE BLVD","OXNARD","56","93030","6093 MURPHY WY","MALIBU","90265","CA"
"581186","ACTIVE CANCEL","20 | 0","06/28/2017","05/31/2024","DBA: TREBOL GOLD LLC                        TREBOL GOLD, LLC                         400 DEL NORTE BLVD,                         OXNARD, CA  93030-7997","6093 MURPHY WY                              MALIBU, CA  90265","","7,I","","12","5603","400 DEL NORTE BLVD","OXNARD","56","93030","6093 MURPHY WY","MALIBU","90265","CA"
"585692","ACTIVE CANCEL","41 | 0","05/30/2018","04/30/2024","DBA: SZECHUAN CHEF                        URBAN HARVEST INTERNATIONAL INC                          937 E LAS TUNAS DR, STE B,                         SAN GABRIEL, CA  91776-1600","","","","","2","1950","937 E LAS TUNAS DR, STE B","SAN GABRIEL","19","91776","","","",""
"587547","SUREND DEPREV","41 | 0","11/17/2017","10/31/2024","DBA: LA PUPUSA LOCA Y ANTOJITOS MEXICANOS RESTAURANT                        BAEZ GONZALEZ, FREDDY                         651 I ST,                         LOS BANOS, CA  93635-4222","","","","","29","2405","651 I ST","LOS BANOS","24","93635","","","",""
"587547","SUREND DEPREV","41 | 0","11/17/2017","10/31/2024","DBA: LA PUPUSA LOCA Y ANTOJITOS MEXICANOS RESTAURANT                        BAEZ GONZALEZ, FREDDY                         651 I ST,                         LOS BANOS, CA  93635-4222","","","","","29","2405","651 I ST","LOS BANOS","24","93635","","","",""
"589477","WTHDRN ACTIVE","41 | 0","","","DBA: CHANGS THAI CUISINE                        CHANGS THAI CUISINE LLC                         3620 N FREEWAY BLVD, STE 310,                         SACRAMENTO, CA  95834-2912","","","7","","23","3405","3620 N FREEWAY BLVD, STE 310","SACRAMENTO","34","95834","","","",""
"589477","WTHDRN ACTIVE","41 | 0","","","DBA: CHANGS THAI CUISINE                        CHANGS THAI CUISINE LLC                         3620 N FREEWAY BLVD, STE 310,                         SACRAMENTO, CA  95834-2912","","","7","","23","3405","3620 N FREEWAY BLVD, STE 310","SACRAMENTO","34","95834","","","",""
"592122","AUTREV ACTIVE","41 | 0","05/23/2018","04/30/2024","DBA: TACOS N MICHES                        TACOS N MICHES, LLC                         7404 FLORENCE AVE,                         DOWNEY, CA  90240-3609","900 W WILSON ST                               COSTA MESA, CA  92627-3336","41-566530","7","SECURITY LAND ESCROW 10805 PARAMOUNT BLVD STE A DOWNEY, CA  90241-3308","2","1916","7404 FLORENCE AVE","DOWNEY","19","90240","900 W WILSON ST","COSTA MESA","92627","CA"
"592122","AUTREV ACTIVE","41 | 0","05/23/2018","04/30/2024","DBA: TACOS N MICHES                        TACOS N MICHES, LLC                         7404 FLORENCE AVE,                         DOWNEY, CA  90240-3609","900 W WILSON ST                               COSTA MESA, CA  92627-3336","41-566530","7","SECURITY LAND ESCROW 10805 PARAMOUNT BLVD STE A DOWNEY, CA  90241-3308","2","1916","7404 FLORENCE AVE","DOWNEY","19","90240","900 W WILSON ST","COSTA MESA","92627","CA"
"596865","AUTREV ACTIVE","41 | 1","10/11/2018","09/30/2024","DBA: EL VOLCAN                        CONTRERAS, BERENICE GONZALEZ                         1906 N MAIN ST,                         SALINAS, CA  93906","P O BOX 279, 1628 N MAIN ST                              SALINAS, CA  93902","41-570761","","","26","2708","1906 N MAIN ST","SALINAS","27","93906","P O BOX 279, 1628 N MAIN ST","SALINAS","93902","CA"
"596865","AUTREV ACTIVE","41 | 1","10/11/2018","09/30/2024","DBA: EL VOLCAN                        CONTRERAS, BERENICE GONZALEZ                         1906 N MAIN ST,                         SALINAS, CA  93906","P O BOX 279, 1628 N MAIN ST                              SALINAS, CA  93902","41-570761","","","26","2708","1906 N MAIN ST","SALINAS","27","93906","P O BOX 279, 1628 N MAIN ST","SALINAS","93902","CA"
"596865","AUTREV ACTIVE","58 | 1","10/11/2018","09/30/2024","DBA: EL VOLCAN                        CONTRERAS, BERENICE GONZALEZ                         1906 N MAIN ST,                         SALINAS, CA  93906","P O BOX 279, 1628 N MAIN ST                              SALINAS, CA  93902","41-570761","","","26","2708","1906 N MAIN ST","SALINAS","27","93906","P O BOX 279, 1628 N MAIN ST","SALINAS","93902","CA"
"596865","AUTREV ACTIVE","58 | 1","10/11/2018","09/30/2024","DBA: EL VOLCAN                        CONTRERAS, BERENICE GONZALEZ                         1906 N MAIN ST,                         SALINAS, CA  93906","P O BOX 279, 1628 N MAIN ST                              SALINAS, CA  93902","41-570761","","","26","2708","1906 N MAIN ST","SALINAS","27","93906","P O BOX 279, 1628 N MAIN ST","SALINAS","93902","CA"
"597121","ACTIVE CANCEL","02 | 0","10/04/2018","06/30/2024","DBA: COURSEY GRAVES                        FERNRAY LLC                         113 MILL ST,                         HEALDSBURG, CA  95448-4439","6860 SERENITY WAY                              SANTA ROSA, CA  95404-8906","","","","27","4902","113 MILL ST","HEALDSBURG","49","95448","6860 SERENITY WAY","SANTA ROSA","95404","CA"
"597162","ACTIVE CANCEL","21 | 0","04/24/2019","03/31/2024","DBA: AMT MARKET                        NNM, INC.                         1700 CENTER ST,                         ROSAMOND, CA  93560-7926","","21-589743/ 21-650517","","CHICAGO TITLE COMPANY","6","1500","1700 CENTER ST","ROSAMOND","15","93560","","","",""
"600924","REVPEN ACTIVE","41 | 0","11/08/2019","10/31/2024","DBA: FRIED OR BOILED SEAFOOD                        HOANG, THUY THITHU                         4280 N BLACKSTONE AVE,                         FRESNO, CA  93726-1909","","41-577330","","CHICAGO TITLE 40037 HIGHWAY 41 OAKHURST, CA  93644","21","1005","4280 N BLACKSTONE AVE","FRESNO","10","93726","","","",""
"600924","REVPEN ACTIVE","41 | 0","11/08/2019","10/31/2024","DBA: FRIED OR BOILED SEAFOOD                        HOANG, THUY THITHU                         4280 N BLACKSTONE AVE,                         FRESNO, CA  93726-1909","","41-577330","","CHICAGO TITLE 40037 HIGHWAY 41 OAKHURST, CA  93644","21","1005","4280 N BLACKSTONE AVE","FRESNO","10","93726","","","",""
"604141","SUREND CANCEL","41 | 0","05/15/2019","04/30/2024","DBA: INDO THAI FINE CUISINE                        SINGH, BHAN                         700 N COURT ST,                         VISALIA, CA  93291-3612","","41-475828/ 41-654349","","CHICAGO TITLE COMPANY 1750 WEST WALNUT AVE VISALIA, CA  93277","21","5406","700 N COURT ST","VISALIA","54","93291","","","",""
"612090","ACTIVE CANCEL","41 | 0","11/25/2019","10/31/2024","DBA: RICO'S PIZZA                         AGUILAR, JESUS A                         2160 E PACHECO BLVD, STE K,                         LOS BANOS, CA  93635-4944","","41-557656/ 41-654222","","","29","2405","2160 E PACHECO BLVD, STE K","LOS BANOS","24","93635","","","",""
"613783","PEND DENIED","70 | 1","","","DBA: HOTEL JUNE MALIBU                        F&B HOLDCO LLC                          28920 PACIFIC COAST HIGHWAY,                         MALIBU, CA  90265-3905","","","7","","4","1988","28920 PACIFIC COAST HIGHWAY","MALIBU","19","90265","","","",""
"613783","PEND DENIED","66 | 1","","","DBA: HOTEL JUNE MALIBU                        F&B HOLDCO LLC                          28920 PACIFIC COAST HIGHWAY,                         MALIBU, CA  90265-3905","","","7","","4","1988","28920 PACIFIC COAST HIGHWAY","MALIBU","19","90265","","","",""
"613889","REVPEN ACTIVE","41 | 0","11/10/2020","10/31/2024","DBA: JEANNINES BAKERY AND RESTAURANT                        ALISON'S BAKERY INC                          7060 HOLLISTER AVE , STE 105,                         GOLETA, CA  93117","PO BOX 8929                              GOLETA, CA  93118","","","","12","4208","7060 HOLLISTER AVE , STE 105","GOLETA","42","93117","PO BOX 8929","GOLETA","93118","CA"
"613889","REVPEN ACTIVE","41 | 0","11/10/2020","10/31/2024","DBA: JEANNINES BAKERY AND RESTAURANT                        ALISON'S BAKERY INC                          7060 HOLLISTER AVE , STE 105,                         GOLETA, CA  93117","PO BOX 8929                              GOLETA, CA  93118","","","","12","4208","7060 HOLLISTER AVE , STE 105","GOLETA","42","93117","PO BOX 8929","GOLETA","93118","CA"
"615935","ACTIVE SUREND","41 | 0","07/10/2020","06/30/2024","DBA: BAJA'S GRILL                        WEST ADAMS FINANCIAL, INC.                          3250 WILSHIRE BLVD , #103,                         LOS ANGELES, CA  90010-1577","","41-591458","7","OLYMPUS ESCROW 137 E HUNTINGTON DR ARCADIA, CA  91006","4","1933","3250 WILSHIRE BLVD , #103","LOS ANGELES","19","90010","","","",""
"618951","ACTIVE CANCEL","21 | 0","10/15/2020","09/30/2024","DBA: BUD LIQUOR MARKET                        YK INC                         1298 E 4TH ST,                         LONG BEACH, CA  90802-1831","","21-517056/ 21-655270","7","METRO ESCROW INC 3600 WILSHIRE BLVD  STE 336 LOS ANGELES, CA  90010","3","1932","1298 E 4TH ST","LONG BEACH","19","90802","","","",""
"627613","REVPEN ACTIVE","41 | 0","11/16/2021","10/31/2024","DBA: KOKOLO DUNBURI                        OPEN RICE LLC                         1231-1255 S CALIFORNIA BLVD., STE. 1251,                         WALNUT CREEK, CA  94596-5122","17073 COLUMBIA DR                              CASTRO VALLEY, CA  94596","","7","","22","0711","1231-1255 S CALIFORNIA BLVD., STE. 1251","WALNUT CREEK","07","94596","17073 COLUMBIA DR","CASTRO VALLEY","94596","CA"
"627613","REVPEN ACTIVE","41 | 0","11/16/2021","10/31/2024","DBA: KOKOLO DUNBURI                        OPEN RICE LLC                         1231-1255 S CALIFORNIA BLVD., STE. 1251,                         WALNUT CREEK, CA  94596-5122","17073 COLUMBIA DR                              CASTRO VALLEY, CA  94596","","7","","22","0711","1231-1255 S CALIFORNIA BLVD., STE. 1251","WALNUT CREEK","07","94596","17073 COLUMBIA DR","CASTRO VALLEY","94596","CA"
"630399","ACTIVE CANCEL","47 | 0","11/01/2021","10/31/2024","DBA: HIDEOUT, THE                        BBSD PARTNERS INC                         1014 GRAND AVE,                         SAN DIEGO, CA  92109-4117","PO BOX 99549                              SAN DIEGO, CA  92109","47-577725/ 47-653192","7","HERITAGE ESCROW 2550 5TH AVE STE 800 SAN DIEGO, CA  92103","10","3710","1014 GRAND AVE","SAN DIEGO","37","92109","PO BOX 99549","SAN DIEGO","92109","CA"
"632317","ACTIVE CANCEL","41 | 0","07/11/2022","06/30/2024","DBA: MOKUTAN                        DOTTS LLC                         716 STATE ST ,                         SANTA BARBARA, CA  93101-3330","","","7","","12","4203","716 STATE ST","SANTA BARBARA","42","93101","","","",""
"633959","PEND ACTIVE","41 | 0","02/16/2024","01/31/2025","DBA: LE PAIN QUOTIDIEN                        APQ VILLA MARINA CA, LLC                          13455 MAXELLA AVE, STE 140,                         MARINA DEL REY, CA  90292-8810","149 FIFTH AVENUE, 3RD FLOOR                              NEW YORK, NY  10010","41-535372","","","3","1933","13455 MAXELLA AVE, STE 140","MARINA DEL REY","19","90292","149 FIFTH AVENUE, 3RD FLOOR","NEW YORK","10010","NY"
"637624","PEND WITHDRAWN","41 | 0","","","DBA: BIRRIA MI RANCHO                        BIRRIA MI RANCHO                         715 S OXNARD BLVD,                         OXNARD, CA  93030-7146","","631599","","","12","5603","715 S OXNARD BLVD","OXNARD","56","93030","","","",""
"638483","ACTIVE CANCEL","41 | 0","10/28/2022","09/30/2024","DBA: TIPSY PUTT                        TIPSY PUTT SV LLC                         95 PRESCOTT AVE,                         MONTEREY, CA  93940-1038","630 K ST, #120                              SACRAMENTO, CA  95814","","","","26","2706","95 PRESCOTT AVE","MONTEREY","27","93940","630 K ST, #120","SACRAMENTO","95814","CA"
"641608","ACTIVE CANCEL","41 | 0","10/28/2022","09/30/2024","DBA: T. N. T. TORTAS AND TACOS LLC                        T.N.T. TORTAS AND TACOS LLC                         14567 E TELEGRAPH RD,                         LA MIRADA, CA  90638","4923 COLDBROOK AVE                              LAKEWOOD, CA  90713","41-618750/ 41-650276","7","SECURITY LAND ESCROW COMPANY 10805 PARAMOUNT BLVD STE A DOWNEY, CA  90241-3308","3","1968","14567 E TELEGRAPH RD","LA MIRADA","19","90638","4923 COLDBROOK AVE","LAKEWOOD","90713","CA"
"641762","PEND ACTIVE","47 | 0","02/20/2024","01/31/2025","DBA: SEPTEMBERS TAPROOM & EATERY                        GAGGLE'S INC                         3150 CASE RD, BUILDING Q,                         PERRIS, CA  92570-5560","8656 UTICA AVE, STE 150                              RANCHO CUCAMONGA, CA  91730-4846","48-528044","2","CALIFORNIA BUSINESS ESCROW, INC 1748 MAIN ST ESCALON, CA  95320-1927","7","3311","3150 CASE RD, BUILDING Q","PERRIS","33","92570","8656 UTICA AVE, STE 150","RANCHO CUCAMONGA","91730","CA"
"643525","PEND ACTIVE","47 | 2","02/16/2024","01/31/2025","DBA: HOWARD JOHNSON FULLERTON                        SATYA INVESTMENTS, LLC                         222 W HOUSTON AVE,                         FULLERTON, CA  92832-3453","9249 SIERRA COLLEGE BLVD                              ROSEVILLE, CA  95661-5934","47-542726","","CALIFORNIA BUSINESS ESCROW 1748 MAIN ST ESCALON, CA  95320-1927","11","3008","222 W HOUSTON AVE","FULLERTON","30","92832","9249 SIERRA COLLEGE BLVD","ROSEVILLE","95661","CA"
"643525","PEND ACTIVE","68 | 2","02/16/2024","01/31/2025","DBA: HOWARD JOHNSON FULLERTON                        SATYA INVESTMENTS, LLC                         222 W HOUSTON AVE,                         FULLERTON, CA  92832-3453","9249 SIERRA COLLEGE BLVD                              ROSEVILLE, CA  95661-5934","47-542726","","CALIFORNIA BUSINESS ESCROW 1748 MAIN ST ESCALON, CA  95320-1927","11","3008","222 W HOUSTON AVE","FULLERTON","30","92832","9249 SIERRA COLLEGE BLVD","ROSEVILLE","95661","CA"
"643525","PEND ACTIVE","58 | 2","02/16/2024","01/31/2025","DBA: HOWARD JOHNSON FULLERTON                        SATYA INVESTMENTS, LLC                         222 W HOUSTON AVE,                         FULLERTON, CA  92832-3453","9249 SIERRA COLLEGE BLVD                              ROSEVILLE, CA  95661-5934","47-542726","","CALIFORNIA BUSINESS ESCROW 1748 MAIN ST ESCALON, CA  95320-1927","11","3008","222 W HOUSTON AVE","FULLERTON","30","92832","9249 SIERRA COLLEGE BLVD","ROSEVILLE","95661","CA"
"643836","ACTIVE SUREND","41 | 0","01/20/2023","12/31/2024","DBA: BAMBINO FELICE                        PICENO, ALEXANDER                         1665 N HACIENDA BLVD,                         LA PUENTE, CA  91744-1137","15159 NUBIA ST                               BALDWIN PARK, CA  91706-1950","41-603072","","MOSAIC ESCROW INC 451 W BONITA AVE SUITE 1 SAN DIMAS, CA  91773","2","1930","1665 N HACIENDA BLVD","LA PUENTE","19","91744","15159 NUBIA ST","BALDWIN PARK","91706","CA"
"644984","PEND ACTIVE","20 | 0","02/20/2024","01/31/2025","ASCENSION WINE CO. LLC                         5230 PACIFIC CONCOURSE DR, STE 100,                         LOS ANGELES, CA  90045-6279","","","7,I","","3","1933","5230 PACIFIC CONCOURSE DR, STE 100","LOS ANGELES","19","90045","","","",""
"644984","PEND ACTIVE","17 | 0","02/20/2024","01/31/2025","ASCENSION WINE CO. LLC                         5230 PACIFIC CONCOURSE DR, STE 100,                         LOS ANGELES, CA  90045-6279","","","7","","3","1933","5230 PACIFIC CONCOURSE DR, STE 100","LOS ANGELES","19","90045","","","",""
"645957","PEND ACTIVE","41 | 0","02/16/2024","01/31/2025","DBA: PARAKEET CAFE                        WELLNESS EATERY CARLSBAD LLC                         1935 CALLE BARCELONA, STE 176,                         CARLSBAD, CA  92009-8465","7514 GIRARD AVE, STE 1601                              LA JOLLA, CA  92037-5149","","","","9","3701","1935 CALLE BARCELONA, STE 176","CARLSBAD","37","92009","7514 GIRARD AVE, STE 1601","LA JOLLA","92037","CA"
"646755","PEND ACTIVE","47 | 0","02/20/2024","01/31/2025","SHANGRI LALA LLC                         350 N ROBERTSON BLVD,                         WEST HOLLYWOOD, CA  90048-2413","","47-426021","7","SECURED TRUST ESCROW INC 21111 VICTOR ST TORRANCE, CA  90503","4","1983","350 N ROBERTSON BLVD","WEST HOLLYWOOD","19","90048","","","",""
"647128","PEND ACTIVE","20 | 0","02/20/2024","01/31/2025","DBA: 5TH GEN MEAT CO                        5TH GEN MEAT CO, INC                         13643 TONIKAN RD,                         APPLE VALLEY, CA  92308-6559","","","","","7","3621","13643 TONIKAN RD","APPLE VALLEY","36","92308","","","",""
"647427","PEND ACTIVE","02 | 0","02/20/2024","06/30/2024","DBA: TOP WINERY                        TOP WINERY, LLC                         2323 TULEY RD, STE 110,                         PASO ROBLES, CA  93446-6344","PO BOX 786                              PASO ROBLES, CA  93447-0786","02-615324","","","13","4002","2323 TULEY RD, STE 110","PASO ROBLES","40","93446","PO BOX 786","PASO ROBLES","93447","CA"
"648600","PEND ACTIVE","48 | 2","02/20/2024","01/31/2025","DBA: THREE-13                        SIPS LLC                         820 W 19TH ST,                         COSTA MESA, CA  92627-3519","","48-534322","","CHICAGO TITLE COMPANY 920 GLENNEYRE ST STE N LAGUNA BEACH, CA  92651","11","3004","820 W 19TH ST","COSTA MESA","30","92627","","","",""
"648600","PEND ACTIVE","77 | 2","02/20/2024","01/31/2025","DBA: THREE-13                        SIPS LLC                         820 W 19TH ST,                         COSTA MESA, CA  92627-3519","","48-534322","","CHICAGO TITLE COMPANY 920 GLENNEYRE ST STE N LAGUNA BEACH, CA  92651","11","3004","820 W 19TH ST","COSTA MESA","30","92627","","","",""
"648600","PEND ACTIVE","58 | 2","02/20/2024","01/31/2025","DBA: THREE-13                        SIPS LLC                         820 W 19TH ST,                         COSTA MESA, CA  92627-3519","","48-534322","","CHICAGO TITLE COMPANY 920 GLENNEYRE ST STE N LAGUNA BEACH, CA  92651","11","3004","820 W 19TH ST","COSTA MESA","30","92627","","","",""
"648965","PEND ACTIVE","20 | 0","02/20/2024","01/31/2025","DBA: STRATHMORE CORNER                        STRATHMORE CORNER INC                         22425 AVENUE 196,                         STRATHMORE, CA  93267","2534 W MEMORY LN                              PORTERVILLE, CA  93257-6929","20-581930","","ABC ESCROW 2222 DAMON STREET  LOS ANGELES, CA  90021","21","5400","22425 AVENUE 196","STRATHMORE","54","93267","2534 W MEMORY LN","PORTERVILLE","93257","CA"
"649379","PEND ACTIVE","47 | 1","02/16/2024","01/31/2025","DBA: SWISS RESTAURANT THE                        SWISS RESTAURANT INC THE                         516 N BROADWAY,                         SANTA MARIA, CA  93454-4160","2525 TELEPHONE RD                              SANTA MARIA, CA  93454","47-523458","","CARSEL AND BORJAS LLP 3220 S HIGUERA ST STE 311 SAN LUIS OBISPO, CA  93401","13","4204","516 N BROADWAY","SANTA MARIA","42","93454","2525 TELEPHONE RD","SANTA MARIA","93454","CA"
"649379","PEND ACTIVE","58 | 1","02/16/2024","01/31/2025","DBA: SWISS RESTAURANT THE                        SWISS RESTAURANT INC THE                         516 N BROADWAY,                         SANTA MARIA, CA  93454-4160","2525 TELEPHONE RD                              SANTA MARIA, CA  93454","47-523458","","CARSEL AND BORJAS LLP 3220 S HIGUERA ST STE 311 SAN LUIS OBISPO, CA  93401","13","4204","516 N BROADWAY","SANTA MARIA","42","93454","2525 TELEPHONE RD","SANTA MARIA","93454","CA"
"649578","PEND ACTIVE","47 | 0","02/16/2024","01/31/2025","DBA: BASQUE CULTURAL CENTER                        599 RAILROAD CATERING INC                         599 RAILROAD AVE,                         SOUTH SAN FRANCISCO, CA  94080","","47-116318","","","25","4114","599 RAILROAD AVE","SOUTH SAN FRANCISCO","41","94080","","","",""
"649578","PEND ACTIVE","47 | 0","02/16/2024","01/31/2025","DBA: BASQUE CULTURAL CENTER                        599 RAILROAD CATERING INC                         599 RAILROAD AVE,                         SOUTH SAN FRANCISCO, CA  94080","","47-116318","","","25","4114","599 RAILROAD AVE","SOUTH SAN FRANCISCO","41","94080","","","",""
"649763","PEND WITHDRAWN","47 | 1","","","DBA: MARISCOS BAJA                        HADAR LOPEZ, DORA GUADALUPE                         1542 W HOLT BLVD,                         ONTARIO, CA  91762-3644","307 W ONTARIO AVE                              CORONA, CA  92882-5263","616508","7","NONE","7","3607","1542 W HOLT BLVD","ONTARIO","36","91762","307 W ONTARIO AVE","CORONA","92882","CA"
"649763","PEND WITHDRAWN","58 | 1","","","DBA: MARISCOS BAJA                        HADAR LOPEZ, DORA GUADALUPE                         1542 W HOLT BLVD,                         ONTARIO, CA  91762-3644","307 W ONTARIO AVE                              CORONA, CA  92882-5263","616508","7","NONE","7","3607","1542 W HOLT BLVD","ONTARIO","36","91762","307 W ONTARIO AVE","CORONA","92882","CA"
"650276","PEND ACTIVE","41 | 0","02/16/2024","01/31/2025","DBA: TACO EL CENTENARIO                        EL CENTENARIO SPORTS BAR INC                         14567 E TELEGRAPH RD,                         LA MIRADA, CA  90638","","41-641608","7","SECURITY LAND ESCROW COMPANY 10805 PARAMOUNT BLVD STE A DOWNEY, CA  90241-3308","3","1968","14567 E TELEGRAPH RD","LA MIRADA","19","90638","","","",""
"650394","PEND ACTIVE","47 | 0","02/20/2024","01/31/2025","DBA: MORENAS MEXICAN                        MORENAS MEX, INC.                         22651 LAKE FOREST DR,                         LAKE FOREST, CA  92630-1749","","47-599115","","CORNERSTONE ESCROW INC 110 N LINCOLN AVE STE 303 CORONA, CA  92882","11","3029","22651 LAKE FOREST DR","LAKE FOREST","30","92630","","","",""
"650517","PEND ACTIVE","21 | 0","02/16/2024","03/31/2024","DBA: AMT MARKET                        NNM BROTHERS, INC.                         1700 CENTER ST,                         ROSAMOND, CA  93560-7926","","21-597162","","","6","1500","1700 CENTER ST","ROSAMOND","15","93560","","","",""
"650650","PEND ACTIVE","07 | 0","02/20/2024","01/31/2025","DBA: SOUTHNORTE SPIRITS                        SOUTHNORTE BRANDS LLC                         10810 INLAND AVE,                         JURUPA VALLEY, CA  91752-3235","300 PACIFIC COAST HWY, STE 200                              HUNTINGTON BEACH, CA  92648-5150","","","","7","3329","10810 INLAND AVE","JURUPA VALLEY","33","91752","300 PACIFIC COAST HWY, STE 200","HUNTINGTON BEACH","92648","CA"
"650792","PEND ACTIVE","47 | 1","02/16/2024","09/30/2024","DBA: BAJAS GRILL                        JEYLIM INVESTMENTS, LLC                         3250 WILSHIRE BLVD , #103,                         LOS ANGELES, CA  90010-1577","","47-570835","7","","4","1933","3250 WILSHIRE BLVD , #103","LOS ANGELES","19","90010","","","",""
"650792","PEND ACTIVE","58 | 1","02/16/2024","09/30/2024","DBA: BAJAS GRILL                        JEYLIM INVESTMENTS, LLC                         3250 WILSHIRE BLVD , #103,                         LOS ANGELES, CA  90010-1577","","47-570835","7","","4","1933","3250 WILSHIRE BLVD , #103","LOS ANGELES","19","90010","","","",""
"650915","PEND WITHDRAWN","47 | 0","","","DBA: FINNEYS CRAFTHOUSE & KITCHEN                        FINNEY'S USA OPERATIONS, LLC                         580 VENTURA BLVD ,                         CAMARILLO, CA  93010","32107 LINDERO CANYON RD, #117                              WESTLAKE VILLAGE, CA  91361-4243","631629","5","","12","5608","580 VENTURA BLVD","CAMARILLO","56","93010","32107 LINDERO CANYON RD, #117","WESTLAKE VILLAGE","91361","CA"
"651192","PEND ACTIVE","41 | 0","02/16/2024","01/31/2025","DBA: CLAW DADDY'S CAJUN SEAFOOD                         CLAW DADDY'S CAJUN SEAFOOD, LLC                         2800 TAFT HWY,                         BAKERSFIELD, CA  93313-9608","2912 WILLOW BASIN LN                              BAKERSFIELD, CA  93313","","","","6","1500","2800 TAFT HWY","BAKERSFIELD","15","93313","2912 WILLOW BASIN LN","BAKERSFIELD","93313","CA"
"651288","PEND ACTIVE","41 | 1","02/16/2024","01/31/2025","DBA: BOWL'D ACAI                        BOWL'D ACAI, INC.                         1958 POLK ST,                         SAN FRANCISCO, CA  94109-3006","6324 ROCKY POINT CT                              OAKLAND, CA  94605-3132","","7","","24","3800","1958 POLK ST","SAN FRANCISCO","38","94109","6324 ROCKY POINT CT","OAKLAND","94605","CA"
"651288","PEND ACTIVE","58 | 1","02/16/2024","01/31/2025","DBA: BOWL'D ACAI                        BOWL'D ACAI, INC.                         1958 POLK ST,                         SAN FRANCISCO, CA  94109-3006","6324 ROCKY POINT CT                              OAKLAND, CA  94605-3132","","7","","24","3800","1958 POLK ST","SAN FRANCISCO","38","94109","6324 ROCKY POINT CT","OAKLAND","94605","CA"
"651624","NEW WITHDRAWN","21 | 0","","","CHANDI, KULTAR  SINGH                         ,","4906 DANDELION LOOP                              TRACY, CA  95377","","","","23","","","","","","4906 DANDELION LOOP","TRACY","95377","CA"
"651680","PEND ACTIVE","47 | 0","02/20/2024","01/31/2025","LOINAB, HAMID                         1635 A ST,                         ANTIOCH, CA  94509-2334","383 GLENBRIAR CIR                              TRACY, CA  95377","","5","","22","0701","1635 A ST","ANTIOCH","07","94509","383 GLENBRIAR CIR","TRACY","95377","CA"
"651712","PEND ACTIVE","07 | 0","02/20/2024","01/31/2025","DBA: SOUTHNORTE SPIRITS                        SOUTHNORTE BRANDS LLC                         2867 SURVEYOR ST,                         POMONA, CA  91768-3251","300 PACIFIC COAST HWY, STE 200                              HUNTINGTON BEACH, CA  92648-5150","","","","2","1945","2867 SURVEYOR ST","POMONA","19","91768","300 PACIFIC COAST HWY, STE 200","HUNTINGTON BEACH","92648","CA"
"651722","PEND ACTIVE","47 | 0","02/20/2024","01/31/2025","DBA: BE BUBBLY NAPA VALLEY                        ER GROUP LLC                         1407 2ND ST,                         NAPA, CA  94559-2823","","","5,S","","27","2802","1407 2ND ST","NAPA","28","94559","","","",""
"651724","NEW WITHDRAWN","47 | 0","","","BROWN, JEROL LANDON JR                         ,","5921 WINTERHAM WAY                              SACRAMENTO, CA  95823","","","","23","","","","","","5921 WINTERHAM WAY","SACRAMENTO","95823","CA"
"651793","NEW WITHDRAWN","21 | 0","","","SONI, SAMRIDHI                         ,","1673 BARONESS WAY                              ROSEVILLE, CA  95747","","","","23","","","","","","1673 BARONESS WAY","ROSEVILLE","95747","CA"
"651803","PEND ACTIVE","10 | 0","02/20/2024","06/30/2024","DBA: HAN SOJU                        PROGRESSIVE BEVERAGES INC                         10266 TRUCKEE AIRPORT RD, STE C,                         TRUCKEE, CA  96161-3310","","10-623837","","","23","2903","10266 TRUCKEE AIRPORT RD, STE C","TRUCKEE","29","96161","","","",""
"651803","PEND ACTIVE","13 | 0","02/20/2024","07/31/2024","DBA: HAN SOJU                        PROGRESSIVE BEVERAGES INC                         10266 TRUCKEE AIRPORT RD, STE C,                         TRUCKEE, CA  96161-3310","","13-623837","","","23","2903","10266 TRUCKEE AIRPORT RD, STE C","TRUCKEE","29","96161","","","",""
"651963","NEW WITHDRAWN","47 | 0","","","WECCA                         ,","4401 E CECIL CT                              VISALIA, CA  93292-4404","","","","21","","","","","","4401 E CECIL CT","VISALIA","93292","CA"
"651963","NEW WITHDRAWN","47 | 0","","","WECCA                         ,","4401 E CECIL CT                              VISALIA, CA  93292-4404","","","","21","","","","","","4401 E CECIL CT","VISALIA","93292","CA"
"651977","NEW WITHDRAWN","47 | 0","","","REY AZTECA RESTAURANT BAR INC                         ,","6140 FAIR OAKS BLVD                              CARMICHAEL, CA  95608-4819","","","","23","","","","","","6140 FAIR OAKS BLVD","CARMICHAEL","95608","CA"
"652011","NEW WITHDRAWN","47 | 0","","","HOWARD ST. LLC                         ,","1601 HOWARD ST                              SAN FRANCISCO, CA  94103-2526","","","","23","","","","","","1601 HOWARD ST","SAN FRANCISCO","94103","CA"
"652061","NEW WITHDRAWN","21 | 0","","","SHRESTHA, SHARAD                         ,","5160 MOONRAKER LN                              ROSEVILLE, CA  95747","","","","23","","","","","","5160 MOONRAKER LN","ROSEVILLE","95747","CA"
"652131","NEW WITHDRAWN","47 | 0","","","CALIFORNIA FISH GRILL INVESTMENTS, LLC                         ,","4041 MACARTHUR BLVD, STE 250                              NEWPORT BEACH, CA  92660","","","","23","","","","","","4041 MACARTHUR BLVD, STE 250","NEWPORT BEACH","92660","CA"
"652219","PEND ACTIVE","47 | 1","02/20/2024","01/31/2025","DBA: LA FRITANGUERA                        CHARLIES EATS & DINING INC                          1819 COLFAX ST,                         CONCORD, CA  94520-2117","1819 COLFAX ST                              CONCORD, CA  94520-2117","","5,7","","22","0703","1819 COLFAX ST","CONCORD","07","94520","1819 COLFAX ST","CONCORD","94520","CA"
"652219","PEND ACTIVE","58 | 1","02/20/2024","01/31/2025","DBA: LA FRITANGUERA                        CHARLIES EATS & DINING INC                          1819 COLFAX ST,                         CONCORD, CA  94520-2117","1819 COLFAX ST                              CONCORD, CA  94520-2117","","5,7","","22","0703","1819 COLFAX ST","CONCORD","07","94520","1819 COLFAX ST","CONCORD","94520","CA"
"652298","PEND ACTIVE","41 | 0","02/16/2024","01/31/2025","DBA: RAMEN NAGI                        NAGI UNIVERSAL NOODLE USA INC                         4301 LA JOLLA VILLAGE DR, SPC 2033,                         SAN DIEGO, CA  92122-1352","541 BRYANT ST                              PALO ALTO, CA  94301-1704","","7","","10","3710","4301 LA JOLLA VILLAGE DR, SPC 2033","SAN DIEGO","37","92122","541 BRYANT ST","PALO ALTO","94301","CA"
"652313","NEW WITHDRAWN","47 | 0","","","SINGH, AJAYPAL                         ,","1904 MOOSUP CT                              FAIRFIELD, CA  94533","","","","23","","","","","","1904 MOOSUP CT","FAIRFIELD","94533","CA"
"652338","PEND ACTIVE","41 | 0","02/16/2024","01/31/2025","CRUZ, AMANDA MARIE                         22327 PARROTTS FERRY RD,                         SONORA, CA  95370","22267 PARROTTS FERRY RD                              SONORA, CA  95370","","","","29","5501","22327 PARROTTS FERRY RD","SONORA","55","95370","22267 PARROTTS FERRY RD","SONORA","95370","CA"
"652386","PEND WITHDRAWN","48 | 0","","","DBA: EL CORRAL NIGHTCLUB, LLC                        EL CORRAL NIGHTCLUB, LLC                         1518 KERN ST, UNIT 1 & 2,                         FRESNO, CA  93706-3324","1612 W DAKOTA AVE                              FRESNO, CA  93705","","7","","21","1005","1518 KERN ST, UNIT 1 & 2","FRESNO","10","93706","1612 W DAKOTA AVE","FRESNO","93705","CA"
"652412","NEW WITHDRAWN","47 | 0","","","GUITRON ALCAZAR ALCAZAR INC.                         ,","2100 GRASS VALLEY HWY                              AUBURN, CA  95603-2252","","","","23","","","","","","2100 GRASS VALLEY HWY","AUBURN","95603","CA"
"652539","PEND ACTIVE","47 | 0","02/16/2024","01/31/2025","DBA: PITA KABOB GASTROPUB                        PITA KABOB & GRILL, INC.                         219 & 227 N COURT ST,                         VISALIA, CA  93291-4918","PO BOX 6968                              VISALIA, CA  93290-6968","","5,7","","21","5406","219 & 227 N COURT ST","VISALIA","54","93291","PO BOX 6968","VISALIA","93290","CA"
"652582","NEW WITHDRAWN","21 | 0","","","GOLEN, RANDHIR SINGH                         ,","7745 AGATE BEACH WAY                               ANTELOPE, CA  95843","","","","23","","","","","","7745 AGATE BEACH WAY","ANTELOPE","95843","CA"
"652635","NEW WITHDRAWN","21 | 0","","","DHUGGA, GURJIT SINGH                         ,","2082 MANSFIELD CT                              CHICO, CA  95928","","","","23","","","","","","2082 MANSFIELD CT","CHICO","95928","CA"
"652844","NEW WITHDRAWN","47 | 0","","","HATTC LLC                         ,","5960 SOUTH LAND PARK DR, STE 138                              SACRAMENTO, CA  95822","","","","23","","","","","","5960 SOUTH LAND PARK DR, STE 138","SACRAMENTO","95822","CA"
"652927","NEW WITHDRAWN","21 | 0","","","BALAGHAN, BALJINDER KAUR                         ,","3907 STOCKTON BLVD                              SACRAMENTO, CA  95820","","","","23","","","","","","3907 STOCKTON BLVD","SACRAMENTO","95820","CA"
"652943","NEW WITHDRAWN","21 | 0","","","MB JOHAL LLC                         ,","60 COGNAC CT                              SACRAMENTO, CA  95835","","","","23","","","","","","60 COGNAC CT","SACRAMENTO","95835","CA"
"652949","PEND ACTIVE","41 | 0","02/16/2024","01/31/2025","DBA: JINCOOK                        AKBB RESTAURANT, INC                          19346 RINALDI ST,                         NORTHRIDGE, CA  91326-1607","","","","","5","1933","19346 RINALDI ST","NORTHRIDGE","19","91326","","","",""
"652954","PEND WITHDRAWN","47 | 0","","","DBA: RIVER ROCK TAPROOM                        STARS GROUP VENTURES LLC                         155 S MURPHY AVE,                         SUNNYVALE, CA  94086-6113","","610024","5, 7","BUSINESS & ESCROW SERVICE CENTER 3031 TISCH WAY 310 SAN JOSE, CA  95128","25","4316","155 S MURPHY AVE","SUNNYVALE","43","94086","","","",""
"652979","NEW WITHDRAWN","21 | 0","","","GREWAL, RANPREET KAUR                         ,","7137 WALERGA RD, #3                              SACRAMENTO, CA  95842-4620","","","","23","","","","","","7137 WALERGA RD, #3","SACRAMENTO","95842","CA"
"653013","NEW WITHDRAWN","47 | 0","","","NAMO EQUITIES LLC                         ,","619 CORIANDER WAY                              SACRAMENTO, CA  95831","","","","23","","","","","","619 CORIANDER WAY","SACRAMENTO","95831","CA"
"653122","NEW WITHDRAWN","47 | 0","","","SCOTT CALIFORNIA DREAM LLC                          ,","1267 WILLIS ST, STE 200                              REDDING, CA  96001-0400","","","","27","","","","","","1267 WILLIS ST, STE 200","REDDING","96001","CA"
"653143","NEW WITHDRAWN","47 | 0","","","HORN BARBECUE SF LLC                         ,","1300 FIRST ST, #201                              NAPA, CA  94559","","","","27","","","","","","1300 FIRST ST, #201","NAPA","94559","CA"
"653192","PEND ACTIVE","47 | 0","02/16/2024","01/31/2025","DBA: RIPTIDES                        THANK YOU SAN DIEGO                         1014 GRAND AVE,                         SAN DIEGO, CA  92109-4117","4629 CASS ST 180                              SAN DIEGO, CA  92109","47-630399","7","THE HERITAGE ESCROW COMPANY 2550 FIFTH AVENUE SUITE 800 SAN DIEGO, CA  92103","10","3710","1014 GRAND AVE","SAN DIEGO","37","92109","4629 CASS ST 180","SAN DIEGO","92109","CA"
"653243","PEND ACTIVE","41 | 0","02/20/2024","01/31/2025","DBA: TARAH THAI LLC                        TARAH THAI LLC                         1163 LINCOLN AVE,                         SAN JOSE, CA  95125-3002","","","","","25","4313","1163 LINCOLN AVE","SAN JOSE","43","95125","","","",""
"653366","PEND ACTIVE","20 | 0","02/20/2024","01/31/2025","DBA: EXPRESS MART                        EXPRESS MART INC                         5071 24TH ST,                         SACRAMENTO, CA  95822","","20-626205","","OLD REPUBLIC TITLE CO 1000 BURNETT AVE STE 400 CONCORD, CA  94520-2088","23","3405","5071 24TH ST","SACRAMENTO","34","95822","","","",""
"653371","PEND ACTIVE","02 | 0","02/16/2024","06/30/2024","DBA: BOUCHER WINES                        WORTH-BOUCHER WINE COMPANY LLC                         10065 OJAI SANTA PAULA RD,                         OJAI, CA  93023-9356","114 FOX ST                              OJAI, CA  93023-3323","","7","","12","5600","10065 OJAI SANTA PAULA RD","OJAI","56","93023","114 FOX ST","OJAI","93023","CA"
"653376","PEND ACTIVE","02 | 0","02/16/2024","06/30/2024","DBA: BOUCHER WINES                        WORTH-BOUCHER WINE COMPANY LLC                         114 FOX ST,                         OJAI, CA  93023-3323","","","7","","12","5602","114 FOX ST","OJAI","56","93023","","","",""
"653533","PEND ACTIVE","13 | 0","02/20/2024","01/31/2025","CASA 1921, LLC                         875 HANNA DR,                         AMERICAN CANYON, CA  94503-9606","8452 FREDERICKSBURG, STE 524                              SAN ANTONIO, TX  78229","","","","27","2805","875 HANNA DR","AMERICAN CANYON","28","94503","8452 FREDERICKSBURG, STE 524","SAN ANTONIO","78229","TX"
"653711","PEND ACTIVE","41 | 0","02/20/2024","01/31/2025","DBA: SUPER ANTOJITOS ORANGE                        SUPER ANTOJITOS ORANGE INC                         642 W CHAPMAN AVE, UNIT A,                         ORANGE, CA  92868-2890","","41-629774","7","BEACH PACIFC ESCROW 7372 PRINCE DR #101 HUNTINGTON BEACH, CA  92647","11","3014","642 W CHAPMAN AVE, UNIT A","ORANGE","30","92868","","","",""
"653999","PEND ACTIVE","41 | 0","02/20/2024","01/31/2025","DBA: LA BIRRIERIA RED TACOS #2                        ARELLANO, ADRIANA                         710 S 4TH ST,                         EL CENTRO, CA  92243","619 HEBER AVE                              CALEXICO, CA  92231-2813","","","","8","1304","710 S 4TH ST","EL CENTRO","13","92243","619 HEBER AVE","CALEXICO","92231","CA"
"654054","PEND ACTIVE","47 | 0","02/20/2024","01/31/2025","DBA: HONG KONG EAST OCEAN SEAFOOD RESTAURANT                        HKEO RESTAURANT INC                         3199 POWELL ST,                         EMERYVILLE, CA  94608","14895 E 14TH ST, STE 390                              SAN LEANDRO, CA  94578","","A","","22","0104","3199 POWELL ST","EMERYVILLE","01","94608","14895 E 14TH ST, STE 390","SAN LEANDRO","94578","CA"
"654057","PEND ACTIVE","21 | 0","02/20/2024","01/31/2025","DBA: OAKLAND DISCOUNT STORE                        SHADI 2, INC.                          3432 INTERNATIONAL BLVD,                         OAKLAND, CA  94601","","21-269384","","LAW OFFICE OF LEE SOO KIM 11501 DUBLIN BLVD #214 DUBLIN, CA  94568","22","0109","3432 INTERNATIONAL BLVD","OAKLAND","01","94601","","","",""
"654112","PEND ACTIVE","41 | 0","02/16/2024","01/31/2025","DBA: SAAP THAI KITCHEN                        KAYTEY AND HANNA OF THAILAND LLC                         427 LINDEN AVE,                         SOUTH SAN FRANCISCO, CA  94080-3716","","","7","","25","4114","427 LINDEN AVE","SOUTH SAN FRANCISCO","41","94080","","","",""
"654222","PEND ACTIVE","41 | 0","02/16/2024","01/31/2025","DBA: LITTLE DIAMOND'S PIZZA                        LITTLE DIAMOND'S PIZZA 3 CORP.                         2160 E PACHECO BLVD, STE K,                         LOS BANOS, CA  93635-4944","","41-612090","","","29","2405","2160 E PACHECO BLVD, STE K","LOS BANOS","24","93635","","","",""
"654248","PEND ACTIVE","20 | 0","02/20/2024","01/31/2025","DBA: CIRCLE K                         LWS HIGHLAND GAS INC.                          2232 N VALENCIA AVE,                         SAN BERNARDINO, CA  92404","","20-640966","","STEWART TITLE GUARANTY COMPANY 1200 CALIFORNIA ST #140 REDLANDS, CA  92374","7","3610","2232 N VALENCIA AVE","SAN BERNARDINO","36","92404","","","",""
"654349","PEND ACTIVE","41 | 0","02/16/2024","01/31/2025","DBA: EL 30 #2                        LOPEZ, ESPERANZA ILIANA                         700 N COURT ST,                         VISALIA, CA  93291-3612","","41-604141","","LENNAR TITLE 7555 N PALM AVE STE 210 FRESNO, CA  93711","21","5406","700 N COURT ST","VISALIA","54","93291","","","",""
"654380","PEND ACTIVE","02 | 0","02/16/2024","06/30/2024","DBA: RED CAR WINE COMPANY                        RED CAR WINE COMPANY LLC                         2064 HIGHWAY 116 N, BLDG 5 STE 502,                         SEBASTOPOL, CA  95472","8400 GRATON RD                              SEBASTOPOL, CA  95472-2401","","","","27","4900","2064 HIGHWAY 116 N, BLDG 5 STE 502","SEBASTOPOL","49","95472","8400 GRATON RD","SEBASTOPOL","95472","CA"
"654458","PEND ACTIVE","47 | 0","02/20/2024","01/31/2025","DBA: BANDITS GRILL & BAR                        ROBERT GARY RESTAURANTS INC                         589 N MOORPARK RD,                         THOUSAND OAKS, CA  91360","1615 SILVER RAIN DR                              DIAMOND BAR, CA  91765-3036","47-404456","","ALL BROKERS ESCROW INC 2924 W MAGNOLIA BLVD BURBANK, CA  91505","12","5607","589 N MOORPARK RD","THOUSAND OAKS","56","91360","1615 SILVER RAIN DR","DIAMOND BAR","91765","CA"
"654459","PEND ACTIVE","41 | 0","02/20/2024","01/31/2025","DBA: SWEET BITES BAKERY & BRUNCH                        SWEET BITES LLC                         2100 SAN PABLO AVE,                         BERKELEY, CA  94702-1828","","","","","22","0103","2100 SAN PABLO AVE","BERKELEY","01","94702","","","",""
"654490","PEND WITHDRAWN","02 | 0","","","DBA: PERFUSION VINEYARD LLC                        PERFUSION VINEYARD LLC                         6102 PARK AVE,                         RICHMOND, CA  94805-1229","","","7","","22","0700","6102 PARK AVE","RICHMOND","07","94805","","","",""
"654525","PEND ACTIVE","48 | 0","02/16/2024","01/31/2025","MANN, TROY ALLEN                         6540 WOFFORD HEIGHTS BLVD,                         WOFFORD HEIGHTS, CA  93285","PO BOX 4014                              WOFFORD HEIGHTS, CA  93285","48-534840","7","TICOR TITLE COMPANY 10000  STOCKDALE HWY STE 101 BAKERSFIELD, CA  93311","6","1500","6540 WOFFORD HEIGHTS BLVD","WOFFORD HEIGHTS","15","93285","PO BOX 4014","WOFFORD HEIGHTS","93285","CA"
"654704","PEND ACTIVE","41 | 0","02/16/2024","01/31/2025","DBA: HARBOR FISH AND CHIPS                        HOKLO, LLC                         2632 UNION AVE,                         SAN JOSE, CA  95124-1348","","41-579499","7","BUSINESS & ESCROW 3031 TISCH WY STE 310 SAN JOSE, CA  95128","25","4313","2632 UNION AVE","SAN JOSE","43","95124","","","",""
"654716","PEND WITHDRAWN","17 | 0","","","DBA: NOLIA WINE COMPANY                        NOLIA WINE COMPANY INC.                         1500 LOS CARNEROS AVE,                         NAPA, CA  94559-9742","7626 SE 27TH AVE                              PORTLAND, OR  97202","","","","27","2800","1500 LOS CARNEROS AVE","NAPA","28","94559","7626 SE 27TH AVE","PORTLAND","97202","OR"
"654716","PEND WITHDRAWN","20 | 0","","","DBA: NOLIA WINE COMPANY                        NOLIA WINE COMPANY INC.                         1500 LOS CARNEROS AVE,                         NAPA, CA  94559-9742","7626 SE 27TH AVE                              PORTLAND, OR  97202","","I","","27","2800","1500 LOS CARNEROS AVE","NAPA","28","94559","7626 SE 27TH AVE","PORTLAND","97202","OR"
"654801","PEND ACTIVE","41 | 0","02/16/2024","01/31/2025","LAV SHASH                         115 E COLORADO BLVD,                         PASADENA, CA  91105-1918","","","","","2","1943","115 E COLORADO BLVD","PASADENA","19","91105","","","",""
"654836","PEND ACTIVE","41 | 0","02/20/2024","01/31/2025","DBA: BOGIE'S TOO                        JT GROUP LLC                         1335 4TH ST,                         SAN RAFAEL, CA  94901-2809","","","","","27","2108","1335 4TH ST","SAN RAFAEL","21","94901","","","",""
"654880","PEND ACTIVE","20 | 0","02/20/2024","01/31/2025","DBA: TRUE VALUE PARADISE                        PARADISE HARDWARE INC                         6848 SKYWAY, STE L,                         PARADISE, CA  95969","830 E ST                              MARYSVILLE, CA  95901-5328","20-628133","","INNOVATIVE ESCROW, INC 28212 KELLY JOHNSON PKWY STE 110 VALENCIA, CA  91355","31","0405","6848 SKYWAY, STE L","PARADISE","04","95969","830 E ST","MARYSVILLE","95901","CA"
"654892","PEND ACTIVE","41 | 0","02/16/2024","01/31/2025","DBA: LA PUPUSA LOCA                        PUPUSA LOCA Y RESTAURANTE MEXICANO LLC                         651 I ST,                         LOS BANOS, CA  93635-4222","1506 REGENCY DR                              LOS BANOS, CA  93635","","","","29","2405","651 I ST","LOS BANOS","24","93635","1506 REGENCY DR","LOS BANOS","93635","CA"
"654903","PEND ACTIVE","47 | 0","02/16/2024","01/31/2025","DBA: TIPSY PUTT                        TIPSY PUTT SV LLC                         95 PRESCOTT AVE,                         MONTEREY, CA  93940-1038","630 K STREET # 120                              SACRAMENTO, CA  95814","47-376818","","ABC ESCROW 2222 DAMON STREET  LOS ANGELES, CA  90021","26","2706","95 PRESCOTT AVE","MONTEREY","27","93940","630 K STREET # 120","SACRAMENTO","95814","CA"
"654903","PEND ACTIVE","47 | 0","02/16/2024","01/31/2025","DBA: TIPSY PUTT                        TIPSY PUTT SV LLC                         95 PRESCOTT AVE,                         MONTEREY, CA  93940-1038","630 K STREET # 120                              SACRAMENTO, CA  95814","47-376818","","ABC ESCROW 2222 DAMON STREET  LOS ANGELES, CA  90021","26","2706","95 PRESCOTT AVE","MONTEREY","27","93940","630 K STREET # 120","SACRAMENTO","95814","CA"
"654954","PEND ACTIVE","20 | 0","02/16/2024","06/30/2024","DBA: 7 ELEVEN 16799C                        7 ELEVEN INC                         162 W 10TH ST,                         GILROY, CA  95020-6501","","20-528740","","","25","4304","162 W 10TH ST","GILROY","43","95020","","","",""
"654955","PEND ACTIVE","47 | 2","02/20/2024","01/31/2025","DBA: LIVING OUT                        KOAR PALM SPRINGS, LLC                         1122 E TAHQUITZ CANYON WAY,                         PALM SPRINGS, CA  92262-6822","","47-646937","","ABC ESCROW 2222 DAMON ST  LOS ANGELES, CA  90021","8","3310","1122 E TAHQUITZ CANYON WAY","PALM SPRINGS","33","92262","","","",""
"654955","PEND ACTIVE","47 | 2","02/20/2024","01/31/2025","DBA: LIVING OUT                        KOAR PALM SPRINGS, LLC                         1122 E TAHQUITZ CANYON WAY,                         PALM SPRINGS, CA  92262-6822","","47-646937","","ABC ESCROW 2222 DAMON ST  LOS ANGELES, CA  90021","8","3310","1122 E TAHQUITZ CANYON WAY","PALM SPRINGS","33","92262","","","",""
"654955","PEND ACTIVE","68 | 2","02/20/2024","01/31/2025","DBA: LIVING OUT                        KOAR PALM SPRINGS, LLC                         1122 E TAHQUITZ CANYON WAY,                         PALM SPRINGS, CA  92262-6822","","47-646937","","ABC ESCROW 2222 DAMON ST  LOS ANGELES, CA  90021","8","3310","1122 E TAHQUITZ CANYON WAY","PALM SPRINGS","33","92262","","","",""
"654955","PEND ACTIVE","58 | 2","02/20/2024","01/31/2025","DBA: LIVING OUT                        KOAR PALM SPRINGS, LLC                         1122 E TAHQUITZ CANYON WAY,                         PALM SPRINGS, CA  92262-6822","","47-646937","","ABC ESCROW 2222 DAMON ST  LOS ANGELES, CA  90021","8","3310","1122 E TAHQUITZ CANYON WAY","PALM SPRINGS","33","92262","","","",""
"654963","PEND ACTIVE","41 | 0","02/20/2024","01/31/2025","DBA: LAWA THAI CUISINE                        SIAM PARTNERS INC.                         7251 WARNER AVE, STE F,                         HUNTINGTON BEACH, CA  92647-5487","","41-602393","","","11","3010","7251 WARNER AVE, STE F","HUNTINGTON BEACH","30","92647","","","",""
"654965","PEND ACTIVE","40 | 0","02/16/2024","01/31/2025","DBA: DRYDEN PARK GOLF COURSE                        KEMPER SPORTS MANAGEMENT, LLC                         920 SUNSET AVE,                         MODESTO, CA  95351","500 SKOKIE BLVD                              NORTHBROOK , IL  95351","","7","","29","5002","920 SUNSET AVE","MODESTO","50","95351","500 SKOKIE BLVD","NORTHBROOK","95351","IL"
"654983","PEND ACTIVE","41 | 0","02/16/2024","01/31/2025","DBA: FOOD CULTURE LA                        GREEN OLIVE ENTERPRISES, LLC                         1635 W CARSON ST,                         LOS ANGELES, CA  90501-3846","2604 MILITARY AVE                              LOS ANGELES, CA  90064","","7","","3","1933","1635 W CARSON ST","LOS ANGELES","19","90501","2604 MILITARY AVE","LOS ANGELES","90064","CA"
"655007","PEND ACTIVE","41 | 0","02/16/2024","01/31/2025","DBA: MJ VALLEY                        LGOS EXPRESS, INC.                          203 W VALLEY BLVD,                         ALHAMBRA, CA  91801-5053","","","7","","2","1901","203 W VALLEY BLVD","ALHAMBRA","19","91801","","","",""
"655034","PEND ACTIVE","41 | 0","02/16/2024","01/31/2025","DBA: DANBI SANTA TERESA KOREAN RESTAURANT                        JS GRACE INC                         6041 SNELL AVE,                         SAN JOSE, CA  95123-4217","","41-560034","","","25","4313","6041 SNELL AVE","SAN JOSE","43","95123","","","",""
"655080","PEND ACTIVE","21 | 0","02/20/2024","01/31/2025","DBA: RUPS MARKET                        DHALIWAL, SUKHWINDERPAL KAUR                         1567 E SPRINGVILLE AVE,                         PORTERVILLE, CA  93257","","21-396025","","","21","5400","1567 E SPRINGVILLE AVE","PORTERVILLE","54","93257","","","",""
"655129","PEND ACTIVE","41 | 0","02/16/2024","01/31/2025","DBA: BEST BBQ                        BEST BBQ, INC.                          716 STATE ST ,                         SANTA BARBARA, CA  93101-3330","915 E HARVARD BLVD                              SANTA PAULA, CA  93060","41-632317","7","","12","4203","716 STATE ST","SANTA BARBARA","42","93101","915 E HARVARD BLVD","SANTA PAULA","93060","CA"
"655265","PEND ACTIVE","20 | 0","02/16/2024","01/31/2025","DBA: CHEVRON                        JANT, LLC                         657 HORNING ST,                         SAN JOSE, CA  95126","","","","","25","4313","657 HORNING ST","SAN JOSE","43","95126","","","",""
"655270","PEND ACTIVE","21 | 0","02/16/2024","01/31/2025","BUD'S LIQUOR STORE LLC                         1298 E 4TH ST,                         LONG BEACH, CA  90802-1831","","21-618951","7","METRO ESCROW, INC.  3600 WILSHIRE BLVD  STE 326 LOS ANGELES, CA  90010","3","1932","1298 E 4TH ST","LONG BEACH","19","90802","","","",""
"655326","PEND ACTIVE","41 | 0","02/20/2024","01/31/2025","DBA: GHIRINGHELLI'S PIZZERIA                        G & F FOODS, INC.                         45 BROADWAY BLVD,                         FAIRFAX, CA  94930-1653","","41-410822","7","OLD REPUBLIC TITLE 1000 BURNETT AVE STE 400 CONCORD, CA  94520-2088","27","2103","45 BROADWAY BLVD","FAIRFAX","21","94930","","","",""
"655330","PEND ACTIVE","41 | 0","02/20/2024","01/31/2025","DBA: MARIGOLD INDIAN EATS                        RK RESTAURANT GROUP INC                         4868 TELEGRAPH AVE,                         OAKLAND, CA  94609","","","","","22","0109","4868 TELEGRAPH AVE","OAKLAND","01","94609","","","",""
"655356","PEND ACTIVE","41 | 0","02/20/2024","01/31/2025","DBA: MY NY PIZZA SPORTS PIZZERIA                        MY NY PIZZA RANCHO, LLC                         9615 FOOTHILL BLVD,                         RANCHO CUCAMONGA, CA  91730-3507","","41-612695","7","","7","3615","9615 FOOTHILL BLVD","RANCHO CUCAMONGA","36","91730","","","",""
"655396","PEND ACTIVE","41 | 0","02/16/2024","01/31/2025","DBA: GREEN YUNNAN                        YNN DEVELOPMENT GROUP INC.                         937 E LAS TUNAS DR, STE B,                         SAN GABRIEL, CA  91776-1600","","41-585692","","PRECISE ESCROW 960 E LAS TUNAS DR STE B SAN GABRIEL, CA  91776","2","1950","937 E LAS TUNAS DR, STE B","SAN GABRIEL","19","91776","","","",""
"655440","PEND ACTIVE","41 | 0","02/20/2024","01/31/2025","DBA: KAPPO SUI                        SAZU LLC                         20070 SANTA ANA AVE,                         COSTA MESA, CA  92626-8600","","41-632307","","GRANITE ESCROW & SETTLEMENT SERVICES 450 NEWPORT CENTER DR STE 600 NEWPORT BEACH, CA  92660","11","3004","20070 SANTA ANA AVE","COSTA MESA","30","92626","","","",""
"655534","PEND ACTIVE","21 | 0","02/20/2024","01/31/2025","DBA: ANS LIQUOR & MARKET                        BARUA, PRIYARANJAN                         2525-27 GRIFFITH AVE,                         LOS ANGELES, CA  90011-1636","","21-619105","","UNITED 3440 WILSHIRE BLVD STE 600 LOS ANGELES, CA  90010","4","1933","2525-27 GRIFFITH AVE","LOS ANGELES","19","90011","","","",""
"655547","PEND ACTIVE","41 | 0","02/16/2024","01/31/2025","DBA: KITCHEN THE                        NEW KITCHEN MAKE INC                         279 EL CAMINO REAL,                         MILLBRAE, CA  94030","","41-437449","","UGM ASSOCIATES 739 WASHINGTON ST STE 300 SAN FRANCISCO, CA  94108","25","4108","279 EL CAMINO REAL","MILLBRAE","41","94030","","","",""
"655567","PEND ACTIVE","20 | 0","02/16/2024","01/31/2025","DBA: BLUM WINE AND FLOWERS                        BLUM RETAIL LLC                         150 S PACIFIC COAST HWY, UNIT E,                         EL SEGUNDO, CA  90245-4639","1129 2ND ST                              HERMOSA BEACH, CA  90254","20-303224","7","INNOVATIVE ESCROW 28212 KELLY JOHNSON PKWY STE 110 VALENCIA, CA  91355","3","1919","150 S PACIFIC COAST HWY, UNIT E","EL SEGUNDO","19","90245","1129 2ND ST","HERMOSA BEACH","90254","CA"
"655590","PEND ACTIVE","20 | 0","02/16/2024","01/31/2025","DBA: INTERNATIONAL GROCERY BAZAR                        MN INDIAN BAZAR INC                         13815 FOOTHILL BLVD,                         FONTANA, CA  92335-0271","","","","","7","3604","13815 FOOTHILL BLVD","FONTANA","36","92335","","","",""
"655601","PEND ACTIVE","48 | 1","02/20/2024","01/31/2025","DBA: 811 PARLIAMENT                        U-TAKE ENT GROUP INC                         811 WASHINGTON ST,                         OAKLAND, CA  94607-4029","19 LIBERTY CT                              PITTSBURG, CA  94565","48-527679","7","CALIFORNIA BUSINESS ESCROW 1748 MAIN ST ESCALON, CA  95320-1927","22","0109","811 WASHINGTON ST","OAKLAND","01","94607","19 LIBERTY CT","PITTSBURG","94565","CA"
"655601","PEND ACTIVE","58 | 1","02/20/2024","01/31/2025","DBA: 811 PARLIAMENT                        U-TAKE ENT GROUP INC                         811 WASHINGTON ST,                         OAKLAND, CA  94607-4029","19 LIBERTY CT                              PITTSBURG, CA  94565","48-527679","7","CALIFORNIA BUSINESS ESCROW 1748 MAIN ST ESCALON, CA  95320-1927","22","0109","811 WASHINGTON ST","OAKLAND","01","94607","19 LIBERTY CT","PITTSBURG","94565","CA"
"655662","PEND WITHDRAWN","20 | 0","","","DBA: WATERFORD BEER & WINE                        AVA FAMILY CORPORATION                         124 S WESTERN AVE, STE 4 & 5,                         WATERFORD, CA  95386","1578 E WHITMORE AVE, STE J & K                              CERES, CA  95307-7455","","","","29","5008","124 S WESTERN AVE, STE 4 & 5","WATERFORD","50","95386","1578 E WHITMORE AVE, STE J & K","CERES","95307","CA"
"655701","PEND ACTIVE","41 | 0","02/20/2024","01/31/2025","DBA: KATY'S PLACE                        KATY'S PLACE, LLC                          MISSION 3 N/E OF 6TH ,                         CARMEL, CA  93921","PO BOX 7467                              CARMEL, CA  93921","41-234321","","","26","2701","MISSION 3 N/E OF 6TH","CARMEL","27","93921","PO BOX 7467","CARMEL","93921","CA"
"655753","PEND ACTIVE","40 | 0","02/20/2024","01/31/2025","DBA: A AND A BILLARDS                        WANG, AMY                         895 B ST ,                         HAYWARD, CA  94541","","","","","22","0106","895 B ST","HAYWARD","01","94541","","","",""
"656536","PEND ACTIVE","79 | 0","02/16/2024","06/30/2024","DBA: NORSE LEGEND MEAD @ THURSDAY MARIN CFM                        DOOKIE BROTHERS LLC, THE                         5800 NORTHGATE DR,                         SAN RAFAEL, CA  94903","3890 CHEMISE MOUNTAIN RD                              WHITETHORN, CA  95589-8800","","","","27","2108","5800 NORTHGATE DR","SAN RAFAEL","21","94903","3890 CHEMISE MOUNTAIN RD","WHITETHORN","95589","CA"
"656539","PEND ACTIVE","79 | 0","02/16/2024","06/30/2024","DBA: NORSE LEGEND MEAD @ SUNDAY MARIN CFM                        DOOKIE BROTHERS LLC, THE                         3501 CIVIC CENTER DR,                         SAN RAFAEL, CA  94903","3890 CHEMISE MOUNTAIN RD                              WHITETHORN, CA  95589-8800","","","","27","2108","3501 CIVIC CENTER DR","SAN RAFAEL","21","94903","3890 CHEMISE MOUNTAIN RD","WHITETHORN","95589","CA"
"656571","PEND ACTIVE","28 | 0","02/16/2024","06/30/2024","ALVIBRAS LLC                         18422 CABIN RD,                         TRIANGLE, VA  22172","","","","","75","9999","18422 CABIN RD","TRIANGLE","","22172","","","",""
"656585","PEND ACTIVE","28 | 0","02/16/2024","06/30/2024","BEVNOMAD, LLC                         601 21ST ST, STE 300,                         VERO BEACH, FL  32960","","","","","75","9999","601 21ST ST, STE 300","VERO BEACH","","32960","","","",""
"656593","PEND ACTIVE","28 | 0","02/16/2024","06/30/2024","CHUCKANUT BAY DISTILLERY, INC                         1311 CORNWALL AVE,                         BELLINGHAM, WA  98225","","","","","75","9999","1311 CORNWALL AVE","BELLINGHAM","","98225","","","",""
"656598","PEND ACTIVE","26 | 0","02/20/2024","06/30/2024","DBA: COHESION BREWING COMPANY                        COHESION BREWING LTD                         3851 STEELE ST, UNIT 1388,                         DENVER, CO  80205","","","","","75","9999","3851 STEELE ST, UNIT 1388","DENVER","","80205","","","",""