"License Number","Status Changed From/To","Type| Dup","Original Issue Date","Expir. Date","Primary Owner and Premises Addr.","Mailing Addr.","Transfer-From/To","Conditions","Escrow","District Code","Geo Code","Prem Street","City","County","Zip Code","Mailing Street","Mailing City","Mailing Zip Code","Mailing State"
"217128","PEND ACTIVE","24 | 0","06/09/2023","05/31/2024","DBA: SIERRA NEVADA BREWING CO                        SIERRA NEVADA BREWING CO                         1075 E 20TH ST & 200 SILVER DOLLAR WAY , STE A,                         CHICO, CA  95928","1075 E 20TH ST                              CHICO, CA  95928-6722","","","","31","0402","1075 E 20TH ST & 200 SILVER DOLLAR WAY , STE A","CHICO","04","95928","1075 E 20TH ST","CHICO","95928","CA"
"217128","PEND ACTIVE","02 | 0","06/09/2023","06/30/2024","DBA: SIERRA NEVADA BREWING CO                        SIERRA NEVADA BREWING CO                         1075 E 20TH ST & 200 SILVER DOLLAR WAY , STE A,                         CHICO, CA  95928","1075 E 20TH ST                              CHICO, CA  95928-6722","","","","31","0402","1075 E 20TH ST & 200 SILVER DOLLAR WAY , STE A","CHICO","04","95928","1075 E 20TH ST","CHICO","95928","CA"
"269447","SUREND CANCEL","47 | 0","02/20/1992","07/31/2023","DBA: MARIE CALLENDERS 73                        MARIE CALLENDERS 73 L-PSHIP                         3801 CALIFORNIA AVE,                         BAKERSFIELD, CA  93309","6075 POPLAR AVE, STE 800 ATTN VICKI                              MEMPHIS, TN  38119-4717","","","","6","1501","3801 CALIFORNIA AVE","BAKERSFIELD","15","93309","6075 POPLAR AVE, STE 800 ATTN VICKI","MEMPHIS","38119","TN"
"287976","ACTIVE CANCEL","47 | 0","10/30/1998","09/30/2023","DBA: LA ESTRELLITA CAFE                        MACIAS, JOSE MANUEL                         440-446 E 12TH ST,                         OAKLAND, CA  94606","","47-317089/ 47-647282","7","","22","0109","440-446 E 12TH ST","OAKLAND","01","94606","","","",""
"325237","ACTIVE CANCEL","20 | 0","12/24/1996","11/30/2023","DBA: K & S FOOD STORE                        GHUMAN, KULJIT SINGH                         2126 TAFT HWY 119,                         BAKERSFIELD, CA  93313","","20-309888/ 20-647938","7","","6","1500","2126 TAFT HWY 119","BAKERSFIELD","15","93313","","","",""
"328100","ACTIVE CANCEL","02 | 1","04/01/1997","06/30/2023","DBA: ANTELOPE VALLEY WINERY                        DONATO, CYNDEE J                         42041 20TH ST W,                         LANCASTER, CA  93534-6912","","02-305714","","","5","1980","42041 20TH ST W","LANCASTER","19","93534","","","",""
"328100","ACTIVE CANCEL","81 | 1","04/01/1997","06/30/2023","DBA: ANTELOPE VALLEY WINERY                        DONATO, CYNDEE J                         42041 20TH ST W,                         LANCASTER, CA  93534-6912","","02-305714","","","5","1980","42041 20TH ST W","LANCASTER","19","93534","","","",""
"418403","ACTIVE CANCEL","20 | 0","11/01/2004","06/30/2023","DBA: 7 ELEVEN STORE 2174 23162C                        7 ELEVEN INC                         1200 S EUCLID ST,                         ANAHEIM, CA  92802","PO BOX 139044, ATTN: LICENSING DEPARTMENT                              DALLAS, TX  75313-9044","20-268553/ 20-647520","","","11","3001","1200 S EUCLID ST","ANAHEIM","30","92802","PO BOX 139044, ATTN: LICENSING DEPARTMENT","DALLAS","75313","TX"
"419156","ACTIVE CANCEL","47 | 0","02/07/2005","01/31/2024","DBA: PETES BRASS RAIL & CAR WASH                        HOMEFACE & BUNHEAD CORPORATION                         201 HARTZ AVE,                         DANVILLE, CA  94526","21 PLATO CT                              PLEASANT HILL, CA  94523","47-346544/ 47-645582","7","","22","0716","201 HARTZ AVE","DANVILLE","07","94526","21 PLATO CT","PLEASANT HILL","94523","CA"
"477329","ACTIVE CANCEL","41 | 0","07/01/2009","06/30/2023","DBA: VOLCANO UNION INN                        EMERYBERKNER, TRACEY LOUISE                         21375 CONSOLATION ST,                         VOLCANO, CA  95689","19425 MELLA DR                              VOLCANO, CA  95689","","7","","23","0300","21375 CONSOLATION ST","VOLCANO","03","95689","19425 MELLA DR","VOLCANO","95689","CA"
"486259","ACTIVE CANCEL","41 | 0","04/27/2010","03/31/2023","DBA: REAL DONER TURKISH FOOD/OZKAN APAYDIN                        APAYDIN, OZKAN                         307 F ST,                         PETALUMA, CA  94952","","","","","27","4903","307 F ST","PETALUMA","49","94952","","","",""
"529329","ACTIVE CANCEL","17 | 1","03/29/2013","02/29/2024","DBA: MTC DISTRIBUTING                        MTC DISTRIBUTING                         4900 STODDARD RD,                         MODESTO, CA  95356","","","","","29","5000","4900 STODDARD RD","MODESTO","50","95356","","","",""
"529329","ACTIVE CANCEL","18 | 1","03/29/2013","02/29/2024","DBA: MTC DISTRIBUTING                        MTC DISTRIBUTING                         4900 STODDARD RD,                         MODESTO, CA  95356","","","","","29","5000","4900 STODDARD RD","MODESTO","50","95356","","","",""
"529329","ACTIVE CANCEL","09 | 1","03/29/2013","02/29/2024","DBA: MTC DISTRIBUTING                        MTC DISTRIBUTING                         4900 STODDARD RD,                         MODESTO, CA  95356","","","","","29","5000","4900 STODDARD RD","MODESTO","50","95356","","","",""
"529329","ACTIVE CANCEL","12 | 1","03/29/2013","02/29/2024","DBA: MTC DISTRIBUTING                        MTC DISTRIBUTING                         4900 STODDARD RD,                         MODESTO, CA  95356","","","","","29","5000","4900 STODDARD RD","MODESTO","50","95356","","","",""
"536629","ACTIVE CANCEL","41 | 0","02/05/2014","01/31/2024","DBA: MOKU SUSHI                        MOKU SUSHI INC                         526 PALISADES DRIVE,                         LOS ANGELES, CA  90272-2824","","","","","4","1933","526 PALISADES DRIVE","LOS ANGELES","19","90272","","","",""
"541482","ACTIVE SUREND","47 | 0","04/17/2014","06/30/2024","DBA: RIVERWOOD INN                        ELIASON, GARY LEE                         2828 HWY 254,                         PHILLIPSVILLE, CA  95559","PO BOX 121                              PHILLIPSVILLE, CA  95559-0121","47-340355","","","28","1200","2828 HWY 254","PHILLIPSVILLE","12","95559","PO BOX 121","PHILLIPSVILLE","95559","CA"
"549153","ACTIVE SUREND","21 | 0","10/24/2014","06/30/2024","DBA: WALGREENS 11754                        WALGREEN CO                         787 L ST,                         CRESCENT CITY, CA  95531-2822","PO BOX 901, ATTN:  LICENSING                              DEERFIELD, IL  60015-0901","21-343652","","BAY COMMERCIAL BANK 500 YGNACIO VALLEY RD STE 200 WALNUT CREEK, CA  94596","28","0801","787 L ST","CRESCENT CITY","08","95531","PO BOX 901, ATTN:  LICENSING","DEERFIELD","60015","IL"
"550303","SUSPEN ACTIVE","48 | 0","11/06/2014","10/31/2023","DBA: SHOWBOAT LOUNGE                        RITTENHOUSE, GINA  DIANDA                         105 HARTNELL AVE, STE A,                         REDDING, CA  96002","","48-379854","","PLACER TITLE COMPANY 193 FULWEILER AVE AUBURN, CA  95603-4507","31","4502","105 HARTNELL AVE, STE A","REDDING","45","96002","","","",""
"558756","ACTIVE CANCEL","48 | 1","08/17/2015","07/31/2023","DBA: PHEASANT CLUB                        MATHAUSER, FRANK                         493 B STREET,                         BIGGS, CA  95917","PO BOX 104                              RICHVALE, CA  95974","48-10707/ 48-642775","","NO ESCROW","31","0401","493 B STREET","BIGGS","04","95917","PO BOX 104","RICHVALE","95974","CA"
"558756","ACTIVE CANCEL","77 | 1","08/17/2015","07/31/2023","DBA: PHEASANT CLUB                        MATHAUSER, FRANK                         493 B STREET,                         BIGGS, CA  95917","PO BOX 104                              RICHVALE, CA  95974","48-10707/ 48-642775","","NO ESCROW","31","0401","493 B STREET","BIGGS","04","95917","PO BOX 104","RICHVALE","95974","CA"
"561776","SUSPEN CANCEL","47 | 0","09/21/2016","08/31/2023","DBA: TOASTED BARREL THE                        GHILLEMHUIRE INC                         1300 EL SOBRANTE RD ,                         CORONA, CA  92879-5759","PO BOX 78717                              CORONA, CA  92877-0157","","5","","7","3306","1300 EL SOBRANTE RD","CORONA","33","92879","PO BOX 78717","CORONA","92877","CA"
"564453","ACTIVE CANCEL","41 | 0","01/21/2016","12/31/2023","BLU SEA INVESTMENTS, LLC                         123 W 25TH AVE,                         SAN MATEO, CA  94403-2259","","41-505514/ 41-647037","7","GERARD LAM 373 9TH ST #506 OAKLAND, CA  94607","25","4113","123 W 25TH AVE","SAN MATEO","41","94403","","","",""
"590700","ACTIVE CANCEL","41 | 0","05/18/2018","04/30/2024","DBA: IN THE WOOD                        RM VENTURES, LLC                         2930 COLLEGE AVE,                         BERKELEY, CA  94705-2204","","41-536319","7","BAY AREA ESCROW COMPANY 2817 CROW CANYON RD STE 102 SAN RAMON, CA  94583","22","0103","2930 COLLEGE AVE","BERKELEY","01","94705","","","",""
"591137","REVPEN AUTREV","20 | 0","05/18/2018","04/30/2023","DBA: SAMS MARKET                        ALSAHWI, SAMER                         12111 SATICOY ST,                         NORTH HOLLYWOOD, CA  91605-3025","","20-438642","7","ALL BROKERS ESCROW 2924 W MAGNOLIA BLVD BURBANK, CA  91505","5","1933","12111 SATICOY ST","NORTH HOLLYWOOD","19","91605","","","",""
"593344","ACTIVE SUSPEN","48 | 0","10/29/2018","09/30/2024","DBA: MICHAEL'S PUB LLC                        MICHAEL'S PUB, LLC                         11504-06 OXNARD ST,                         NORTH HOLLYWOOD, CA  91606-4810","11506 OXNARD ST                              NORTH HOLLYWOOD, CA  91606","48-541464/ 48-650637, 47-650638","","","5","1933","11504-06 OXNARD ST","NORTH HOLLYWOOD","19","91606","11506 OXNARD ST","NORTH HOLLYWOOD","91606","CA"
"593836","ACTIVE CANCEL","41 | 0","08/06/2018","07/31/2023","DBA: AMAGI SUSHI                        UNIQUE BOX ENTERPRISES INC                         19510 VAN BUREN BLVD, #F6,                         RIVERSIDE, CA  92508-9458","","41-537399/ 41-646866","","CHICAGO TITLE COMPANY 4041 MACARTHUR BLVD STE 400 NEWPORT BEACH, CA  92660","7","3312","19510 VAN BUREN BLVD, #F6","RIVERSIDE","33","92508","","","",""
"595955","ACTIVE CANCEL","21 | 0","12/24/2018","11/30/2023","DBA: PRICE MISSION LIQUOR                        IB PUBLIC HOUSE LLC                         240 W MISSION AVE, STE D,                         ESCONDIDO, CA  92025-1700","12061 TIVOLI PARK ROW, UNIT 5                              SAN DIEGO, CA  92128-4384","21-568302/ 21-644835","7","PACIFIC HOMELAND ESCROW 4655 RUFFNER ST STE 270 SAN DIEGO, CA  92111","9","3705","240 W MISSION AVE, STE D","ESCONDIDO","37","92025","12061 TIVOLI PARK ROW, UNIT 5","SAN DIEGO","92128","CA"
"600100","ACTIVE CANCEL","21 | 0","06/12/2019","05/31/2024","DBA: LUCKY LIQUOR STORE                        DAHI, SAMIR NADIM                         16242 WHITTIER BLVD,                         WHITTIER, CA  90603-2901","","21-453473/ 21-647971","","","2","1961","16242 WHITTIER BLVD","WHITTIER","19","90603","","","",""
"603980","ACTIVE CANCEL","41 | 0","04/09/2019","03/31/2024","LITTLE KITE                         3515 20TH ST,                         SAN FRANCISCO, CA  94110-2416","","41-588393/ 41-644811","7","CHINESE AMERICAN ASSOCIATES 739 WASHINGTON ST STE 300 SAN FRANCISCO, CA  94108","24","3800","3515 20TH ST","SAN FRANCISCO","38","94110","","","",""
"605779","ACTIVE CANCEL","20 | 0","12/07/2020","11/30/2023","BEYOND FOOD MART INC                         4688 TEMESCAL CANYON RD,                         CORONA, CA  92883","4300 EDISON AVE                              CHINO, CA  91710-5411","","","","7","3306","4688 TEMESCAL CANYON RD","CORONA","33","92883","4300 EDISON AVE","CHINO","91710","CA"
"609991","PEND ACTIVE","47 | 0","06/09/2023","05/31/2024","DBA: SKY MUSIC KTV                        SKY MUSIC LLC.                         3288 PIERCE ST, A-128,                         RICHMOND, CA  94804-5951","","","5,7","","22","0709","3288 PIERCE ST, A-128","RICHMOND","07","94804","","","",""
"610184","REVPEN SUREND","47 | 0","03/13/2020","02/28/2025","DBA: PANVIMARN THAI CUISINE ON BROADWAY                        SARAREE CORPORATION                         740 E BROADWAY,                         LONG BEACH, CA  90802-5134","","","5,7","","3","1932","740 E BROADWAY","LONG BEACH","19","90802","","","",""
"610184","REVPEN SUREND","47 | 0","03/13/2020","02/28/2025","DBA: PANVIMARN THAI CUISINE ON BROADWAY                        SARAREE CORPORATION                         740 E BROADWAY,                         LONG BEACH, CA  90802-5134","","","5,7","","3","1932","740 E BROADWAY","LONG BEACH","19","90802","","","",""
"610249","ACTIVE CANCEL","41 | 0","01/13/2020","12/31/2023","DBA: ACRE PIZZA                        ACRE PIZZA LLC                         6760 MCKINLEY ST, STE 150,                         SEBASTOPOL, CA  95472-3479","1030 MARTIN LN                              SEBASTOPOL, CA  95472-2534","","","","27","4905","6760 MCKINLEY ST, STE 150","SEBASTOPOL","49","95472","1030 MARTIN LN","SEBASTOPOL","95472","CA"
"615001","REVPEN ACTIVE","17 | 0","03/17/2020","02/29/2024","DBA: NAIDU WINES                        NAIDU BEVERAGES LLC                         2567 BLUCHER VALLEY RD,                         SEBASTOPOL, CA  95472-5820","1201 CAMBRIDGE DR                              LAFAYETTE, CA  94549-2901","","7","","27","4900","2567 BLUCHER VALLEY RD","SEBASTOPOL","49","95472","1201 CAMBRIDGE DR","LAFAYETTE","94549","CA"
"615001","REVPEN ACTIVE","17 | 0","03/17/2020","02/29/2024","DBA: NAIDU WINES                        NAIDU BEVERAGES LLC                         2567 BLUCHER VALLEY RD,                         SEBASTOPOL, CA  95472-5820","1201 CAMBRIDGE DR                              LAFAYETTE, CA  94549-2901","","7","","27","4900","2567 BLUCHER VALLEY RD","SEBASTOPOL","49","95472","1201 CAMBRIDGE DR","LAFAYETTE","94549","CA"
"615001","REVPEN ACTIVE","20 | 0","03/17/2020","02/29/2024","DBA: NAIDU WINES                        NAIDU BEVERAGES LLC                         2567 BLUCHER VALLEY RD,                         SEBASTOPOL, CA  95472-5820","1201 CAMBRIDGE DR                              LAFAYETTE, CA  94549-2901","","7,I","","27","4900","2567 BLUCHER VALLEY RD","SEBASTOPOL","49","95472","1201 CAMBRIDGE DR","LAFAYETTE","94549","CA"
"615001","REVPEN ACTIVE","20 | 0","03/17/2020","02/29/2024","DBA: NAIDU WINES                        NAIDU BEVERAGES LLC                         2567 BLUCHER VALLEY RD,                         SEBASTOPOL, CA  95472-5820","1201 CAMBRIDGE DR                              LAFAYETTE, CA  94549-2901","","7,I","","27","4900","2567 BLUCHER VALLEY RD","SEBASTOPOL","49","95472","1201 CAMBRIDGE DR","LAFAYETTE","94549","CA"
"616718","ACTIVE CANCEL","41 | 0","07/07/2020","06/30/2023","DBA: TWIN ISLAND COFFEE COMPANY                        T.I. COFFEE CO.                         1410 N MAIN ST,                         WALNUT CREEK, CA  94596-4605","2335 RUBICON CT                              WALNUT CREEK, CA  94598","","","","22","0711","1410 N MAIN ST","WALNUT CREEK","07","94596","2335 RUBICON CT","WALNUT CREEK","94598","CA"
"617451","ACTIVE CANCEL","47 | 0","09/11/2020","08/31/2023","DBA: BRASS MONKEY PUBHOUSE CO                        BRASS MONKEY PUBHOUSE CO.                         18511 SOLEDAD CANYON RD,                         SANTA CLARITA, CA  91351-3722","33651 SHALLOW CREEK RD                              AGUA DULCE, CA  91390-3424","47-543564/ 47-647624","7","FEDERAL ESCROW , INC 23734 VALENCIA BLVD STE 100A VALENCIA, CA  91355","5","1985","18511 SOLEDAD CANYON RD","SANTA CLARITA","19","91351","33651 SHALLOW CREEK RD","AGUA DULCE","91390","CA"
"618363","REVPEN ACTIVE","41 | 0","03/08/2022","02/29/2024","DBA: COFFEE HOUSE HEYRI                        HONG, JIN KIM                         755 S HOBART BLVD,                         LOS ANGELES, CA  90005-2823","","","7","","4","1933","755 S HOBART BLVD","LOS ANGELES","19","90005","","","",""
"618363","REVPEN ACTIVE","41 | 0","03/08/2022","02/29/2024","DBA: COFFEE HOUSE HEYRI                        HONG, JIN KIM                         755 S HOBART BLVD,                         LOS ANGELES, CA  90005-2823","","","7","","4","1933","755 S HOBART BLVD","LOS ANGELES","19","90005","","","",""
"624162","ACTIVE CANCEL","47 | 1","05/26/2021","04/30/2024","DBA: HOMESTATE                        HOMESTATE PASADENA, LLC                         1992 LINCOLN AVE,                         PASADENA, CA  91103-1320","5611 N FIGUEROA ST, STE 211                              LOS ANGELES, CA  90042","47-565267/ 47-646054","7","ABC ESCROW 2222 DAMON STREET  LOS ANGELES, CA  90021","2","1943","1992 LINCOLN AVE","PASADENA","19","91103","5611 N FIGUEROA ST, STE 211","LOS ANGELES","90042","CA"
"624162","ACTIVE CANCEL","58 | 1","05/26/2021","04/30/2024","DBA: HOMESTATE                        HOMESTATE PASADENA, LLC                         1992 LINCOLN AVE,                         PASADENA, CA  91103-1320","5611 N FIGUEROA ST, STE 211                              LOS ANGELES, CA  90042","47-565267/ 47-646054","7","ABC ESCROW 2222 DAMON STREET  LOS ANGELES, CA  90021","2","1943","1992 LINCOLN AVE","PASADENA","19","91103","5611 N FIGUEROA ST, STE 211","LOS ANGELES","90042","CA"
"624786","SUSPEN ACTIVE","21 | 0","05/11/2021","04/30/2024","DBA: MIKE'S LIQUOR AND MARKET                        MIKES WINE AND SPIRITS INC                         296 E 6TH ST,                         BEAUMONT, CA  92223-2148","","21-586367","7","LAWYERS TITLE COMPANY 625 E CARNEGIE DR #105 SAN BERNARDINO, CA  92408","8","3302","296 E 6TH ST","BEAUMONT","33","92223","","","",""
"624786","SUSPEN ACTIVE","21 | 0","05/11/2021","04/30/2024","DBA: MIKE'S LIQUOR AND MARKET                        MIKES WINE AND SPIRITS INC                         296 E 6TH ST,                         BEAUMONT, CA  92223-2148","","21-586367","7","LAWYERS TITLE COMPANY 625 E CARNEGIE DR #105 SAN BERNARDINO, CA  92408","8","3302","296 E 6TH ST","BEAUMONT","33","92223","","","",""
"624942","PEND ACTIVE","41 | 0","06/08/2023","05/31/2024","DBA: PASCALINE FINE CATERING                        PASCALINE FINE CATERING LLC                         1021 HAHMAN DR,                         SANTA ROSA, CA  95405-6930","2243 PIMLICO WAY                              SANTA ROSA, CA  95401-8815","","","","27","4904","1021 HAHMAN DR","SANTA ROSA","49","95405","2243 PIMLICO WAY","SANTA ROSA","95401","CA"
"629622","ACTIVE CANCEL","47 | 0","11/30/2021","10/31/2023","DBA: MOMONA                        CHICO SUPPER CLUB LLC                         230 W 3RD ST,                         CHICO, CA  95928","1115 NELSON ST                              CHICO, CA  95928","47-617823/ 47-641218","7","ABC ESCROW 2222 DAMON STREET  LOS ANGELES, CA  90021","31","0402","230 W 3RD ST","CHICO","04","95928","1115 NELSON ST","CHICO","95928","CA"
"632587","PEND ACTIVE","47 | 0","06/08/2023","05/31/2024","DBA: HERITAGE INN & SUITES RIDGECREST                        HERITAGE F & B LLC                         1050 N NORMA ST,                         RIDGECREST, CA  93555","","47-269447","","ABC ESCROW 2222 DAMON STREET  LOS ANGELES, CA  90021","6","1510","1050 N NORMA ST","RIDGECREST","15","93555","","","",""
"633028","ACTIVE CANCEL","20 | 0","02/08/2023","01/31/2024","DBA: ROCKET 0263                        APRO LLC                         12905 HESPERIA RD,                         VICTORVILLE, CA  92395","4130 COVER ST                              LONG BEACH, CA  90808-1885","","","","7","3612","12905 HESPERIA RD","VICTORVILLE","36","92395","4130 COVER ST","LONG BEACH","90808","CA"
"636338","REVPEN AUTREV","41 | 0","07/08/2022","06/30/2023","DBA: STREET GRILL                        COOKING HUMANS, INC.                         3701 S HARBOR BLVD, STE F,                         SANTA ANA, CA  92704-7902","","41-601647","","JADE ESCROW INC 9604 LAS TUNAS DR TEMPLE CITY, CA  91780","11","3017","3701 S HARBOR BLVD, STE F","SANTA ANA","30","92704","","","",""
"636655","CANCEL ACTIVE","41 | 1","06/13/2022","05/31/2024","UNCLE LA'S FOODS LLC                         991 LAKE BLVD STE B,                         REDDING, CA  96003","","","","","31","4502","991 LAKE BLVD STE B","REDDING","45","96003","","","",""
"636655","CANCEL ACTIVE","77 | 1","06/13/2022","05/31/2024","UNCLE LA'S FOODS LLC                         991 LAKE BLVD STE B,                         REDDING, CA  96003","","","","","31","4502","991 LAKE BLVD STE B","REDDING","45","96003","","","",""
"637023","R64B ACTIVE","47 | 0","06/09/2023","05/31/2024","DBA: BOWLERO                        BOWLERO SANTA CLARA LLC                         2855 STEVENS CREEK BLVD, SPC A170,                         SANTA CLARA, CA  95050-6709","7313 BELL CREEK RD                              MECHANICSVILLE, VA  23111","47-448487","","INNOVATIVE ESCROW, INC 28212 KELLY JOHNSON PKWY STE 110 VALENCIA, CA  91355","25","4314","2855 STEVENS CREEK BLVD, SPC A170","SANTA CLARA","43","95050","7313 BELL CREEK RD","MECHANICSVILLE","23111","VA"
"637893","ACTIVE CANCEL","41 | 0","07/20/2022","06/30/2023","DBA: SACRAMENTO PIZZA COMPANY                        MOSS, BRIAN  JOSEPH                         2700 E BIDWELL, STE 500,                         FOLSOM, CA  95630-6435","1530 FRESWICK DR                              FOLSOM, CA  95630","41-565117/ 41-647178","","LENNAR TITLE 7555 N PALM AVE STE 210 FRESNO, CA  93711","23","3401","2700 E BIDWELL, STE 500","FOLSOM","34","95630","1530 FRESWICK DR","FOLSOM","95630","CA"
"638435","PEND ACTIVE","47 | 0","06/09/2023","05/31/2024","DBA: LIFE TIME FITNESS                        LTF CLUB OPERATIONS COMPANY, INC                         1435 E ROSEVILLE PKWY,                         ROSEVILLE, CA  95661-3066","2902 CORPORATE PL, ATTN: LICENSING                              CHANHASSEN, MN  55317-4560","47-573790","7","ABC ESCROW 2222 DAMON STREET  LOS ANGELES, CA  90021","23","3105","1435 E ROSEVILLE PKWY","ROSEVILLE","31","95661","2902 CORPORATE PL, ATTN: LICENSING","CHANHASSEN","55317","MN"
"638997","ACTIVE CANCEL","20 | 0","09/09/2022","08/31/2023","DBA: ONE STOP MART                        FLORES19 INC.                         163 S RAMONA BLVD,                         SAN JACINTO, CA  92583","","20-310792/ 20-646870","","SECURITY LAND ESCROW  COMPANY 10805 PARAMOUNT BLVD STE A DOWNEY, CA  90241-3308","7","3313","163 S RAMONA BLVD","SAN JACINTO","33","92583","","","",""
"641216","PEND ACTIVE","02 | 0","07/03/2023","06/30/2024","SHIRAH WINE LLC                         5705 PERKINS RD,                         OXNARD, CA  93033-9014","30721 LAKEFRONT DR                              AGOURA HILLS, CA  91301","","","","12","5603","5705 PERKINS RD","OXNARD","56","93033","30721 LAKEFRONT DR","AGOURA HILLS","91301","CA"
"641218","PEND ACTIVE","47 | 0","06/08/2023","10/31/2024","DBA: MOMONA                        CHICO SUPPER CLUB LLC                         330 MAIN ST,                         CHICO, CA  95928","1115 NELSON ST                              CHICO, CA  95928","47-629622","7","NONE","31","0402","330 MAIN ST","CHICO","04","95928","1115 NELSON ST","CHICO","95928","CA"
"641509","ACTIVE CANCEL","21 | 0","02/22/2023","01/31/2024","DBA: LUXURY LIQUOR                        ABUHANTASH, HEATHER REBECCA                         19201-I BEAR VALLEY RD, STE C,                         APPLE VALLEY, CA  92308-6763","19689 CHICORY CT                              APPLE VALLEY, CA  92308-3629","","5","","7","3621","19201-I BEAR VALLEY RD, STE C","APPLE VALLEY","36","92308","19689 CHICORY CT","APPLE VALLEY","92308","CA"
"641631","ACTIVE R64B","47 | 0","06/09/2023","05/31/2024","DBA: BAZAAR MEAT                        100 S GRAND BMJV, LLC                         100 S GRAND AVE STE 16-18,                         LOS ANGELES, CA  90012-4794","30 HUDSON YARDS FLR 82                              NEW YORK , NY  10001","47-616738","7","CALIFORNIA BUSINESS ESCROW INC 1748 MAIN STREET ESCALON, CA  95320","4","1933","100 S GRAND AVE STE 16-18","LOS ANGELES","19","90012","30 HUDSON YARDS FLR 82","NEW YORK","10001","NY"
"641812","PEND ACTIVE","41 | 0","06/08/2023","05/31/2024","DBA: CAMPO CAFE                         CAMPO CAFE INC                         1247 SHERIDAN RD,                         CAMPO, CA  91906-3116","","","","","10","3700","1247 SHERIDAN RD","CAMPO","37","91906","","","",""
"642151","PEND ACTIVE","47 | 0","06/09/2023","05/31/2024","DBA: JUNOON INDIAN CUISINE & BAR                        C & G INVESTMENT INC                          1261 W YOSEMITE AVE,                         MANTECA, CA  95337","2307 BUENA VISTA DRIVE                               MANTECA, CA  95337","","5","","29","3903","1261 W YOSEMITE AVE","MANTECA","39","95337","2307 BUENA VISTA DRIVE","MANTECA","95337","CA"
"642274","PEND ACTIVE","47 | 0","06/09/2023","05/31/2024","DBA: BURLY BEVERAGES                        BURLY BEVERAGES LLC                         2014 DEL PASO BLVD,                         SACRAMENTO, CA  95815-3022","","","5","","23","3405","2014 DEL PASO BLVD","SACRAMENTO","34","95815","","","",""
"642591","PEND ACTIVE","47 | 0","06/09/2023","05/31/2024","DBA: HYATT PLACE & HYATT HOUSE SACRAMENTO INTL AIRPORT                        G B COMMERCIAL, LLC                         4850 DUCKHORN DR,                         SACRAMENTO, CA  95834","570 HAWKCREST CIR                              SACRAMENTO, CA  95835","","5,7","","23","3405","4850 DUCKHORN DR","SACRAMENTO","34","95834","570 HAWKCREST CIR","SACRAMENTO","95835","CA"
"642658","PEND ACTIVE","47 | 0","06/09/2023","05/31/2024","DBA: BOSTON LOBSTER                        BOSTON LOBSTER INC.                         4501 ROSEMEAD BLVD,                         ROSEMEAD, CA  91770-1476","","","5,7","","2","1965","4501 ROSEMEAD BLVD","ROSEMEAD","19","91770","","","",""
"642775","PEND ACTIVE","77 | 1","06/08/2023","07/31/2024","DBA: PHEASANT CLUB                        MATHAUSER, FRANK                         493 B STREET,                         BIGGS, CA  95917","PO BOX 104                              RICHVALE, CA  95974","48-558756","","NONE","31","0401","493 B STREET","BIGGS","04","95917","PO BOX 104","RICHVALE","95974","CA"
"642775","PEND ACTIVE","48 | 1","06/08/2023","07/31/2024","DBA: PHEASANT CLUB                        MATHAUSER, FRANK                         493 B STREET,                         BIGGS, CA  95917","PO BOX 104                              RICHVALE, CA  95974","48-558756","","NONE","31","0401","493 B STREET","BIGGS","04","95917","PO BOX 104","RICHVALE","95974","CA"
"643060","PEND ACTIVE","47 | 0","06/09/2023","05/31/2024","DBA: VINE AND GRAIN                        VINE AND GRAIN INC.                         2475 SAND CREEK RD, UNIT 112,                         BRENTWOOD, CA  94513-7178","","","5,7","","22","0702","2475 SAND CREEK RD, UNIT 112","BRENTWOOD","07","94513","","","",""
"643431","PEND ACTIVE","41 | 0","06/08/2023","05/31/2024","DBA: ACRE PIZZA                        ACRE GROUP LLC                         8175 GRAVENSTEIN HWY,                         COTATI, CA  94931-4126","1030 MARTIN LN                              SEBASTOPOL, CA  95472-2534","41-610249","","","27","4908","8175 GRAVENSTEIN HWY","COTATI","49","94931","1030 MARTIN LN","SEBASTOPOL","95472","CA"
"643842","PEND ACTIVE","21 | 0","06/09/2023","05/31/2024","DBA: AWASH ETHIOPIAN RESTAURANT AND MARKET                         FARISE, DEMILIE GEDALEW                         2884 EL CAJON BLVD,                         SAN DIEGO, CA  92104-1226","2884 EL CAJON BLVD                              SAN DIEGO, CA  92104-1226","21-506109","7","ALLISON - MCCLOSKEY 4820 EL CAJON BLVD SAN DIEGO, CA  92115-4695","10","3710","2884 EL CAJON BLVD","SAN DIEGO","37","92104","2884 EL CAJON BLVD","SAN DIEGO","92104","CA"
"643842","PEND ACTIVE","41 | 0","06/09/2023","05/31/2024","DBA: AWASH ETHIOPIAN RESTAURANT AND MARKET                         FARISE, DEMILIE GEDALEW                         2884 EL CAJON BLVD,                         SAN DIEGO, CA  92104-1226","2884 EL CAJON BLVD                              SAN DIEGO, CA  92104-1226","41-506109","7","ALLISON - MCCLOSKEY 4820 EL CAJON BLVD SAN DIEGO, CA  92115-4695","10","3710","2884 EL CAJON BLVD","SAN DIEGO","37","92104","2884 EL CAJON BLVD","SAN DIEGO","92104","CA"
"644500","R64B ACTIVE","47 | 0","06/09/2023","05/31/2024","DBA: TIPSY PUTT                        TIPSY PUTT SV LLC                         301 W MCKINLEY AVE, STE E150,                         SUNNYVALE, CA  94086-7074","630 K ST, #120                              SACRAMENTO, CA  95814","47-5843","7","ABC ESCROW 2222 DAMON ST  LOS ANGELES, CA  90021","25","4316","301 W MCKINLEY AVE, STE E150","SUNNYVALE","43","94086","630 K ST, #120","SACRAMENTO","95814","CA"
"644500","R64B ACTIVE","47 | 0","06/09/2023","05/31/2024","DBA: TIPSY PUTT                        TIPSY PUTT SV LLC                         301 W MCKINLEY AVE, STE E150,                         SUNNYVALE, CA  94086-7074","630 K ST, #120                              SACRAMENTO, CA  95814","47-5843","7","ABC ESCROW 2222 DAMON ST  LOS ANGELES, CA  90021","25","4316","301 W MCKINLEY AVE, STE E150","SUNNYVALE","43","94086","630 K ST, #120","SACRAMENTO","95814","CA"
"644811","PEND ACTIVE","41 | 0","06/08/2023","05/31/2024","DBA: OKAERI JAPANESE BISTRO                        OHANA SUSHI LLC                         3515 20TH ST,                         SAN FRANCISCO, CA  94110-2416","616 PACIFIC AVE                              ALAMEDA, CA  94501","41-603980","7","OLD REPUBLIC TITLE 1000 BURNETT AVE STE 400 CONCORD, CA  94520-2088","24","3800","3515 20TH ST","SAN FRANCISCO","38","94110","616 PACIFIC AVE","ALAMEDA","94501","CA"
"644835","PEND ACTIVE","21 | 0","06/08/2023","05/31/2024","DBA: OTAY RANCH MARKET                        HANA, MONA B                         1392 E PALOMAR ST, STE 407,                         CHULA VISTA, CA  91913-1894","1392 E PALOMAR ST, STE 407                              CHULA VISTA, CA  91913-1894","21-595955","7","CALIFORNIA BUSINESS ESCROW 1748 MAIN STREET ESCALON, CA  95320","10","3702","1392 E PALOMAR ST, STE 407","CHULA VISTA","37","91913","1392 E PALOMAR ST, STE 407","CHULA VISTA","91913","CA"
"644979","PEND ACTIVE","41 | 0","06/09/2023","05/31/2024","DBA: OLIVIA                        XOCHITL LLC                         205 S VERMONT AVE,                         LOS ANGELES, CA  90004-5906","","","7","","4","1933","205 S VERMONT AVE","LOS ANGELES","19","90004","","","",""
"645184","PEND ACTIVE","41 | 0","06/08/2023","05/31/2024","DBA: TIO CHEMA                        J & S LUISITO LLC                         377 E ORANGE AVE,                         PORTERVILLE, CA  93257-4558","4221 E CAMBRIDGE AVE                              VISALIA, CA  93292-4462","","7","","21","5404","377 E ORANGE AVE","PORTERVILLE","54","93257","4221 E CAMBRIDGE AVE","VISALIA","93292","CA"
"645201","PEND ACTIVE","41 | 0","06/08/2023","05/31/2024","DBA: CHIEFY CAFE                        CAFE AU LAIT, LLC                         1080 UNIVERSITY AVE STE 105,                         SAN DIEGO, CA  92103-3363","1080 UNIVERSITY AVE STE 105                              SAN DIEGO, CA  92103-3363","","7","","10","3710","1080 UNIVERSITY AVE STE 105","SAN DIEGO","37","92103","1080 UNIVERSITY AVE STE 105","SAN DIEGO","92103","CA"
"645257","PEND ACTIVE","41 | 0","06/08/2023","05/31/2024","DBA: MOUNTAIN SLICE CAFE & CREAMERY                        MOUNTAIN SLICE                         690 N LAKE BLVD, UNIT A,                         TAHOE CITY, CA  96145","","","7","","23","3100","690 N LAKE BLVD, UNIT A","TAHOE CITY","31","96145","","","",""
"645415","PEND ACTIVE","41 | 0","06/08/2023","05/31/2024","DBA: TIJUANAZO BIRRIA AND BEER                        MARROQUIN CORPORATION                         39872 LOS ALAMOS RD, STE A13/14,                         MURRIETA, CA  92562-5745","137 HEADLANDS WY                              PERRIS, CA  92570-5525","","","","7","3323","39872 LOS ALAMOS RD, STE A13/14","MURRIETA","33","92562","137 HEADLANDS WY","PERRIS","92570","CA"
"645433","PEND ACTIVE","02 | 0","06/08/2023","06/30/2024","DBA: CHRISTOPHERSON MEADERY                         CHRISTOPHERSON  MEADERY LLC                         233 E HARRIS AVE UNIT F1,                         SOUTH SAN FRANCISCO, CA  94080","580 MAPLE  AVE                              SAN BRUNO, CA  94066","","","","25","4114","233 E HARRIS AVE UNIT F1","SOUTH SAN FRANCISCO","41","94080","580 MAPLE  AVE","SAN BRUNO","94066","CA"
"645582","PEND ACTIVE","47 | 0","06/08/2023","05/31/2024","DBA: PETE'S BRASS RAIL & CARWASH                        PETE'S 3 G LLC                         201 HARTZ AVE,                         DANVILLE, CA  94526","425 EL PINTADO RD, #110                              DANVILLE, CA  94526","47-419156","7","BAY AREA ESCROW COMPANY 2817 CROW CANYON RD STE 102 SAN RAMON, CA  94583","22","0716","201 HARTZ AVE","DANVILLE","07","94526","425 EL PINTADO RD, #110","DANVILLE","94526","CA"
"645609","PEND ACTIVE","20 | 0","06/09/2023","05/31/2024","DBA: LA AMISTAD MARKET                        ROJAS ORTIZ, ADRIANA SARAIT                         2121 E CALIFORNIA AVE,                         BAKERSFIELD, CA  93307-1919","7805 HAROLD ST                              LAMONT, CA  93241-2909","20-577613","7","","6","1500","2121 E CALIFORNIA AVE","BAKERSFIELD","15","93307","7805 HAROLD ST","LAMONT","93241","CA"
"645671","ACTIVE CANCEL","41 | 0","04/07/2023","03/31/2024","DBA: FOXHALL                        ROBERTSON GRILL, LLC                          310 S ROBERTSON BLVD,                         LOS ANGELES, CA  90048-3806","8271 MELROSE AVE, STE 100                              LOS ANGELES, CA  90046-6800","","7","","4","1933","310 S ROBERTSON BLVD","LOS ANGELES","19","90048","8271 MELROSE AVE, STE 100","LOS ANGELES","90046","CA"
"645723","PEND ACTIVE","40 | 0","06/09/2023","05/31/2024","DBA: BUZZIN ON HOPS BOTTLESHOP & TAPROOM                        BUZZIN ON HOPS BOTTLESHOP & TAPROOM LLC                         101 E VINEYARD AVE, STE 111,                         LIVERMORE, CA  94550-6877","","","7","","22","0107","101 E VINEYARD AVE, STE 111","LIVERMORE","01","94550","","","",""
"645726","PEND ACTIVE","47 | 0","06/09/2023","05/31/2024","DBA: AIR CANADA SFO                        COMPASS GROUP USA INC                         SF INT'L AIRPORT TERMINAL 2, RM T2.4.110 LEVEL 4,                         SAN FRANCISCO, CA  94128","2400 YORKMONT RD                              CHARLOTTE, NC  28217-4511","","A","","24","4100","SF INT'L AIRPORT TERMINAL 2, RM T2.4.110 LEVEL 4","SAN FRANCISCO","41","94128","2400 YORKMONT RD","CHARLOTTE","28217","NC"
"645750","PEND ACTIVE","41 | 0","06/08/2023","05/31/2024","DBA: RAY'S DUCK HOUSE                        RAY'S DUCK HOUSE                         4721 CHINO HILLS PKWY,                         CHINO HILLS, CA  91709-5862","","","","","7","3623","4721 CHINO HILLS PKWY","CHINO HILLS","36","91709","","","",""
"646054","PEND ACTIVE","58 | 1","06/08/2023","05/31/2024","DBA: HOMESTATE                        HOMESTATE KITCHEN, LLC                         1992 LINCOLN AVE,                         PASADENA, CA  91103-1320","5619 N FIGUEROA ST, STE 211                              LOS ANGELES, CA  90042-4978","47-624162","7","","2","1943","1992 LINCOLN AVE","PASADENA","19","91103","5619 N FIGUEROA ST, STE 211","LOS ANGELES","90042","CA"
"646054","PEND ACTIVE","47 | 1","06/08/2023","05/31/2024","DBA: HOMESTATE                        HOMESTATE KITCHEN, LLC                         1992 LINCOLN AVE,                         PASADENA, CA  91103-1320","5619 N FIGUEROA ST, STE 211                              LOS ANGELES, CA  90042-4978","47-624162","7","","2","1943","1992 LINCOLN AVE","PASADENA","19","91103","5619 N FIGUEROA ST, STE 211","LOS ANGELES","90042","CA"
"646146","PEND ACTIVE","41 | 0","06/08/2023","05/31/2024","DBA: VOLCANO UNION INN AND PUB                        PIGGLES COMFORT LLC                         21375 CONSOLATION ST,                         VOLCANO, CA  95689","PO BOX 231                              PINE GROVE, CA  95665","41-477329","7","CRESCENT LAND TITLE COMPANY 890 3RD ST CRESCENT CITY, CA  95531","23","0300","21375 CONSOLATION ST","VOLCANO","03","95689","PO BOX 231","PINE GROVE","95665","CA"
"646220","PEND ACTIVE","41 | 0","06/09/2023","05/31/2024","DBA: EL RODEO CAFE                        EL RODEO CAFE CORP.                         17136 VAN BUREN BLVD,                         RIVERSIDE, CA  92504-5905","","41-638203","","INLAND EMPIRE ESCROW 12794 CENTRAL AVE CHINO, CA  91710","7","3300","17136 VAN BUREN BLVD","RIVERSIDE","33","92504","","","",""
"646225","PEND ACTIVE","02 | 0","06/09/2023","06/30/2024","DBA: ANTELOPE VALLEY WINERY                        FOUR E WINEGROWERS LLC                         42041 20TH ST W,                         LANCASTER, CA  93534-6912","829 W PALMDALE BLVD, STE 400                              PALMDALE, CA  93551","","","","5","1980","42041 20TH ST W","LANCASTER","19","93534","829 W PALMDALE BLVD, STE 400","PALMDALE","93551","CA"
"646323","PEND ACTIVE","41 | 0","06/08/2023","05/31/2024","MOKU888 INC                         526 PALISADES DRIVE,                         LOS ANGELES, CA  90272-2824","11735 CULVER BLVD APT 16                              LOS ANGELES, CA  90066","41-536629","","CENTRAL ESCROW GROUP, INC 515 W GARVEY AVENUE  STE 118 MONTEREY PARK, CA  91754","4","1933","526 PALISADES DRIVE","LOS ANGELES","19","90272","11735 CULVER BLVD APT 16","LOS ANGELES","90066","CA"
"646351","PEND ACTIVE","17 | 0","06/08/2023","05/31/2024","DBA: TERROIR TO YOU                        TERROIR TO YOU LLC                         345 12TH ST, UNIT 1,                         PASO ROBLES, CA  93446","","","7","","13","4002","345 12TH ST, UNIT 1","PASO ROBLES","40","93446","","","",""
"646351","PEND ACTIVE","20 | 0","06/08/2023","05/31/2024","DBA: TERROIR TO YOU                        TERROIR TO YOU LLC                         345 12TH ST, UNIT 1,                         PASO ROBLES, CA  93446","","","7,I","","13","4002","345 12TH ST, UNIT 1","PASO ROBLES","40","93446","","","",""
"646472","PEND ACTIVE","02 | 1","06/09/2023","06/30/2024","DBA: NORSEMAN THE                        DOOKIE BROTHERS LLC, THE                         560 NOB HILL CT,                         WHITETHORN, CA  95589-9082","3890 CHEMISE MOUNTAIN RD                              WHITETHORN, CA  95589-8800","","7","","28","1200","560 NOB HILL CT","WHITETHORN","12","95589","3890 CHEMISE MOUNTAIN RD","WHITETHORN","95589","CA"
"646472","PEND ACTIVE","81 | 1","06/09/2023","06/30/2024","DBA: NORSEMAN THE                        DOOKIE BROTHERS LLC, THE                         560 NOB HILL CT,                         WHITETHORN, CA  95589-9082","3890 CHEMISE MOUNTAIN RD                              WHITETHORN, CA  95589-8800","","7","","28","1200","560 NOB HILL CT","WHITETHORN","12","95589","3890 CHEMISE MOUNTAIN RD","WHITETHORN","95589","CA"
"646486","PEND ACTIVE","47 | 0","06/08/2023","05/31/2024","KALAVERAS CO INC                         1300 EL SOBRANTE RD ,                         CORONA, CA  92879-5759","","47-561776","5","TOWN & COUNTRY ESCROW CORP 391 N MAIN ST STE 112 CORONA, CA  92880","7","3306","1300 EL SOBRANTE RD","CORONA","33","92879","","","",""
"646614","PEND ACTIVE","02 | 0","06/09/2023","06/30/2024","DBA: AZUR WINES                        AZUR WINES LLC                         1014 CLINTON ST,                         NAPA, CA  94559-2546","C/O ANCORA BUSINESS SOLUTIONS, PO BOX 884                              NAPA, CA  94559-0884","02-534894","","","27","2802","1014 CLINTON ST","NAPA","28","94559","C/O ANCORA BUSINESS SOLUTIONS, PO BOX 884","NAPA","94559","CA"
"646674","PEND ACTIVE","41 | 0","06/08/2023","05/31/2024","DBA: VICTORIAS FAMILY RESTAURANT                        VICTORIA'S FAMILY RESTAURANT LLC                         33227 RIM OF THE WORLD DR,                         ARROWBEAR LAKE, CA  92382","PO BOX 286                              CRESTLINE, CA  92325-0286","","","","7","3600","33227 RIM OF THE WORLD DR","ARROWBEAR LAKE","36","92382","PO BOX 286","CRESTLINE","92325","CA"
"646736","PEND ACTIVE","02 | 0","06/08/2023","06/30/2024","DBA: BLENDING LAB, THE                        BLENDING LAB INC THE                         618 12TH ST,                         PASO ROBLES, CA  93446-2203","2021 OAKSTONE WAY                              LOS ANGELES, CA  90046-1821","","","","13","4002","618 12TH ST","PASO ROBLES","40","93446","2021 OAKSTONE WAY","LOS ANGELES","90046","CA"
"646844","PEND ACTIVE","41 | 0","06/08/2023","05/31/2024","KLEANEATZ MARKET, INC.                         222 W RIVER RD, STE C & D,                         RIPON, CA  95366","","","7","","29","3904","222 W RIVER RD, STE C & D","RIPON","39","95366","","","",""
"646866","PEND ACTIVE","41 | 0","06/08/2023","05/31/2024","DBA: AMAGI SUSHI                         AMAGI LLC                          19510 VAN BUREN BLVD, #F6,                         RIVERSIDE, CA  92508-9458","","41-593836","","ACE ESCROW INC 1725 S NOGALES ST STE 104 ROWLAND HEIGHTS, CA  91748","7","3312","19510 VAN BUREN BLVD, #F6","RIVERSIDE","33","92508","","","",""
"646870","PEND ACTIVE","20 | 0","06/08/2023","05/31/2024","DBA: ONE STOP MARKET                         EL WARDANY, SAAD SOLIMAN                         163 S RAMONA BLVD,                         SAN JACINTO, CA  92583","","20-638997","","","7","3313","163 S RAMONA BLVD","SAN JACINTO","33","92583","","","",""
"646872","PEND ACTIVE","41 | 0","06/08/2023","05/31/2024","DBA: WINGSTOP                         FRESH UP, INC.                          1752 E LUGONIA AVE , STE 113 & 114,                         REDLANDS, CA  92374-2731","9587 ARROW RT , BLDG 2                               STE A , RANCHO CUCAMONGA, CA  91730","","","","7","3608","1752 E LUGONIA AVE , STE 113 & 114","REDLANDS","36","92374","9587 ARROW RT , BLDG 2","RANCHO CUCAMONGA","91730","CA"
"647012","PEND ACTIVE","02 | 0","06/09/2023","06/30/2024","DBA: CRUSH VINEYARD                        SYNCHRONICIFY LLC                         3773 RUTH WAY, STE B,                         PASO ROBLES, CA  93446","425 BLUEBIRD CANYON DR                              LAGUNA BEACH, CA  92651-3304","02-619959","","","13","4000","3773 RUTH WAY, STE B","PASO ROBLES","40","93446","425 BLUEBIRD CANYON DR","LAGUNA BEACH","92651","CA"
"647037","PEND ACTIVE","41 | 0","06/08/2023","05/31/2024","DBA: HUNAN MIFEN                        HUNAN MIFEN USA INC                         123 W 25TH AVE,                         SAN MATEO, CA  94403-2259","","41-564453","7","","25","4113","123 W 25TH AVE","SAN MATEO","41","94403","","","",""
"647049","PEND ACTIVE","21 | 0","06/09/2023","05/31/2024","DBA: MOUNTAIN TOP LIQUOR STORE                        OCEANO VENTURES LLC                         7637 B HWY 138,                         PHELAN, CA  92371","","21-515344","","WARRANTY ESCROW SERVICE CORP 410 S MELROSE DR., STE 101 VISTA, CA  92081","7","3600","7637 B HWY 138","PHELAN","36","92371","","","",""
"647178","PEND ACTIVE","41 | 0","06/08/2023","05/31/2024","DBA: SACRAMENTO PIZZA COMPANY                        KP FOOD GROUP                         2700 E BIDWELL, STE 500,                         FOLSOM, CA  95630-6435","1521 PADDINGTON WY                              PLUMAS LAKE, CA  95961","41-637893","","CAPITAL CITY ESCROW INC 3838 WATT AVE #F610 SACRAMENTO, CA  95821","23","3401","2700 E BIDWELL, STE 500","FOLSOM","34","95630","1521 PADDINGTON WY","PLUMAS LAKE","95961","CA"
"647253","PEND ACTIVE","41 | 0","06/08/2023","05/31/2024","DBA: MAMA WALE'S RICE                        MAMA WALE'S FOOD LLC                         195 E ALESSANDRO BLVD, #8D,                         RIVERSIDE, CA  92508-6036","17130 VAN BUREN BLVD, #561                              RIVERSIDE, CA  92504-5905","","","","7","3312","195 E ALESSANDRO BLVD, #8D","RIVERSIDE","33","92508","17130 VAN BUREN BLVD, #561","RIVERSIDE","92504","CA"
"647282","PEND ACTIVE","47 | 0","06/08/2023","05/31/2024","DBA: IN THE WOOD                        RM VENTURES, LLC                         2930 COLLEGE AVE,                         BERKELEY, CA  94705-2204","","47-287976","7","BAY AREA ESCROW COMPANY 2817 CROW CANYON RD STE 102 SAN RAMON, CA  94583","22","0103","2930 COLLEGE AVE","BERKELEY","01","94705","","","",""
"647337","PEND ACTIVE","23 | 0","06/09/2023","08/31/2024","DBA: MIKE HESS BREWING CO                        MIKE HESS BREWING CO, LLC                         809 W HARBOR DR, STE E4-A,                         SAN DIEGO, CA  92101-5809","3812 GRIM AVE                              SAN DIEGO, CA  92104-3602","","","","10","3710","809 W HARBOR DR, STE E4-A","SAN DIEGO","37","92101","3812 GRIM AVE","SAN DIEGO","92104","CA"
"647347","PEND ACTIVE","20 | 0","06/09/2023","05/31/2024","DBA: G&M #171                        G & M OIL COMPANY INC                         1950 W LA HABRA BLVD,                         LA HABRA, CA  90631-5159","16868 A LN                              HUNTINGTON BEACH, CA  92647-4831","20-464807","","CALIFORNIA BUSINESS ESCROW, INC 1748 MAIN ST ESCALON, CA  95320-1927","11","3012","1950 W LA HABRA BLVD","LA HABRA","30","90631","16868 A LN","HUNTINGTON BEACH","92647","CA"
"647392","PEND ACTIVE","21 | 0","06/08/2023","01/31/2024","DBA: LUXURY LIQUOR                        HANTASH STAR, INC.                         19201-I BEAR VALLEY RD, STE C,                         APPLE VALLEY, CA  92308-6763","19689 CHICORY CT                              APPLE VALLEY, CA  92308-3629","21-641509","8","","7","3621","19201-I BEAR VALLEY RD, STE C","APPLE VALLEY","36","92308","19689 CHICORY CT","APPLE VALLEY","92308","CA"
"647458","PEND ACTIVE","20 | 0","06/08/2023","05/31/2024","DBA: ROCKET 0263                        UP2 HOLDINGS, LLC                         12905 HESPERIA RD,                         VICTORVILLE, CA  92395","4130 COVER ST                              LONG BEACH, CA  90808-1885","20-633028","","","7","3612","12905 HESPERIA RD","VICTORVILLE","36","92395","4130 COVER ST","LONG BEACH","90808","CA"
"647520","PEND ACTIVE","20 | 0","06/08/2023","06/30/2024","DBA: 7 ELEVEN STORE 23162D                         7 ELEVEN INC                         1200 S EUCLID ST,                         ANAHEIM, CA  92802","PO BOX 139044, ATTN: LICENSING DEPARTMENT                              DALLAS, TX  75313-9044","20-418403","","","11","3001","1200 S EUCLID ST","ANAHEIM","30","92802","PO BOX 139044, ATTN: LICENSING DEPARTMENT","DALLAS","75313","TX"
"647592","PEND ACTIVE","41 | 0","06/08/2023","05/31/2024","DBA: JITLADA THAI CUISINE                        ALPBANGKOKTHAI LLC                         1826B BUCHANAN ST,                         SAN FRANCISCO, CA  94115-3211","","","","","24","3800","1826B BUCHANAN ST","SAN FRANCISCO","38","94115","","","",""
"647593","PEND ACTIVE","20 | 0","06/09/2023","05/31/2024","DBA: CIRCLE K-BALDWIN PARK                        KUMAR FRIENDS INC                         13752 LOS ANGELES ST,                         BALDWIN PARK, CA  91706-2352","17454 BRETTON WOODS PL                              RIVERSIDE, CA  92504-8723","20-600299","","SECURED TRUST ESCROW INC 21111 VICTOR ST TORRANCE, CA  90503","2","1905","13752 LOS ANGELES ST","BALDWIN PARK","19","91706","17454 BRETTON WOODS PL","RIVERSIDE","92504","CA"
"647624","PEND ACTIVE","47 | 0","06/08/2023","05/31/2024","DBA: FOXHALL                        ROBERTSON GRILL, LLC                          310 S ROBERTSON BLVD,                         LOS ANGELES, CA  90048-3806","8271 MELROSE AVE, STE 100                              LOS ANGELES, CA  90046-6800","47-617451","7","CALIFORNIA BUSINESS ESCROW","4","1933","310 S ROBERTSON BLVD","LOS ANGELES","19","90048","8271 MELROSE AVE, STE 100","LOS ANGELES","90046","CA"
"647648","PEND ACTIVE","41 | 0","06/08/2023","05/31/2024","DBA: PHOENIX TAPHOUSE THE                        PHOENIX RISING GV LLC                         134 MILL ST,                         GRASS VALLEY, CA  95945-6506","","","","","23","2901","134 MILL ST","GRASS VALLEY","29","95945","","","",""
"647724","PEND ACTIVE","20 | 0","06/08/2023","05/31/2024","DBA: BEYOND FOOD MART                        DOS LAGOS OIL, INC                         4688 TEMESCAL CANYON RD,                         CORONA, CA  92883","4300 EDISON AVE                              CHINO, CA  91710-5411","20-605779","","NONE","7","3306","4688 TEMESCAL CANYON RD","CORONA","33","92883","4300 EDISON AVE","CHINO","91710","CA"
"647917","PEND ACTIVE","41 | 0","06/12/2023","05/31/2024","DBA: KOKORO                        NRK GROUP, INC.                         2207 S ATLANTIC BLVD,                         MONTEREY PARK, CA  91754-6803","","","","","2","1939","2207 S ATLANTIC BLVD","MONTEREY PARK","19","91754","","","",""
"647938","PEND ACTIVE","20 | 0","06/08/2023","05/31/2024","DBA: K & S FOOD STORE                         KULS PLACE INC                         2126 TAFT HWY 119,                         BAKERSFIELD, CA  93313","2126 TAFT HWY 119                              BAKERSFIELD, CA  93313","20-325237","7","","6","1500","2126 TAFT HWY 119","BAKERSFIELD","15","93313","2126 TAFT HWY 119","BAKERSFIELD","93313","CA"
"647971","PEND ACTIVE","21 | 0","06/08/2023","05/31/2024","DBA: LUCKY LIQUOR                        LUCKY LIQUOR STORE INC                         16242 WHITTIER BLVD,                         WHITTIER, CA  90603-2901","","21-600100","","LUCKY TEAM ESCROW INC 13305 BROOKHURST ST GARDEN GROVE, CA  92843-3117","2","1961","16242 WHITTIER BLVD","WHITTIER","19","90603","","","",""
"648025","PEND ACTIVE","21 | 0","06/09/2023","05/31/2024","DBA: ANGIE LIQUOR MARKET                        ANGIE LIQUOR MARKET                         3372 E GAGE AVE,                         HUNTINGTON PARK, CA  90255-5531","","21-93849","","UNITED ESCROW 3440 WILSHIRE BLVD # 600 LOS ANGELES, CA  90036","2","1925","3372 E GAGE AVE","HUNTINGTON PARK","19","90255","","","",""
"648065","PEND ACTIVE","41 | 0","06/09/2023","05/31/2024","DBA: OX9 LANZHOU HANDPULLED NOODLES                        LANZUN GROUP INC                         36456 FREMONT BLVD,                         FREMONT, CA  94536-7436","","","","","22","0105","36456 FREMONT BLVD","FREMONT","01","94536","","","",""
"648428","PEND ACTIVE","79 | 0","06/09/2023","05/31/2024","DBA: NORSEMAN @ ARCATA PLAZA CERTIFIED FARMERS' MARKET THE                         DOOKIE BROTHERS LLC, THE                         ARCATA PLAZA, 9TH & H ST,                         ARCATA, CA  95521","3890 CHEMISE MOUNTAIN RD                              WHITETHORN, CA  95589-8800","","","","28","1201","ARCATA PLAZA, 9TH & H ST","ARCATA","12","95521","3890 CHEMISE MOUNTAIN RD","WHITETHORN","95589","CA"
"648593","PEND ACTIVE","79 | 0","06/09/2023","05/31/2024","DBA: NORSEMAN @ EUREKA FRIDAY NIGHT MARKET CERTIFIED FARMERS' MARKET                        DOOKIE BROTHERS LLC, THE                         E ST & 2ND ST,                         EUREKA, CA  95501","3890 CHEMISE MOUNTAIN RD                              WHITETHORN, CA  95589-8800","","","","28","1203","E ST & 2ND ST","EUREKA","12","95501","3890 CHEMISE MOUNTAIN RD","WHITETHORN","95589","CA"
"649085","PEND ACTIVE","28 | 0","06/08/2023","06/30/2024","SANTAN BREWING COMPANY INC                         8 S SAN MARCOS PL,                         CHANDLER, AZ  85225","","","","","75","9999","8 S SAN MARCOS PL","CHANDLER","","85225","","","",""
"649169","PEND WITHDRAWN","41 | 0","","","DBA: GEISHA JAPANESE RESTAURANT AND TEA HOSE                        SOLORIO GUTIERREZ, LUIS FREDI                         200 MONTEREY AVE, UNIT 3,                         CAPITOLA, CA  95010","PO BOX 241                              ARMONA, CA  95004","510250","","BUSINESS & ESCROW SERVICE CENTER INC 3031 TISCH WAY STE 310 SAN JOSE, CA  95128","26","4401","200 MONTEREY AVE, UNIT 3","CAPITOLA","44","95010","PO BOX 241","ARMONA","95004","CA"
"649173","PEND WITHDRAWN","41 | 0","","","DBA: DU + ZA                        DU+ZA INC                         4330 MELROSE AVE,                         LOS ANGELES, CA  90029-3511","424 MONTEREY RD                              SOUTH PASADENA, CA  91030","566211","","","4","1933","4330 MELROSE AVE","LOS ANGELES","19","90029","424 MONTEREY RD","SOUTH PASADENA","91030","CA"
"649183","PEND WITHDRAWN","20 | 0","","","DBA: ETIWANDA GAS MART                         ETIWANDA GAS & MART                         3710 ETIWANDA AVE,                         MIRA LOMA, CA  91752-1141","","512348","7","BENNETT ESCROW SERVICE, INC 332 N RIVERSIDE AVENUE RIALTO, CA  92376-5926","7","3300","3710 ETIWANDA AVE","MIRA LOMA","33","91752","","","",""