"License Number","Status Changed From/To","Type| Dup","Original Issue Date","Expir. Date","Primary Owner and Premises Addr.","Mailing Addr.","Transfer-From/To","Conditions","Escrow","District Code","Geo Code","Prem Street","City","County","Zip Code","Mailing Street","Mailing City","Mailing Zip Code","Mailing State"
"244843","SUREND CANCEL","20 | 0","05/10/1990","06/30/2024","DBA: GROCERY OUTLET                        GROCERY OUTLET INC                         1848 CLOVIS AVE,                         CLOVIS, CA  93612-2713","5650 HOLLIS ST                              EMERYVILLE, CA  94608-2597","","","","21","1001","1848 CLOVIS AVE","CLOVIS","10","93612","5650 HOLLIS ST","EMERYVILLE","94608","CA"
"250398","REVPEN ACTIVE","02 | 1","11/21/1990","06/30/2024","DBA: DOMAINE ST GEORGE WINERY                        DOMAINE ST GEORGE                         1141 GRANT AVE,                         HEALDSBURG, CA  95448-9570","","","7","","27","4900","1141 GRANT AVE","HEALDSBURG","49","95448","","","",""
"250398","REVPEN ACTIVE","02 | 1","11/21/1990","06/30/2024","DBA: DOMAINE ST GEORGE WINERY                        DOMAINE ST GEORGE                         1141 GRANT AVE,                         HEALDSBURG, CA  95448-9570","","","7","","27","4900","1141 GRANT AVE","HEALDSBURG","49","95448","","","",""
"250398","REVPEN ACTIVE","14 | 0","08/31/1995","06/30/2024","DBA: DOMAINE ST GEORGE WINERY                        DOMAINE ST GEORGE                         1141 GRANT AVE,                         HEALDSBURG, CA  95448-9570","","","7","","27","4900","1141 GRANT AVE","HEALDSBURG","49","95448","","","",""
"250398","REVPEN ACTIVE","14 | 0","08/31/1995","06/30/2024","DBA: DOMAINE ST GEORGE WINERY                        DOMAINE ST GEORGE                         1141 GRANT AVE,                         HEALDSBURG, CA  95448-9570","","","7","","27","4900","1141 GRANT AVE","HEALDSBURG","49","95448","","","",""
"250398","REVPEN ACTIVE","09 | 1","11/21/1990","06/30/2024","DBA: DOMAINE ST GEORGE WINERY                        DOMAINE ST GEORGE                         1141 GRANT AVE,                         HEALDSBURG, CA  95448-9570","","","7","","27","4900","1141 GRANT AVE","HEALDSBURG","49","95448","","","",""
"250398","REVPEN ACTIVE","09 | 1","11/21/1990","06/30/2024","DBA: DOMAINE ST GEORGE WINERY                        DOMAINE ST GEORGE                         1141 GRANT AVE,                         HEALDSBURG, CA  95448-9570","","","7","","27","4900","1141 GRANT AVE","HEALDSBURG","49","95448","","","",""
"305047","ACTIVE CANCEL","48 | 0","06/18/2015","05/31/2024","DBA: CAVE SPORTS BAR THE                        APAZA DE ARCADIA, MARIA ANTONIETA                         628 W ORANGEWOOD AVE,                         ANAHEIM, CA  92802-4609","","","5,7","","11","3001","628 W ORANGEWOOD AVE","ANAHEIM","30","92802","","","",""
"317614","AUTREV ACTIVE","47 | 1","05/20/1996","04/30/2024","DBA: FAZ RESTAURANT                        FAZ RESTAURANT DANVILLE INC                         5121 HOPYARD RD,                         PLEASANTON, CA  94588-3303","","48-56231/ 47-653465","","","22","0111","5121 HOPYARD RD","PLEASANTON","01","94588","","","",""
"317614","AUTREV ACTIVE","47 | 1","05/20/1996","04/30/2024","DBA: FAZ RESTAURANT                        FAZ RESTAURANT DANVILLE INC                         5121 HOPYARD RD,                         PLEASANTON, CA  94588-3303","","48-56231/ 47-653465","","","22","0111","5121 HOPYARD RD","PLEASANTON","01","94588","","","",""
"317614","AUTREV ACTIVE","58 | 1","05/20/1996","04/30/2024","DBA: FAZ RESTAURANT                        FAZ RESTAURANT DANVILLE INC                         5121 HOPYARD RD,                         PLEASANTON, CA  94588-3303","","48-56231/ 47-653465","","","22","0111","5121 HOPYARD RD","PLEASANTON","01","94588","","","",""
"317614","AUTREV ACTIVE","58 | 1","05/20/1996","04/30/2024","DBA: FAZ RESTAURANT                        FAZ RESTAURANT DANVILLE INC                         5121 HOPYARD RD,                         PLEASANTON, CA  94588-3303","","48-56231/ 47-653465","","","22","0111","5121 HOPYARD RD","PLEASANTON","01","94588","","","",""
"330969","AUTREV ACTIVE","47 | 0","01/20/1998","12/31/2023","DBA: FUN FISH MARKET & RESTAURANT                        FUN FISH MARKET INC                         131 INTERNATIONAL BOARDWALK,                         REDONDO BEACH, CA  90277","131 FISHERMANS WHARF                              REDONDO BEACH, CA  90277","48-5632","7","","3","1946","131 INTERNATIONAL BOARDWALK","REDONDO BEACH","19","90277","131 FISHERMANS WHARF","REDONDO BEACH","90277","CA"
"330969","AUTREV ACTIVE","47 | 0","01/20/1998","12/31/2023","DBA: FUN FISH MARKET & RESTAURANT                        FUN FISH MARKET INC                         131 INTERNATIONAL BOARDWALK,                         REDONDO BEACH, CA  90277","131 FISHERMANS WHARF                              REDONDO BEACH, CA  90277","48-5632","7","","3","1946","131 INTERNATIONAL BOARDWALK","REDONDO BEACH","19","90277","131 FISHERMANS WHARF","REDONDO BEACH","90277","CA"
"345760","ACTIVE CANCEL","47 | 0","02/02/1999","01/31/2024","DBA: CAT AND THE CUSTARD CUP THE                        CAT AND THE CUSTARD CUP LTD L-PSHIP THE                         800 E WHITTIER BLVD,                         LA HABRA, CA  90631-3933","800 E WHITTIER BLVD, STE A                              LA HABRA, CA  90631-3933","47-52957/ 47-650444","7","","11","3012","800 E WHITTIER BLVD","LA HABRA","30","90631","800 E WHITTIER BLVD, STE A","LA HABRA","90631","CA"
"347901","ACTIVE CANCEL","47 | 0","12/01/1998","11/30/2023","DBA: CANTON DIM SUM HOUSE INC                        CANTON DIM SUM HOUSE INC                         655 FOLSOM ST,                         SAN FRANCISCO, CA  94107","6356 MISSION ST                              DALY CITY, CA  94014-2011","47-206217/ 47-637150","","","24","3800","655 FOLSOM ST","SAN FRANCISCO","38","94107","6356 MISSION ST","DALY CITY","94014","CA"
"347901","ACTIVE CANCEL","47 | 0","12/01/1998","11/30/2023","DBA: CANTON DIM SUM HOUSE INC                        CANTON DIM SUM HOUSE INC                         655 FOLSOM ST,                         SAN FRANCISCO, CA  94107","6356 MISSION ST                              DALY CITY, CA  94014-2011","47-206217/ 47-637150","","","24","3800","655 FOLSOM ST","SAN FRANCISCO","38","94107","6356 MISSION ST","DALY CITY","94014","CA"
"356890","ACTIVE CANCEL","18 | 0","06/27/2012","05/31/2024","DBA: A M I WINES                        AMI WINES LLC                         1417 6TH ST, THIRD FL STE B,                         SANTA MONICA, CA  90401","","","","","3","1953","1417 6TH ST, THIRD FL STE B","SANTA MONICA","19","90401","","","",""
"356890","ACTIVE CANCEL","17 | 1","02/03/2000","04/30/2024","DBA: A M I WINES                        AMI WINES LLC                         1417 6TH ST, THIRD FL STE B,                         SANTA MONICA, CA  90401","","17-338769/ 17-649342","","","3","1953","1417 6TH ST, THIRD FL STE B","SANTA MONICA","19","90401","","","",""
"356890","ACTIVE CANCEL","09 | 1","02/03/2000","04/30/2024","DBA: A M I WINES                        AMI WINES LLC                         1417 6TH ST, THIRD FL STE B,                         SANTA MONICA, CA  90401","","17-338769/ 17-649342","","","3","1953","1417 6TH ST, THIRD FL STE B","SANTA MONICA","19","90401","","","",""
"417857","ACTIVE CANCEL","47 | 0","05/31/2005","04/30/2024","DBA: PUBLIC SCHOOL 213                        GCI MP INC                         612 S FLOWER ST 220,                         LOS ANGELES, CA  90017","5765 S RAINBOW BLVD, SUITE 101                              LAS VEGAS, NV  89118","47-397623/ 47-648073","2","","4","1933","612 S FLOWER ST 220","LOS ANGELES","19","90017","5765 S RAINBOW BLVD, SUITE 101","LAS VEGAS","89118","NV"
"423130","PEND SUREND","47 | 1","12/18/2006","11/30/2023","DBA: KOETSIER RANCH                        KOETSIER, BRENDA KAYE                         8230 AVENUE 272,                         VISALIA, CA  93277","","","","","21","5400","8230 AVENUE 272","VISALIA","54","93277","","","",""
"423130","PEND SUREND","58 | 1","12/18/2006","11/30/2023","DBA: KOETSIER RANCH                        KOETSIER, BRENDA KAYE                         8230 AVENUE 272,                         VISALIA, CA  93277","","","","","21","5400","8230 AVENUE 272","VISALIA","54","93277","","","",""
"433789","PEND CANCEL","21 | 0","12/27/2005","05/31/2024","DBA: D K LIQUOR                        RATTAN, JOGINDER KAUR                         2500 W LINCOLN AVE, # 13-15,                         ANAHEIM, CA  92801-6421","","21-330219/ 21-650443","7","","11","3001","2500 W LINCOLN AVE, # 13-15","ANAHEIM","30","92801","","","",""
"470741","SUSPEN ACTIVE","41 | 0","08/18/2009","07/31/2024","DBA: LYNDALLS SPORTS STOP                        LYNDALL, MICHAEL DAVID                         4220 MAIN ST,                         KELSEYVILLE, CA  95451-9404","5310 RENFRO DRIVE                              KELSEYVILLE, CA  95451-9239","","","","27","1700","4220 MAIN ST","KELSEYVILLE","17","95451","5310 RENFRO DRIVE","KELSEYVILLE","95451","CA"
"481745","ACTIVE CANCEL","41 | 0","09/10/2009","08/31/2023","DBA: HOSHI RAMEN & RICE                        BOONSOMBUTI, TEERUT                         2274 LOMBARD ST,                         SAN FRANCISCO, CA  94123-2704","","41-474858","","","24","3800","2274 LOMBARD ST","SAN FRANCISCO","38","94123","","","",""
"487249","ACTIVE CANCEL","47 | 0","09/17/2013","08/31/2024","DBA: AMORELIA MEXICAN CAFE                        SERETTI, ENRIQUE                         2200 HARBOR BLVD, STE C110,                         COSTA MESA, CA  92627-5844","","47-480376/ 47-650055","","","11","3004","2200 HARBOR BLVD, STE C110","COSTA MESA","30","92627","","","",""
"520456","PEND ACTIVE","42 | 0","09/27/2023","06/30/2024","DBA: ALES UNLIMITED LLC                        ALES UNLIMITED LLC                         2398 WEBSTER ST,                         SAN FRANCISCO, CA  94115-1807","","42-568319","7","","24","3800","2398 WEBSTER ST","SAN FRANCISCO","38","94115","","","",""
"521305","REVPEN ACTIVE","02 | 0","07/02/2012","06/30/2024","DBA: YAO FAMILY WINES                        9 DRAGON CELLARS, LLC                         105 ZINFANDEL LN,                         SAINT HELENA, CA  94574-1631","2443 FILLMORE ST, PMB 380-7615                              SAN FRANCISCO, CA  94115","","","","27","2800","105 ZINFANDEL LN","SAINT HELENA","28","94574","2443 FILLMORE ST, PMB 380-7615","SAN FRANCISCO","94115","CA"
"521305","REVPEN ACTIVE","02 | 0","07/02/2012","06/30/2024","DBA: YAO FAMILY WINES                        9 DRAGON CELLARS, LLC                         105 ZINFANDEL LN,                         SAINT HELENA, CA  94574-1631","2443 FILLMORE ST, PMB 380-7615                              SAN FRANCISCO, CA  94115","","","","27","2800","105 ZINFANDEL LN","SAINT HELENA","28","94574","2443 FILLMORE ST, PMB 380-7615","SAN FRANCISCO","94115","CA"
"527957","ACTIVE CANCEL","41 | 0","01/15/2013","12/31/2023","DBA: ROYAL THAI ORCHID                        PHUTTHON, USA                         1315 N TUSTIN ST, STE B,                         ORANGE, CA  92867-3906","","41-125336/ 41-646155","","R ESCROW 1205 E CHAPMAN AVE ORANGE, CA  92866","11","3014","1315 N TUSTIN ST, STE B","ORANGE","30","92867","","","",""
"536498","REVPEN ACTIVE","02 | 0","04/15/2014","06/30/2024","DBA: THUMBPRINT CELLARS                        THUMBPRINT WINE GROUP, INC.                         18850 HASSETT LN, BLDG B,                         GEYSERVILLE, CA  95441-9627","102 MATHESON ST                              HEALDSBURG, CA  95448-4108","02-519555","","","27","4900","18850 HASSETT LN, BLDG B","GEYSERVILLE","49","95441","102 MATHESON ST","HEALDSBURG","95448","CA"
"536498","REVPEN ACTIVE","02 | 0","04/15/2014","06/30/2024","DBA: THUMBPRINT CELLARS                        THUMBPRINT WINE GROUP, INC.                         18850 HASSETT LN, BLDG B,                         GEYSERVILLE, CA  95441-9627","102 MATHESON ST                              HEALDSBURG, CA  95448-4108","02-519555","","","27","4900","18850 HASSETT LN, BLDG B","GEYSERVILLE","49","95441","102 MATHESON ST","HEALDSBURG","95448","CA"
"537082","SUSPEN ACTIVE","47 | 0","04/22/2014","03/31/2024","DBA: YOLO SUSHI BAR & KARAOKE                        PHIMMACHACK, BOUNPHONE PON                         4907-11 E KINGS CANYON RD,                         FRESNO, CA  93727-3812","3804 BANYAN TREE DR                              MODESTO, CA  95355","","5,7","","21","1005","4907-11 E KINGS CANYON RD","FRESNO","10","93727","3804 BANYAN TREE DR","MODESTO","95355","CA"
"537854","ACTIVE CANCEL","20 | 0","11/04/2013","06/30/2024","DBA: 7-ELEVEN STORE 26895C                        7 ELEVEN INC                         1100 W COMMONWEALTH AVE,                         ALHAMBRA, CA  91803-1743","PO BOX 139044, ATTN: LICENSING DEPARTMENT                              DALLAS, TX  75313-9044","20-256300/ 20-650619","7","","2","1901","1100 W COMMONWEALTH AVE","ALHAMBRA","19","91803","PO BOX 139044, ATTN: LICENSING DEPARTMENT","DALLAS","75313","TX"
"540675","ACTIVE CANCEL","47 | 0","04/21/2014","03/31/2024","PEONY SEAFOOD RESTAURANT                         388 9TH ST, STE 288,                         OAKLAND, CA  94607-4295","","47-438158/ 47-650675","","ABC ESCROW 12304 SANTA MONICA BLVD STE 100 LOS ANGELES, CA  90025-2586","22","0109","388 9TH ST, STE 288","OAKLAND","01","94607","","","",""
"541368","ACTIVE CANCEL","47 | 1","04/01/2014","03/31/2024","DBA: CHIANINA                        CHIANINA STEAKHOUSE LLC                         5716 E 2ND ST,                         LONG BEACH, CA  90803","","47-453698/ 47-645992","7","GLEN OAKS ESCROW 6100 SAN FERNANDO ROAD GLENDALE, CA  91201","3","1932","5716 E 2ND ST","LONG BEACH","19","90803","","","",""
"541368","ACTIVE CANCEL","77 | 1","04/01/2014","03/31/2024","DBA: CHIANINA                        CHIANINA STEAKHOUSE LLC                         5716 E 2ND ST,                         LONG BEACH, CA  90803","","47-453698/ 47-645992","7","GLEN OAKS ESCROW 6100 SAN FERNANDO ROAD GLENDALE, CA  91201","3","1932","5716 E 2ND ST","LONG BEACH","19","90803","","","",""
"545183","ACTIVE CANCEL","47 | 0","09/08/2014","08/31/2024","DBA: WATERMANS HARBOR                        PACIFIC HARBOR HOSPITALITY GROUP LLC                         34661 STREET OF THE GOLDEN LANTERN,                         DANA POINT, CA  92629","","47-507108/ 47-647035","7","ABC ESCROW 12304 SANTA MONICA BLVD STE 100 LOS ANGELES, CA  90025-2586","11","3028","34661 STREET OF THE GOLDEN LANTERN","DANA POINT","30","92629","","","",""
"545183","ACTIVE CANCEL","47 | 0","09/08/2014","08/31/2024","DBA: WATERMANS HARBOR                        PACIFIC HARBOR HOSPITALITY GROUP LLC                         34661 STREET OF THE GOLDEN LANTERN,                         DANA POINT, CA  92629","","47-507108/ 47-647035","7","ABC ESCROW 12304 SANTA MONICA BLVD STE 100 LOS ANGELES, CA  90025-2586","11","3028","34661 STREET OF THE GOLDEN LANTERN","DANA POINT","30","92629","","","",""
"546896","ACTIVE SUREND","23 | 1","12/29/2014","11/30/2023","PACIFIC ISLANDER BEER COMPANY LLC                         8665 ARGENT ST, STE B,                         SANTEE, CA  92071-4180","","","","","10","3715","8665 ARGENT ST, STE B","SANTEE","37","92071","","","",""
"546896","ACTIVE SUREND","77 | 1","12/29/2014","11/30/2023","PACIFIC ISLANDER BEER COMPANY LLC                         8665 ARGENT ST, STE B,                         SANTEE, CA  92071-4180","","","","","10","3715","8665 ARGENT ST, STE B","SANTEE","37","92071","","","",""
"552642","ACTIVE CANCEL","20 | 0","12/24/2014","06/30/2024","DBA: QUIK STOP MARKET 8069                        QUIK STOP MARKETS INC                         1105 LEEWARD DR,                         SAN JOSE, CA  95122","165 FLANDERS RD                              WESTBOROUGH, MA  01581","20-411637/ 20-650889","","","25","4313","1105 LEEWARD DR","SAN JOSE","43","95122","165 FLANDERS RD","WESTBOROUGH","01581","MA"
"553421","SUREND CANCEL","47 | 0","12/09/2015","11/30/2023","DBA: LUCILLES BBQ                        BARD ASSOCIATES LLC                         2800 N MAIN ST, #2160,                         SANTA ANA, CA  92705-6607","2601 E WILLOW ST                              SIGNAL HILL, CA  90755-2214","47-78340/ 47-648700","7","","11","3017","2800 N MAIN ST, #2160","SANTA ANA","30","92705","2601 E WILLOW ST","SIGNAL HILL","90755","CA"
"558700","ACTIVE CANCEL","47 | 0","08/26/2015","07/31/2024","BARCITO LLC                         403 W 12TH ST,                         LOS ANGELES, CA  90015-2150","5702 EVENING CANYON DR                              LA CANADA, CA  91011-1829","47-543059/ 47-647407","7","UNITED ESCROW COMPANY 3440 WILSHIRE BLVD STE 600 LOS ANGELES, CA  90010","4","1933","403 W 12TH ST","LOS ANGELES","19","90015","5702 EVENING CANYON DR","LA CANADA","91011","CA"
"561041","ACTIVE CANCEL","41 | 0","12/23/2015","11/30/2023","DBA: DIVIDE THE                        DIVIDE, THE                         6037 FRONT ST,                         GEORGETOWN, CA  95634-9344","","","","","23","0900","6037 FRONT ST","GEORGETOWN","09","95634","","","",""
"566702","ACTIVE CANCEL","47 | 0","05/12/2016","04/30/2024","DBA: TEKILA                        TKLA GROUP INC                         13817 VENTURA BLVD,                         SHERMAN OAKS, CA  91423-3603","","47-132646/ 47-644988","","FEDERAL ESCROW INC 23734 VALENCIA BLVD STE 100A VALENCIA, CA  91355","5","1933","13817 VENTURA BLVD","SHERMAN OAKS","19","91423","","","",""
"568319","ACTIVE CANCEL","42 | 0","07/22/2016","06/30/2024","DBA: ALES UNLIMITED BEER BASEMENT                        ALES UNLIMITED LLC                         222 HYDE ST,                         SAN FRANCISCO, CA  94102-3324","2398 WEBSTER ST                              SAN FRANCISCO, CA  94115-1807","42-539259/ 42-520456","7","","24","3800","222 HYDE ST","SAN FRANCISCO","38","94102","2398 WEBSTER ST","SAN FRANCISCO","94115","CA"
"570627","REVPEN AUTREV","02 | 0","10/10/2016","06/30/2023","DBA: BLENDING LAB THE                        BLENDING LAB INC THE                         7948 W 3RD ST,                         LOS ANGELES, CA  90048-4305","2021 OAKSTONE WAY                              LOS ANGELES, CA  90046-1821","","","","4","1933","7948 W 3RD ST","LOS ANGELES","19","90048","2021 OAKSTONE WAY","LOS ANGELES","90046","CA"
"575053","ACTIVE CANCEL","47 | 0","07/21/2017","06/30/2024","DBA: LOFT WINE BAR THE                        DIAVATIS, JASON ANTONY                         280 1ST ST,                         BENICIA, CA  94510-3504","","","5,7","","22","4801","280 1ST ST","BENICIA","48","94510","","","",""
"576527","ACTIVE CANCEL","41 | 0","12/29/2016","11/30/2023","DBA: MANAAO THAI CUISINE                        RUSJUN, WANTANA                         715 HARBOR POINTE PL, STE 200 & 300,                         WEST SACRAMENTO, CA  95605-1629","","","","","23","5704","715 HARBOR POINTE PL, STE 200 & 300","WEST SACRAMENTO","57","95605","","","",""
"589295","AUTREV ACTIVE","41 | 0","04/28/2019","03/31/2024","DBA: PAGARUNG THAI CUISINE                        VONGKHAMCHANH, SOUVANHKHAM                         6200 ANTIOCH ST,                         OAKLAND, CA  94611-2951","","41-510621/ 41-653471","","","22","0109","6200 ANTIOCH ST","OAKLAND","01","94611","","","",""
"589295","AUTREV ACTIVE","41 | 0","04/28/2019","03/31/2024","DBA: PAGARUNG THAI CUISINE                        VONGKHAMCHANH, SOUVANHKHAM                         6200 ANTIOCH ST,                         OAKLAND, CA  94611-2951","","41-510621/ 41-653471","","","22","0109","6200 ANTIOCH ST","OAKLAND","01","94611","","","",""
"592033","SUREND CANCEL","47 | 0","10/03/2018","09/30/2024","DBA: SEOUL JUNG                        H2 GRAND, LLC                         900 WILSHIRE BLVD, STE 212,                         LOS ANGELES, CA  90017-4701","900 WILSHIRE BLVD, STE 1132                              LOS ANGELES, CA  90017-4701","47-532170/ 47-644776","7","CALIFORNIA BUSINESS ESCROW, INC 1748 MAIN ST ESCALON, CA  95320-1927","4","1933","900 WILSHIRE BLVD, STE 212","LOS ANGELES","19","90017","900 WILSHIRE BLVD, STE 1132","LOS ANGELES","90017","CA"
"594660","SUSPEN ACTIVE","21 | 0","08/08/2018","07/31/2024","DBA: ROXY'S LIQUOR & MART                        ROXANE ENTERPRISE LLC                          721 W LAS TUNAS DR,                         SAN GABRIEL, CA  91776-1114","","21-549861","7","JADE ESCROW INC 9604 LAS TUNAS DR TEMPLE CITY, CA  91780","2","1950","721 W LAS TUNAS DR","SAN GABRIEL","19","91776","","","",""
"594660","SUSPEN ACTIVE","21 | 0","08/08/2018","07/31/2024","DBA: ROXY'S LIQUOR & MART                        ROXANE ENTERPRISE LLC                          721 W LAS TUNAS DR,                         SAN GABRIEL, CA  91776-1114","","21-549861","7","JADE ESCROW INC 9604 LAS TUNAS DR TEMPLE CITY, CA  91780","2","1950","721 W LAS TUNAS DR","SAN GABRIEL","19","91776","","","",""
"597504","REVPEN ACTIVE","02 | 0","11/28/2018","06/30/2024","DBA: KENNEDY CELLARS                        KENNEDY CELLARS INC.                         3416 VIA LIDO, STE B,                         NEWPORT BEACH, CA  92663-3916","3419 VIA LIDO, PMB 659                              NEWPORT BEACH, CA  92663-3916","","7","","11","3013","3416 VIA LIDO, STE B","NEWPORT BEACH","30","92663","3419 VIA LIDO, PMB 659","NEWPORT BEACH","92663","CA"
"597504","REVPEN ACTIVE","02 | 0","11/28/2018","06/30/2024","DBA: KENNEDY CELLARS                        KENNEDY CELLARS INC.                         3416 VIA LIDO, STE B,                         NEWPORT BEACH, CA  92663-3916","3419 VIA LIDO, PMB 659                              NEWPORT BEACH, CA  92663-3916","","7","","11","3013","3416 VIA LIDO, STE B","NEWPORT BEACH","30","92663","3419 VIA LIDO, PMB 659","NEWPORT BEACH","92663","CA"
"600545","ACTIVE CANCEL","41 | 0","12/19/2018","11/30/2023","DBA: YUMMY EXPRESS                        NATE LIMITED LIABILITY COMPANY                         3095 MCKEE RD,                         SAN JOSE, CA  95127-1835","","41-555016/ 41-648648","7","FIDELITY NATIONAL TITLE 2099 GATEWAY PLACE STE 500 SAN JOSE, CA  95110","25","4313","3095 MCKEE RD","SAN JOSE","43","95127","","","",""
"601923","ACTIVE CANCEL","41 | 0","03/27/2019","02/29/2024","DBA: SEAL BEACH GRILL                        DPAC INC.                         101 MAIN ST, STE O,                         SEAL BEACH, CA  90740-6327","11391 DRYSDALE LN                              LOS ALAMITOS, CA  90720","41-594060/ 41-649919","7","","11","3018","101 MAIN ST, STE O","SEAL BEACH","30","90740","11391 DRYSDALE LN","LOS ALAMITOS","90720","CA"
"602391","REVPEN ACTIVE","02 | 0","09/16/2019","06/30/2024","DBA: GALAXY WINES LLC                        PLANETARY ESTATES LLC                         6860 SERENITY WAY,                         SANTA ROSA, CA  95404-8906","150 CHERRY CREEK RD                              CLOVERDALE, CA  95425-3808","","","","27","4900","6860 SERENITY WAY","SANTA ROSA","49","95404","150 CHERRY CREEK RD","CLOVERDALE","95425","CA"
"602984","ACTIVE CANCEL","41 | 0","06/03/2019","05/31/2024","DBA: IZUMIYA RESTAURANT                        IZUMIYA LLC                         1581 WEBSTER ST, STE 270,                         SAN FRANCISCO, CA  94115-3640","3145 GEARY BLVD, # 743                              SAN FRANCISCO, CA  94118-3316","41-245310/ 41-647050","","CALATLANTIC TITLE COMPANY 7555 N PALM AVENUE STE 210 FRESNO, CA  93711","24","3800","1581 WEBSTER ST, STE 270","SAN FRANCISCO","38","94115","3145 GEARY BLVD, # 743","SAN FRANCISCO","94118","CA"
"606058","REVPEN SUREND","47 | 0","07/15/2019","06/30/2024","DBA: MONROVIAN FAMILY RESTAURANT, THE                        LIPSKY CORPORATION                         534 S MYRTLE AVE,                         MONROVIA, CA  91016-2814","764 PORTOLA WAY UNIT 204                              NAPA, CA  94559-3042","47-404576/ 47-645801, 47-645171","7","TOWER ESCOW INC 3600 WILSHIRE BLVD 426 LOS ANGELES, CA  90010","2","1937","534 S MYRTLE AVE","MONROVIA","19","91016","764 PORTOLA WAY UNIT 204","NAPA","94559","CA"
"606058","REVPEN SUREND","47 | 0","07/15/2019","06/30/2024","DBA: MONROVIAN FAMILY RESTAURANT, THE                        LIPSKY CORPORATION                         534 S MYRTLE AVE,                         MONROVIA, CA  91016-2814","764 PORTOLA WAY UNIT 204                              NAPA, CA  94559-3042","47-404576/ 47-645801, 47-645171","7","TOWER ESCOW INC 3600 WILSHIRE BLVD 426 LOS ANGELES, CA  90010","2","1937","534 S MYRTLE AVE","MONROVIA","19","91016","764 PORTOLA WAY UNIT 204","NAPA","94559","CA"
"614151","REVPEN ACTIVE","02 | 0","04/23/2021","06/30/2024","DBA: PUNK DOG WINES                        SUNFISH PROPERTIES LLC                         912 ENTERPRISE WAY, STE A & D,                         NAPA, CA  94558-7504","","","","","27","2802","912 ENTERPRISE WAY, STE A & D","NAPA","28","94558","","","",""
"614151","REVPEN ACTIVE","02 | 0","04/23/2021","06/30/2024","DBA: PUNK DOG WINES                        SUNFISH PROPERTIES LLC                         912 ENTERPRISE WAY, STE A & D,                         NAPA, CA  94558-7504","","","","","27","2802","912 ENTERPRISE WAY, STE A & D","NAPA","28","94558","","","",""
"617691","ACTIVE CANCEL","21 | 0","09/11/2020","08/31/2024","DBA: ROCKET #0153                        APRO LLC                         10302 GARVEY AVE,                         EL MONTE, CA  91733-2136","4130 COVER ST                              LONG BEACH, CA  90808-1885","21-477125/ 21-644571","","FEDERAL ESCROW INC 23734 VALENCIA BLVD STE 100A VALENCIA, CA  91355","2","1918","10302 GARVEY AVE","EL MONTE","19","91733","4130 COVER ST","LONG BEACH","90808","CA"
"618766","REVPEN ACTIVE","02 | 0","11/16/2020","06/30/2024","DBA: ANNULUS CELLARS                        768 WINERY LLC                         588 ZINFANDEL LN,                         SAINT HELENA, CA  94574-1640","PO BOX 1124                              WINDSOR, CA  95492-1124","","","","27","2800","588 ZINFANDEL LN","SAINT HELENA","28","94574","PO BOX 1124","WINDSOR","95492","CA"
"618766","REVPEN ACTIVE","02 | 0","11/16/2020","06/30/2024","DBA: ANNULUS CELLARS                        768 WINERY LLC                         588 ZINFANDEL LN,                         SAINT HELENA, CA  94574-1640","PO BOX 1124                              WINDSOR, CA  95492-1124","","","","27","2800","588 ZINFANDEL LN","SAINT HELENA","28","94574","PO BOX 1124","WINDSOR","95492","CA"
"619019","REVPEN ACTIVE","02 | 0","04/26/2021","06/30/2024","DBA: ANNULUS CELLARS                        768 WINERY LLC                         905 JEFFERSON ST,                         NAPA, CA  94559-2420","PO BOX 1124                              WINDSOR, CA  95492-1124","","","","27","2802","905 JEFFERSON ST","NAPA","28","94559","PO BOX 1124","WINDSOR","95492","CA"
"619019","REVPEN ACTIVE","02 | 0","04/26/2021","06/30/2024","DBA: ANNULUS CELLARS                        768 WINERY LLC                         905 JEFFERSON ST,                         NAPA, CA  94559-2420","PO BOX 1124                              WINDSOR, CA  95492-1124","","","","27","2802","905 JEFFERSON ST","NAPA","28","94559","PO BOX 1124","WINDSOR","95492","CA"
"619058","SUREND CANCEL","47 | 0","12/31/2020","11/30/2023","DBA: IRON CACTUS                        VAN DAM, CRAIG ALAN                         8845 W AVENUE E8, UNIT A,                         LANCASTER, CA  93536-7002","","47-574319/ 47-648859","","FEDERAL ESCROW , INC 23734 VALENCIA BLVD STE 100A VALENCIA, CA  91355","5","1900","8845 W AVENUE E8, UNIT A","LANCASTER","19","93536","","","",""
"621789","REVPEN ACTIVE","02 | 0","02/03/2021","06/30/2024","DBA: VINEYARDS AT MARSH CREEK                        VINEYARDS AT MARSH CREEK OWNERS ASSOCIATION THE                         2 W LOCKEFORD ST,                         LODI, CA  95240-2126","1700 TRILOGY PKWY                              BRENTWOOD, CA  94513","","","","29","3902","2 W LOCKEFORD ST","LODI","39","95240","1700 TRILOGY PKWY","BRENTWOOD","94513","CA"
"621789","REVPEN ACTIVE","02 | 0","02/03/2021","06/30/2024","DBA: VINEYARDS AT MARSH CREEK                        VINEYARDS AT MARSH CREEK OWNERS ASSOCIATION THE                         2 W LOCKEFORD ST,                         LODI, CA  95240-2126","1700 TRILOGY PKWY                              BRENTWOOD, CA  94513","","","","29","3902","2 W LOCKEFORD ST","LODI","39","95240","1700 TRILOGY PKWY","BRENTWOOD","94513","CA"
"622838","ACTIVE CANCEL","47 | 0","07/10/2023","06/30/2024","DBA: KINGPIN BOWLING                         HADDAD, MARY  KAYLENE                         302 N SACRAMENTO ST ,                         LODI, CA  95242","PO BOX 691863                              STOCKTON, CA  95242","48-567734/ 47-650849","","OLD REPUBLIC TITLE CO 1000 BURNETT AVE STE 400 CONCORD, CA  94520-2088","29","3902","302 N SACRAMENTO ST","LODI","39","95242","PO BOX 691863","STOCKTON","95242","CA"
"624923","ACTIVE CANCEL","41 | 0","06/21/2021","05/31/2024","DBA: MOUNTAIN MIKE'S PIZZA                        RS KAPOOR ENTERPRISES, INC                         25075 BLUE RAVINE RD, STE 150,                         FOLSOM, CA  95630-5709","","41-601737/ 41-648551","7","CAPITOL CITY ESCROW, INC. 3838 WATT AVE STE F610 SACRAMENTO, CA  95821","23","3401","25075 BLUE RAVINE RD, STE 150","FOLSOM","34","95630","","","",""
"625684","ACTIVE CANCEL","47 | 0","06/08/2021","05/31/2024","DBA: OUR PLACE                        FANTASY CAKES L.L.C.                         821 VIA SUERTE, STE 101,                         SAN CLEMENTE, CA  92673-6530","","47-603331/ 47-649999","","R ESCROW 1205 E CHAPMAN AVE ORANGE, CA  92866","11","3016","821 VIA SUERTE, STE 101","SAN CLEMENTE","30","92673","","","",""
"627773","ACTIVE CANCEL","17 | 1","01/03/2022","12/31/2023","J&K DISTRIBUTION ENTERPRISE                         21062 ALEXANDER CT,                         HAYWARD, CA  94545-1234","","","","","22","0106","21062 ALEXANDER CT","HAYWARD","01","94545","","","",""
"627773","ACTIVE CANCEL","09 | 1","01/03/2022","12/31/2023","J&K DISTRIBUTION ENTERPRISE                         21062 ALEXANDER CT,                         HAYWARD, CA  94545-1234","","","","","22","0106","21062 ALEXANDER CT","HAYWARD","01","94545","","","",""
"627987","ACTIVE CANCEL","20 | 0","10/26/2021","09/30/2023","DBA: AUTO FUELS INC                         AUTO FUELS INC                         1502 SAN ANDRES ST,                         SANTA BARBARA, CA  93101-4104","2460 AUTO CENTER DR                              OXNARD, CA  93030-7901","20-584237/ 20-649633","7","ALISCO ESCROW 4522 MARKET ST VENTURA, CA  93003","12","4203","1502 SAN ANDRES ST","SANTA BARBARA","42","93101","2460 AUTO CENTER DR","OXNARD","93030","CA"
"627987","ACTIVE CANCEL","20 | 0","10/26/2021","09/30/2023","DBA: AUTO FUELS INC                         AUTO FUELS INC                         1502 SAN ANDRES ST,                         SANTA BARBARA, CA  93101-4104","2460 AUTO CENTER DR                              OXNARD, CA  93030-7901","20-584237/ 20-649633","7","ALISCO ESCROW 4522 MARKET ST VENTURA, CA  93003","12","4203","1502 SAN ANDRES ST","SANTA BARBARA","42","93101","2460 AUTO CENTER DR","OXNARD","93030","CA"
"631655","PEND ACTIVE","21 | 0","09/28/2023","06/30/2024","DBA: COSTCO WHOLESALE                        COSTCO WHOLESALE CORPORATION                         350 NEWPARK MALL,                         NEWARK, CA  94560","PO BOX 35005, ATTN: LICENSING                              SEATTLE, WA  98124","","5","","22","0108","350 NEWPARK MALL","NEWARK","01","94560","PO BOX 35005, ATTN: LICENSING","SEATTLE","98124","WA"
"632764","PEND ACTIVE","47 | 1","09/28/2023","09/30/2024","DBA: JUNCTION BAR & GRILL                        RESTAURANT INVESTMENT GROUP, INC.                         9860 CARROLL CANYON RD, STE B101,                         SAN DIEGO, CA  92131-1104","","47-568456","7","","9","3710","9860 CARROLL CANYON RD, STE B101","SAN DIEGO","37","92131","","","",""
"632764","PEND ACTIVE","58 | 1","09/28/2023","09/30/2024","DBA: JUNCTION BAR & GRILL                        RESTAURANT INVESTMENT GROUP, INC.                         9860 CARROLL CANYON RD, STE B101,                         SAN DIEGO, CA  92131-1104","","47-568456","7","","9","3710","9860 CARROLL CANYON RD, STE B101","SAN DIEGO","37","92131","","","",""
"636211","ACTIVE CANCEL","41 | 0","09/16/2022","08/31/2024","DBA: BACK TO BACK                        BLACK FEATHER LLC THE                         1257 TAYLOR ST,                         SAN FRANCISCO, CA  94108-1409","","","7","","24","3800","1257 TAYLOR ST","SAN FRANCISCO","38","94108","","","",""
"637150","PEND ACTIVE","47 | 0","09/27/2023","08/31/2024","DBA: MUSIC CITY SAN FRANCISCO                        MUSIC CITY SAN FRANCISCO                         1353 BUSH ST,                         SAN FRANCISCO, CA  94109-5611","1353 BUSH ST, STE 112                              SAN FRANCISCO, CA  94109-5611","47-347901","7","CALIFORNIA BUSINESS ESCROW INC 1748 MAIN STREET ESCALON, CA  95320","24","3800","1353 BUSH ST","SAN FRANCISCO","38","94109","1353 BUSH ST, STE 112","SAN FRANCISCO","94109","CA"
"637150","PEND ACTIVE","47 | 0","09/27/2023","08/31/2024","DBA: MUSIC CITY SAN FRANCISCO                        MUSIC CITY SAN FRANCISCO                         1353 BUSH ST,                         SAN FRANCISCO, CA  94109-5611","1353 BUSH ST, STE 112                              SAN FRANCISCO, CA  94109-5611","47-347901","7","CALIFORNIA BUSINESS ESCROW INC 1748 MAIN STREET ESCALON, CA  95320","24","3800","1353 BUSH ST","SAN FRANCISCO","38","94109","1353 BUSH ST, STE 112","SAN FRANCISCO","94109","CA"
"637502","ACTIVE CANCEL","58 | 1","07/29/2022","06/30/2024","DBA: CENTER BAR & GRILL                        H&M PARTNERS CORP                         26612 TOWNE CENTRE DR, STE L-M,                         LAKE FOREST, CA  92610-2809","35 ARGOS                              LAGUNA NIGUEL, CA  92677-9002","47-230784/ 47-650365","","INNOVATIVE ESCROW 28212 KELLY JOHNSON PKWY STE 110 VALENCIA, CA  91355","11","3029","26612 TOWNE CENTRE DR, STE L-M","LAKE FOREST","30","92610","35 ARGOS","LAGUNA NIGUEL","92677","CA"
"637502","ACTIVE CANCEL","47 | 1","07/29/2022","06/30/2024","DBA: CENTER BAR & GRILL                        H&M PARTNERS CORP                         26612 TOWNE CENTRE DR, STE L-M,                         LAKE FOREST, CA  92610-2809","35 ARGOS                              LAGUNA NIGUEL, CA  92677-9002","47-230784/ 47-650365","","INNOVATIVE ESCROW 28212 KELLY JOHNSON PKWY STE 110 VALENCIA, CA  91355","11","3029","26612 TOWNE CENTRE DR, STE L-M","LAKE FOREST","30","92610","35 ARGOS","LAGUNA NIGUEL","92677","CA"
"638429","PEND ACTIVE","47 | 0","09/27/2023","08/31/2024","DBA: XXI8 CLUB                        KIM, JENNIFER  PAK                         2748 W 8TH ST, STE 202,                         LOS ANGELES, CA  90005-5516","2355 BRANDEN ST                              LOS ANGELES, CA  90026","","5,7","","4","1933","2748 W 8TH ST, STE 202","LOS ANGELES","19","90005","2355 BRANDEN ST","LOS ANGELES","90026","CA"
"638429","PEND ACTIVE","47 | 0","09/27/2023","08/31/2024","DBA: XXI8 CLUB                        KIM, JENNIFER  PAK                         2748 W 8TH ST, STE 202,                         LOS ANGELES, CA  90005-5516","2355 BRANDEN ST                              LOS ANGELES, CA  90026","","5,7","","4","1933","2748 W 8TH ST, STE 202","LOS ANGELES","19","90005","2355 BRANDEN ST","LOS ANGELES","90026","CA"
"638445","PEND ACTIVE","41 | 0","09/27/2023","08/31/2024","DBA: LA CHAMPITA INC.                        LA CHAMPITA INC.                         9524 RAYO AVE ,                         SOUTH GATE, CA  90280-5228","","","7","","2","1956","9524 RAYO AVE","SOUTH GATE","19","90280","","","",""
"638593","PEND ACTIVE","20 | 0","09/27/2023","06/30/2024","DBA: GROCERY OUTLET                        GROCERY OUTLET INC                         SWC GREEN VALLEY RD & WINTERHAVEN DR,                         CAMERON PARK, CA  95682","3040 GREEN VALLEY RD                              CAMERON PARK, CA  95682","20-244843","","","23","0900","SWC GREEN VALLEY RD & WINTERHAVEN DR","CAMERON PARK","09","95682","3040 GREEN VALLEY RD","CAMERON PARK","95682","CA"
"639342","PEND ACTIVE","48 | 0","09/27/2023","05/31/2024","DBA: CAVE SPORTS BAR THE                        APAZA DE ARCADIA, MARIA ANTONIETA                         626, 628 W ORANGEWOOD AVE,                         ANAHEIM, CA  92802-4609","1718 W CIVIC CENTER DR                              SANTA ANA, CA  92703-2944","48-305047","7","NO ESCROW","11","3001","626, 628 W ORANGEWOOD AVE","ANAHEIM","30","92802","1718 W CIVIC CENTER DR","SANTA ANA","92703","CA"
"642846","PEND ACTIVE","02 | 0","09/28/2023","06/30/2024","DBA: JOULLIAN VINEYARDS                        MR JOULLIAN OP, LLC                         2 VILLAGE DR, STE A,                         CARMEL VALLEY, CA  93924","PO BOX 1400                              CARMEL VALLEY, CA  93924","02-560463","","","26","2700","2 VILLAGE DR, STE A","CARMEL VALLEY","27","93924","PO BOX 1400","CARMEL VALLEY","93924","CA"
"643642","PEND ACTIVE","55 | 0","09/27/2023","08/31/2024","DBA: BREEZE AIRWAYS                        BREEZE AVIATION GROUP, INC.                         SF INT'L. AIRPORT, TERMINAL 2,                         BOARDING AREA D10 & D11, SAN FRANCISCO, CA  94128-8097","6340 S 3000 E, STE 400                              COTTONWOOD HEIGHTS, UT  84121-5572","","","","24","3800","SF INT'L. AIRPORT, TERMINAL 2","SAN FRANCISCO","38","94128","6340 S 3000 E, STE 400","COTTONWOOD HEIGHTS","84121","UT"
"643642","PEND ACTIVE","55 | 0","09/27/2023","08/31/2024","DBA: BREEZE AIRWAYS                        BREEZE AVIATION GROUP, INC.                         SF INT'L. AIRPORT, TERMINAL 2,                         BOARDING AREA D10 & D11, SAN FRANCISCO, CA  94128-8097","6340 S 3000 E, STE 400                              COTTONWOOD HEIGHTS, UT  84121-5572","","","","24","3800","SF INT'L. AIRPORT, TERMINAL 2","SAN FRANCISCO","38","94128","6340 S 3000 E, STE 400","COTTONWOOD HEIGHTS","84121","UT"
"643702","PEND ACTIVE","42 | 0","09/28/2023","08/31/2024","DBA: ROADSIDE 22                        SIMPSON, NICHOLE THERESA                         5439 CLAYTON RD, STE E&F,                         CLAYTON, CA  94517-1076","","","7","","22","0713","5439 CLAYTON RD, STE E&F","CLAYTON","07","94517","","","",""
"644418","REVPEN ACTIVE","28 | 0","12/02/2022","06/30/2024","THE HEART DISTILLERY LLC                         6461 HWY 392,                         WINDSOR, CO  80550","","","","","75","9999","6461 HWY 392","WINDSOR","","80550","","","",""
"644571","PEND ACTIVE","21 | 0","09/27/2023","08/31/2024","DBA: ROCKET 0275                        UP2 HOLDINGS, LLC                         10302 GARVEY AVE,                         EL MONTE, CA  91733-2136","4130 COVER ST                              LONG BEACH, CA  90808-1885","21-617691","","","2","1918","10302 GARVEY AVE","EL MONTE","19","91733","4130 COVER ST","LONG BEACH","90808","CA"
"644776","PEND ACTIVE","47 | 0","09/27/2023","08/31/2024","DBA: PLANTA                         PLANTA BRENTWOOD, LLC                          11754-58 SAN VICENTE BLVD ,                         LOS ANGELES, CA  90049-5010","850 COMMERCE ST                              MIAMI, FL  33139","47-592033","7","CALIFORNIA BUSINESS ESCROW 1748 MAIN ST ESCALON, CA  95320-1927","4","1933","11754-58 SAN VICENTE BLVD","LOS ANGELES","19","90049","850 COMMERCE ST","MIAMI","33139","FL"
"644959","PEND ACTIVE","21 | 0","09/28/2023","08/31/2024","RIVERGATE WINE & SPIRITS INC.                         108 W TURNER RD, UNIT A & B,                         LODI, CA  95240","2328 OLSON DR                              LODI, CA  95242","21-430126","7","CALIFORNIA BUSINESS ESCROW INC 1748 MAIN ST ESCALON, CA  95320-1927","29","3902","108 W TURNER RD, UNIT A & B","LODI","39","95240","2328 OLSON DR","LODI","95242","CA"
"644988","R64B ACTIVE","47 | 0","09/27/2023","08/31/2024","DBA: BLVD STEAK                        BLVD MANAGEMENT LLC                         13817 VENTURA BLVD,                         SHERMAN OAKS, CA  91423-3603","14431 VENTURA BLVD STE 777                              SHERMAN OAKS, CA  91423","47-566702","","ALL BROKERS ESCROW INC 2924 W MAGNOLIA BLVD BURBANK, CA  91505","5","1933","13817 VENTURA BLVD","SHERMAN OAKS","19","91423","14431 VENTURA BLVD STE 777","SHERMAN OAKS","91423","CA"
"644988","R64B ACTIVE","47 | 0","09/27/2023","08/31/2024","DBA: BLVD STEAK                        BLVD MANAGEMENT LLC                         13817 VENTURA BLVD,                         SHERMAN OAKS, CA  91423-3603","14431 VENTURA BLVD STE 777                              SHERMAN OAKS, CA  91423","47-566702","","ALL BROKERS ESCROW INC 2924 W MAGNOLIA BLVD BURBANK, CA  91505","5","1933","13817 VENTURA BLVD","SHERMAN OAKS","19","91423","14431 VENTURA BLVD STE 777","SHERMAN OAKS","91423","CA"
"645456","PEND ACTIVE","41 | 0","09/28/2023","08/31/2024","DBA: OMG COCINA                        ESQUITE JALISCO LLC                         1500 7TH ST, STE 1F,                         SACRAMENTO, CA  95814-5444","","","7","","23","3405","1500 7TH ST, STE 1F","SACRAMENTO","34","95814","","","",""
"645564","PEND ACTIVE","20 | 0","09/27/2023","08/31/2024","DBA: LA CONDESA MARKET                        LA CONDESA MARKET INC                         1079 S GREEN VALLEY RD,                         WATSONVILLE, CA  95076-4164","","","","","26","4403","1079 S GREEN VALLEY RD","WATSONVILLE","44","95076","","","",""
"645992","PEND ACTIVE","77 | 1","09/27/2023","08/31/2024","DBA: 4 SHORE                        DRIZZY ENTERPRISE LLC                         5716 E 2ND ST,                         LONG BEACH, CA  90803","400 OCEANGATE, STE 750                              LONG BEACH, CA  90802","47-541368","7","CALIFORNIA BUSINESS ESCROW INC 1748 MAIN ST ESCALON, CA  95320-1927","3","1932","5716 E 2ND ST","LONG BEACH","19","90803","400 OCEANGATE, STE 750","LONG BEACH","90802","CA"
"645992","PEND ACTIVE","47 | 1","09/27/2023","08/31/2024","DBA: 4 SHORE                        DRIZZY ENTERPRISE LLC                         5716 E 2ND ST,                         LONG BEACH, CA  90803","400 OCEANGATE, STE 750                              LONG BEACH, CA  90802","47-541368","7","CALIFORNIA BUSINESS ESCROW INC 1748 MAIN ST ESCALON, CA  95320-1927","3","1932","5716 E 2ND ST","LONG BEACH","19","90803","400 OCEANGATE, STE 750","LONG BEACH","90802","CA"
"646155","PEND ACTIVE","41 | 0","09/27/2023","08/31/2024","DBA: ROYAL THAI ORCHID                        ME D NA LLC                         1315 N TUSTIN ST, STE B,                         ORANGE, CA  92867-3906","","41-527957","","R ESCROW 1205 E CHAPMAN AVE ORANGE, CA  92866","11","3014","1315 N TUSTIN ST, STE B","ORANGE","30","92867","","","",""
"646314","PEND ACTIVE","41 | 0","09/28/2023","08/31/2024","DBA: NICK'S LIGHTHOUSE                        JEOUNG, IHYUN                         2815 TAYLOR STREET,                         SAN FRANCISCO, CA  94133","","","","","24","3800","2815 TAYLOR STREET","SAN FRANCISCO","38","94133","","","",""
"646912","PEND ACTIVE","41 | 0","09/28/2023","08/31/2024","DBA: SHAKEYS PIZZA                        SCO LLC                         1955 S ATLANTIC BLVD,                         MONTEREY PARK, CA  91754","2200 W VALLEY BLVD                              ALHAMBRA, CA  91803-1928","41-22138","","CALIFORNIA BUSINESS ESCROW INC 1748 MAIN STREET ESCALON, CA  95320","2","1939","1955 S ATLANTIC BLVD","MONTEREY PARK","19","91754","2200 W VALLEY BLVD","ALHAMBRA","91803","CA"
"647035","PEND ACTIVE","47 | 0","09/27/2023","08/31/2024","DBA: AHANA RESTAURANT & LOUNGE                        FIESTA INDIAN SPICE INC                         5555 E SANTA ANA CANYON RD,                         ANAHEIM, CA  92807-3123","","47-545183","","ABC ESCROW COMPANY 2222 DAMON STREET LOS ANGELES, CA  90021","11","3001","5555 E SANTA ANA CANYON RD","ANAHEIM","30","92807","","","",""
"647036","PEND ACTIVE","10 | 0","09/28/2023","08/31/2024","DBA: NEW BELGIUM BREWING                        NEW BELGIUM BREWING COMPANY INC                         1000 3RD ST, RETAIL SPACE A,                         SAN FRANCISCO, CA  94158-2551","500 LINDEN ST                              FORT COLLINS, CO  80524-2457","10-638917","","","24","3800","1000 3RD ST, RETAIL SPACE A","SAN FRANCISCO","38","94158","500 LINDEN ST","FORT COLLINS","80524","CO"
"647050","PEND ACTIVE","41 | 0","09/27/2023","08/31/2024","EK FOOD SERVICES INC                         1581 WEBSTER ST, STE 270,                         SAN FRANCISCO, CA  94115-3640","PO BOX 195, 205 DE ANZA BLVD                              SAN MATEO, CA  94402-3989","41-602984","","OLD REPUBLIC TITLE COMPANY 1000 BURNETT AVE STE 400 CONCORD, CA  94520-2088","24","3800","1581 WEBSTER ST, STE 270","SAN FRANCISCO","38","94115","PO BOX 195, 205 DE ANZA BLVD","SAN MATEO","94402","CA"
"647407","PEND ACTIVE","47 | 0","09/27/2023","08/31/2024","KATSIN USA                         515 W BROADWAY , STE 111,                         GLENDALE, CA  91204-1098","","47-558700","7","ABC ESCROW 2222 DAMON ST  LOS ANGELES, CA  90021","5","1921","515 W BROADWAY , STE 111","GLENDALE","19","91204","","","",""
"647719","PEND ACTIVE","41 | 0","09/28/2023","08/31/2024","1135, LLC                         1000 N IDAHO ST,                         SAN MATEO, CA  94401","1342 ROLLINS RD                              BURLINGAME, CA  94010","41-52261","","MEGAN JEANNE ESQ 1342 ROLLINS RD BURLINGAME, CA  94010","25","4113","1000 N IDAHO ST","SAN MATEO","41","94401","1342 ROLLINS RD","BURLINGAME","94010","CA"
"647821","PEND ACTIVE","41 | 0","09/27/2023","08/31/2024","DBA: DOLLY'S                        DOLLY'S LLC                         10172 SAN PABLO AVE,                         EL CERRITO, CA  94530","","","","","22","0704","10172 SAN PABLO AVE","EL CERRITO","07","94530","","","",""
"648073","PEND ACTIVE","47 | 0","09/27/2023","08/31/2024","DBA: TRES TIGRES                        TRES TIGRES VENICE LLC                          600-604 VENICE BLVD,                         VENICE, CA  90291-4801","1471 CARLA RDG                              BEVERLY HILLS, CA  90210","47-417857","7","CALIFORNIA BUSINESS ESCROW 1748 MAIN ST ESCALON, CA  95320-1927","3","1933","600-604 VENICE BLVD","VENICE","19","90291","1471 CARLA RDG","BEVERLY HILLS","90210","CA"
"648404","PEND ACTIVE","17 | 1","09/28/2023","08/31/2024","MINER VENTURES LLC                         7128 BRAYTON AVE,                         CITRUS HEIGHTS, CA  95621","","","7","","23","3406","7128 BRAYTON AVE","CITRUS HEIGHTS","34","95621","","","",""
"648404","PEND ACTIVE","20 | 0","09/28/2023","08/31/2024","MINER VENTURES LLC                         7128 BRAYTON AVE,                         CITRUS HEIGHTS, CA  95621","","","7,I","","23","3406","7128 BRAYTON AVE","CITRUS HEIGHTS","34","95621","","","",""
"648404","PEND ACTIVE","09 | 1","09/28/2023","08/31/2024","MINER VENTURES LLC                         7128 BRAYTON AVE,                         CITRUS HEIGHTS, CA  95621","","","7","","23","3406","7128 BRAYTON AVE","CITRUS HEIGHTS","34","95621","","","",""
"648460","PEND ACTIVE","41 | 0","09/27/2023","08/31/2024","DBA: BRODY'S BACK YARD RESTAURANT                        BRODY'S BACK YARD LLC                         8140 FREEPORT BLVD,                         SACRAMENTO, CA  95832-9704","1118 16TH ST                              SACRAMENTO, CA  95814-4027","","7","","23","3400","8140 FREEPORT BLVD","SACRAMENTO","34","95832","1118 16TH ST","SACRAMENTO","95814","CA"
"648540","PEND ACTIVE","70 | 0","09/28/2023","08/31/2024","DBA: HOLIDAY INN EXPRESS & SUITES                        NAM HOSPITALITY, LLC                         1270 AIRPORT PARK BLVD,                         UKIAH, CA  95482","","","","","27","2303","1270 AIRPORT PARK BLVD","UKIAH","23","95482","","","",""
"648551","PEND ACTIVE","41 | 0","09/27/2023","08/31/2024","DBA: MOUNTAIN MIKES PIZZA                        HPS INVESTMENTS, INC.                         25075 BLUE RAVINE RD, STE 150,                         FOLSOM, CA  95630-5709","","41-624923","7","CAPITAL CITY ESCROW 3838 WATT AVE STE F610 SACRAMENTO, CA  95821","23","3401","25075 BLUE RAVINE RD, STE 150","FOLSOM","34","95630","","","",""
"648648","PEND ACTIVE","41 | 0","09/27/2023","08/31/2024","DBA: WILLIAM BBQ                        WILLIAM BBQ INC.                         3095 MCKEE RD,                         SAN JOSE, CA  95127-1835","33312 13TH ST                              UNION CITY, CA  94587","41-600545","7","","25","4313","3095 MCKEE RD","SAN JOSE","43","95127","33312 13TH ST","UNION CITY","94587","CA"
"648700","PEND ACTIVE","47 | 0","09/27/2023","08/31/2024","DBA: SALT & LIME MODERN TAQUERIA                        SUPHERB HOSPITALITY GROUP LLC                         350 E 17TH ST, STE 2,                         COSTA MESA, CA  92627-3231","2601 E WILLOW ST                              SIGNAL HILL, CA  90755-2214","47-553421","7","ABC ESCROW  2222 DAMON STREET  LOS ANGELES, CA  90021","11","3004","350 E 17TH ST, STE 2","COSTA MESA","30","92627","2601 E WILLOW ST","SIGNAL HILL","90755","CA"
"648707","PEND ACTIVE","21 | 0","09/28/2023","08/31/2024","DBA: ACE HI LIQUOR                        ACE HI LIQUOR INC                         25511 NARBONNE AVE,                         LOMITA, CA  90717-2511","271 E WORKMAN ST, STE 106                              COVINA, CA  91723","21-483334","","ACE ESCROW INC 6871 BEACH BLVD BUENA PARK, CA  90621","3","1976","25511 NARBONNE AVE","LOMITA","19","90717","271 E WORKMAN ST, STE 106","COVINA","91723","CA"
"648859","PEND ACTIVE","47 | 0","09/27/2023","08/31/2024","DBA: IRON CACTUS                        IRON CACTUS STEAKHOUSE                         8845 W AVENUE E8, UNIT A,                         LANCASTER, CA  93536-7002","934 CLEARVIEW ST                              TEHACHAPI, CA  93561","47-619058","","INNOVATIVE ESCROW, INC 28212 KELLY JOHNSON PKWY STE 110 VALENCIA, CA  91355","5","1900","8845 W AVENUE E8, UNIT A","LANCASTER","19","93536","934 CLEARVIEW ST","TEHACHAPI","93561","CA"
"648906","PEND ACTIVE","41 | 0","09/27/2023","08/31/2024","DBA: WILLIE MAE'S SCOTCH HOUSE                        WMX RESTAURANT GROUP LLC                         324 LINCOLN BLVD,                         VENICE, CA  90291-2828","22548 PACIFIC COAST HWY, #308                              VENICE, CA  90291-2828","","7","","3","1933","324 LINCOLN BLVD","VENICE","19","90291","22548 PACIFIC COAST HWY, #308","VENICE","90291","CA"
"648917","PEND ACTIVE","02 | 0","09/27/2023","06/30/2024","DBA: IN DUE TIME WINES                        PEARLITO LLC                         3050 LIMESTONE WAY,                         PASO ROBLES, CA  93446-5988","299 X-BAR-D WAY                              TEMPLETON, CA  93465","","","","13","4000","3050 LIMESTONE WAY","PASO ROBLES","40","93446","299 X-BAR-D WAY","TEMPLETON","93465","CA"
"649043","PEND ACTIVE","41 | 0","09/27/2023","08/31/2024","DBA: HOUSE OF SEVEN                        GUTIERREZ, CHRISTIAN XAVIER                         24633 DEL PRADO,                         DANA POINT, CA  92629-2804","32552 ALIPAZ ST, APT 2A                              SAN JUAN CAPISTRANO, CA  92675-4131","","7","","11","3028","24633 DEL PRADO","DANA POINT","30","92629","32552 ALIPAZ ST, APT 2A","SAN JUAN CAPISTRANO","92675","CA"
"649175","PEND ACTIVE","21 | 0","09/28/2023","08/31/2024","RORO'S LIQUOR, INC                         8850 W SUNSET BLVD,                         WEST HOLLYWOOD, CA  90069-2108","","21-458919","7","CALIFORNIA BUSINESS ESCROW","4","1983","8850 W SUNSET BLVD","WEST HOLLYWOOD","19","90069","","","",""
"649287","PEND ACTIVE","41 | 0","09/28/2023","08/31/2024","DBA: PHO PASSION & MINT TEA CO.                        MHTA CORPORATION                         301 E SANTA CLARA ST, STE 100,                         SAN JOSE, CA  95113-1939","","","","","25","4313","301 E SANTA CLARA ST, STE 100","SAN JOSE","43","95113","","","",""
"649342","PEND ACTIVE","09 | 1","09/27/2023","04/30/2024","DBA: A M I WINES                        AMI WINES LLC                         725 ARIZONA AVE, STE 200,                         SANTA MONICA, CA  90401-1713","","17-356890","","","3","1953","725 ARIZONA AVE, STE 200","SANTA MONICA","19","90401","","","",""
"649342","PEND ACTIVE","12 | 1","09/27/2023","05/31/2024","DBA: A M I WINES                        AMI WINES LLC                         725 ARIZONA AVE, STE 200,                         SANTA MONICA, CA  90401-1713","","18-356890","","","3","1953","725 ARIZONA AVE, STE 200","SANTA MONICA","19","90401","","","",""
"649342","PEND ACTIVE","17 | 1","09/27/2023","04/30/2024","DBA: A M I WINES                        AMI WINES LLC                         725 ARIZONA AVE, STE 200,                         SANTA MONICA, CA  90401-1713","","17-356890","","","3","1953","725 ARIZONA AVE, STE 200","SANTA MONICA","19","90401","","","",""
"649342","PEND ACTIVE","18 | 1","09/27/2023","05/31/2024","DBA: A M I WINES                        AMI WINES LLC                         725 ARIZONA AVE, STE 200,                         SANTA MONICA, CA  90401-1713","","18-356890","","","3","1953","725 ARIZONA AVE, STE 200","SANTA MONICA","19","90401","","","",""
"649568","PEND ACTIVE","41 | 0","09/28/2023","08/31/2024","DBA: YUMI SUSHI                        FALLBROOK SUSHI INC                         855 S MAIN AVE, STE A,                         FALLBROOK, CA  92028-3351","","","","","9","3700","855 S MAIN AVE, STE A","FALLBROOK","37","92028","","","",""
"649633","PEND ACTIVE","20 | 0","09/29/2023","08/31/2024","DBA: 1502 SAN ANDRES                         1502 SAN ANDRES INC                         1502 SAN ANDRES ST,                         SANTA BARBARA, CA  93101-4104","109 ANACAPA AVE                              OXNARD, CA  93035","20-627987","7","SUPREME ESCROW INC 3701 WILSHIRE BLVD STE 535 LOS ANGELES, CA  90010","12","4203","1502 SAN ANDRES ST","SANTA BARBARA","42","93101","109 ANACAPA AVE","OXNARD","93035","CA"
"649633","PEND ACTIVE","20 | 0","09/29/2023","08/31/2024","DBA: 1502 SAN ANDRES                         1502 SAN ANDRES INC                         1502 SAN ANDRES ST,                         SANTA BARBARA, CA  93101-4104","109 ANACAPA AVE                              OXNARD, CA  93035","20-627987","7","SUPREME ESCROW INC 3701 WILSHIRE BLVD STE 535 LOS ANGELES, CA  90010","12","4203","1502 SAN ANDRES ST","SANTA BARBARA","42","93101","109 ANACAPA AVE","OXNARD","93035","CA"
"649919","PEND ACTIVE","41 | 0","09/27/2023","08/31/2024","DBA: SEAL BEACH GRILL                        SRITHAI, INC.                         101 MAIN ST, STE O,                         SEAL BEACH, CA  90740-6327","","41-601923","7","","11","3018","101 MAIN ST, STE O","SEAL BEACH","30","90740","","","",""
"649925","PEND ACTIVE","41 | 0","09/28/2023","08/31/2024","DBA: TWO NINER DINER                        KELLY'S DINER LLC                         561 SKY RANCH DR, STE A,                         PETALUMA, CA  94954-3912","1108 PONDEROSA DR                              PETALUMA, CA  94954","","","","27","4903","561 SKY RANCH DR, STE A","PETALUMA","49","94954","1108 PONDEROSA DR","PETALUMA","94954","CA"
"649942","PEND ACTIVE","41 | 0","09/28/2023","08/31/2024","DBA: CHUCK E. CHEESE'S                        CEC ENTERTAINMENT, LLC                         2481 VISTA WAY,                         OCEANSIDE, CA  92054","1707 MARKET PLACE BLVD, STE 200                              C/O LICENSING DEPT , IRVING, TX  75063-8049","41-219211","7","","9","3709","2481 VISTA WAY","OCEANSIDE","37","92054","1707 MARKET PLACE BLVD, STE 200","IRVING","75063","TX"
"649945","PEND ACTIVE","41 | 0","09/28/2023","08/31/2024","DBA: CHUCK E. CHEESE'S                        CEC ENTERTAINMENT, LLC                         1126 W VALLEY PKWY,                         ESCONDIDO, CA  92025-2559","1707 MARKET PLACE BLVD, STE 200                              C/O LICENSING DEPT , IRVING, TX  75063-8049","41-446375","7","","9","3705","1126 W VALLEY PKWY","ESCONDIDO","37","92025","1707 MARKET PLACE BLVD, STE 200","IRVING","75063","TX"
"649959","PEND ACTIVE","21 | 0","09/28/2023","08/31/2024","DBA: SAN SIMEON LIQUOR MARKET                        SAN SIMEON LIQUOR MARKET                         431 PICO AVE,                         SAN SIMEON, CA  93452","","21-629600","","FIDELITY NATIONAL TITLE COMPANY 950 HAMPSHIRE RD WESTLAKE VILLAGE, CA  91361","13","4000","431 PICO AVE","SAN SIMEON","40","93452","","","",""
"649999","PEND ACTIVE","47 | 0","09/27/2023","08/31/2024","DBA: FETTUCCINE MARCELLO                        VIA SUERTE INC.                         821 VIA SUERTE, STE 101,                         SAN CLEMENTE, CA  92673-6530","17 MONARCH BAY PLZ                              DANA POINT, CA  92629-3467","47-625684","","R ESCROW 1205 E CHAPMAN AVE  ORANGE, CA  92866","11","3016","821 VIA SUERTE, STE 101","SAN CLEMENTE","30","92673","17 MONARCH BAY PLZ","DANA POINT","92629","CA"
"650049","PEND ACTIVE","17 | 0","09/27/2023","08/31/2024","DBA: SONOMA BESPOKE                        SONOMA BESPOKE LLC                         520 AIRPARK RD,                         NAPA, CA  94558-7535","PO BOX 1425                              SONOMA, CA  95476","","","","27","2800","520 AIRPARK RD","NAPA","28","94558","PO BOX 1425","SONOMA","95476","CA"
"650055","PEND ACTIVE","47 | 0","09/27/2023","08/31/2024","DBA: AMORELIA MEXICAN CAFE                        AMORELIA MEXICAN FOOD GROUP INC.                         2200 HARBOR BLVD, STE C110,                         COSTA MESA, CA  92627-5844","","47-487249","8","","11","3004","2200 HARBOR BLVD, STE C110","COSTA MESA","30","92627","","","",""
"650099","PEND ACTIVE","47 | 0","09/27/2023","08/31/2024","DBA: BAXTERS RESTAURANT & BAR                        BARRELS - BOURBONS, WINES AND SPIRITS LLC                         280 1ST ST,                         BENICIA, CA  94510-3504","351 W I STRET                              BENICIA, CA  94510","47-575053","7","OLD REPUBLIC TITLE 1000 BURNETT AVE STE 400 CONCORD, CA  94520-2088","22","4801","280 1ST ST","BENICIA","48","94510","351 W I STRET","BENICIA","94510","CA"
"650099","PEND ACTIVE","47 | 0","09/27/2023","08/31/2024","DBA: BAXTERS RESTAURANT & BAR                        BARRELS - BOURBONS, WINES AND SPIRITS LLC                         280 1ST ST,                         BENICIA, CA  94510-3504","351 W I STRET                              BENICIA, CA  94510","47-575053","7","OLD REPUBLIC TITLE 1000 BURNETT AVE STE 400 CONCORD, CA  94520-2088","22","4801","280 1ST ST","BENICIA","48","94510","351 W I STRET","BENICIA","94510","CA"
"650131","PEND ACTIVE","20 | 0","09/28/2023","08/31/2024","DBA: NUMERO UNO #101                        SUPER CENTER CONCEPTS INC                         701 E JEFFERSON BLVD,                         LOS ANGELES, CA  90011-2434","15510 CARMENITA RD                              SANTA FE SPRINGS, CA  90670-5610","20-477260","7","","4","1933","701 E JEFFERSON BLVD","LOS ANGELES","19","90011","15510 CARMENITA RD","SANTA FE SPRINGS","90670","CA"
"650134","PEND ACTIVE","20 | 0","09/28/2023","08/31/2024","DBA: NUMER UNO #107                        SUPER CENTER CONCEPTS INC                         4700-4712 S BROADWAY,                         LOS ANGELES, CA  90037","15510 CARMENITA RD                              SANTA FE SPRINGS, CA  90670-5610","20-508370","7","","4","1933","4700-4712 S BROADWAY","LOS ANGELES","19","90037","15510 CARMENITA RD","SANTA FE SPRINGS","90670","CA"
"650137","PEND ACTIVE","20 | 0","09/28/2023","08/31/2024","DBA: NUMERO UNO #105                        SUPER CENTER CONCEPTS INC                         2210-2226 S SAN PEDRO ST,                         LOS ANGELES, CA  90011-1128","15510 CARMENITA RD                              SANTA FE SPRINGS, CA  90670-5610","20-478023","7","","4","1933","2210-2226 S SAN PEDRO ST","LOS ANGELES","19","90011","15510 CARMENITA RD","SANTA FE SPRINGS","90670","CA"
"650142","PEND ACTIVE","21 | 0","09/28/2023","08/31/2024","DBA: NUMERO UNO #108                        SUPER CENTER CONCEPTS INC                         4373 S VERMONT AVE,                         LOS ANGELES, CA  90037-2411","15510 CARMENITA RD                              SANTA FE SPRINGS, CA  90670-5610","21-478027","","","4","1933","4373 S VERMONT AVE","LOS ANGELES","19","90037","15510 CARMENITA RD","SANTA FE SPRINGS","90670","CA"
"650145","PEND ACTIVE","21 | 0","09/28/2023","08/31/2024","DBA: NUMERO UNO #104                        SUPER CENTER CONCEPTS INC                         310 E MANCHESTER AVE,                         LOS ANGELES, CA  90003-3522","15510 CARMENITA RD                              SANTA FE SPRINGS, CA  90670-5610","21-477264","7","","4","1933","310 E MANCHESTER AVE","LOS ANGELES","19","90003","15510 CARMENITA RD","SANTA FE SPRINGS","90670","CA"
"650149","PEND ACTIVE","41 | 0","09/28/2023","08/31/2024","DBA: TAQUERIA EL COMPADRE                        TAQUERIA EL COMPADRE, INC.                         813 W ROSEBURG AVE,                         MODESTO, CA  95350","","","","","29","5002","813 W ROSEBURG AVE","MODESTO","50","95350","","","",""
"650157","PEND ACTIVE","41 | 0","09/28/2023","08/31/2024","DBA: TANDOORI FLAME                        RISING STAR INCORPORATION                         907 10TH ST,                         MODESTO, CA  95354","1352 HENLEY PARKWAY                               PATTERSON, CA  95363","","7","","29","5002","907 10TH ST","MODESTO","50","95354","1352 HENLEY PARKWAY","PATTERSON","95363","CA"
"650158","PEND ACTIVE","21 | 0","09/28/2023","08/31/2024","DBA: NUMERO UNO #110                        SUPER CENTER CONCEPTS INC                         1831 W 3RD ST,                         LOS ANGELES, CA  90057-2301","15510 CARMENITA RD                               SANTA FE SPRINGS, CA  90670-5610","21-534716","","","4","1933","1831 W 3RD ST","LOS ANGELES","19","90057","15510 CARMENITA RD","SANTA FE SPRINGS","90670","CA"
"650239","PEND ACTIVE","17 | 1","09/27/2023","12/31/2023","J&K DISTRIBUTION ENTERPRISE                         1999 ALPINE WAY,                         HAYWARD, CA  94545-1701","","17-627773","","","22","0106","1999 ALPINE WAY","HAYWARD","01","94545","","","",""
"650239","PEND ACTIVE","09 | 1","09/27/2023","12/31/2023","J&K DISTRIBUTION ENTERPRISE                         1999 ALPINE WAY,                         HAYWARD, CA  94545-1701","","17-627773","","","22","0106","1999 ALPINE WAY","HAYWARD","01","94545","","","",""
"650302","PEND ACTIVE","41 | 0","09/28/2023","08/31/2024","DBA: SHEKOH CONFECTIONS CAFE                        PERSAM VENTURE LLC                         444 UNIVERSITY AVE,                         PALO ALTO, CA  94301-1802","","","","","25","4312","444 UNIVERSITY AVE","PALO ALTO","43","94301","","","",""
"650306","PEND ACTIVE","41 | 0","09/28/2023","08/31/2024","DBA: WINE WIZARDS                        WINE WIZARDS LLC                         2222 GRAND CANAL BLVD, SPC 3-3,                         STOCKTON, CA  95207-6647","1919 GRAND CANAL BLVD, # A1                              STOCKTON, CA  95207-8114","41-85238","","HEISER LAW COPRORATION 949 N CENTER ST STE A STOCKTON, CA  95202","29","3905","2222 GRAND CANAL BLVD, SPC 3-3","STOCKTON","39","95207","1919 GRAND CANAL BLVD, # A1","STOCKTON","95207","CA"
"650333","PEND ACTIVE","41 | 0","09/27/2023","08/31/2024","DBA: TAQUERIA EL TACO NACO                        GARCIA, JORGE                         968 COOPER AVE,                         YUBA CITY, CA  95991","531 PERIWINKLE LN                              YUBA CITY, CA  95993","","7","","23","5102","968 COOPER AVE","YUBA CITY","51","95991","531 PERIWINKLE LN","YUBA CITY","95993","CA"
"650365","PEND ACTIVE","58 | 1","09/27/2023","08/31/2024","DBA: CENTER BAR AND GRILL                        MG, THE                         26612 TOWNE CENTRE DR, STE L-M,                         LAKE FOREST, CA  92610-2809","","47-637502","","COAST TO COAST ESCROW SERVICES  INC 19772 MAC ARTHUR BLVD #120 IRVINE, CA  92612","11","3029","26612 TOWNE CENTRE DR, STE L-M","LAKE FOREST","30","92610","","","",""
"650365","PEND ACTIVE","47 | 1","09/27/2023","08/31/2024","DBA: CENTER BAR AND GRILL                        MG, THE                         26612 TOWNE CENTRE DR, STE L-M,                         LAKE FOREST, CA  92610-2809","","47-637502","","COAST TO COAST ESCROW SERVICES  INC 19772 MAC ARTHUR BLVD #120 IRVINE, CA  92612","11","3029","26612 TOWNE CENTRE DR, STE L-M","LAKE FOREST","30","92610","","","",""
"650421","PEND ACTIVE","41 | 0","09/28/2023","08/31/2024","DBA: MF CHICKEN                        TACO CHICO LLC                         4063 24TH ST,                         SAN FRANCISCO, CA  94114-3715","741 VALENCIA ST                              SAN FRANCISCO, CA  94110-1734","41-623609","7","MCGOVERN ESCROW SERVICES 436 14TH ST STE 1015 OAKLAND, CA  94612","24","3800","4063 24TH ST","SAN FRANCISCO","38","94114","741 VALENCIA ST","SAN FRANCISCO","94110","CA"
"650443","PEND ACTIVE","21 | 0","09/27/2023","08/31/2024","DBA: JOHNYS LIQUOR                        JOHNY'S 3 INC.                          2500 W LINCOLN AVE, # 13-15,                         ANAHEIM, CA  92801-6421","","21-433789","7","TOWER ESCROW INC. 3400 W. OLYMPIC BLVD  SUITE 201 LOS ANGELES, CA  90019","11","3001","2500 W LINCOLN AVE, # 13-15","ANAHEIM","30","92801","","","",""
"650444","PEND ACTIVE","47 | 0","09/27/2023","08/31/2024","DBA: IL GATTO                        IL GATTO, LLC                         800 E WHITTIER BLVD,                         LA HABRA, CA  90631-3933","","47-345760","7","ABC ESCROW COMPANY 2222 DAMON STREET LOS ANGELES, CA  90021","11","3012","800 E WHITTIER BLVD","LA HABRA","30","90631","","","",""
"650497","PEND ACTIVE","41 | 0","09/27/2023","08/31/2024","DBA: LAMPPOST PIZZA AND BACK STREET BREWERY                        LAMP POST PIZZA                         14450 CULVER DR, STE E & F,                         IRVINE, CA  92604-0300","3002 DOW AVE, STE  414                              TUSTIN, CA  92780-7236","","","","11","3026","14450 CULVER DR, STE E & F","IRVINE","30","92604","3002 DOW AVE, STE  414","TUSTIN","92780","CA"
"650556","PEND ACTIVE","47 | 0","09/28/2023","08/31/2024","DBA: HOMESLICE                        AUSIELLO'S HOMESLICE, INC.                         5755 MOUNTAIN HAWK DR,                         SANTA ROSA, CA  95409-4449","","","E","OLD REPUBLIC TITLE COMPANY 1000 BURNETT AVE 400 CONCORD, CA  94520","27","4904","5755 MOUNTAIN HAWK DR","SANTA ROSA","49","95409","","","",""
"650572","PEND ACTIVE","47 | 0","09/28/2023","03/31/2024","DBA: LA VERANDA RISTORANTE ITALIANO                        LA VERANDA RISTORANTE ITALIANO, INC                         444 RAILROAD AVE,                         PITTSBURG, CA  94565-2208","","47-556603","7,8","","22","0708","444 RAILROAD AVE","PITTSBURG","07","94565","","","",""
"650573","PEND ACTIVE","20 | 0","09/28/2023","08/31/2024","DBA: XPRESS MART                        SINGH, PUSHPINDER                         18974 MAIN ST,                         GROVELAND, CA  95321","763 JONABEL WY                              OAKDALE, CA  95361","20-447697","","CALIFORNIA BUSINESS ESCROW INC 1748 MAIN ST ESCALON, CA  95320-1927","29","5500","18974 MAIN ST","GROVELAND","55","95321","763 JONABEL WY","OAKDALE","95361","CA"
"650588","PEND ACTIVE","02 | 0","09/28/2023","06/30/2024","DBA: GOT CHEERS                        HIDDEN WINERIES INC                         9301 W HIGHWAY 12,                         LODI, CA  95242","PO BOX 891081                              TEMECULA, CA  92589-1081","","","","29","3900","9301 W HIGHWAY 12","LODI","39","95242","PO BOX 891081","TEMECULA","92589","CA"
"650619","PEND ACTIVE","20 | 0","09/27/2023","06/30/2024","DBA: 7-ELEVEN STORE 26895D                        7 ELEVEN INC                         1100 W COMMONWEALTH AVE,                         ALHAMBRA, CA  91803-1743","PO BOX 139044, ATTN: LICENSING DEPARTMENT                              DALLAS, TX  75313-9044","20-537854","7","7-ELEVEN, INC. ATTN: JILL JIMENEZ 330 E LAMBERT RD STE 150 BREA, CA  92821-4128","2","1901","1100 W COMMONWEALTH AVE","ALHAMBRA","19","91803","PO BOX 139044, ATTN: LICENSING DEPARTMENT","DALLAS","75313","TX"
"650664","PEND ACTIVE","41 | 0","09/27/2023","08/31/2024","DBA: UNCLE DUMPLING                        DUMPLING AVE LLC                         1485 EUREKA RD, STE # 150,                         ROSEVILLE, CA  95661-6051","","","","","23","3105","1485 EUREKA RD, STE # 150","ROSEVILLE","31","95661","","","",""
"650675","PEND ACTIVE","47 | 0","09/27/2023","08/31/2024","DBA: PEONY SEAFOOD RESTAURANT                        H.L. RESTAURANT                         388 9TH ST, STE 288,                         OAKLAND, CA  94607-4295","","47-540675","","","22","0109","388 9TH ST, STE 288","OAKLAND","01","94607","","","",""
"650811","PEND ACTIVE","47 | 1","10/02/2023","09/30/2024","DBA: TAL'S OFF SUNSET                        TALS OFF SUNSET INC                          1115 SUNSET BLVD, STE 100,                         LOS ANGELES, CA  90012-1878","","47-569410","7","GLEN OAKS ESCROW 8447 WILSHIRE BLVD STE 450 BEVERLY HILLS, CA  90211","4","1933","1115 SUNSET BLVD, STE 100","LOS ANGELES","19","90012","","","",""
"650811","PEND ACTIVE","58 | 1","10/02/2023","09/30/2024","DBA: TAL'S OFF SUNSET                        TALS OFF SUNSET INC                          1115 SUNSET BLVD, STE 100,                         LOS ANGELES, CA  90012-1878","","47-569410","7","GLEN OAKS ESCROW 8447 WILSHIRE BLVD STE 450 BEVERLY HILLS, CA  90211","4","1933","1115 SUNSET BLVD, STE 100","LOS ANGELES","19","90012","","","",""
"650830","PEND ACTIVE","47 | 0","09/28/2023","11/30/2024","DBA: REY AZTECA TAQUERIA RESTAURANT                        REY AZTECA RESTAURANT BAR INC                         6140 FAIR OAKS BLVD,                         CARMICHAEL, CA  95608-4819","","47-430846","7,8","","23","3400","6140 FAIR OAKS BLVD","CARMICHAEL","34","95608","","","",""
"650849","PEND ACTIVE","47 | 0","09/27/2023","08/31/2024","DBA: LODI BOWLING                        LODI BOWLING                         302 N SACRAMENTO ST ,                         LODI, CA  95242","PO BOX 1673                              WOODBRIDGE, CA  95258","47-622838","","","29","3902","302 N SACRAMENTO ST","LODI","39","95242","PO BOX 1673","WOODBRIDGE","95258","CA"
"650889","PEND ACTIVE","20 | 0","09/27/2023","06/30/2024","DBA: QUIK STOP 551069                        QUIK STOP MARKETS INC                         1105 LEEWARD DR,                         SAN JOSE, CA  95122","165 FLANDERS RD                              WESTBOROUGH, MA  01581","20-552642","","ORRICK HERRINGTON & SUTCLIFFE 400 CAPITAL MALL STE 3000 SACRAMENTO, CA  95814","25","4313","1105 LEEWARD DR","SAN JOSE","43","95122","165 FLANDERS RD","WESTBOROUGH","01581","MA"
"650923","PEND ACTIVE","41 | 0","09/28/2023","08/31/2024","DBA: COYOTE PIZZERIA                        HUERTA MAYORAL, HUGO DANIEL                         150 SACRAMENTO ST,                         AUBURN, CA  95603","3840 MILTON WAY                              NORTH HIGHLANDS, CA  95660","","","","23","3101","150 SACRAMENTO ST","AUBURN","31","95603","3840 MILTON WAY","NORTH HIGHLANDS","95660","CA"
"650991","PEND ACTIVE","41 | 0","09/28/2023","08/31/2024","DBA: TONY TUTTO                        BAKE BELIEVE - LLC                         1 REDWOOD DR,                         ROSS, CA  94957","PO BOX 1433                              ROSS, CA  94957","","","","27","2106","1 REDWOOD DR","ROSS","21","94957","PO BOX 1433","ROSS","94957","CA"
"651006","PEND ACTIVE","41 | 0","09/27/2023","08/31/2024","DBA: RUSTIC DIVIDE, THE                        RUSTIC DIVIDE LLC, THE                         6037 FRONT ST,                         GEORGETOWN, CA  95634-9344","4961 ATLAS LN                              GARDEN VALLEY, CA  95633","41-561041","","PLACER TITLE COMPANY 3900 COFFEE RD STE 7 BAKERSFIELD, CA  93308-5051","23","0900","6037 FRONT ST","GEORGETOWN","09","95634","4961 ATLAS LN","GARDEN VALLEY","95633","CA"
"651648","PEND ACTIVE","82 | 0","09/27/2023","08/31/2024","DBA: JEFFERSON VINEYARDS                        JEFFERSON VINEYARDS LLC                         1353 THOMAS JEFFERSON PKWY,                         CHARLOTTESVILLE, VA  22902","PO BOX 316                              CHARLOTTESVILLE, VA  22902","","","","75","9999","1353 THOMAS JEFFERSON PKWY","CHARLOTTESVILLE","","22902","PO BOX 316","CHARLOTTESVILLE","22902","VA"
"651903","PEND ACTIVE","82 | 0","09/28/2023","08/31/2024","DBA: SHUMAKER VINEYARDS                        SHUMAKER VINEYARDS LLC                         12000 NW OLD WAGON RD,                         CARLTON, OR  97111","13615 NW MASON HILL RD.                              NORTH PLAINS, OR  97133","","","","75","9999","12000 NW OLD WAGON RD","CARLTON","","97111","13615 NW MASON HILL RD.","NORTH PLAINS","97133","OR"
"652320","ACTIVE CANCEL","41 | 0","09/27/2023","11/30/2023","DBA: MANAAO THAI CUISINE                        RUSJUN, WANTANA                         715 HARBOR POINTE PL, STE 200 & 300,                         WEST SACRAMENTO, CA  95605-1629","","41-576527/ 41-653144","","","23","5704","715 HARBOR POINTE PL, STE 200 & 300","WEST SACRAMENTO","57","95605","","","",""
"653092","PEND WITHDRAWN","47 | 0","","","YILDIRIM, ALI                         ,","1125 NANA CT                              NAPA, CA  94559","","","","27","","","","","","1125 NANA CT","NAPA","94559","CA"
"653094","PEND WITHDRAWN","47 | 0","","","CORONA FAMILY INC                         ,","1214 MAIN ST                              NAPA, CA  94559","","","","27","","","","","","1214 MAIN ST","NAPA","94559","CA"
"653099","PEND WITHDRAWN","47 | 0","","","FOSSIL RECORDS, LLC                         ,","1300 FIRST ST, #312                              NAPA, CA  94559-2951","","","","27","","","","","","1300 FIRST ST, #312","NAPA","94559","CA"
"653113","PEND WITHDRAWN","47 | 0","","","C&M LANDSCAPES INC                         ,","1260 MAIN ST                              NAPA, CA  94559","","","","27","","","","","","1260 MAIN ST","NAPA","94559","CA"
"653124","PEND WITHDRAWN","47 | 0","","","WHEELER WINERY INC                         ,","849 ZINFANDEL LN                              SAINT HELENA, CA  94574-1645","","","","27","","","","","","849 ZINFANDEL LN","SAINT HELENA","94574","CA"
"653126","PEND WITHDRAWN","47 | 0","","","WALTER'S BUNGALOW, LLC                         ,","1245 SPRING ST                              SAINT HELENA, CA  94574-2023","","","","27","","","","","","1245 SPRING ST","SAINT HELENA","94574","CA"
"653138","PEND WITHDRAWN","47 | 0","","","OAK KNOLL RESORT DEVELOPMENT PARTNERS LLC                         ,","625 REDWOOD HWY, STE A                              MILL VALLEY, CA  94941","","","","27","","","","","","625 REDWOOD HWY, STE A","MILL VALLEY","94941","CA"
"653140","PEND WITHDRAWN","47 | 0","","","LA CHEVE BAKERY AND BREWS, LLC                         ,","999 LIBERTY DR                              NAPA, CA  94559-3558","","","","27","","","","","","999 LIBERTY DR","NAPA","94559","CA"
"653149","PEND WITHDRAWN","47 | 0","","","RUBY & ROXY ESTATE LLC                         ,","777 DYNASTY DR                              FAIRFIELD, CA  94534","","","","27","","","","","","777 DYNASTY DR","FAIRFIELD","94534","CA"
"653175","PEND WITHDRAWN","21 | 0","","","BJNOOR, INC.                         ,","2130 ASPENGLEN WY                              LIVINGSTON, CA  95334","","","","29","","","","","","2130 ASPENGLEN WY","LIVINGSTON","95334","CA"
"653176","PEND WITHDRAWN","21 | 0","","","DHALIWAL, GURVIND SINGH                         ,","2198 DEREK AVE                              ATWATER, CA  95301","","","","29","","","","","","2198 DEREK AVE","ATWATER","95301","CA"
"653177","PEND WITHDRAWN","21 | 0","","","DHALIWAL, CHAMKAUR SINGH                         ,","2198 DEREK AVE                              ATWATER, CA  95301","","","","29","","","","","","2198 DEREK AVE","ATWATER","95301","CA"
"653178","PEND WITHDRAWN","21 | 0","","","SINGH, GURPREET                          ,","6444 JONAH ST                              ATWATER, CA  95301","","","","29","","","","","","6444 JONAH ST","ATWATER","95301","CA"
"653179","PEND WITHDRAWN","21 | 0","","","SINGH, INDERJEET                         ,","560 PINE CREEK CIR                              FAIRFIELD, CA  94534","","","","29","","","","","","560 PINE CREEK CIR","FAIRFIELD","94534","CA"
"653180","PEND WITHDRAWN","21 | 0","","","SRA, AVTAR SINGH                         ,","2440 BUENA VISTA DR                              MANTECA, CA  95337","","","","29","","","","","","2440 BUENA VISTA DR","MANTECA","95337","CA"
"653181","PEND WITHDRAWN","21 | 0","","","MANN, KIRANDEEP  KAUR                         ,","1804 SUN VALLEY AVE                              LIVINGSTON, CA  95334","","","","29","","","","","","1804 SUN VALLEY AVE","LIVINGSTON","95334","CA"