"License Number","Status Changed From/To","Type| Dup","Original Issue Date","Expir. Date","Primary Owner and Premises Addr.","Mailing Addr.","Transfer-From/To","Conditions","Escrow","District Code","Geo Code","Prem Street","City","County","Zip Code","Mailing Street","Mailing City","Mailing Zip Code","Mailing State"
"358250","ACTIVE CANCEL","21 | 0","10/08/1999","09/30/2023","DBA: ARCO AM PM                        HILALIAN CORPORATION                         22004 CLARENDON ST,                         WOODLAND HILLS, CA  91367-6304","","21-231357/ 21-648024","7","","5","1933","22004 CLARENDON ST","WOODLAND HILLS","19","91367","","","",""
"388523","ACTIVE CANCEL","47 | 1","06/25/2002","05/31/2024","DBA: FRUGATTIS                        FRUGATTIS INC                         600 COFFEE RD, STE H-L,                         BAKERSFIELD, CA  93309","11000 BRIMHALL RD., STE E-81                              BAKERSFIELD, CA  93312","47-294932/ 47-646291","7","","6","1501","600 COFFEE RD, STE H-L","BAKERSFIELD","15","93309","11000 BRIMHALL RD., STE E-81","BAKERSFIELD","93312","CA"
"388523","ACTIVE CANCEL","58 | 1","06/25/2002","05/31/2024","DBA: FRUGATTIS                        FRUGATTIS INC                         600 COFFEE RD, STE H-L,                         BAKERSFIELD, CA  93309","11000 BRIMHALL RD., STE E-81                              BAKERSFIELD, CA  93312","47-294932/ 47-646291","7","","6","1501","600 COFFEE RD, STE H-L","BAKERSFIELD","15","93309","11000 BRIMHALL RD., STE E-81","BAKERSFIELD","93312","CA"
"425196","ACTIVE CANCEL","42 | 0","05/12/2005","04/30/2024","DBA: RED ROOSTER BAR & GRILL                        THAMES, SARA ANN                         1985 OCEANSIDE BLVD,                         OCEANSIDE, CA  92054-4401","276 N EL CAMINO REAL , # 88                              OCEANSIDE, CA  92058-1729","42-398841/ 42-648796","7","","9","3709","1985 OCEANSIDE BLVD","OCEANSIDE","37","92054","276 N EL CAMINO REAL , # 88","OCEANSIDE","92058","CA"
"465424","SUREND CANCEL","21 | 0","07/23/2008","06/30/2024","DBA: RUSSIAN CAFE & DELI                        SHAKHNOVICH, ANDREY                         1712 WINCHESTER BLVD,                         CAMPBELL, CA  95008-1108","","21-198647/ 21-650139","7","","25","4302","1712 WINCHESTER BLVD","CAMPBELL","43","95008","","","",""
"465749","AUTREV ACTIVE","02 | 0","05/21/2009","06/30/2024","DBA: SIDURI TASTING LOUNGE                        JACKSON FAMILY WINES INC                         235 HEALDSBURG AVE, BLDG A,                         HEALDSBURG, CA  95448-4131","421 AVIATION BLVD                              SANTA ROSA, CA  95403-1069","02-424575","","","27","4902","235 HEALDSBURG AVE, BLDG A","HEALDSBURG","49","95448","421 AVIATION BLVD","SANTA ROSA","95403","CA"
"465749","AUTREV ACTIVE","02 | 0","05/21/2009","06/30/2024","DBA: SIDURI TASTING LOUNGE                        JACKSON FAMILY WINES INC                         235 HEALDSBURG AVE, BLDG A,                         HEALDSBURG, CA  95448-4131","421 AVIATION BLVD                              SANTA ROSA, CA  95403-1069","02-424575","","","27","4902","235 HEALDSBURG AVE, BLDG A","HEALDSBURG","49","95448","421 AVIATION BLVD","SANTA ROSA","95403","CA"
"482199","SUREND CANCEL","20 | 0","10/26/2009","07/31/2024","DBA: SUMMERLAND WINE BRANDS                        TERRAVANT WINE COMPANY LLC                         35 & 70 INDUSTRIAL WAY,                         BUELLTON, CA  93427-9565","35 & 70 INDUSTRIAL WAY                              BUELLTON, CA  93427-9565","20-464560/ 20-638630","7","","13","4207","35 & 70 INDUSTRIAL WAY","BUELLTON","42","93427","35 & 70 INDUSTRIAL WAY","BUELLTON","93427","CA"
"513365","ACTIVE SUSPEN","20 | 0","08/15/2011","08/31/2024","DBA: SAMMY QUICK MINI MART                        ALHOMEDI, ADEL MOHAMED                         4571 N FRESNO ST,                         FRESNO, CA  93726","","20-502218","7","","21","1005","4571 N FRESNO ST","FRESNO","10","93726","","","",""
"529067","ACTIVE CANCEL","47 | 2","04/29/2013","03/31/2024","416 WEST INC.                         46-350 ARABIA, # 6,                         INDIO, CA  92201-5824","11455 PARAMOUNT BLVD, STE C                              DOWNEY, CA  90241-4595","47-463036/ 47-643424","A","ABC ESCROW 2222 DAMON STREET  LOS ANGELES, CA  90021","8","3309","46-350 ARABIA, # 6","INDIO","33","92201","11455 PARAMOUNT BLVD, STE C","DOWNEY","90241","CA"
"529067","ACTIVE CANCEL","68 | 2","04/29/2013","03/31/2024","416 WEST INC.                         46-350 ARABIA, # 6,                         INDIO, CA  92201-5824","11455 PARAMOUNT BLVD, STE C                              DOWNEY, CA  90241-4595","47-463036/ 47-643424","A","ABC ESCROW 2222 DAMON STREET  LOS ANGELES, CA  90021","8","3309","46-350 ARABIA, # 6","INDIO","33","92201","11455 PARAMOUNT BLVD, STE C","DOWNEY","90241","CA"
"529067","ACTIVE CANCEL","58 | 2","04/29/2013","03/31/2024","416 WEST INC.                         46-350 ARABIA, # 6,                         INDIO, CA  92201-5824","11455 PARAMOUNT BLVD, STE C                              DOWNEY, CA  90241-4595","47-463036/ 47-643424","A","ABC ESCROW 2222 DAMON STREET  LOS ANGELES, CA  90021","8","3309","46-350 ARABIA, # 6","INDIO","33","92201","11455 PARAMOUNT BLVD, STE C","DOWNEY","90241","CA"
"535133","ACTIVE NREN","42 | 0","10/03/2013","09/30/2023","DBA: CREATE MIX AND MINGLE                        CREATE, MIX AND MINGLE, LLC                         1888 S NORFOLK ST,                         SAN MATEO, CA  94403-1102","PO BOX 25588                              SAN MATEO, CA  94402","","","","25","4113","1888 S NORFOLK ST","SAN MATEO","41","94403","PO BOX 25588","SAN MATEO","94402","CA"
"538363","ACTIVE CANCEL","42 | 0","11/26/2013","10/31/2023","DBA: TRIP                        PLUS 2 MANAGEMENT INC                         2101 LINCOLN BLVD,                         SANTA MONICA, CA  90405-1318","7213 MCCOOL AVE                              LOS ANGELES, CA  90045","42-469996/ 42-650560","","ESCROW WORLD INC 1055 WILSHIRE BLVD STE 1555 LOS ANGELES, CA  90017","3","1953","2101 LINCOLN BLVD","SANTA MONICA","19","90405","7213 MCCOOL AVE","LOS ANGELES","90045","CA"
"548616","ACTIVE SUSPEN","41 | 0","02/24/2015","01/31/2024","DBA: THAI PRINCESS                        INTARASAI, CHANTARAWAN                         3230 ARENA BLVD, STE 215,                         SACRAMENTO, CA  95834","","","","","23","3405","3230 ARENA BLVD, STE 215","SACRAMENTO","34","95834","","","",""
"549079","ACTIVE CANCEL","41 | 0","03/10/2015","02/29/2024","DBA: HUKU JAPANESE BISTRO                        KIM, HYUN JUNG                         417 MACE BLVD, STE D,                         DAVIS, CA  95618-6053","3010 AMERICAN RIVER DR                              SACRAMENTO, CA  95864-7125","","","","23","5701","417 MACE BLVD, STE D","DAVIS","57","95618","3010 AMERICAN RIVER DR","SACRAMENTO","95864","CA"
"555146","SUSPEN ACTIVE","41 | 0","04/22/2015","03/31/2024","DBA: PHO 2 TO VIETNAMESE RESTAURANT                        DO, THU HONG THI                         9082 BOLSA AVE,                         WESTMINSTER, CA  92683-8904","14151 SHIRLEY ST                              WESTMINSTER, CA  92683-4603","41-516666","7","APEX ESCROW 15440 BEACH BLVD STE 131 WESTMINSTER, CA  92683-6240","11","3021","9082 BOLSA AVE","WESTMINSTER","30","92683","14151 SHIRLEY ST","WESTMINSTER","92683","CA"
"555146","SUSPEN ACTIVE","41 | 0","04/22/2015","03/31/2024","DBA: PHO 2 TO VIETNAMESE RESTAURANT                        DO, THU HONG THI                         9082 BOLSA AVE,                         WESTMINSTER, CA  92683-8904","14151 SHIRLEY ST                              WESTMINSTER, CA  92683-4603","41-516666","7","APEX ESCROW 15440 BEACH BLVD STE 131 WESTMINSTER, CA  92683-6240","11","3021","9082 BOLSA AVE","WESTMINSTER","30","92683","14151 SHIRLEY ST","WESTMINSTER","92683","CA"
"560332","ACTIVE CANCEL","48 | 0","09/26/2016","08/31/2024","DBA: WHISKEY ROAD BAR                        RYAN, RICHARD JOHN                         323 LINCOLN ST,                         ROSEVILLE, CA  95678-2229","108 MAIN ST                              ROSEVILLE, CA  95678","48-508947/ 48-646421","","DOUGLAS BROOMELL 108 MAIN ST ROSEVILLE, CA  95678","23","3105","323 LINCOLN ST","ROSEVILLE","31","95678","108 MAIN ST","ROSEVILLE","95678","CA"
"561511","REVPEN ACTIVE","21 | 0","08/30/2016","07/31/2024","DBA: PRIMERA MARKET & GAS                        DKHM INC                         120 W CALLE PRIMERA,                         SAN YSIDRO, CA  92173","","","5,7","","10","3710","120 W CALLE PRIMERA","SAN YSIDRO","37","92173","","","",""
"561511","REVPEN ACTIVE","21 | 0","08/30/2016","07/31/2024","DBA: PRIMERA MARKET & GAS                        DKHM INC                         120 W CALLE PRIMERA,                         SAN YSIDRO, CA  92173","","","5,7","","10","3710","120 W CALLE PRIMERA","SAN YSIDRO","37","92173","","","",""
"570544","REVPEN ACTIVE","41 | 0","08/05/2016","07/31/2024","DBA: SURF SIDE DELI                        AVILA, HANNAH MARIE                         191 S OAK PARK BLVD, STE 1,                         GROVER BEACH, CA  93433-2265","","41-541541","","TOWER ESCROW INC 23024 CRENSHAW BLVD TORRANCE, CA  90505","13","4005","191 S OAK PARK BLVD, STE 1","GROVER BEACH","40","93433","","","",""
"570544","REVPEN ACTIVE","41 | 0","08/05/2016","07/31/2024","DBA: SURF SIDE DELI                        AVILA, HANNAH MARIE                         191 S OAK PARK BLVD, STE 1,                         GROVER BEACH, CA  93433-2265","","41-541541","","TOWER ESCROW INC 23024 CRENSHAW BLVD TORRANCE, CA  90505","13","4005","191 S OAK PARK BLVD, STE 1","GROVER BEACH","40","93433","","","",""
"588866","PEND ACTIVE","74 | 1","10/26/2023","09/30/2024","DBA: LUNA SEA SPIRITS                        WEK, DEVEN LESHEK                         815 ALMAR AVE, #14,                         SANTA CRUZ, CA  95060-5874","","","7","","26","4402","815 ALMAR AVE, #14","SANTA CRUZ","44","95060","","","",""
"588866","PEND ACTIVE","06 | 0","10/26/2023","09/30/2024","DBA: LUNA SEA SPIRITS                        WEK, DEVEN LESHEK                         815 ALMAR AVE, #14,                         SANTA CRUZ, CA  95060-5874","","","7","","26","4402","815 ALMAR AVE, #14","SANTA CRUZ","44","95060","","","",""
"588866","PEND ACTIVE","12 | 1","10/26/2023","09/30/2024","DBA: LUNA SEA SPIRITS                        WEK, DEVEN LESHEK                         815 ALMAR AVE, #14,                         SANTA CRUZ, CA  95060-5874","","","7","","26","4402","815 ALMAR AVE, #14","SANTA CRUZ","44","95060","","","",""
"590419","REVPEN ACTIVE","06 | 0","08/09/2018","07/31/2024","DBA: DEAD OF NIGHT DISTILLERY                        DEAD OF NIGHT DISTILLERY, INC.                         2190 E 14TH ST, STE 145,                         LOS ANGELES, CA  90021-2873","","","","","4","1933","2190 E 14TH ST, STE 145","LOS ANGELES","19","90021","","","",""
"590419","REVPEN ACTIVE","06 | 0","08/09/2018","07/31/2024","DBA: DEAD OF NIGHT DISTILLERY                        DEAD OF NIGHT DISTILLERY, INC.                         2190 E 14TH ST, STE 145,                         LOS ANGELES, CA  90021-2873","","","","","4","1933","2190 E 14TH ST, STE 145","LOS ANGELES","19","90021","","","",""
"590419","REVPEN ACTIVE","74 | 0","08/09/2018","07/31/2024","DBA: DEAD OF NIGHT DISTILLERY                        DEAD OF NIGHT DISTILLERY, INC.                         2190 E 14TH ST, STE 145,                         LOS ANGELES, CA  90021-2873","","","","","4","1933","2190 E 14TH ST, STE 145","LOS ANGELES","19","90021","","","",""
"590419","REVPEN ACTIVE","74 | 0","08/09/2018","07/31/2024","DBA: DEAD OF NIGHT DISTILLERY                        DEAD OF NIGHT DISTILLERY, INC.                         2190 E 14TH ST, STE 145,                         LOS ANGELES, CA  90021-2873","","","","","4","1933","2190 E 14TH ST, STE 145","LOS ANGELES","19","90021","","","",""
"591001","ACTIVE SUREND","20 | 0","06/20/2018","05/31/2024","DBA: LOS CUATES SUPERMERCADO Y TAQUERIA                        J M SUPERMARKETS, INC.                         220 SAN FELIPE RD,                         HOLLISTER, CA  95023-3018","","20-525749","7","","26","3501","220 SAN FELIPE RD","HOLLISTER","35","95023","","","",""
"591007","ACTIVE SUREND","41 | 0","06/12/2018","05/31/2024","DBA: LOS CUATES SUPERMERCADO Y TAQUERIA                        J M SUPERMARKETS, INC.                         220 SAN FELIPE RD,                         HOLLISTER, CA  95023-3018","","41-488424","","","26","3501","220 SAN FELIPE RD","HOLLISTER","35","95023","","","",""
"594870","REVPEN ACTIVE","16 | 0","08/03/2018","07/31/2024","PUENTES, JUAN JOSE                         1597 PAULSON WAY,                         NAPA, CA  94558-1624","","","7","","27","2802","1597 PAULSON WAY","NAPA","28","94558","","","",""
"594870","REVPEN ACTIVE","16 | 0","08/03/2018","07/31/2024","PUENTES, JUAN JOSE                         1597 PAULSON WAY,                         NAPA, CA  94558-1624","","","7","","27","2802","1597 PAULSON WAY","NAPA","28","94558","","","",""
"600393","ACTIVE CANCEL","21 | 0","01/18/2019","12/31/2023","DBA: ANKENEY FINE FOODS                        EA GROCERS INC                         660 POWELL ST,                         SAN FRANCISCO, CA  94108-3017","625 POWELL ST, #3                              SAN FRANCISCO, CA  94108-3021","21-541373/ 21-650538","","FIDELITY NATIONAL TITLE COMPANY 405 PRIMROSE RD BURLINGAME, CA  94010","24","3800","660 POWELL ST","SAN FRANCISCO","38","94108","625 POWELL ST, #3","SAN FRANCISCO","94108","CA"
"607201","AUTREV ACTIVE","42 | 1","07/01/2020","06/30/2024","DBA: OVER THE TAP                        CALILLA & SON LLC                         2424 HOOVER AVE, STE A,                         NATIONAL CITY, CA  91950-8547","1121 PLAZA MIRALESTE                              CHULA VISTA, CA  91950","","7","","10","3708","2424 HOOVER AVE, STE A","NATIONAL CITY","37","91950","1121 PLAZA MIRALESTE","CHULA VISTA","91950","CA"
"607201","AUTREV ACTIVE","42 | 1","07/01/2020","06/30/2024","DBA: OVER THE TAP                        CALILLA & SON LLC                         2424 HOOVER AVE, STE A,                         NATIONAL CITY, CA  91950-8547","1121 PLAZA MIRALESTE                              CHULA VISTA, CA  91950","","7","","10","3708","2424 HOOVER AVE, STE A","NATIONAL CITY","37","91950","1121 PLAZA MIRALESTE","CHULA VISTA","91950","CA"
"607201","AUTREV ACTIVE","77 | 1","07/01/2020","06/30/2024","DBA: OVER THE TAP                        CALILLA & SON LLC                         2424 HOOVER AVE, STE A,                         NATIONAL CITY, CA  91950-8547","1121 PLAZA MIRALESTE                              CHULA VISTA, CA  91950","","7","","10","3708","2424 HOOVER AVE, STE A","NATIONAL CITY","37","91950","1121 PLAZA MIRALESTE","CHULA VISTA","91950","CA"
"607201","AUTREV ACTIVE","77 | 1","07/01/2020","06/30/2024","DBA: OVER THE TAP                        CALILLA & SON LLC                         2424 HOOVER AVE, STE A,                         NATIONAL CITY, CA  91950-8547","1121 PLAZA MIRALESTE                              CHULA VISTA, CA  91950","","7","","10","3708","2424 HOOVER AVE, STE A","NATIONAL CITY","37","91950","1121 PLAZA MIRALESTE","CHULA VISTA","91950","CA"
"607307","REVPEN CANCEL","17 | 0","08/26/2019","07/31/2023","CASTON FAMILY WINES LLC                         1206 4TH ST,                         SANTA ROSA, CA  95404-4012","1948 GOLDPAN CIR                              SANTA ROSA, CA  95407","","7","","27","4904","1206 4TH ST","SANTA ROSA","49","95404","1948 GOLDPAN CIR","SANTA ROSA","95407","CA"
"607307","REVPEN CANCEL","20 | 0","08/26/2019","07/31/2023","CASTON FAMILY WINES LLC                         1206 4TH ST,                         SANTA ROSA, CA  95404-4012","1948 GOLDPAN CIR                              SANTA ROSA, CA  95407","","7,I","","27","4904","1206 4TH ST","SANTA ROSA","49","95404","1948 GOLDPAN CIR","SANTA ROSA","95407","CA"
"608127","ACTIVE CANCEL","41 | 0","12/09/2019","11/30/2023","DBA: HOLIDAY KTV AND RESTAURANT                        ANBO LLC                          9936 LOWER AZUSA RD,                         EL MONTE, CA  91731-1131","640 W VALLEY BLVD #A                              ALHAMBRA, CA  91803-3229","41-524015/ 41-648753","7","GARDEN ESCROW INC 9553 LAS TUNAS DR TEMPLE CITY, CA  91780","2","1918","9936 LOWER AZUSA RD","EL MONTE","19","91731","640 W VALLEY BLVD #A","ALHAMBRA","91803","CA"
"612203","ACTIVE CANCEL","41 | 0","03/10/2020","02/29/2024","DBA: CHICKEN IN A BARREL                        H&H OHANA CORPORATION                         2100 LAKE TAHOE BLVD,                         SOUTH LAKE TAHOE, CA  96150-6405","PO BOX 17035                              SOUTH LAKE TAHOE, CA  96151-7035","","7","","23","0902","2100 LAKE TAHOE BLVD","SOUTH LAKE TAHOE","09","96150","PO BOX 17035","SOUTH LAKE TAHOE","96151","CA"
"614201","ACTIVE CANCEL","21 | 0","03/30/2020","02/29/2024","DBA: NUMERO UNO #119                        NUMERO UNO ACQUISITIONS LLC                         4831 WHITTIER BLVD,                         LOS ANGELES, CA  90022-3023","15510 CARMENITA RD                              SANTA FE SPRINGS, CA  90670-5610","21-292219/ 21-650227","","","2","1900","4831 WHITTIER BLVD","LOS ANGELES","19","90022","15510 CARMENITA RD","SANTA FE SPRINGS","90670","CA"
"618317","ACTIVE CANCEL","09 | 1","10/22/2020","09/30/2024","DBA: VINTNERS                        LCDT MERCHANTS, LLC                         317 12TH ST,                         SACRAMENTO, CA  95814-0900","","","7","","23","3405","317 12TH ST","SACRAMENTO","34","95814","","","",""
"618317","ACTIVE CANCEL","17 | 1","10/22/2020","09/30/2024","DBA: VINTNERS                        LCDT MERCHANTS, LLC                         317 12TH ST,                         SACRAMENTO, CA  95814-0900","","","7","","23","3405","317 12TH ST","SACRAMENTO","34","95814","","","",""
"618317","ACTIVE CANCEL","20 | 0","10/22/2020","09/30/2024","DBA: VINTNERS                        LCDT MERCHANTS, LLC                         317 12TH ST,                         SACRAMENTO, CA  95814-0900","","","7,I","","23","3405","317 12TH ST","SACRAMENTO","34","95814","","","",""
"618487","ACTIVE CANCEL","41 | 0","09/14/2020","08/31/2023","DBA: GRATA                        GRATA WINDSOR LLC                         186 WINDSOR RIVER RD, TOWN GREEN VILLAGE BLDG 0 UNIT C-1 & C-2,                         WINDSOR, CA  95492-9204","186 WINDSOR RIVER ROAD                              WINDSOR, CA  95492","41-601140","","FIDELITY NATIONAL TITLE CO 405 PRIMROSE RD BURLINGAME, CA  94010","27","4909","186 WINDSOR RIVER RD, TOWN GREEN VILLAGE BLDG 0 UNIT C-1 & C-2","WINDSOR","49","95492","186 WINDSOR RIVER ROAD","WINDSOR","95492","CA"
"619672","ACTIVE CANCEL","47 | 0","01/28/2021","12/31/2023","DBA: EL PUESTO COCINA AND LOUNGE                        CULICHITOWN BAKERSFIELD LLC                         2060 WHITE LN,                         BAKERSFIELD, CA  93304-6911","3218 W TERANIMAR DR                              ANAHEIM, CA  92804","","5,7","","6","1501","2060 WHITE LN","BAKERSFIELD","15","93304","3218 W TERANIMAR DR","ANAHEIM","92804","CA"
"620335","ACTIVE CANCEL","20 | 0","11/23/2020","10/31/2023","DBA: ACURE ESTATE LLC                        ACURE ESTATE LLC                         320 HIATT RD,                         CLOVERDALE, CA  95425-9758","PO BOX 854                              CLOVERDALE, CA  95425-0854","","7,I","","27","4900","320 HIATT RD","CLOVERDALE","49","95425","PO BOX 854","CLOVERDALE","95425","CA"
"620460","PEND ACTIVE","47 | 0","10/25/2023","09/30/2024","DBA: THE GARDEN                        TANNERY BEND BEERWORKS, INC.                         1500 1ST ST, STE 150,                         NAPA, CA  94559-2841","1425 1ST ST                              NAPA, CA  94559-2815","","5","","27","2802","1500 1ST ST, STE 150","NAPA","28","94559","1425 1ST ST","NAPA","94559","CA"
"621606","AUTREV ACTIVE","58 | 1","06/21/2021","05/31/2024","DBA: TAQUERIA 5 DE MAYO                        CRUZ ZARAGOZA, HUMBERTO                         22213-22215 NORWALK BLVD,                         HAWAIIAN GARDENS, CA  90716-1541","","","7","","3","1975","22213-22215 NORWALK BLVD","HAWAIIAN GARDENS","19","90716","","","",""
"621606","AUTREV ACTIVE","58 | 1","06/21/2021","05/31/2024","DBA: TAQUERIA 5 DE MAYO                        CRUZ ZARAGOZA, HUMBERTO                         22213-22215 NORWALK BLVD,                         HAWAIIAN GARDENS, CA  90716-1541","","","7","","3","1975","22213-22215 NORWALK BLVD","HAWAIIAN GARDENS","19","90716","","","",""
"621606","AUTREV ACTIVE","41 | 1","06/21/2021","05/31/2024","DBA: TAQUERIA 5 DE MAYO                        CRUZ ZARAGOZA, HUMBERTO                         22213-22215 NORWALK BLVD,                         HAWAIIAN GARDENS, CA  90716-1541","","","7","","3","1975","22213-22215 NORWALK BLVD","HAWAIIAN GARDENS","19","90716","","","",""
"621606","AUTREV ACTIVE","41 | 1","06/21/2021","05/31/2024","DBA: TAQUERIA 5 DE MAYO                        CRUZ ZARAGOZA, HUMBERTO                         22213-22215 NORWALK BLVD,                         HAWAIIAN GARDENS, CA  90716-1541","","","7","","3","1975","22213-22215 NORWALK BLVD","HAWAIIAN GARDENS","19","90716","","","",""
"622400","ACTIVE CANCEL","48 | 0","07/26/2021","06/30/2024","DBA: FAIRWAY CLUB                        AZAR ASSOCIATES, LLC                         900 EL CAMINO REAL,                         SOUTH SAN FRANCISCO, CA  94080","","48-163478/ 48-649838","","THE HERITAGE ESCROW COMPANY 2550 FIFTH AVE SUITE 800 SAN DIEGO, CA  92103","25","4114","900 EL CAMINO REAL","SOUTH SAN FRANCISCO","41","94080","","","",""
"622822","ACTIVE SUSPEN","20 | 0","06/08/2021","05/31/2024","DBA: FRIEND'S MARKET                        GAMIL, NASR ALI                         3501 INTERNATIONAL BLVD,                         OAKLAND, CA  94601","","20-603793","7","JAMEEL M SHIHADEH 333 GELLERT BLVD STE 145 DALY CITY, CA  94015","22","0109","3501 INTERNATIONAL BLVD","OAKLAND","01","94601","","","",""
"626923","AUTREV ACTIVE","02 | 0","11/19/2021","06/30/2024","DBA: S FOSTER WINE COMPANY                        S FOSTER WINE COMPANY LLC                         2763 ILLINOIS ST,                         NAPA, CA  94558-5941","","","7","","27","2802","2763 ILLINOIS ST","NAPA","28","94558","","","",""
"626923","AUTREV ACTIVE","02 | 0","11/19/2021","06/30/2024","DBA: S FOSTER WINE COMPANY                        S FOSTER WINE COMPANY LLC                         2763 ILLINOIS ST,                         NAPA, CA  94558-5941","","","7","","27","2802","2763 ILLINOIS ST","NAPA","28","94558","","","",""
"629975","ACTIVE CANCEL","41 | 0","12/02/2021","11/30/2023","DBA: ENSENADA BAJA TACOS                         LABASTIDA, HECTOR  IVAN                          3505 W RAMSEY ST ,                         BANNING, CA  92220-3507","","","","","8","3301","3505 W RAMSEY ST","BANNING","33","92220","","","",""
"633741","PEND ACTIVE","47 | 0","10/26/2023","09/30/2024","DBA: MIA                        DOMINGUEZ, ALFONSO                         439 WATER ST,                         OAKLAND, CA  94607-3740","98 SELKIRK ST                              OAKLAND, CA  94619","","7,A","","22","0109","439 WATER ST","OAKLAND","01","94607","98 SELKIRK ST","OAKLAND","94619","CA"
"634047","REVPEN ACTIVE","20 | 0","03/14/2022","07/31/2024","DBA: SUNSHINE MARKET                        IBRAHIM , SUMMER                          8801 NORWALK BLVD,                         WHITTIER, CA  90606-3405","","20-485022","7","","2","1900","8801 NORWALK BLVD","WHITTIER","19","90606","","","",""
"634047","REVPEN ACTIVE","20 | 0","03/14/2022","07/31/2024","DBA: SUNSHINE MARKET                        IBRAHIM , SUMMER                          8801 NORWALK BLVD,                         WHITTIER, CA  90606-3405","","20-485022","7","","2","1900","8801 NORWALK BLVD","WHITTIER","19","90606","","","",""
"637662","ACTIVE NREN","41 | 0","09/29/2022","08/31/2023","DBA: UMAI SAVORY HOT DOGS R&B TEA                        ED DAVID RESTAURANT GROUP INC                         3045 ARDEN WAY, STE 200,                         SACRAMENTO, CA  95825","5746 LONETREE BLVD                              ROCKLIN, CA  95765-3734","","7","","23","3405","3045 ARDEN WAY, STE 200","SACRAMENTO","34","95825","5746 LONETREE BLVD","ROCKLIN","95765","CA"
"638005","REVPEN NREN","41 | 0","08/03/2022","07/31/2023","DBA: PIZZA OLIVA                        JDYAL INDUSTRIES INC                         2400 OLYMPIC BLVD, STE 2,                         WALNUT CREEK, CA  94595-1500","1000 BUSH ST                              SAN FRANCISCO, CA  94109-6214","41-621952","","GREEN ESCROW SERVICE INC 2010 CROW CANYON PLACE STE 212 SAN RAMON, CA  94583","22","0711","2400 OLYMPIC BLVD, STE 2","WALNUT CREEK","07","94595","1000 BUSH ST","SAN FRANCISCO","94109","CA"
"638112","REVPEN ACTIVE","41 | 0","08/25/2022","07/31/2024","DBA: IPPOLITO'S TRATTORIA                        IPPOLITOS LLC                         9500 MICRON AVE, STE 128,                         SACRAMENTO, CA  95827-2619","3173 CATALINA ISLAND RD                              WEST SACRAMENTO, CA  95691","41-538950","7","CAPITAL CITY ESCROW 3838 WATT AVE #F610 SACRAMENTO, CA  95821","23","3400","9500 MICRON AVE, STE 128","SACRAMENTO","34","95827","3173 CATALINA ISLAND RD","WEST SACRAMENTO","95691","CA"
"638112","REVPEN ACTIVE","41 | 0","08/25/2022","07/31/2024","DBA: IPPOLITO'S TRATTORIA                        IPPOLITOS LLC                         9500 MICRON AVE, STE 128,                         SACRAMENTO, CA  95827-2619","3173 CATALINA ISLAND RD                              WEST SACRAMENTO, CA  95691","41-538950","7","CAPITAL CITY ESCROW 3838 WATT AVE #F610 SACRAMENTO, CA  95821","23","3400","9500 MICRON AVE, STE 128","SACRAMENTO","34","95827","3173 CATALINA ISLAND RD","WEST SACRAMENTO","95691","CA"
"638362","ACTIVE CANCEL","20 | 0","08/01/2022","07/31/2024","DBA: NU WAY MARKET                        SONG, HYE SOOK JESSICA                         6101 HOLMES AVE,                         LOS ANGELES, CA  90001-1819","","20-621170/ 20-650927","","UNITED ESCROW CO 3440 WILSHIRE BLVD #600 LOS ANGELES, CA  90010","4","1900","6101 HOLMES AVE","LOS ANGELES","19","90001","","","",""
"638630","PEND ACTIVE","20 | 0","10/25/2023","09/30/2024","DBA: GAS MART                         MMD FUEL INC.                         1005 W FLORIDA AVE,                         HEMET, CA  92543-3949","627 E ANGELENO AVE, STE B                              BURBANK, CA  91501-3029","20-482199","","COMPASS FIRST INC 1114 STATE STREET, SUITE 313 SANTA BARBARA, CA  93101","7","3308","1005 W FLORIDA AVE","HEMET","33","92543","627 E ANGELENO AVE, STE B","BURBANK","91501","CA"
"639746","ACTIVE NREN","13 | 0","09/19/2022","08/31/2023","DBA: ASSOCIATED BREWING COMPANY                        ASSOCIATED BREWING COMPANY, LLC                         26717 PALMETTO AVE, STE 124-125,                         REDLANDS, CA  92374","219 LITTLE CANADA RD E                              ST PAUL, MN  55117","13-622433","","","7","3608","26717 PALMETTO AVE, STE 124-125","REDLANDS","36","92374","219 LITTLE CANADA RD E","ST PAUL","55117","MN"
"640314","PEND WITHDRAWN","41 | 0","","","DBA: MAZAIA RESTAURANT                        MAZAIA RESTAURANT GROUP INC                         18558 GALE AVE, STE 328,                         CITY OF INDUSTRY, CA  91748-1392","","","","","2","1926","18558 GALE AVE, STE 328","CITY OF INDUSTRY","19","91748","","","",""
"642308","PEND ACTIVE","21 | 0","10/26/2023","09/30/2024","DBA: JACKSON 212                        JACKSONS FOOD STORES INC                         2281 W CASMALIA ST,                         RIALTO, CA  92377-4470","3450 E COMMERCIAL CT                              MERIDIAN, ID  83642-8915","","5","","7","3609","2281 W CASMALIA ST","RIALTO","36","92377","3450 E COMMERCIAL CT","MERIDIAN","83642","ID"
"643424","PEND ACTIVE","68 | 2","10/25/2023","09/30/2024","DBA: RIVERSIDE COUNTY FAIRGROUNDS                        PICKERING EVENTS LLC                         46-350 ARABIA, # 6,                         INDIO, CA  92201-5824","22800 MOUNTAIN VIEW RD                              MORENO VALLEY, CA  92201-2629","47-529067","A","CHICAGO TITLE COMPANY  901 EAST TAHQUITZ CANYON WAY STE A-202 PALM SPRINGS, CA  92262","8","3309","46-350 ARABIA, # 6","INDIO","33","92201","22800 MOUNTAIN VIEW RD","MORENO VALLEY","92201","CA"
"643424","PEND ACTIVE","58 | 2","10/25/2023","09/30/2024","DBA: RIVERSIDE COUNTY FAIRGROUNDS                        PICKERING EVENTS LLC                         46-350 ARABIA, # 6,                         INDIO, CA  92201-5824","22800 MOUNTAIN VIEW RD                              MORENO VALLEY, CA  92201-2629","47-529067","A","CHICAGO TITLE COMPANY  901 EAST TAHQUITZ CANYON WAY STE A-202 PALM SPRINGS, CA  92262","8","3309","46-350 ARABIA, # 6","INDIO","33","92201","22800 MOUNTAIN VIEW RD","MORENO VALLEY","92201","CA"
"643424","PEND ACTIVE","47 | 2","10/25/2023","09/30/2024","DBA: RIVERSIDE COUNTY FAIRGROUNDS                        PICKERING EVENTS LLC                         46-350 ARABIA, # 6,                         INDIO, CA  92201-5824","22800 MOUNTAIN VIEW RD                              MORENO VALLEY, CA  92201-2629","47-529067","A","CHICAGO TITLE COMPANY  901 EAST TAHQUITZ CANYON WAY STE A-202 PALM SPRINGS, CA  92262","8","3309","46-350 ARABIA, # 6","INDIO","33","92201","22800 MOUNTAIN VIEW RD","MORENO VALLEY","92201","CA"
"644500","R64B ACTIVE","47 | 0","06/09/2023","05/31/2024","DBA: TIPSY PUTT                        TIPSY PUTT SV LLC                         301 W MCKINLEY AVE, STE E150,                         SUNNYVALE, CA  94086-7074","630 K ST, #120                              SACRAMENTO, CA  95814","47-5843","7","ABC ESCROW 2222 DAMON ST  LOS ANGELES, CA  90021","25","4316","301 W MCKINLEY AVE, STE E150","SUNNYVALE","43","94086","630 K ST, #120","SACRAMENTO","95814","CA"
"644500","R64B ACTIVE","47 | 0","06/09/2023","05/31/2024","DBA: TIPSY PUTT                        TIPSY PUTT SV LLC                         301 W MCKINLEY AVE, STE E150,                         SUNNYVALE, CA  94086-7074","630 K ST, #120                              SACRAMENTO, CA  95814","47-5843","7","ABC ESCROW 2222 DAMON ST  LOS ANGELES, CA  90021","25","4316","301 W MCKINLEY AVE, STE E150","SUNNYVALE","43","94086","630 K ST, #120","SACRAMENTO","95814","CA"
"645089","PEND ACTIVE","41 | 0","10/25/2023","09/30/2024","DBA: LITTLE SHUCKER                        GREEN IN BLUE LLC                          2016 FILLMORE ST,                         SAN FRANCISCO, CA  94115-2709","2311 FILLMORE ST                              SAN FRANCISCO, CA  94115-1812","","7","","24","3800","2016 FILLMORE ST","SAN FRANCISCO","38","94115","2311 FILLMORE ST","SAN FRANCISCO","94115","CA"
"646291","PEND ACTIVE","58 | 1","10/25/2023","05/31/2024","DBA: FRUGATTI'S                        FRUGATTIS INC                         8109 BRIMHALL RD,                         BAKERSFIELD, CA  93312","12211 APRIL ANN AVE                              BAKERSFIELD, CA  93312","47-388523","7","","6","1501","8109 BRIMHALL RD","BAKERSFIELD","15","93312","12211 APRIL ANN AVE","BAKERSFIELD","93312","CA"
"646291","PEND ACTIVE","47 | 1","10/25/2023","05/31/2024","DBA: FRUGATTI'S                        FRUGATTIS INC                         8109 BRIMHALL RD,                         BAKERSFIELD, CA  93312","12211 APRIL ANN AVE                              BAKERSFIELD, CA  93312","47-388523","7","","6","1501","8109 BRIMHALL RD","BAKERSFIELD","15","93312","12211 APRIL ANN AVE","BAKERSFIELD","93312","CA"
"646421","PEND ACTIVE","48 | 0","10/25/2023","09/30/2024","DBA: HOUSE DIVIDED                        WHISKEY ROAD BAR LLC                         323 LINCOLN ST,                         ROSEVILLE, CA  95678-2229","327 LINCOLN ST                              ROSEVILLE, CA  95678-2229","48-560332","","DOUGLAS BROOMELL 108 MAIN ST ROSEVILLE, CA  95678","23","3105","323 LINCOLN ST","ROSEVILLE","31","95678","327 LINCOLN ST","ROSEVILLE","95678","CA"
"646766","PEND ACTIVE","41 | 0","10/25/2023","02/29/2024","DBA: HUKU JAPANESE BISTRO                        HUKU JAPANESE BISTRO INC                         417 MACE BLVD, STE D,                         DAVIS, CA  95618-6053","3010 AMERICAN RIVER DR                              SACRAMENTO, CA  95864-7125","41-549079","8","NONE","23","5701","417 MACE BLVD, STE D","DAVIS","57","95618","3010 AMERICAN RIVER DR","SACRAMENTO","95864","CA"
"646995","PEND ACTIVE","20 | 0","10/25/2023","09/30/2024","DBA: ALDI                        AI CALIFORNIA LLC                         955 E ANAHEIM ST,                         LONG BEACH, CA  90813","12661 ALDI PL                              MORENO VALLEY, CA  92555-6703","","7","","3","1932","955 E ANAHEIM ST","LONG BEACH","19","90813","12661 ALDI PL","MORENO VALLEY","92555","CA"
"647306","PEND ACTIVE","70 | 0","10/25/2023","09/30/2024","DBA: HAMPTON INN                        STOCKTON LODGING INC.                         3651 ARCH RD,                         STOCKTON, CA  95215","","","7","","29","3905","3651 ARCH RD","STOCKTON","39","95215","","","",""
"647330","PEND ACTIVE","40 | 0","10/25/2023","09/30/2024","DBA: POURBOY'S TAPYARD                        CARTER, AUSTIN CADE                         2040 WALDON ST,                         REDDING, CA  96001","4066 REMINGTON DR                              REDDING, CA  96003","","","","31","4502","2040 WALDON ST","REDDING","45","96001","4066 REMINGTON DR","REDDING","96003","CA"
"647561","PEND ACTIVE","47 | 0","10/25/2023","09/30/2024","DBA: EL PUESTO COCINA & LOUNGE                        EL PUESTO VENTURES, LLC                         2060 WHITE LN,                         BAKERSFIELD, CA  93304-6911","2060 WHITE LN                              BAKERSFIELD, CA  93304-6911","47-619672","7","","6","1501","2060 WHITE LN","BAKERSFIELD","15","93304","2060 WHITE LN","BAKERSFIELD","93304","CA"
"647707","PEND ACTIVE","41 | 0","10/25/2023","09/30/2024","DBA: VOYAGE                        GRAPE FRIENDS LLC                         500 SAN ANSELMO AVE,                         SAN ANSELMO, CA  94960-2614","","","","","27","2107","500 SAN ANSELMO AVE","SAN ANSELMO","21","94960","","","",""
"647980","PEND ACTIVE","41 | 0","10/25/2023","02/29/2024","DBA: CHICKEN IN A BARREL BBQ                        H&H OHANA CORPORATION                         3600B LAKE TAHOE BLVD,                         SOUTH LAKE TAHOE, CA  96150-8942","PO BOX 17035                              SOUTH LAKE TAHOE, CA  96151-7035","41-612203","7","","23","0902","3600B LAKE TAHOE BLVD","SOUTH LAKE TAHOE","09","96150","PO BOX 17035","SOUTH LAKE TAHOE","96151","CA"
"648024","PEND ACTIVE","21 | 0","10/25/2023","09/30/2024","DBA: NICKS ENTERPRISES WOODLAND HILLS INC                        NICKS ENTERPRISES WOODLAND HILLS INC                         22004 CLARENDON ST,                         WOODLAND HILLS, CA  91367-6304","","21-358250","7","CITYWIDE ESCROW SERVICE INC 12501 SEAL BEACH BLVD STE 130 SEAL BEACH, CA  90740-2755","5","1933","22004 CLARENDON ST","WOODLAND HILLS","19","91367","","","",""
"648752","PEND ACTIVE","41 | 0","10/26/2023","09/30/2024","DBA: SOFIVE                         CJD 2L CALIFORNIA LLC                         1721 W 11TH ST,                         UPLAND, CA  91786-3504","2015 PITKIN AVE                               BROOKLYN , NY  11207-3424","41-477007","7","CALIFORNIA BUSINESS ESCROW INC 1748 MAIN ST ESCALON, CA  95320-1927","7","3600","1721 W 11TH ST","UPLAND","36","91786","2015 PITKIN AVE","BROOKLYN","11207","NY"
"648753","PEND ACTIVE","41 | 0","10/25/2023","09/30/2024","DBA: HOLIDAY KTV AND RESTAURANT                        PGM LLC                         9936 LOWER AZUSA RD,                         EL MONTE, CA  91731-1131","","41-608127","7","GARDEN ESCROW INC 9553 LAS TUNAS DR TEMPLE CITY, CA  91780","2","1918","9936 LOWER AZUSA RD","EL MONTE","19","91731","","","",""
"648796","PEND ACTIVE","42 | 0","10/25/2023","09/30/2024","DBA: RED ROOSTER                        ALBANO RAE GROUP LLC                         1985 OCEANSIDE BLVD,                         OCEANSIDE, CA  92054-4401","158 LANCER AVE                              OCEANSIDE, CA  92058","42-425196","7","PACIFIC HOMELAND ESCROW INC 8799 BALBOA AVENUE STE 100 SAN DIEGO, CA  92123","9","3709","1985 OCEANSIDE BLVD","OCEANSIDE","37","92054","158 LANCER AVE","OCEANSIDE","92058","CA"
"648897","PEND ACTIVE","20 | 0","10/26/2023","09/30/2024","FIESTA LATINA MARKET LLC                         110 DEMPSEY RD, STE 112,                         MILPITAS, CA  95035-5550","","","7","","25","4308","110 DEMPSEY RD, STE 112","MILPITAS","43","95035","","","",""
"648935","PEND WITHDRAWN","47 | 0","","","DBA: HONG KONG EAST OCEAN SEAFOOD RESTAURANT                        HKEO RESTAURANT INC                         3199 POWELL ST,                         EMERYVILLE, CA  94608","14895 E 14TH ST, STE 390                              SAN LEANDRO, CA  94578","326457","7","OLD REPUBLIC TITLE 1000 BURNETT AVE STE 400 CONCORD, CA  94520-2088","22","0104","3199 POWELL ST","EMERYVILLE","01","94608","14895 E 14TH ST, STE 390","SAN LEANDRO","94578","CA"
"649203","PEND ACTIVE","41 | 0","10/26/2023","09/30/2024","DBA: TAQUERIA ZAVALA 2                        TAQUERIA MI RANCHITO LLC                         11907 LAKEWOOD BLVD,                         DOWNEY, CA  90241-5424","8042 ALBIA ST                              DOWNEY, CA  90242-2402","","","","2","1916","11907 LAKEWOOD BLVD","DOWNEY","19","90241","8042 ALBIA ST","DOWNEY","90242","CA"
"649215","PEND ACTIVE","41 | 0","10/26/2023","09/30/2024","DBA: YUPDDUK LA                        ALMG INVESTMENTS, LLC                          3603 W 6TH ST ,                         LOS ANGELES, CA  90020-3003","","","7","","4","1933","3603 W 6TH ST","LOS ANGELES","19","90020","","","",""
"649305","PEND ACTIVE","47 | 0","10/26/2023","09/30/2024","CASA NATALIA INC                         2091 N OXNARD BLVD,                         OXNARD, CA  93036-2964","","47-560113","7","ABC ESCROW 2222 DAMON ST  LOS ANGELES, CA  90021","12","5603","2091 N OXNARD BLVD","OXNARD","56","93036","","","",""
"649676","PEND ACTIVE","41 | 0","10/26/2023","09/30/2024","DBA: BLUE BIRD HAUS                        BLUEBIRD HAUS, INC.                         1532 E BROADWAY,                         LONG BEACH, CA  90802-4034","","","7","","3","1932","1532 E BROADWAY","LONG BEACH","19","90802","","","",""
"649733","PEND ACTIVE","41 | 0","10/26/2023","09/30/2024","GARDUNO RESTAURANTS #2, INC                         1313 W SEPULVEDA BLVD,                         LOS ANGELES, CA  90501-5002","","41-591837","","","3","1933","1313 W SEPULVEDA BLVD","LOS ANGELES","19","90501","","","",""
"649838","PEND ACTIVE","48 | 0","10/25/2023","09/30/2024","DBA: FAIRWAY CLUB                        FAIRWAY LOUNGE RESTAURANT AND BAR LLC                         900 EL CAMINO REAL,                         SOUTH SAN FRANCISCO, CA  94080","","48-622400","","","25","4114","900 EL CAMINO REAL","SOUTH SAN FRANCISCO","41","94080","","","",""
"649958","PEND ACTIVE","41 | 0","10/25/2023","09/30/2024","DBA: SUGAR BOWL CORPORATION                        SUGAR BOWL CORPORATION                         19195 DONNER PASS RD,                         NORDEN, CA  95724","PO BOX 5                              NORDEN, CA  95724-0005","","7","","23","2900","19195 DONNER PASS RD","NORDEN","29","95724","PO BOX 5","NORDEN","95724","CA"
"650139","PEND ACTIVE","21 | 0","10/25/2023","09/30/2024","NEW LEAF COMMUNITY MARKETS INC                         5667 SILVER CREEK VALLEY RD,                         SAN JOSE, CA  95138-2473","915 E 230TH ST                              CARSON, CA  90745-5005","21-465424","7","ABC ESCROW 2222 DAMON STREET  LOS ANGELES, CA  90021","25","4313","5667 SILVER CREEK VALLEY RD","SAN JOSE","43","95138","915 E 230TH ST","CARSON","90745","CA"
"650139","PEND ACTIVE","86 | 0","10/25/2023","09/30/2024","NEW LEAF COMMUNITY MARKETS INC                         5667 SILVER CREEK VALLEY RD,                         SAN JOSE, CA  95138-2473","915 E 230TH ST                              CARSON, CA  90745-5005","","","ABC ESCROW 2222 DAMON STREET  LOS ANGELES, CA  90021","25","4313","5667 SILVER CREEK VALLEY RD","SAN JOSE","43","95138","915 E 230TH ST","CARSON","90745","CA"
"650227","PEND ACTIVE","21 | 0","10/25/2023","09/30/2024","DBA: NUMERO UNO #119                        SUPER CENTER CONCEPTS INC                         4831 WHITTIER BLVD,                         LOS ANGELES, CA  90022-3023","15510 CARMENITA RD, ATTN:  FINANCE DEPARTMENT                              SANTA FE SPRINGS, CA  90670-5610","21-614201","","","2","1900","4831 WHITTIER BLVD","LOS ANGELES","19","90022","15510 CARMENITA RD, ATTN:  FINANCE DEPARTMENT","SANTA FE SPRINGS","90670","CA"
"650242","PEND ACTIVE","21 | 0","10/26/2023","09/30/2024","DBA: NUMERO UNO #115                        SUPER CENTER CONCEPTS INC                         9900 GARVEY AVE,                         EL MONTE, CA  91733-1230","15510 CARMENITA RD                              SANTA FE SPRINGS, CA  90670-5610","21-614293","","","2","1918","9900 GARVEY AVE","EL MONTE","19","91733","15510 CARMENITA RD","SANTA FE SPRINGS","90670","CA"
"650257","PEND ACTIVE","09 | 1","10/25/2023","09/30/2024","DBA: VINTNERS                        LCDT MERCHANTS, LLC                         6590 LONGRIDGE WY,                         SACRAMENTO, CA  95831","","17-618317","7","","23","3405","6590 LONGRIDGE WY","SACRAMENTO","34","95831","","","",""
"650257","PEND ACTIVE","17 | 1","10/25/2023","09/30/2024","DBA: VINTNERS                        LCDT MERCHANTS, LLC                         6590 LONGRIDGE WY,                         SACRAMENTO, CA  95831","","17-618317","7","","23","3405","6590 LONGRIDGE WY","SACRAMENTO","34","95831","","","",""
"650257","PEND ACTIVE","20 | 0","10/25/2023","09/30/2024","DBA: VINTNERS                        LCDT MERCHANTS, LLC                         6590 LONGRIDGE WY,                         SACRAMENTO, CA  95831","","20-618317","7,I","","23","3405","6590 LONGRIDGE WY","SACRAMENTO","34","95831","","","",""
"650265","PEND ACTIVE","47 | 3","10/26/2023","09/30/2024","DBA: GEORGE'S GREEK CAFE                        GEORGE'S GREEK CAFE, INC.                         100 W BROADWAY, STE 1200,                         LONG BEACH, CA  90802-9412","","47-467860","7","ESCROW WORLD INC 416 S SPRING ST STE 408 LOS ANGELES, CA  90013","3","1932","100 W BROADWAY, STE 1200","LONG BEACH","19","90802","","","",""
"650265","PEND ACTIVE","77 | 3","10/26/2023","09/30/2024","DBA: GEORGE'S GREEK CAFE                        GEORGE'S GREEK CAFE, INC.                         100 W BROADWAY, STE 1200,                         LONG BEACH, CA  90802-9412","","47-467860","7","ESCROW WORLD INC 416 S SPRING ST STE 408 LOS ANGELES, CA  90013","3","1932","100 W BROADWAY, STE 1200","LONG BEACH","19","90802","","","",""
"650265","PEND ACTIVE","68 | 3","10/26/2023","09/30/2024","DBA: GEORGE'S GREEK CAFE                        GEORGE'S GREEK CAFE, INC.                         100 W BROADWAY, STE 1200,                         LONG BEACH, CA  90802-9412","","47-467860","7","ESCROW WORLD INC 416 S SPRING ST STE 408 LOS ANGELES, CA  90013","3","1932","100 W BROADWAY, STE 1200","LONG BEACH","19","90802","","","",""
"650265","PEND ACTIVE","58 | 3","10/26/2023","09/30/2024","DBA: GEORGE'S GREEK CAFE                        GEORGE'S GREEK CAFE, INC.                         100 W BROADWAY, STE 1200,                         LONG BEACH, CA  90802-9412","","47-467860","7","ESCROW WORLD INC 416 S SPRING ST STE 408 LOS ANGELES, CA  90013","3","1932","100 W BROADWAY, STE 1200","LONG BEACH","19","90802","","","",""
"650321","PEND ACTIVE","40 | 0","10/25/2023","09/30/2024","DBA: DRYVEBOX GOLF LOUNGE                        DRYVEBOX GOLF LOUNGE, TULARE LLC                         132 E KERN AVE,                         TULARE, CA  93274-4016","2966 CAPE CANYON AVE                              TULARE, CA  93274-7507","","","","21","5405","132 E KERN AVE","TULARE","54","93274","2966 CAPE CANYON AVE","TULARE","93274","CA"
"650345","PEND ACTIVE","41 | 0","10/26/2023","09/30/2024","DBA: IL TRAMEZZINO, INC.                        IL TRAMEZZINO, INC.                         454 N CANON DR,                         BEVERLY HILLS, CA  90210-4820","","","","","4","1908","454 N CANON DR","BEVERLY HILLS","19","90210","","","",""
"650360","PEND ACTIVE","41 | 0","10/25/2023","09/30/2024","DBA: NOSOTROS CAFE                         NOSOTROS CAFE LLC                         3505 W RAMSEY ST ,                         BANNING, CA  92220-3507","","41-629975","","","8","3301","3505 W RAMSEY ST","BANNING","33","92220","","","",""
"650364","PEND ACTIVE","21 | 0","10/26/2023","09/30/2024","DBA: SUPERETTE MARKET                        SUPERETTE MARKET LLC                         901 HAIGHT ST,                         SAN FRANCISCO, CA  94117-3106","","21-503540","7","LAW OFFICE OF JAMEEL M SHIHADEH 333 GELLERT BLVD STE 145 DALY CITY, CA  94015","24","3800","901 HAIGHT ST","SAN FRANCISCO","38","94117","","","",""
"650368","PEND ACTIVE","41 | 0","10/25/2023","09/30/2024","DBA: ANTOJITOS EL ZOCALO                         ANTOJITOS EL ZOCALO INC                         2168 STORY RD,                         SAN JOSE, CA  95122-1651","307 PHELAN  AVE                              SAN JOSE, CA  95112","","7","","25","4313","2168 STORY RD","SAN JOSE","43","95122","307 PHELAN  AVE","SAN JOSE","95112","CA"
"650538","PEND ACTIVE","21 | 0","10/25/2023","09/30/2024","DBA: NOB HILL DELI                        NOB HILL DELI LLC                         660 POWELL ST,                         SAN FRANCISCO, CA  94108-3017","","21-600393","","INNOVATIVE ESCROW, INC 28212 KELLY JOHNSON PKWY STE 110 VALENCIA, CA  91355","24","3800","660 POWELL ST","SAN FRANCISCO","38","94108","","","",""
"650560","PEND ACTIVE","42 | 0","10/25/2023","09/30/2024","DBA: TRIP                        ROCK, ANDREW                         2101 LINCOLN BLVD,                         SANTA MONICA, CA  90405-1318","","42-538363","","ESCROW WORLD INC 416 S SPRING ST LOS ANGELES, CA  90013-1991","3","1953","2101 LINCOLN BLVD","SANTA MONICA","19","90405","","","",""
"650568","PEND ACTIVE","41 | 0","10/26/2023","09/30/2024","DBA: PANCHI'S RESTAURANT                        PANCHI'S RESTAURANT, INC.                         14327 GARFIELD AVE,                         PARAMOUNT, CA  90723","","41-606913","","HANA ESCROW COMPANY INC 6281 BEACH BLVD #333 BUENA PARK, CA  90621","3","1942","14327 GARFIELD AVE","PARAMOUNT","19","90723","","","",""
"650865","PEND ACTIVE","47 | 0","10/26/2023","09/30/2024","DBA: SHORECLIFFS GOLF MANAGEMENT INC                        SHORECLIFFS GOLF MANAGEMENT INC                         501 AVENIDA VAQUERO,                         SAN CLEMENTE, CA  92672-3613","","47-475244","","","11","3016","501 AVENIDA VAQUERO","SAN CLEMENTE","30","92672","","","",""
"650888","PEND ACTIVE","20 | 0","10/26/2023","09/30/2024","DBA: RFALCO,LLC&SINGH MANAGEMENT 075                        RFALCO LLC                         2310 MCKEE RD,                         SAN JOSE, CA  95116","9302 GARFIELD AVE                              SOUTH GATE, CA  90280-3805","20-407329","7","INNOVATIVE ESCROW 28212 KELLY JOHNSON PKWY STE 110 VALENCIA, CA  91355","25","4313","2310 MCKEE RD","SAN JOSE","43","95116","9302 GARFIELD AVE","SOUTH GATE","90280","CA"
"650925","PEND ACTIVE","41 | 0","10/26/2023","09/30/2024","DBA: JAVA EXPRESS LLC                        JAVA EXPRESS, LLC                         35692 BRIDGE DR,                         SPRINGVILLE, CA  93265","32033 PLEASANT OAK DR                              SPRINGVILLE, CA  93265-9373","","7","","21","5400","35692 BRIDGE DR","SPRINGVILLE","54","93265","32033 PLEASANT OAK DR","SPRINGVILLE","93265","CA"
"650927","PEND ACTIVE","20 | 0","10/25/2023","09/30/2024","DBA: NU WAY MARKET                        BALDEV MULTANI, INC.                         6101 HOLMES AVE,                         LOS ANGELES, CA  90001-1819","","20-638362","","UNITED ESCROW CO 3440 WILSHIRE BLVD STE 600 LOS ANGELES, CA  90010","4","1900","6101 HOLMES AVE","LOS ANGELES","19","90001","","","",""
"651050","PEND ACTIVE","23 | 0","10/26/2023","05/31/2024","DBA: ARMISTICE BREWING COMPANY                        ARMISTICE BREWING COMPANY, LLC                         1040 CLINTON ST,                         NAPA, CA  94559-2546","845 MARINA BAY PKWY, STE 1                              RICHMOND, CA  94804-6420","","7","","27","2802","1040 CLINTON ST","NAPA","28","94559","845 MARINA BAY PKWY, STE 1","RICHMOND","94804","CA"
"651090","PEND ACTIVE","47 | 0","10/26/2023","09/30/2024","DBA: CITIZENM                        MPK MENLO PARK BEVERAGE OPERATIONS LLC                         2 META WAY,                         MENLO PARK, CA  94025-1442","148 MADISON AVE, 2ND FLOOR                              NEW YORK, NY  10016-6784","47-447950","","CALIFORNIA BUSINESS ESCROW 1748 MAIN ST ESCALON, CA  95320-1927","25","4107","2 META WAY","MENLO PARK","41","94025","148 MADISON AVE, 2ND FLOOR","NEW YORK","10016","NY"
"651090","PEND ACTIVE","47 | 0","10/26/2023","09/30/2024","DBA: CITIZENM                        MPK MENLO PARK BEVERAGE OPERATIONS LLC                         2 META WAY,                         MENLO PARK, CA  94025-1442","148 MADISON AVE, 2ND FLOOR                              NEW YORK, NY  10016-6784","47-447950","","CALIFORNIA BUSINESS ESCROW 1748 MAIN ST ESCALON, CA  95320-1927","25","4107","2 META WAY","MENLO PARK","41","94025","148 MADISON AVE, 2ND FLOOR","NEW YORK","10016","NY"
"651123","PEND ACTIVE","02 | 1","10/26/2023","06/30/2024","DBA: GALANTE WINERY                        GALANTE FAMILY WINERY INC                         20300 CACHAGUA RD,                         CARMEL VALLEY, CA  93924-9372","PO BOX 223279                              CARMEL, CA  93922-3279","","","","26","2700","20300 CACHAGUA RD","CARMEL VALLEY","27","93924","PO BOX 223279","CARMEL","93922","CA"
"651123","PEND ACTIVE","81 | 1","10/26/2023","06/30/2024","DBA: GALANTE WINERY                        GALANTE FAMILY WINERY INC                         20300 CACHAGUA RD,                         CARMEL VALLEY, CA  93924-9372","PO BOX 223279                              CARMEL, CA  93922-3279","","","","26","2700","20300 CACHAGUA RD","CARMEL VALLEY","27","93924","PO BOX 223279","CARMEL","93922","CA"
"651182","PEND ACTIVE","41 | 0","10/25/2023","09/30/2024","DBA: PIZZAMANIA                        JANNETH ENTERPRISE INC                         1785 PALO VERDE AVE, SUITE I & J,                         LONG BEACH, CA  90815-4603","","","7","","3","1932","1785 PALO VERDE AVE, SUITE I & J","LONG BEACH","19","90815","","","",""
"651213","PEND ACTIVE","02 | 0","10/25/2023","06/30/2024","GESTALT WINE COMPANY                         411 GATEWAY RD W,                         NAPA, CA  94558-7582","1241 ADAMS ST, STE 1200                              SAINT HELENA, CA  94574","","","","27","2800","411 GATEWAY RD W","NAPA","28","94558","1241 ADAMS ST, STE 1200","SAINT HELENA","94574","CA"
"651314","PEND ACTIVE","02 | 0","10/26/2023","06/30/2024","DBA: TARPON CELLARS                        REBIRTH WINE BRANDS, LLC                         2731 & 2747 NAPA VALLEY CORPORATE DR,                         NAPA, CA  94558-6216","1632 NW ADISYN LN                              MCMINNVILLE, OR  97128-6690","","","","27","2802","2731 & 2747 NAPA VALLEY CORPORATE DR","NAPA","28","94558","1632 NW ADISYN LN","MCMINNVILLE","97128","OR"
"651315","PEND ACTIVE","41 | 0","10/25/2023","09/30/2024","DBA: TACOS Y TORTAS CHALIO VISALIA                        CARRILLOGONZALEZ, ALEJANDRO                         2401 W CALDWELL AVE,                         VISALIA, CA  93277-8055","","","","","21","5406","2401 W CALDWELL AVE","VISALIA","54","93277","","","",""
"651454","PEND ACTIVE","41 | 0","10/25/2023","09/30/2024","DBA: FIN THAI SF                        FIN THAI SF CORP                         2327 POLK ST,                         SAN FRANCISCO, CA  94109-1821","","","7","","24","3800","2327 POLK ST","SAN FRANCISCO","38","94109","","","",""
"651502","PEND ACTIVE","85 | 0","10/26/2023","09/30/2024","DBA: DOC'S WINE SHOP                        DOC'S WINE & CHEESE REVIVAL LLC                         22558 CANYON RIDGE PLACE,                         CASTRO VALLEY, CA  94552","","","7","","22","0100","22558 CANYON RIDGE PLACE","CASTRO VALLEY","01","94552","","","",""
"651533","PEND ACTIVE","41 | 0","10/26/2023","09/30/2024","DBA: GEORGE'S  COUNTRY CAFE                        COUNTRY CAFE FOODS INC                         18700 N HIGHWAY 88, STE B,                         LOCKEFORD, CA  95237","8858 LATIGO CT                              ROSEVILLE, CA  95747-8903","","","","29","3900","18700 N HIGHWAY 88, STE B","LOCKEFORD","39","95237","8858 LATIGO CT","ROSEVILLE","95747","CA"
"651659","PEND ACTIVE","47 | 0","10/26/2023","09/30/2024","DBA: MAGOO'S BAR AND GRILL                        SALEMSBREWS LLC                         1250 CONTRA COSTA BLVD,                         PLEASANT HILL, CA  94523","1764 WOODCREST DR                              CONCORD, CA  94521","47-595148","7","CRESCENT LAND TITLE COMPANY 890 3RD ST CRESCENT CITY, CA  95531","22","0712","1250 CONTRA COSTA BLVD","PLEASANT HILL","07","94523","1764 WOODCREST DR","CONCORD","94521","CA"
"651709","PEND ACTIVE","12 | 1","10/25/2023","09/30/2024","DBA: CALJAL IMPORTS LLC                        CALJAL IMPORTS LLC                         875 COTTING LN, SUITE C,                         VACAVILLE, CA  95688","301 CARTER ST                              VALLEJO, CA  94590","","","","22","4806","875 COTTING LN, SUITE C","VACAVILLE","48","95688","301 CARTER ST","VALLEJO","94590","CA"
"651709","PEND ACTIVE","18 | 1","10/25/2023","09/30/2024","DBA: CALJAL IMPORTS LLC                        CALJAL IMPORTS LLC                         875 COTTING LN, SUITE C,                         VACAVILLE, CA  95688","301 CARTER ST                              VALLEJO, CA  94590","","","","22","4806","875 COTTING LN, SUITE C","VACAVILLE","48","95688","301 CARTER ST","VALLEJO","94590","CA"
"651714","PEND WITHDRAWN","47 | 0","","","VILLASENOR FAMILY INC                         ,","3614 BEL AIR PLAZA                              NAPA, CA  94558","","","","27","","","","","","3614 BEL AIR PLAZA","NAPA","94558","CA"
"652031","PEND WITHDRAWN","47 | 0","","","NOBLE HOUSE NVWT, LLC                         ,","600 6TH ST S                              KIRKLAND, WA  98033-6716","","","","27","","","","","","600 6TH ST S","KIRKLAND","98033","WA"
"652083","PEND WITHDRAWN","47 | 0","","","SAINT RVP LLC                         ,","1351 MAIN ST                              SAINT HELENA, CA  94574-1904","","","","27","","","","","","1351 MAIN ST","SAINT HELENA","94574","CA"
"652119","PEND WITHDRAWN","21 | 0","","","DBA: SNAP HOLDINGS GROUP LLC                        SNAP HOLDINGS GROUP LLC                         33541 DEL OBISPO ST,                         DANA POINT, CA  92629-1503","16500 BAKE PKWY                              IRVINE, CA  92618-5602","629124","","SUPREME ESCROW INC 3701 WILSHIRE BLVD STE 535 LOS ANGELES, CA  90010","11","3028","33541 DEL OBISPO ST","DANA POINT","30","92629","16500 BAKE PKWY","IRVINE","92618","CA"
"652152","PEND WITHDRAWN","47 | 0","","","HOG ISLAND OYSTER COMPANY, INC.                         ,","PO BOX 829                              MARSHALL, CA  94940-0829","","","","27","","","","","","PO BOX 829","MARSHALL","94940","CA"
"652234","PEND WITHDRAWN","47 | 0","","","DEMUTH, GREGORY J                         ,","445 CLIPPER CREEK RD                              AUBURN, CA  95603","","","","27","","","","","","445 CLIPPER CREEK RD","AUBURN","95603","CA"
"652241","PEND WITHDRAWN","47 | 0","","","UDASIN NAPA, INC                         ,","PO BOX 1366                              BENICIA, CA  94510","","","","27","","","","","","PO BOX 1366","BENICIA","94510","CA"
"652353","PEND WITHDRAWN","47 | 0","","","MOTHERS TACOS, LLC                         ,","3824 BEL AIRE PLAZA                              NAPA, CA  94558-2833","","","","27","","","","","","3824 BEL AIRE PLAZA","NAPA","94558","CA"
"652361","PEND WITHDRAWN","47 | 0","","","SANGUINE ENTERPRISES LLC                         ,","3555 S OCEAN BLVD, APT 417                              PALM BEACH, FL  33480","","","","27","","","","","","3555 S OCEAN BLVD, APT 417","PALM BEACH","33480","FL"
"653092","PEND WITHDRAWN","47 | 0","","","YILDIRIM, ALI                         ,","1125 NANA CT                              NAPA, CA  94559","","","","27","","","","","","1125 NANA CT","NAPA","94559","CA"
"653094","PEND WITHDRAWN","47 | 0","","","CORONA FAMILY INC                         ,","1214 MAIN ST                              NAPA, CA  94559","","","","27","","","","","","1214 MAIN ST","NAPA","94559","CA"
"653099","PEND WITHDRAWN","47 | 0","","","FOSSIL RECORDS, LLC                         ,","1300 FIRST ST, #312                              NAPA, CA  94559-2951","","","","27","","","","","","1300 FIRST ST, #312","NAPA","94559","CA"
"653113","PEND WITHDRAWN","47 | 0","","","C&M LANDSCAPES INC                         ,","1260 MAIN ST                              NAPA, CA  94559","","","","27","","","","","","1260 MAIN ST","NAPA","94559","CA"
"653124","PEND WITHDRAWN","47 | 0","","","WHEELER WINERY INC                         ,","849 ZINFANDEL LN                              SAINT HELENA, CA  94574-1645","","","","27","","","","","","849 ZINFANDEL LN","SAINT HELENA","94574","CA"
"653126","PEND WITHDRAWN","47 | 0","","","WALTER'S BUNGALOW, LLC                         ,","1245 SPRING ST                              SAINT HELENA, CA  94574-2023","","","","27","","","","","","1245 SPRING ST","SAINT HELENA","94574","CA"
"653138","PEND WITHDRAWN","47 | 0","","","OAK KNOLL RESORT DEVELOPMENT PARTNERS LLC                         ,","625 REDWOOD HWY, STE A                              MILL VALLEY, CA  94941","","","","27","","","","","","625 REDWOOD HWY, STE A","MILL VALLEY","94941","CA"
"653140","PEND WITHDRAWN","47 | 0","","","LA CHEVE BAKERY AND BREWS, LLC                         ,","999 LIBERTY DR                              NAPA, CA  94559-3558","","","","27","","","","","","999 LIBERTY DR","NAPA","94559","CA"
"653149","PEND WITHDRAWN","47 | 0","","","RUBY & ROXY ESTATE LLC                         ,","777 DYNASTY DR                              FAIRFIELD, CA  94534","","","","27","","","","","","777 DYNASTY DR","FAIRFIELD","94534","CA"
"653821","PEND ACTIVE","82 | 0","10/26/2023","09/30/2024","DBA: HONEY MALCOM WINERY                        HONEY MALCOM WINERY INC                         2318 E 18TH ST,                         BREMERTON, WA  98310","","","","","75","9999","2318 E 18TH ST","BREMERTON","","98310","","","",""
"653937","PEND ACTIVE","28 | 0","10/25/2023","06/30/2024","SUTI SPIRITS COMPANY LLC                         528 W KENNEDALE PKWY,                         KENNEDALE, TX  76060","","","","","75","9999","528 W KENNEDALE PKWY","KENNEDALE","","76060","","","",""
"653951","PEND ACTIVE","26 | 0","10/25/2023","06/30/2024","EINSTOK BEER COMPANY, L.P.                         1700 STRATFORD AVE,                         STRATFORD, CT  06615","12381 WILSHIRE BLVD, STE 105                              LOS ANGELES, CA  90025-1063","","","","75","9999","1700 STRATFORD AVE","STRATFORD","","06615","12381 WILSHIRE BLVD, STE 105","LOS ANGELES","90025","CA"
"653988","PEND ACTIVE","26 | 0","10/26/2023","06/30/2024","DBA: HOWDY BEER                        1380 BREWING COMPANY, LLC                         1380 HORIZON AVE UNIT B,                         LAFAYETTE, CO  80026","","","","","75","9999","1380 HORIZON AVE UNIT B","LAFAYETTE","","80026","","","",""