"License Number","Status Changed From/To","Type| Dup","Original Issue Date","Expir. Date","Primary Owner and Premises Addr.","Mailing Addr.","Transfer-From/To","Conditions","Escrow","District Code","Geo Code","Prem Street","City","County","Zip Code","Mailing Street","Mailing City","Mailing Zip Code","Mailing State"
"246556","ACTIVE CANCEL","48 | 0","06/12/1990","06/30/2023","DBA: TURKEY INN                        CAVERSHAM INC                         716 MAIN ST,                         RAMONA, CA  92065","","","","","9","3700","716 MAIN ST","RAMONA","37","92065","","","",""
"339816","REVPEN ACTIVE","41 | 1","03/20/1998","02/29/2024","DBA: SPIROS GYROS INC                        SPIROS GYROS INC                         1201 1ST ST, STE 4,                         CORONADO, CA  92118","","","7","","10","3703","1201 1ST ST, STE 4","CORONADO","37","92118","","","",""
"339816","REVPEN ACTIVE","58 | 1","03/20/1998","02/29/2024","DBA: SPIROS GYROS INC                        SPIROS GYROS INC                         1201 1ST ST, STE 4,                         CORONADO, CA  92118","","","7","","10","3703","1201 1ST ST, STE 4","CORONADO","37","92118","","","",""
"461284","PEND CANCEL","41 | 0","12/19/2007","11/30/2023","DBA: ANGO TEI                        ENDO, HISAFUMI                         675 PAULARINO AVE, STE 5,                         COSTA MESA, CA  92626-3039","","41-117983/ 41-646263","","","11","3004","675 PAULARINO AVE, STE 5","COSTA MESA","30","92626","","","",""
"477789","ACTIVE SUREND","21 | 0","06/22/2009","05/31/2024","DBA: CVS PHARMACY STORE 9829                        GARFIELD BEACH CVS LLC                         5407 CAMDEN AVE,                         SAN JOSE, CA  95124-5826","1 CVS DR, MC# 1160                              WOONSOCKET, RI  02895-6146","21-6190","","","25","4313","5407 CAMDEN AVE","SAN JOSE","43","95124","1 CVS DR, MC# 1160","WOONSOCKET","02895","RI"
"477918","SUREND CANCEL","21 | 0","06/22/2009","05/31/2023","DBA: CVS PHARMACY STORE 9599                        GARFIELD BEACH CVS LLC                         801 EAST AVE,                         CHICO, CA  95926-1250","1 CVS DR, MC# 1160                              WOONSOCKET, RI  02895-6146","21-5324/ 21-647732","","","31","0402","801 EAST AVE","CHICO","04","95926","1 CVS DR, MC# 1160","WOONSOCKET","02895","RI"
"485833","ACTIVE SUREND","21 | 0","02/11/2010","09/30/2024","DBA: LIQUORAMA                        LIQUORAMA JM INC                         4979 W WASHINGTON BLVD,                         LOS ANGELES, CA  90016-1448","","21-453401/ 21-644786, 21-541909, 21-541910","8","","4","1933","4979 W WASHINGTON BLVD","LOS ANGELES","19","90016","","","",""
"509020","SUREND AUTREV","20 | 0","04/27/2011","03/31/2023","DBA: LUCKY BOY MARKET                        LAO, RAMONA                         12008 183RD ST,                         ARTESIA, CA  90701-5705","","20-416688/ 20-544003","","","3","1964","12008 183RD ST","ARTESIA","19","90701","","","",""
"540933","ACTIVE CANCEL","47 | 0","04/25/2014","03/31/2024","DBA: CHASEN CRAB                        CHO, SU JIN                         8839 SHELDON RD,                         ELK GROVE, CA  95624-1450","8839 SHELDON RD                              ELK GROVE, CA  95624-1450","47-532762/ 47-640004","7","CAPITOL CITY ESCROW INC 3838 WATT AVE #F610 SACRAMENTO, CA  95821","23","3407","8839 SHELDON RD","ELK GROVE","34","95624","8839 SHELDON RD","ELK GROVE","95624","CA"
"543009","ACTIVE CANCEL","41 | 0","05/29/2014","05/31/2023","DBA: AMERICAN GIRL                        AMERICAN GIRL RETAIL, INC.                         189 THE GROVE DR, STE F10,                         LOS ANGELES, CA  90036-6230","8400 FAIRWAY PL                              MIDDLETON, WI  53562-2548","41-437004","","","4","1933","189 THE GROVE DR, STE F10","LOS ANGELES","19","90036","8400 FAIRWAY PL","MIDDLETON","53562","WI"
"544948","CANCEL SUREND","41 | 0","06/26/2014","05/31/2024","DBA: URBAN SEOUL                        HUEPIC INC.                         714 SPECTRUM CENTER DR,                         IRVINE, CA  92618-4957","107 TOMATO SPRINGS                              IRVINE, CA  92618","41-526573","7","EATON ESCROW INC 9340 FUERTE DR STE 210 LA MESA, CA  91941","11","3026","714 SPECTRUM CENTER DR","IRVINE","30","92618","107 TOMATO SPRINGS","IRVINE","92618","CA"
"544948","CANCEL SUREND","41 | 0","06/26/2014","05/31/2024","DBA: URBAN SEOUL                        HUEPIC INC.                         714 SPECTRUM CENTER DR,                         IRVINE, CA  92618-4957","107 TOMATO SPRINGS                              IRVINE, CA  92618","41-526573","7","EATON ESCROW INC 9340 FUERTE DR STE 210 LA MESA, CA  91941","11","3026","714 SPECTRUM CENTER DR","IRVINE","30","92618","107 TOMATO SPRINGS","IRVINE","92618","CA"
"557380","SUREND NREN","41 | 1","07/02/2015","06/30/2023","DBA: MAD MIKES                        MAD MIKE'S AMERICAN GOURMET INC                         27470 COMMERCE CENTER DR, STE A,                         TEMECULA, CA  92590-2522","","","","","7","3322","27470 COMMERCE CENTER DR, STE A","TEMECULA","33","92590","","","",""
"557380","SUREND NREN","58 | 1","07/02/2015","06/30/2023","DBA: MAD MIKES                        MAD MIKE'S AMERICAN GOURMET INC                         27470 COMMERCE CENTER DR, STE A,                         TEMECULA, CA  92590-2522","","","","","7","3322","27470 COMMERCE CENTER DR, STE A","TEMECULA","33","92590","","","",""
"560035","ACTIVE CANCEL","41 | 0","12/04/2015","04/30/2024","DBA: BEACH HUT DELI                        SILKO, KARIE ANN                         110 GATEWAY DR, STE 150,                         LINCOLN, CA  95648-3306","820 S HEROLD AVE                              LINCOLN, CA  95648-2078","41-482134/ 41-646380","","","23","3103","110 GATEWAY DR, STE 150","LINCOLN","31","95648","820 S HEROLD AVE","LINCOLN","95648","CA"
"562470","SUSPEN ACTIVE","21 | 0","12/16/2015","11/30/2024","DBA: WEST SHORES MARKET                        HONG, PETER                         2113  S MARINA DR,                         SALTON CITY, CA  92275-8432","","21-400251","7","HANMI ESCROW CO INC 3130 W OLYMPIC BLVD STE 400 LOS ANGELES, CA  90006-2491","8","1300","2113  S MARINA DR","SALTON CITY","13","92275","","","",""
"562470","SUSPEN ACTIVE","21 | 0","12/16/2015","11/30/2024","DBA: WEST SHORES MARKET                        HONG, PETER                         2113  S MARINA DR,                         SALTON CITY, CA  92275-8432","","21-400251","7","HANMI ESCROW CO INC 3130 W OLYMPIC BLVD STE 400 LOS ANGELES, CA  90006-2491","8","1300","2113  S MARINA DR","SALTON CITY","13","92275","","","",""
"570361","ACTIVE SUSPEN","21 | 0","08/30/2016","07/31/2024","DBA: TOMMY'S LIQUOR                        S CHESTER INC.                         2501 S CHESTER AVE,                         BAKERSFIELD, CA  93304","","21-548977/ 21-653356","7","DETAIL ESCROW INC 13017 ARTESIA BLVD # D106 CERRITOS, CA  90703","6","1501","2501 S CHESTER AVE","BAKERSFIELD","15","93304","","","",""
"582797","PEND ACTIVE","20 | 0","06/21/2023","06/30/2024","DBA: 7 ELEVEN STORE 37338                        7 ELEVEN INC                         4488 N PERRIS BLVD,                         PERRIS, CA  92571","PO BOX 139044, ATTN: LICENSING DEPARTMENT                              DALLAS, TX  75313-9044","","7","","7","3311","4488 N PERRIS BLVD","PERRIS","33","92571","PO BOX 139044, ATTN: LICENSING DEPARTMENT","DALLAS","75313","TX"
"587623","REVPEN ACTIVE","41 | 0","03/26/2018","02/29/2024","DBA: VALERIE'S TACO STAND                        SWANSON, STEPHAN ANTHONY                         2213D S EL CAMINO REAL,                         OCEANSIDE, CA  92054-6318","338 DIAMANTE WAY                              OCEANSIDE, CA  92056-3764","","7","","9","3709","2213D S EL CAMINO REAL","OCEANSIDE","37","92054","338 DIAMANTE WAY","OCEANSIDE","92056","CA"
"587623","REVPEN ACTIVE","41 | 0","03/26/2018","02/29/2024","DBA: VALERIE'S TACO STAND                        SWANSON, STEPHAN ANTHONY                         2213D S EL CAMINO REAL,                         OCEANSIDE, CA  92054-6318","338 DIAMANTE WAY                              OCEANSIDE, CA  92056-3764","","7","","9","3709","2213D S EL CAMINO REAL","OCEANSIDE","37","92054","338 DIAMANTE WAY","OCEANSIDE","92056","CA"
"600914","SUSPEN ACTIVE","41 | 0","02/06/2019","01/31/2024","DBA: TACOS EL GRULLO                        GUTIERREZ, LUIS ENRIQUE                         855 N LEMOORE AVE, STE 160,                         LEMOORE, CA  93245-4461","","41-592658","","CHICAGO TITLE COMPANY 1750 W WALNUT AVE STE A VISALIA, CA  93277","21","1603","855 N LEMOORE AVE, STE 160","LEMOORE","16","93245","","","",""
"600914","SUSPEN ACTIVE","41 | 0","02/06/2019","01/31/2024","DBA: TACOS EL GRULLO                        GUTIERREZ, LUIS ENRIQUE                         855 N LEMOORE AVE, STE 160,                         LEMOORE, CA  93245-4461","","41-592658","","CHICAGO TITLE COMPANY 1750 W WALNUT AVE STE A VISALIA, CA  93277","21","1603","855 N LEMOORE AVE, STE 160","LEMOORE","16","93245","","","",""
"604674","ACTIVE CANCEL","41 | 0","05/28/2019","10/31/2023","DBA: ROAD TO SEOUL                        FOOD F & C, INC.                         1 W MAIN ST,                         ALHAMBRA, CA  91801-3510","","41-596497/ 41-647420","","","2","1901","1 W MAIN ST","ALHAMBRA","19","91801","","","",""
"617411","PEND ACTIVE","20 | 0","07/03/2023","06/30/2024","DBA: 7-ELEVEN STORE #1045933                        7 ELEVEN INC                         1687 E 8TH ST,                         BEAUMONT, CA  92223","PO BOX 139044, ATTN: LICENSING DEPARTMENT                              DALLAS, TX  75313-9044","","7","","8","3302","1687 E 8TH ST","BEAUMONT","33","92223","PO BOX 139044, ATTN: LICENSING DEPARTMENT","DALLAS","75313","TX"
"617571","REVPEN ACTIVE","20 | 0","06/29/2020","03/31/2024","OBAID, MUNIR WAZE                         342 W STOCKTON ST,                         SONORA, CA  95370","2616 ACAPULCO WY                              MODESTO, CA  95355","20-615110","","","29","5501","342 W STOCKTON ST","SONORA","55","95370","2616 ACAPULCO WY","MODESTO","95355","CA"
"617571","REVPEN ACTIVE","20 | 0","06/29/2020","03/31/2024","OBAID, MUNIR WAZE                         342 W STOCKTON ST,                         SONORA, CA  95370","2616 ACAPULCO WY                              MODESTO, CA  95355","20-615110","","","29","5501","342 W STOCKTON ST","SONORA","55","95370","2616 ACAPULCO WY","MODESTO","95355","CA"
"617856","REVPEN ACTIVE","41 | 0","01/06/2021","12/31/2023","DBA: DAVE'S HOT CHICKEN                        DHC KTOWN LLC                         3460 WILSHIRE BLVD, UNIT A,                         LOS ANGELES, CA  90010-2206","960 N WESTERN AVE                              LOS ANGELES, CA  90029","","7","","4","1933","3460 WILSHIRE BLVD, UNIT A","LOS ANGELES","19","90010","960 N WESTERN AVE","LOS ANGELES","90029","CA"
"621769","ACTIVE SUREND","47 | 0","06/07/2021","05/31/2024","DBA: CHOPHOUSE 363                        CHOPHOUSE 363, INC                         6939 SCHAEFER AVE, STE A, B, C,                         CHINO, CA  91710-9100","","47-594944/ 47-640859","","","7","3602","6939 SCHAEFER AVE, STE A, B, C","CHINO","36","91710","","","",""
"624554","ACTIVE CANCEL","41 | 0","05/17/2021","04/30/2023","DBA: PRESS,THE                        VINE DIVAS, INC.                         165 W TENTH ST,                         TRACY, CA  95376","793 S TRACY BLVD, STE 117                              TRACY, CA  95376","41-559910","","CALIFORNIA BUSINESS ESCROW INC 1748 MAIN ST ESCALON, CA  95320-1927","29","3906","165 W TENTH ST","TRACY","39","95376","793 S TRACY BLVD, STE 117","TRACY","95376","CA"
"625599","ACTIVE SUREND","20 | 0","10/28/2021","09/30/2023","DBA: STOP AND SAVE                        KING INTERNATIONAL MARKET INC                          12946 BESS AVE,                         BALDWIN PARK, CA  91706-4507","","20-505562","7","CALIFORNIA BUSINESS ESCROW 1748 MAIN ST ESCALON, CA  95320-1927","2","1905","12946 BESS AVE","BALDWIN PARK","19","91706","","","",""
"627071","ACTIVE CANCEL","20 | 0","08/09/2021","07/31/2024","DBA: SBG BEER                        SBG BEER LLC                          1009 CAYMUS ST,                         NAPA, CA  94559-1929","1109 NORTH IH-35 , #201                              AUSTIN, TX  78702","20-561130","","CALIFORNIA BUSINESS ESCROW 1748 MAIN ST ESCALON, CA  95320-1927","27","2802","1009 CAYMUS ST","NAPA","28","94559","1109 NORTH IH-35 , #201","AUSTIN","78702","TX"
"628420","ACTIVE CANCEL","58 | 1","10/26/2021","09/30/2023","DBA: BANDIT BREWS                        BANDIT GROUP CO                         7274-76 MELROSE AVE,                         LOS ANGELES, CA  90046-7667","7274 MELROSE AVE                              LOS ANGELES, CA  90046-7667","41-594642/ 41-647875","7","MIDWAY ESCROW INC 3731 WILSHIRE BLVD STE 506 LOS ANGELES, CA  90010","4","1933","7274-76 MELROSE AVE","LOS ANGELES","19","90046","7274 MELROSE AVE","LOS ANGELES","90046","CA"
"628420","ACTIVE CANCEL","41 | 1","10/26/2021","09/30/2023","DBA: BANDIT BREWS                        BANDIT GROUP CO                         7274-76 MELROSE AVE,                         LOS ANGELES, CA  90046-7667","7274 MELROSE AVE                              LOS ANGELES, CA  90046-7667","41-594642/ 41-647875","7","MIDWAY ESCROW INC 3731 WILSHIRE BLVD STE 506 LOS ANGELES, CA  90010","4","1933","7274-76 MELROSE AVE","LOS ANGELES","19","90046","7274 MELROSE AVE","LOS ANGELES","90046","CA"
"629458","PEND ACTIVE","40 | 0","06/22/2023","06/30/2024","DBA: LA CABANA RESTAURANT                        ZAPATA, MAURY PETER                         2931 E 4TH ST,                         LOS ANGELES, CA  90033-4432","1126 BUELAH AVE                              LOS ANGELES, CA  90063-1708","40-353692","","CAPITOL CITY ESCROW INC 3838 WATT AVE STE F610 SACRAMENTO, CA  95821","4","1933","2931 E 4TH ST","LOS ANGELES","19","90033","1126 BUELAH AVE","LOS ANGELES","90063","CA"
"630313","ACTIVE CANCEL","47 | 1","12/22/2021","11/30/2023","DBA: HOTEL G                        BH 386 GEARY STREET LLC                         398 GEARY ST,                         SAN FRANCISCO, CA  94102-1802","1250 BROADWAY, 10TH FL                              NEW YORK, NY  10001-3727","47-625788/ 47-649234","","","24","3800","398 GEARY ST","SAN FRANCISCO","38","94102","1250 BROADWAY, 10TH FL","NEW YORK","10001","NY"
"630313","ACTIVE CANCEL","66 | 1","12/22/2021","11/30/2023","DBA: HOTEL G                        BH 386 GEARY STREET LLC                         398 GEARY ST,                         SAN FRANCISCO, CA  94102-1802","1250 BROADWAY, 10TH FL                              NEW YORK, NY  10001-3727","47-625788/ 47-649234","","","24","3800","398 GEARY ST","SAN FRANCISCO","38","94102","1250 BROADWAY, 10TH FL","NEW YORK","10001","NY"
"630313","ACTIVE CANCEL","47 | 1","12/22/2021","11/30/2023","DBA: HOTEL G                        BH 386 GEARY STREET LLC                         398 GEARY ST,                         SAN FRANCISCO, CA  94102-1802","1250 BROADWAY, 10TH FL                              NEW YORK, NY  10001-3727","47-625788/ 47-649234","","","24","3800","398 GEARY ST","SAN FRANCISCO","38","94102","1250 BROADWAY, 10TH FL","NEW YORK","10001","NY"
"631007","PEND ACTIVE","47 | 0","06/21/2023","05/31/2024","DBA: SELLAND'S MARKET CAFE                        TJSELZIM, INC.                         5340 & 5362 H ST,                         SACRAMENTO, CA  95819","555 UNIVERSITY AVE, STE 100                              SACRAMENTO, CA  95825","","5,7","","23","3405","5340 & 5362 H ST","SACRAMENTO","34","95819","555 UNIVERSITY AVE, STE 100","SACRAMENTO","95825","CA"
"633043","PEND WITHDRAWN","47 | 0","","","NEIGHBORHOOD HOSPITALITY LLC                         7110 N MARKS AVE, STE 102,                         FRESNO, CA  93711-0798","680 W SHAW AVE, STE 200                              FRESNO, CA  93704-2450","469190","","CHICAGO TITLE 7330 N PALM AVE STE 101 FRESNO, CA  93711-5768","21","1005","7110 N MARKS AVE, STE 102","FRESNO","10","93711","680 W SHAW AVE, STE 200","FRESNO","93704","CA"
"635532","ACTIVE CANCEL","20 | 0","11/07/2022","10/31/2023","DBA: 1 STOP SHOP                        NAGI, IMAD ABDO SHAMSAN                         29020 COUNTY ROAD 6,                         DUNNIGAN, CA  95937","PO BOX 40                              DUNNIGAN, CA  95937-0040","20-448689/ 20-647652","","CALIFORNIA BUSINESS ESCROW INC 1746 MAIN ST ESCALON, CA  95320","23","5700","29020 COUNTY ROAD 6","DUNNIGAN","57","95937","PO BOX 40","DUNNIGAN","95937","CA"
"637738","PEND ACTIVE","06 | 0","06/21/2023","05/31/2024","DBA: BEACHWOOD BREWING                        BEACHWOOD BLENDERY LLC                         3630 ATLANTIC AVE,                         LONG BEACH, CA  90807-3418","7671 WOODWIND DR                              HUNTINGTON BEACH, CA  92647-7142","","","","3","1932","3630 ATLANTIC AVE","LONG BEACH","19","90807","7671 WOODWIND DR","HUNTINGTON BEACH","92647","CA"
"637738","PEND ACTIVE","74 | 0","06/21/2023","05/31/2024","DBA: BEACHWOOD BREWING                        BEACHWOOD BLENDERY LLC                         3630 ATLANTIC AVE,                         LONG BEACH, CA  90807-3418","7671 WOODWIND DR                              HUNTINGTON BEACH, CA  92647-7142","","","","3","1932","3630 ATLANTIC AVE","LONG BEACH","19","90807","7671 WOODWIND DR","HUNTINGTON BEACH","92647","CA"
"638034","PEND ACTIVE","02 | 0","06/21/2023","06/30/2024","DBA: TOLOSA WINERY                        PHASE 2 CELLARS LLC                         241 HEALDSBURG AVE,                         HEALDSBURG, CA  95448-4103","4910 EDNA ROAD                              SAN LUIS OBISPO, CA  93401-7938","","7","","27","4902","241 HEALDSBURG AVE","HEALDSBURG","49","95448","4910 EDNA ROAD","SAN LUIS OBISPO","93401","CA"
"638144","PEND ACTIVE","41 | 0","06/22/2023","05/31/2024","DBA: SOGNO TOSCANO CAFE                        SOGNO 85TH LLC                         1512 MONTANA AVE,                         SANTA MONICA, CA  90401-1877","","","","","3","1953","1512 MONTANA AVE","SANTA MONICA","19","90401","","","",""
"639483","PEND ACTIVE","41 | 0","06/22/2023","05/31/2024","DBA: BLAZING KING BBQ AND HOTPOT                         OX KING INC                         72600 DINAH SHORE DR,                         PALM DESERT, CA  92211-0801","42196 OLYMPUS DR                              INDIO, CA  92203-4032","","","","8","3318","72600 DINAH SHORE DR","PALM DESERT","33","92211","42196 OLYMPUS DR","INDIO","92203","CA"
"639551","PEND ACTIVE","05 | 0","06/22/2023","04/30/2024","DBA: SAGAMORE SPIRIT                        SAGAMORE WHISKEY LLC                         4635 MORENA BLVD, #577,                         SAN DIEGO, CA  92117-3650","301 E CROMWELL ST                              BALTIMORE, MD  21230-5012","05-612654","","","10","3710","4635 MORENA BLVD, #577","SAN DIEGO","37","92117","301 E CROMWELL ST","BALTIMORE","21230","MD"
"640004","PEND ACTIVE","47 | 0","06/21/2023","05/31/2024","DBA: CHASON'S CRAB STADIUM                        C.C. STADIUM, INC.                         8839 SHELDON RD,                         ELK GROVE, CA  95624-1450","","47-540933","7","FIDELITY NATIONAL TITLE 100 CENTURY CENTER CT STE 310 SAN JOSE, CA  95112","23","3407","8839 SHELDON RD","ELK GROVE","34","95624","","","",""
"640614","ACTIVE CANCEL","41 | 0","11/17/2022","10/31/2023","DBA: SHERE PUNJAB INDIAN CUISINE                        SHERE PUNJAB RESTAURANT INC                         16411 BERNARDO CENTER DR,                         SAN DIEGO, CA  92128-2523","","","7","","9","3710","16411 BERNARDO CENTER DR","SAN DIEGO","37","92128","","","",""
"640948","PEND ACTIVE","47 | 0","06/22/2023","05/31/2024","DBA: FIESTA CAFE                        FIESTA CAFE LLC                         823 BROADWAY ST,                         EUREKA, CA  95501-0121","","47-598263","","FIDELITY NATIONAL TITLE 2099 GATEWAY PLACE STE 500 SAN JOSE, CA  95110","28","1203","823 BROADWAY ST","EUREKA","12","95501","","","",""
"641557","PEND ACTIVE","47 | 0","06/22/2023","05/31/2024","DBA: YOGI KOREAN BBQ                        P&K RESTAURANT LLC                         3121 W BENJAMIN HOLT DR,                         STOCKTON, CA  95219","3010 AMERICAN RIVER DR                              SACRAMENTO, CA  95864-7125","","5","","29","3905","3121 W BENJAMIN HOLT DR","STOCKTON","39","95219","3010 AMERICAN RIVER DR","SACRAMENTO","95864","CA"
"642015","PEND ACTIVE","47 | 0","06/22/2023","05/31/2024","DBA: MASA TAQUERIA LLC                        MASA TAQUERIA LLC                         10409 SAN PABLO AVE,                         RICHMOND, CA  94530","199 PARK PL                              RICHMOND, CA  94801","","5,7","","22","0709","10409 SAN PABLO AVE","RICHMOND","07","94530","199 PARK PL","RICHMOND","94801","CA"
"642326","PEND ACTIVE","21 | 0","06/22/2023","05/31/2024","DBA: APPLEGATE LIQUOR                        SANDHER, KARMJIT SINGH                         17855 LAKE ARTHUR RD, STE B,                         APPLEGATE, CA  95703","657 ALISO VIEJO CT                              ROSEVILLE, CA  95747","","","","23","3100","17855 LAKE ARTHUR RD, STE B","APPLEGATE","31","95703","657 ALISO VIEJO CT","ROSEVILLE","95747","CA"
"642501","WTHDRN PENDING","21 | 0","","","DBA: VALLARTA SUPERMARKETS                        VALLARTA FOOD ENTERPRISES INC                         10400 ROSECRANS AVE,                         BELLFLOWER, CA  90706-2703","12881 BRADLEY AVE                              SYLMAR, CA  91342-3828","","","","3","1907","10400 ROSECRANS AVE","BELLFLOWER","19","90706","12881 BRADLEY AVE","SYLMAR","91342","CA"
"642726","PEND ACTIVE","47 | 0","06/22/2023","05/31/2024","DBA: SPICY DRAGON                        EVERGREEN CATERING INC                         7235 FRANKLIN BLVD, STE 1,                         SACRAMENTO, CA  95823-2472","19 SOMERSET CT                              BELMONT, CA  94002","","5,7","","23","3400","7235 FRANKLIN BLVD, STE 1","SACRAMENTO","34","95823","19 SOMERSET CT","BELMONT","94002","CA"
"642827","PEND WITHDRAWN","82 | 0","","","DBA: ONLINEKOSHERWINE.COM                        BLUE STAR WINE CO INC                         630 WOODLAND AVE,                         CHELTENHAM, PA  19012","","","","","75","9999","630 WOODLAND AVE","CHELTENHAM","","19012","","","",""
"643285","PEND ACTIVE","41 | 0","06/22/2023","05/31/2024","DBA: MOUNTAIN MIKES PIZZA                        STANFORD PIZZA INC                         3918 MIDDLEFIELD RD,                         PALO ALTO, CA  94303-4733","3422 SOMERSET AVE                              CASTRO VALLEY, CA  94546","41-583740","","BAY AREA ESCROW SERVICES 2817 CROW CANYON RD STE 102 SAN RAMON, CA  94583","25","4312","3918 MIDDLEFIELD RD","PALO ALTO","43","94303","3422 SOMERSET AVE","CASTRO VALLEY","94546","CA"
"643324","PEND ACTIVE","41 | 0","06/22/2023","10/31/2024","DBA: BIRRIERIA GUADALAJARA                        BIRRIERIA GUADALAJARA 1                         3217 NILES ST, STE E & F,                         BAKERSFIELD, CA  93306-4372","3217 NILES ST, STE E                              BAKERSFIELD, CA  93306","41-443790","7","","6","1500","3217 NILES ST, STE E & F","BAKERSFIELD","15","93306","3217 NILES ST, STE E","BAKERSFIELD","93306","CA"
"643332","PEND WITHDRAWN","82 | 0","","","DBA: MAISON LA BELLE VIE WINERY                        MAISENBERGER PROPERTIES, LLC                         3575 G RD.,                         PALISADE, CO  81526","","","","","75","9999","3575 G RD.","PALISADE","","81526","","","",""
"643662","PEND ACTIVE","02 | 0","06/22/2023","06/30/2024","DBA: DAOU VINEYARDS                        DAOU VINEYARDS LLC                         4915 ORCUTT RD,                         SAN LUIS OBISPO, CA  93401-8335","2777 HIDDEN MOUNTAIN RD                              PASO ROBLES, CA  93446-8712","02-355510","","","13","4000","4915 ORCUTT RD","SAN LUIS OBISPO","40","93401","2777 HIDDEN MOUNTAIN RD","PASO ROBLES","93446","CA"
"644035","PEND ACTIVE","47 | 1","06/22/2023","05/31/2024","DBA: HAPPY MEDIUM                        HASSELHAUS, LLC                         4002 30TH ST,                         SAN DIEGO, CA  92104-2602","701 BLOSSOM RD                              ENCINITAS, CA  92024","47-586160","7","HERITAGE ESCROW  2550 5TH AVE  STE 800 SAN DIEGO, CA  92103","10","3710","4002 30TH ST","SAN DIEGO","37","92104","701 BLOSSOM RD","ENCINITAS","92024","CA"
"644035","PEND ACTIVE","58 | 1","06/22/2023","05/31/2024","DBA: HAPPY MEDIUM                        HASSELHAUS, LLC                         4002 30TH ST,                         SAN DIEGO, CA  92104-2602","701 BLOSSOM RD                              ENCINITAS, CA  92024","47-586160","7","HERITAGE ESCROW  2550 5TH AVE  STE 800 SAN DIEGO, CA  92103","10","3710","4002 30TH ST","SAN DIEGO","37","92104","701 BLOSSOM RD","ENCINITAS","92024","CA"
"644091","PEND WITHDRAWN","82 | 0","","","DBA: SHUMAKER VINEYARDS                        SHUMAKER VINEYARDS LLC                         12000 NW OLD WAGON RD,                         CARLTON, OR  97111","13615 NW MASON HILL RD.                              NORTH PLAINS, OR  97133","","","","75","9999","12000 NW OLD WAGON RD","CARLTON","","97111","13615 NW MASON HILL RD.","NORTH PLAINS","97133","OR"
"644205","PEND ACTIVE","20 | 0","06/21/2023","05/31/2024","DBA: BARVINO                        WINE4LIFE LLC                         24671 LA PLAZA, STE 1,                         DANA POINT, CA  92629-6528","","","7","","11","3028","24671 LA PLAZA, STE 1","DANA POINT","30","92629","","","",""
"644205","PEND ACTIVE","42 | 0","06/21/2023","05/31/2024","DBA: BARVINO                        WINE4LIFE LLC                         24671 LA PLAZA, STE 1,                         DANA POINT, CA  92629-6528","","","7","","11","3028","24671 LA PLAZA, STE 1","DANA POINT","30","92629","","","",""
"644446","PEND WITHDRAWN","82 | 0","","","DBA: GUERRILLA WINE CO.                        GUERRILLA WINE CO, LLC                         4855 SE 18TH AVE,                         PORTLAND, OR  97202","9330 SW INEZ ST.                              TIGARD, OR  97224","","","","75","9999","4855 SE 18TH AVE","PORTLAND","","97202","9330 SW INEZ ST.","TIGARD","97224","OR"
"644525","PEND ACTIVE","51 | 0","06/21/2023","05/31/2024","DBA: DELTA SKY CLUB                        DELTA AIR LINES INC                         300 WORLD WAY, TERMINAL 3,                         LEVEL 1, LOS ANGELES, CA  90045-5856","PO BOX 20574, DEPT 982  LEGAL DEPT                              ATLANTA, GA  30320-2574","","7","","3","1933","300 WORLD WAY, TERMINAL 3","LOS ANGELES","19","90045","PO BOX 20574, DEPT 982  LEGAL DEPT","ATLANTA","30320","GA"
"644629","PEND WITHDRAWN","20 | 0","","","DBA: CIRCLE K                        BEST STOP INC.                         100 S CHOWCHILLA BLVD, SPC A,                         CHOWCHILLA, CA  93610-9392","","550054","","LENNAR TITLE, INC.  7555 N PALM AVENUE SUITE 210 FRESNO, CA  93711","21","2001","100 S CHOWCHILLA BLVD, SPC A","CHOWCHILLA","20","93610","","","",""
"645191","PEND ACTIVE","20 | 0","06/22/2023","05/31/2024","DBA: LA RANCH MARKET                        HIGLEY BROTHERS, INC.                         7522 CERRITOS AVE,                         STANTON, CA  90680-2205","2849 ALTIVO PL                              FULLERTON, CA  92835-1801","20-614223","7","DETAIL ESCROW INC 13737 ARTESIA BLVD  STE 105 CERRITOS, CA  90703","11","3019","7522 CERRITOS AVE","STANTON","30","90680","2849 ALTIVO PL","FULLERTON","92835","CA"
"645239","PEND ACTIVE","41 | 0","06/22/2023","05/31/2024","DBA: QIN CUISINE                        ZD GROUP LLC                         5624 E LA PALMA AVE, STE C,                         ANAHEIM, CA  92807-2120","","41-593826","7","HANA ESCROW COMPANY INC 3580 WILSHIRE BLVD STE 1170 LOS ANGELES, CA  90010","11","3001","5624 E LA PALMA AVE, STE C","ANAHEIM","30","92807","","","",""
"646184","PEND ACTIVE","41 | 0","06/22/2023","05/31/2024","DBA: PPK ON THE PARK                        12TH STREET PPK LLC                         625 12TH ST,                         PASO ROBLES, CA  93446-2204","","41-506645","","","13","4002","625 12TH ST","PASO ROBLES","40","93446","","","",""
"646263","PEND ACTIVE","41 | 0","06/21/2023","11/30/2024","DBA: ANGOTEI                        ENDO, HISAFUMI                         3033 BRISTOL ST #117,                         COSTA MESA, CA  92626-3091","","41-461284","","","11","3004","3033 BRISTOL ST #117","COSTA MESA","30","92626","","","",""
"646294","PEND ACTIVE","47 | 0","06/22/2023","05/31/2024","DBA: CELLAR STEAKHOUSE THE                        JOHNSON, MARTHA ANN                         244 1/2 N MAIN ST,                         PORTERVILLE, CA  93257","244 1/2 N MAIN ST                              PORTERVILLE, CA  93257","47-607092","7","TICOR TITLE COMPANY 10000 STOCKDALE HWY STE 101 BAKERSFIELD, CA  93311","21","5404","244 1/2 N MAIN ST","PORTERVILLE","54","93257","244 1/2 N MAIN ST","PORTERVILLE","93257","CA"
"646380","PEND ACTIVE","41 | 0","06/21/2023","05/31/2024","DBA: BEACH HUT DELI                        JAGS947 INC.                         110 GATEWAY DR, STE 150,                         LINCOLN, CA  95648-3306","1392 STANDISH CIR                              LINCOLN, CA  95648-3287","41-560035","","OLD REPUBLIC TITLE COMPANY 1000 BURNETT AVE STE 400 CONCORD, CA  94520-2088","23","3103","110 GATEWAY DR, STE 150","LINCOLN","31","95648","1392 STANDISH CIR","LINCOLN","95648","CA"
"646410","PEND ACTIVE","48 | 0","06/21/2023","05/31/2024","DBA: TURKEY INN                        TURKEY INN INC                         716 MAIN ST,                         RAMONA, CA  92065","","48-246556","","THE HERITAGE ESCROW COMPANY 2550 FIFTH AVE SUITE 800 SAN DIEGO, CA  92103","9","3700","716 MAIN ST","RAMONA","37","92065","","","",""
"646689","PEND ACTIVE","41 | 0","06/22/2023","05/31/2024","DBA: TAQUERIA EL POBLANO ESTILO TIJUANA #3                        TAQUERIA EL POBLANO ESTILO TIJUANA 3, INC.                         1210 S STATE COLLEGE BLVD, STE L,                         ANAHEIM, CA  92806-5155","","","","","11","3001","1210 S STATE COLLEGE BLVD, STE L","ANAHEIM","30","92806","","","",""
"646982","PEND ACTIVE","41 | 0","06/22/2023","05/31/2024","DBA: LA COMIDA GRILL                        WYRICK, DOUGLAS DAVID                         6530 PONY EXPRESS TRL,                         POLLOCK PINES, CA  95726-9549","","","","","23","0900","6530 PONY EXPRESS TRL","POLLOCK PINES","09","95726","","","",""
"647021","PEND ACTIVE","41 | 0","06/22/2023","08/31/2024","DBA: TAQUERIA LA MEXICANA                        M & V MEXICAN FOOD INC                         2610 S TRACY BLVD, STE 130 & 140,                         TRACY, CA  95376","456 BORGES CT                              TRACY, CA  95377","41-489024","","","29","3906","2610 S TRACY BLVD, STE 130 & 140","TRACY","39","95376","456 BORGES CT","TRACY","95377","CA"
"647079","PEND ACTIVE","47 | 0","06/22/2023","05/31/2024","DBA: SHRIMP SHACK CAJUN FUSION                        N&P GOURMET FOOD INC.                         3605 MARKET ST, STE 9,                         RIVERSIDE, CA  92501-2842","3980 GOLDEN TERRACE LN                              CHINO HILLS, CA  91709-4927","","7,A","","7","3312","3605 MARKET ST, STE 9","RIVERSIDE","33","92501","3980 GOLDEN TERRACE LN","CHINO HILLS","91709","CA"
"647313","PEND ACTIVE","02 | 0","06/22/2023","06/30/2024","DBA: SEVTAP WINERY                        SEVTAP, ERTUGRUL                         38 EL PASEO,                         SANTA BARBARA, CA  93101","PO BOX 1148                              BUELLTON, CA  93427-1148","","7","","12","4203","38 EL PASEO","SANTA BARBARA","42","93101","PO BOX 1148","BUELLTON","93427","CA"
"647420","PEND ACTIVE","41 | 0","06/21/2023","05/31/2024","DBA: ROAD TO SEOUL                        YEONU LA INC                         1 W MAIN ST,                         ALHAMBRA, CA  91801-3510","","41-604674","","UNITY ESCROW INC 3600 WILSHIRE BLVD STE 900 LOS ANGELES, CA  90010-2613","2","1901","1 W MAIN ST","ALHAMBRA","19","91801","","","",""
"647455","PEND ACTIVE","16 | 0","06/22/2023","05/31/2024","DBA: COLLEX GROUP                        COLLEX GROUP LLC                         5760 OWENSMOUTH AVE UNIT 13,                         WOODLAND HILLS, CA  91367-4930","","","7","","5","1933","5760 OWENSMOUTH AVE UNIT 13","WOODLAND HILLS","19","91367","","","",""
"647516","PEND ACTIVE","41 | 0","06/22/2023","05/31/2024","DBA: KETTLE COFFEE AND TEA                        AEONIAN HOSPITALITY LLC                         119 E GRAND AVE,                         ESCONDIDO, CA  92025-2701","","","7","","9","3705","119 E GRAND AVE","ESCONDIDO","37","92025","","","",""
"647652","PEND ACTIVE","20 | 0","06/21/2023","05/31/2024","DUNNIGAN MARKET INC                         29020 COUNTY ROAD 6,                         DUNNIGAN, CA  95937","1701 LEE CT                              WOODLAND, CA  95776","20-635532","","CAPITOL CITY ESCROW INC 3838 WATT AVE #F610 SACRAMENTO, CA  95821","23","5700","29020 COUNTY ROAD 6","DUNNIGAN","57","95937","1701 LEE CT","WOODLAND","95776","CA"
"647710","PEND ACTIVE","17 | 1","06/22/2023","05/31/2024","DBA: ABS WHOLESALE                        ABS WHOLESALE INC                         13701 EXCELSIOR DRIVE ,                         SANTA FE SPRINGS, CA  90670-5104","","","","","2","1952","13701 EXCELSIOR DRIVE","SANTA FE SPRINGS","19","90670","","","",""
"647710","PEND ACTIVE","09 | 1","06/22/2023","05/31/2024","DBA: ABS WHOLESALE                        ABS WHOLESALE INC                         13701 EXCELSIOR DRIVE ,                         SANTA FE SPRINGS, CA  90670-5104","","","","","2","1952","13701 EXCELSIOR DRIVE","SANTA FE SPRINGS","19","90670","","","",""
"647732","PEND ACTIVE","21 | 0","06/21/2023","05/31/2024","DBA: KWIKEE MART GAS & FOOD                        KWIKEE MART GAS & FOOD                         3990 ESPLANADE ,                         CHICO, CA  95973","","21-477918","","CALIFORNIA BUSINESS ESCROW 1748 MAIN ST ESCALON, CA  95320-1927","31","0400","3990 ESPLANADE","CHICO","04","95973","","","",""
"647808","PEND ACTIVE","41 | 0","06/22/2023","05/31/2024","DBA: ANTIOCH LA PRINCESSA MARKET                        NASER, MUTHANNA QASSEM                         1721 ALHAMBRA DR,                         ANTIOCH, CA  94509-1915","","","","","22","0701","1721 ALHAMBRA DR","ANTIOCH","07","94509","","","",""
"647875","PEND ACTIVE","41 | 0","06/21/2023","05/31/2024","MAMMA GELA LLC                          7274-76 MELROSE AVE,                         LOS ANGELES, CA  90046-7667","12100 WILSHIRE BLVD, STE 800                              LOS ANGELES, CA  90025-7140","41-628420","7","GLEN OAKS ESCROW  184 NORTH CANON DRIVE SUITE B BEVERLY HILLS, CA  90210","4","1933","7274-76 MELROSE AVE","LOS ANGELES","19","90046","12100 WILSHIRE BLVD, STE 800","LOS ANGELES","90025","CA"
"647887","PEND ACTIVE","41 | 0","06/22/2023","05/31/2024","CHOUCHOU FRENCH BISTRO                         401 PRIMROSE UNIT D & E,                         BURLINGAME, CA  94010-4063","","","","","25","4103","401 PRIMROSE UNIT D & E","BURLINGAME","41","94010","","","",""
"647926","PEND ACTIVE","47 | 0","06/22/2023","05/31/2024","DBA: ASIAN BOX                        ASIAN BOX PALO ALTO LLC                         200 LARKIN ST,                         SAN FRANCISCO, CA  94102-4734","4320 STEVENS CREEK BLVD                              SAN JOSE, CA  95129","","A","","24","3800","200 LARKIN ST","SAN FRANCISCO","38","94102","4320 STEVENS CREEK BLVD","SAN JOSE","95129","CA"
"648012","PEND ACTIVE","47 | 0","06/22/2023","05/31/2024","DBA: EMPIRE PIZZA                        NYC-SLICE LLC                         688 MISSION ST,                         SAN FRANCISCO, CA  94105-4014","333 GRANT AVE, STE 704 C/O KENNETH ZANKEL                              SAN FRANCISCO, CA  94108-3657","47-621902","7","","24","3800","688 MISSION ST","SAN FRANCISCO","38","94105","333 GRANT AVE, STE 704 C/O KENNETH ZANKEL","SAN FRANCISCO","94108","CA"
"648309","PEND ACTIVE","41 | 0","06/22/2023","05/31/2024","DBA: HAUS OF PIZZA                         HAUS OF PIZZA PD LLC                          72795 HWY 111, STE G2,                         PALM DESERT, CA  92260-3322","","","","","8","3318","72795 HWY 111, STE G2","PALM DESERT","33","92260","","","",""
"648407","PEND ACTIVE","02 | 0","07/03/2023","06/30/2024","DBA: RAVEN'S REACH WINERY                        RAVEN'S REACH WINERY LLC                         20251 VINEYARD LN,                         FIDDLETOWN, CA  95629","14030 MEATH DR                              SUTTER CREEK, CA  95685-9561","","","","23","0300","20251 VINEYARD LN","FIDDLETOWN","03","95629","14030 MEATH DR","SUTTER CREEK","95685","CA"
"648515","PEND ACTIVE","41 | 0","06/22/2023","05/31/2024","DBA: COCINA VILLAGE                        YANEZLUPIAN, CLAUDIA                         3050 W SHAW AVE, STE 111,                         FRESNO, CA  93711-3218","1431 E PAUL AVE                              FRESNO, CA  93710-4323","41-601448","","","21","1005","3050 W SHAW AVE, STE 111","FRESNO","10","93711","1431 E PAUL AVE","FRESNO","93710","CA"
"649234","ACTIVE CANCEL","47 | 1","06/21/2023","11/30/2023","DBA: HOTEL G                        SAN FRANCISCO HOTEL LICENSING, LLC                         398 GEARY ST,                         SAN FRANCISCO, CA  94102-1802","1250 BROADWAY, 10TH FL                              NEW YORK, NY  10001-3727","47-630313/ 47-649755","","","24","3800","398 GEARY ST","SAN FRANCISCO","38","94102","1250 BROADWAY, 10TH FL","NEW YORK","10001","NY"
"649234","ACTIVE CANCEL","47 | 1","06/21/2023","11/30/2023","DBA: HOTEL G                        SAN FRANCISCO HOTEL LICENSING, LLC                         398 GEARY ST,                         SAN FRANCISCO, CA  94102-1802","1250 BROADWAY, 10TH FL                              NEW YORK, NY  10001-3727","47-630313/ 47-649755","","","24","3800","398 GEARY ST","SAN FRANCISCO","38","94102","1250 BROADWAY, 10TH FL","NEW YORK","10001","NY"
"649234","ACTIVE CANCEL","66 | 1","06/21/2023","11/30/2023","DBA: HOTEL G                        SAN FRANCISCO HOTEL LICENSING, LLC                         398 GEARY ST,                         SAN FRANCISCO, CA  94102-1802","1250 BROADWAY, 10TH FL                              NEW YORK, NY  10001-3727","47-630313/ 47-649755","","","24","3800","398 GEARY ST","SAN FRANCISCO","38","94102","1250 BROADWAY, 10TH FL","NEW YORK","10001","NY"
"649320","PEND ACTIVE","79 | 0","06/21/2023","06/30/2024","DBA: RANCHO DE LOS VIAJEROS VINEYARD @ TEHACHAPI FARMER'S MARKET                        RANCHO DE LOS VIAJEROS VINEYARD LLC                         CENTENNIAL PLAZA, GREEN STREET,                         TEHACHAPI, CA  93561","22701 HWY 202                              TEHACHAPI, CA  93561","","","","6","1507","CENTENNIAL PLAZA, GREEN STREET","TEHACHAPI","15","93561","22701 HWY 202","TEHACHAPI","93561","CA"
"649487","PEND WITHDRAWN","47 | 1","","","DBA: FAIRFIELD INN & SUITES                        WINTERS HOSPITALITY LLC                         702 MATSUMOTO LN,                         WINTERS, CA  95694","5847 DA VINCI WAY                              SACRAMENTO, CA  95835","519034","7","CALIFORNIA BUSINESS ESCROW INC 1748 MAIN ST ESCALON, CA  95320-1927","23","5702","702 MATSUMOTO LN","WINTERS","57","95694","5847 DA VINCI WAY","SACRAMENTO","95835","CA"
"649487","PEND WITHDRAWN","58 | 1","","","DBA: FAIRFIELD INN & SUITES                        WINTERS HOSPITALITY LLC                         702 MATSUMOTO LN,                         WINTERS, CA  95694","5847 DA VINCI WAY                              SACRAMENTO, CA  95835","519034","7","CALIFORNIA BUSINESS ESCROW INC 1748 MAIN ST ESCALON, CA  95320-1927","23","5702","702 MATSUMOTO LN","WINTERS","57","95694","5847 DA VINCI WAY","SACRAMENTO","95835","CA"
"649490","PEND WITHDRAWN","02 | 0","","","DBA: HIBOU                        DRISCOLL WINE COMPANY, LLC                         1207 COOMBS ST, 1ST FLOOR,                         NAPA, CA  94559-2539","1911 VINEYARD AVE                              SAINT HELENA, CA  94574-1749","","","","27","2802","1207 COOMBS ST, 1ST FLOOR","NAPA","28","94559","1911 VINEYARD AVE","SAINT HELENA","94574","CA"
"649502","PEND WITHDRAWN","21 | 0","","","DBA: JS MINI MART                        NGE ENTERPRISE INC                         1510 N J ST,                         TULARE, CA  93274","1408 DUNAIRE DR                              BAKERSFIELD, CA  93312","551595","","PLACER TITLE 3900 COFFEE ROAD BAKERSFIELD, CA  93309","21","5400","1510 N J ST","TULARE","54","93274","1408 DUNAIRE DR","BAKERSFIELD","93312","CA"