"License Number","Status Changed From/To","Type| Dup","Original Issue Date","Expir. Date","Primary Owner and Premises Addr.","Mailing Addr.","Transfer-From/To","Conditions","Escrow","District Code","Geo Code","Prem Street","City","County","Zip Code","Mailing Street","Mailing City","Mailing Zip Code","Mailing State"
"176068","ACTIVE CANCEL","41 | 0","08/27/1985","08/31/2023","DBA: ROUND TABLE PIZZA                        SOUTHERN CALIFORNIA ROUND TABLE                         44204 10TH ST W,                         LANCASTER, CA  93534","PO BOX 729                              LEONA VALLEY, CA  93551-0700","","7","","5","1980","44204 10TH ST W","LANCASTER","19","93534","PO BOX 729","LEONA VALLEY","93551","CA"
"267398","ACTIVE CANCEL","47 | 0","12/24/1991","08/31/2023","DBA: KEYSTONE THE                        MOSSER VICTORIAN HOTEL OF ARTS & MU                         68 4TH ST,                         SAN FRANCISCO, CA  94103-3102","308 JESSIE ST                              SAN FRANCISCO, CA  94103","","","","24","3800","68 4TH ST","SAN FRANCISCO","38","94103","308 JESSIE ST","SAN FRANCISCO","94103","CA"
"314745","ACTIVE SUREND","41 | 0","03/27/1996","02/29/2024","DBA: ZONA ROSA                        CARDENAS, LORENA                         1797 HAIGHT ST,                         SAN FRANCISCO, CA  94117","","","7","","24","3800","1797 HAIGHT ST","SAN FRANCISCO","38","94117","","","",""
"319316","SUREND CANCEL","47 | 0","05/01/2000","04/30/2024","DBA: RESTAURANT EL GRULLENSE                        GUERRERO, RAMON                         1347 S EL DORADO ST,                         STOCKTON, CA  95206","1331 S WILSON WY                              STOCKTON, CA  95205","47-194663/ 47-640671","7","","29","3905","1347 S EL DORADO ST","STOCKTON","39","95206","1331 S WILSON WY","STOCKTON","95205","CA"
"321301","ACTIVE CANCEL","48 | 1","06/17/1997","01/31/2024","DBA: RAIL, THE                        RAIL INCORPORATED                         3796 5TH AVE,                         SAN DIEGO, CA  92103","PO BOX 837                              POWAY, CA  92074","48-66814/ 48-647658","7","","10","3710","3796 5TH AVE","SAN DIEGO","37","92103","PO BOX 837","POWAY","92074","CA"
"321301","ACTIVE CANCEL","58 | 1","06/17/1997","01/31/2024","DBA: RAIL, THE                        RAIL INCORPORATED                         3796 5TH AVE,                         SAN DIEGO, CA  92103","PO BOX 837                              POWAY, CA  92074","48-66814/ 48-647658","7","","10","3710","3796 5TH AVE","SAN DIEGO","37","92103","PO BOX 837","POWAY","92074","CA"
"369979","ACTIVE CANCEL","47 | 1","09/06/2001","08/31/2023","DBA: PF CHANGS                        P F CHANGS CHINA BISTRO INC                         300 E COLORADO BLVD, STE 218,                         PASADENA, CA  91101-2269","8377 E HARTFORD DR, #200                              ATTN: LEGAL DEPARTMENT, SCOTTSDALE, AZ  85255","","7","","2","1943","300 E COLORADO BLVD, STE 218","PASADENA","19","91101","8377 E HARTFORD DR, #200","SCOTTSDALE","85255","AZ"
"369979","ACTIVE CANCEL","58 | 1","09/06/2001","08/31/2023","DBA: PF CHANGS                        P F CHANGS CHINA BISTRO INC                         300 E COLORADO BLVD, STE 218,                         PASADENA, CA  91101-2269","8377 E HARTFORD DR, #200                              ATTN: LEGAL DEPARTMENT, SCOTTSDALE, AZ  85255","","7","","2","1943","300 E COLORADO BLVD, STE 218","PASADENA","19","91101","8377 E HARTFORD DR, #200","SCOTTSDALE","85255","AZ"
"397798","ACTIVE SUREND","21 | 0","03/27/2003","09/30/2024","DBA: KINGSBURG FOOD MART                        SOHAL, PARMINDER SINGH                         1900 MARION ST,                         KINGSBURG, CA  93631","14281 S ACADEMY AVE                              KINGSBURG, CA  93631-9228","21-358328","7","","21","1008","1900 MARION ST","KINGSBURG","10","93631","14281 S ACADEMY AVE","KINGSBURG","93631","CA"
"404064","ACTIVE CANCEL","47 | 0","10/16/2003","09/30/2023","DBA: CIRINOS ON MAIN STREET                        FJXC & ASSOCIATES LLC                         213-215 W MAIN ST,                         GRASS VALLEY, CA  95945","12647 COLFAX HWY                              GRASS VALLEY, CA  95945","47-348199/ 47-647151","7","","23","2901","213-215 W MAIN ST","GRASS VALLEY","29","95945","12647 COLFAX HWY","GRASS VALLEY","95945","CA"
"460624","PEND CANCEL","41 | 0","10/25/2007","03/31/2024","DBA: DANNYS DELI & GRILL                        EVERHART, WENDY ESTHER                         3263 TELEGRAPH RD,                         VENTURA, CA  93003-3220","","41-350625/ 41-647388","7","","12","5606","3263 TELEGRAPH RD","VENTURA","56","93003","","","",""
"470354","ACTIVE CANCEL","41 | 0","10/17/2008","05/31/2024","DBA: RAYMOND CHINESE CUISINE                        RAYMOND CHINESE RESTAURANT INC                         1709 PALMETTO AVE,                         PACIFICA, CA  94044-2224","","41-437331/ 41-646376","8","","25","4109","1709 PALMETTO AVE","PACIFICA","41","94044","","","",""
"479470","CANCEL SUREND","21 | 0","09/03/2009","08/31/2024","DBA: CVS PHARMACY 1764                        GARFIELD BEACH CVS LLC                         25511 MUIRLANDS BLVD,                         MISSION VIEJO, CA  92691-4742","1 CVS DR, MC# 1160                              WOONSOCKET, RI  02895-6146","21-437771","","","11","3027","25511 MUIRLANDS BLVD","MISSION VIEJO","30","92691","1 CVS DR, MC# 1160","WOONSOCKET","02895","RI"
"479470","CANCEL SUREND","21 | 0","09/03/2009","08/31/2024","DBA: CVS PHARMACY 1764                        GARFIELD BEACH CVS LLC                         25511 MUIRLANDS BLVD,                         MISSION VIEJO, CA  92691-4742","1 CVS DR, MC# 1160                              WOONSOCKET, RI  02895-6146","21-437771","","","11","3027","25511 MUIRLANDS BLVD","MISSION VIEJO","30","92691","1 CVS DR, MC# 1160","WOONSOCKET","02895","RI"
"482579","WTHDRN ACTIVE","47 | 1","","","DBA: ROBANOS                        MRRS CO LLC                         10057 RIVERSIDE DR,                         TOLUCA LAKE, CA  91602-2515","","","","","5","1933","10057 RIVERSIDE DR","TOLUCA LAKE","19","91602","","","",""
"482579","WTHDRN ACTIVE","47 | 1","","","DBA: ROBANOS                        MRRS CO LLC                         10057 RIVERSIDE DR,                         TOLUCA LAKE, CA  91602-2515","","","","","5","1933","10057 RIVERSIDE DR","TOLUCA LAKE","19","91602","","","",""
"482579","WTHDRN ACTIVE","47 | 1","","","DBA: ROBANOS                        MRRS CO LLC                         10057 RIVERSIDE DR,                         TOLUCA LAKE, CA  91602-2515","","","","","5","1933","10057 RIVERSIDE DR","TOLUCA LAKE","19","91602","","","",""
"482579","WTHDRN ACTIVE","47 | 1","","","DBA: ROBANOS                        MRRS CO LLC                         10057 RIVERSIDE DR,                         TOLUCA LAKE, CA  91602-2515","","","","","5","1933","10057 RIVERSIDE DR","TOLUCA LAKE","19","91602","","","",""
"482579","WTHDRN ACTIVE","68 | 1","","","DBA: ROBANOS                        MRRS CO LLC                         10057 RIVERSIDE DR,                         TOLUCA LAKE, CA  91602-2515","","","","","5","1933","10057 RIVERSIDE DR","TOLUCA LAKE","19","91602","","","",""
"482579","WTHDRN ACTIVE","68 | 1","","","DBA: ROBANOS                        MRRS CO LLC                         10057 RIVERSIDE DR,                         TOLUCA LAKE, CA  91602-2515","","","","","5","1933","10057 RIVERSIDE DR","TOLUCA LAKE","19","91602","","","",""
"513548","ACTIVE CANCEL","21 | 0","05/24/2013","04/30/2024","DBA: SUPER LIQUOR 5                        KAUR, HARJINDER                         4045 N FIG GARDEN DR, STE 107,                         FRESNO, CA  93722-6054","1924 MINNEWAWA AVE                              CLOVIS, CA  93612-2558","","5,7","","21","1005","4045 N FIG GARDEN DR, STE 107","FRESNO","10","93722","1924 MINNEWAWA AVE","CLOVIS","93612","CA"
"517484","REVPEN CANCEL","41 | 0","04/04/2012","03/31/2023","DBA: SUNNY LEE'S RESTAURANT                        TAN, DI NA                         2855 ZINFANDEL DR,                         RANCHO CORDOVA, CA  95670","7249 RUSH RIVER DR                              SACRAMENTO, CA  95831-3307","41-347768","7","","23","3408","2855 ZINFANDEL DR","RANCHO CORDOVA","34","95670","7249 RUSH RIVER DR","SACRAMENTO","95831","CA"
"523474","ACTIVE CANCEL","23 | 0","05/09/2013","04/30/2024","DBA: PLAN 9 ALEHOUSE                        PLAN 9 ALEHOUSE, LLC                         155 E GRAND AVE,                         ESCONDIDO, CA  92025-2701","","","","","9","3705","155 E GRAND AVE","ESCONDIDO","37","92025","","","",""
"524882","ACTIVE CANCEL","20 | 0","12/24/2012","11/30/2023","OLD TOWN FUEL COMPANY                         4498 CLAIREMONT MESA BLVD,                         SAN DIEGO, CA  92117-2054","2940 LYTTON ST                              SAN DIEGO, CA  92110-4811","20-221954/ 20-646722","","ALLISON MCCLOSKEY ESCROW 4820 EL CAJON BLVD SAN DIEGO, CA  92115-4695","10","3710","4498 CLAIREMONT MESA BLVD","SAN DIEGO","37","92117","2940 LYTTON ST","SAN DIEGO","92110","CA"
"526977","ACTIVE CANCEL","47 | 0","12/31/2012","11/30/2023","DBA: CLUB LOHO                        PACIFICLAND INTERNATIONAL DEVELOPMENT INC.                         1111 YOURMAN RD,                         HEBER, CA  92249-9706","C/O KEVIN SINGER COURT APPOINTED RECEIVER, 11500 W OLYMPIC BLVD #530                              LOS ANGELES, CA  90064","47-383570/ 47-647953","","ABC ESCROW 2222 DAMON STREET  LOS ANGELES, CA  90021","8","1300","1111 YOURMAN RD","HEBER","13","92249","C/O KEVIN SINGER COURT APPOINTED RECEIVER, 11500 W OLYMPIC BLVD #530","LOS ANGELES","90064","CA"
"528588","ACTIVE CANCEL","41 | 0","03/15/2013","02/29/2024","DBA: CUGINIS PIZZERIA & TRATTORIA                        PIPPIN, LOUISE MARIE                         230 E BETTERAVIA RD, STE G,                         SANTA MARIA, CA  93454-7845","","","7","","13","4204","230 E BETTERAVIA RD, STE G","SANTA MARIA","42","93454","","","",""
"529578","ACTIVE CANCEL","41 | 0","08/07/2013","07/31/2023","DBA: WILLOW MARKET                        SMITH LIVESTOCK, LLC                         1050 WILLOW RD,                         NIPOMO, CA  93444","PO BOX 1433                              NIPOMO, CA  93444-1433","","7","","13","4000","1050 WILLOW RD","NIPOMO","40","93444","PO BOX 1433","NIPOMO","93444","CA"
"538610","ACTIVE CANCEL","41 | 0","12/16/2013","11/30/2023","DBA: SAIWALKS                        VICTORIVIC LLC                         3348 STEINER ST,                         SAN FRANCISCO, CA  94123-2707","","","","","24","3800","3348 STEINER ST","SAN FRANCISCO","38","94123","","","",""
"543281","ACTIVE CANCEL","21 | 0","07/16/2014","06/30/2023","DBA: WEST SIDE MARKET                        NAGI, SAM F                         401 MAZE BLVD,                         MODESTO, CA  95351","","21-240844/ 21-647082","7","","29","5002","401 MAZE BLVD","MODESTO","50","95351","","","",""
"547125","ACTIVE CANCEL","21 | 0","11/24/2014","05/31/2024","DBA: NOBLE LIQUOR                        NOBLE LIQUOR                         21188 CALISTOGA ST,                         MIDDLETOWN, CA  95461","PO BOX 1820                              MIDDLETOWN, CA  95461","21-398532/ 21-645258","","","27","1700","21188 CALISTOGA ST","MIDDLETOWN","17","95461","PO BOX 1820","MIDDLETOWN","95461","CA"
"555828","ACTIVE CANCEL","41 | 0","06/22/2015","05/31/2024","ASOMBROSO INVESTMENT ENTERPRISES, INC.                         16503 WHITTIER BLVD,                         WHITTIER, CA  90603-3047","","41-543046","7","TEAM ESCROW INC 6025 BEACH  BLVD BUENA PARK, CA  90621","2","1961","16503 WHITTIER BLVD","WHITTIER","19","90603","","","",""
"561805","ACTIVE CANCEL","47 | 0","12/23/2015","11/30/2023","DBA: CORNER POCKET THE                        CNR ENTERPRISES INC                         3216 MING AVE STE B,                         BAKERSFIELD, CA  93304-4153","8200 STOCKDALE HWY, M10-358                              BAKERSFIELD, CA  93311","","5,7","","6","1501","3216 MING AVE STE B","BAKERSFIELD","15","93304","8200 STOCKDALE HWY, M10-358","BAKERSFIELD","93311","CA"
"563500","ACTIVE CANCEL","41 | 0","05/12/2016","04/30/2023","DBA: FLOWER CHILD                        FC SANTA MONICA LLC                         1332 2ND ST, UNIT B,                         SANTA MONICA, CA  90401-1103","26901 MALIBU HILL RD                              CALABASAS, CA  91301-5354","","","","3","1953","1332 2ND ST, UNIT B","SANTA MONICA","19","90401","26901 MALIBU HILL RD","CALABASAS","91301","CA"
"572913","SUREND CANCEL","47 | 0","11/28/2016","10/31/2023","DBA: BRIO                        FOODFIRST GLOBAL RESTAURANTS, INC.                         21532 HAWTHORNE BLVD,                         TORRANCE, CA  90503-5708","4700 MILLENIA BLVD, STE 400                              ORLANDO, FL  32839-6020","47-424822/ 47-639883","","CALIFORNIA BUSINESS ESCROW 1748 MAIN ST ESCALON, CA  95320-1927","3","1958","21532 HAWTHORNE BLVD","TORRANCE","19","90503","4700 MILLENIA BLVD, STE 400","ORLANDO","32839","FL"
"580332","ACTIVE CANCEL","41 | 0","05/17/2017","04/30/2024","DBA: EAST N WEST                        LEI, ZHI REN                         1139 E MARCH LN, STE B,                         STOCKTON, CA  95210","","41-575802/ 41-647257","","","29","3905","1139 E MARCH LN, STE B","STOCKTON","39","95210","","","",""
"582797","PEND ACTIVE","20 | 0","06/21/2023","06/30/2024","DBA: 7 ELEVEN STORE 37338                        7 ELEVEN INC                         4488 N PERRIS BLVD,                         PERRIS, CA  92571","PO BOX 139044, ATTN: LICENSING DEPARTMENT                              DALLAS, TX  75313-9044","","7","","7","3311","4488 N PERRIS BLVD","PERRIS","33","92571","PO BOX 139044, ATTN: LICENSING DEPARTMENT","DALLAS","75313","TX"
"586116","ACTIVE SUREND","47 | 1","11/29/2018","10/31/2023","ROBBINS, CHRISTOPHER  PARKER                         7212 MELROSE AVE,                         LOS ANGELES, CA  90046-7620","4903 WOODLEY AVE                              ENCINO, CA  91436","","2,7","CAPITAL TRUST ESCROW 280 S BEVERLY DR STE 300 BEVERLY HILLS, CA  90212","4","1933","7212 MELROSE AVE","LOS ANGELES","19","90046","4903 WOODLEY AVE","ENCINO","91436","CA"
"586116","ACTIVE SUREND","47 | 1","11/29/2018","10/31/2023","ROBBINS, CHRISTOPHER  PARKER                         7212 MELROSE AVE,                         LOS ANGELES, CA  90046-7620","4903 WOODLEY AVE                              ENCINO, CA  91436","","2,7","CAPITAL TRUST ESCROW 280 S BEVERLY DR STE 300 BEVERLY HILLS, CA  90212","4","1933","7212 MELROSE AVE","LOS ANGELES","19","90046","4903 WOODLEY AVE","ENCINO","91436","CA"
"586116","ACTIVE SUREND","58 | 1","11/29/2018","10/31/2023","ROBBINS, CHRISTOPHER  PARKER                         7212 MELROSE AVE,                         LOS ANGELES, CA  90046-7620","4903 WOODLEY AVE                              ENCINO, CA  91436","","2,7","CAPITAL TRUST ESCROW 280 S BEVERLY DR STE 300 BEVERLY HILLS, CA  90212","4","1933","7212 MELROSE AVE","LOS ANGELES","19","90046","4903 WOODLEY AVE","ENCINO","91436","CA"
"586116","ACTIVE SUREND","58 | 1","11/29/2018","10/31/2023","ROBBINS, CHRISTOPHER  PARKER                         7212 MELROSE AVE,                         LOS ANGELES, CA  90046-7620","4903 WOODLEY AVE                              ENCINO, CA  91436","","2,7","CAPITAL TRUST ESCROW 280 S BEVERLY DR STE 300 BEVERLY HILLS, CA  90212","4","1933","7212 MELROSE AVE","LOS ANGELES","19","90046","4903 WOODLEY AVE","ENCINO","91436","CA"
"587793","ACTIVE CANCEL","20 | 0","04/06/2018","03/31/2024","DBA: VARGAS BROS FOOD & BEER                        VARGAS BROS FOOD & BEER LLC                         154 W MARKET ST,                         SALINAS, CA  93901","","20-501128/ 20-647048","","L&G LLP 270 EL DORADO ST MONTEREY, CA  93940","26","2708","154 W MARKET ST","SALINAS","27","93901","","","",""
"589661","SUREND CANCEL","20 | 0","05/08/2018","04/30/2024","DBA: ITALIAN HOMEMADE COMPANY THE                        PIADINA ORIGINAL MARINA LLC                         2905 COLLEGE AVE,                         BERKELEY, CA  94705-2203","2030 UNION ST, #203-204                              SAN FRANCISCO, CA  94123","20-534600/ 20-646745","","","22","0103","2905 COLLEGE AVE","BERKELEY","01","94705","2030 UNION ST, #203-204","SAN FRANCISCO","94123","CA"
"590707","REVPEN ACTIVE","41 | 1","03/25/2019","02/29/2024","DBA: KITCHEN, THE                        HJR INVESTMENTS, LLC                         1317 20TH ST,                         BAKERSFIELD, CA  93301-4505","","41-552830","","TICOR TITLE COMPANY 10000 STOCKDALE HWY STE 101 BAKERSFIELD, CA  93311","6","1501","1317 20TH ST","BAKERSFIELD","15","93301","","","",""
"590707","REVPEN ACTIVE","41 | 1","03/25/2019","02/29/2024","DBA: KITCHEN, THE                        HJR INVESTMENTS, LLC                         1317 20TH ST,                         BAKERSFIELD, CA  93301-4505","","41-552830","","TICOR TITLE COMPANY 10000 STOCKDALE HWY STE 101 BAKERSFIELD, CA  93311","6","1501","1317 20TH ST","BAKERSFIELD","15","93301","","","",""
"590707","REVPEN ACTIVE","58 | 1","03/25/2019","02/29/2024","DBA: KITCHEN, THE                        HJR INVESTMENTS, LLC                         1317 20TH ST,                         BAKERSFIELD, CA  93301-4505","","41-552830","","TICOR TITLE COMPANY 10000 STOCKDALE HWY STE 101 BAKERSFIELD, CA  93311","6","1501","1317 20TH ST","BAKERSFIELD","15","93301","","","",""
"590707","REVPEN ACTIVE","58 | 1","03/25/2019","02/29/2024","DBA: KITCHEN, THE                        HJR INVESTMENTS, LLC                         1317 20TH ST,                         BAKERSFIELD, CA  93301-4505","","41-552830","","TICOR TITLE COMPANY 10000 STOCKDALE HWY STE 101 BAKERSFIELD, CA  93311","6","1501","1317 20TH ST","BAKERSFIELD","15","93301","","","",""
"591285","ACTIVE CANCEL","20 | 0","04/23/2018","03/31/2024","DBA: JIMMIES MARKET                        PARK, KACEY GWANG                         2124 WINTERHAVEN DR,                         WINTERHAVEN, CA  92283","PO BOX 1117                              WINTERHAVEN, CA  92283-1117","20-457066/ 20-646084","","GOOD NEWS ESCROW INC 17800 CASTLETON ST STE 175 CITY OF INDUSTRY, CA  91748","8","1300","2124 WINTERHAVEN DR","WINTERHAVEN","13","92283","PO BOX 1117","WINTERHAVEN","92283","CA"
"592098","ACTIVE CANCEL","41 | 0","05/04/2018","04/30/2024","HONG, JUN SOO                         5708 E LOS ANGELES AVE,                         SIMI VALLEY, CA  93063-5217","","41-460457/ 41-648066","7","PRIMA ESCROW INC 3600 WILSHIRE BL STE 1028 LOS ANGELES, CA  90010","12","5609","5708 E LOS ANGELES AVE","SIMI VALLEY","56","93063","","","",""
"594337","ACTIVE CANCEL","02 | 0","09/25/2018","06/30/2023","DBA: ACCLIVITY VINEYARDS LLC                        ACCLIVITY VINEYARDS, LLC                         244 MONTE VISTA AVE,                         HEALDSBURG, CA  95448-3441","286 W MATHESON ST                               HEALDSBURG, CA  95448-4924","","7","","27","4902","244 MONTE VISTA AVE","HEALDSBURG","49","95448","286 W MATHESON ST","HEALDSBURG","95448","CA"
"595927","ACTIVE CANCEL","80 | 0","10/15/2018","12/31/2023","DBA: 1906 LODGE                        OCEANIC ANTELOPE VALLEY LLC                         1060 ADELLA AVE,                         CORONADO, CA  92118-2908","9685 VIA EXCELENCIA, STE 208                              SAN DIEGO, CA  92126-7500","80-565024/ 80-646668","7","TICOR TITLE OF CALIFORNIA  1500 QUAIL ST  3RD FL NEWPORT BEACH, CA  92660","10","3703","1060 ADELLA AVE","CORONADO","37","92118","9685 VIA EXCELENCIA, STE 208","SAN DIEGO","92126","CA"
"597089","ACTIVE CANCEL","41 | 0","10/12/2018","09/30/2023","DBA: K & S FOOD STORE                        GHUMAN, KULJIT SINGH                         2126 TAFT HWY, SUITE B & C,                         BAKERSFIELD, CA  93313-9734","1001 NICKI CT                              BAKERSFIELD, CA  93307","","","","6","1501","2126 TAFT HWY, SUITE B & C","BAKERSFIELD","15","93313","1001 NICKI CT","BAKERSFIELD","93307","CA"
"599653","SUREND CANCEL","47 | 0","02/04/2019","01/31/2024","DBA: PORT HOUSE                        WILLOW MARKET, LLC                         885 EMBARCADERO,                         MORRO BAY, CA  93442-2147","PO BOX 1433                              NIPOMO, CA  93444-1433","47-376729/ 47-639154","7","FIRST AMERICAN TITLE COMPANY 1001 W TEHACHAPI BLVD STE B-300 TEHACHAPI, CA  93561","13","4006","885 EMBARCADERO","MORRO BAY","40","93442","PO BOX 1433","NIPOMO","93444","CA"
"602471","ACTIVE CANCEL","68 | 2","02/27/2020","03/31/2024","DBA: BELLAS SPORTS PUB                        ISABELLAS SPORTS PUB LLC                         231 MAIN ST,                         CHICO, CA  95928","115 W 3RD ST                              CHICO, CA  95928","47-474675/ 47-647396","7","FIDELITY NATIONAL TITLE COMPANY 8525 MADISON AVE # 110 FAIR OAKS, CA  95628-3854","31","0402","231 MAIN ST","CHICO","04","95928","115 W 3RD ST","CHICO","95928","CA"
"602471","ACTIVE CANCEL","47 | 2","02/27/2020","03/31/2024","DBA: BELLAS SPORTS PUB                        ISABELLAS SPORTS PUB LLC                         231 MAIN ST,                         CHICO, CA  95928","115 W 3RD ST                              CHICO, CA  95928","47-474675/ 47-647396","7","FIDELITY NATIONAL TITLE COMPANY 8525 MADISON AVE # 110 FAIR OAKS, CA  95628-3854","31","0402","231 MAIN ST","CHICO","04","95928","115 W 3RD ST","CHICO","95928","CA"
"602471","ACTIVE CANCEL","58 | 2","02/27/2020","03/31/2024","DBA: BELLAS SPORTS PUB                        ISABELLAS SPORTS PUB LLC                         231 MAIN ST,                         CHICO, CA  95928","115 W 3RD ST                              CHICO, CA  95928","47-474675/ 47-647396","7","FIDELITY NATIONAL TITLE COMPANY 8525 MADISON AVE # 110 FAIR OAKS, CA  95628-3854","31","0402","231 MAIN ST","CHICO","04","95928","115 W 3RD ST","CHICO","95928","CA"
"605896","ACTIVE CANCEL","47 | 0","06/14/2019","05/31/2024","DBA: KING OF THAI NOODLE RESTAURNAT & BAR                        KING OF THAI NOODLE RESTAURANT & BAR INC.                         1679 E MONTE VISTA AVE, STE 108,                         VACAVILLE, CA  95688","854 ELDERBERRY LOOP                              VACAVILLE, CA  95688","47-572055/ 48-640070","7","OLD REPUBLIC TITLE COMPANY 1000 BURNETT AVE STE 400 CONCORD, CA  94520-2088","22","4806","1679 E MONTE VISTA AVE, STE 108","VACAVILLE","48","95688","854 ELDERBERRY LOOP","VACAVILLE","95688","CA"
"606451","PEND ACTIVE","09 | 1","06/20/2023","01/31/2024","DBA: NAPA WINE CELLAR                        STUDIO BEVERAGE GROUP, INC.                         2545 NAPA VALLEY CORPORATE DR, STE C,                         NAPA, CA  94558-6202","4501 MANATEE AVE WEST, STE 314                              BRADENTON , FL  34209-3952","17-607836","7,I","","27","2802","2545 NAPA VALLEY CORPORATE DR, STE C","NAPA","28","94558","4501 MANATEE AVE WEST, STE 314","BRADENTON","34209","FL"
"606451","PEND ACTIVE","12 | 1","06/20/2023","05/31/2024","DBA: NAPA WINE CELLAR                        STUDIO BEVERAGE GROUP, INC.                         2545 NAPA VALLEY CORPORATE DR, STE C,                         NAPA, CA  94558-6202","4501 MANATEE AVE WEST, STE 314                              BRADENTON , FL  34209-3952","","","","27","2802","2545 NAPA VALLEY CORPORATE DR, STE C","NAPA","28","94558","4501 MANATEE AVE WEST, STE 314","BRADENTON","34209","FL"
"606451","PEND ACTIVE","17 | 1","06/20/2023","01/31/2024","DBA: NAPA WINE CELLAR                        STUDIO BEVERAGE GROUP, INC.                         2545 NAPA VALLEY CORPORATE DR, STE C,                         NAPA, CA  94558-6202","4501 MANATEE AVE WEST, STE 314                              BRADENTON , FL  34209-3952","17-607836","7,I","","27","2802","2545 NAPA VALLEY CORPORATE DR, STE C","NAPA","28","94558","4501 MANATEE AVE WEST, STE 314","BRADENTON","34209","FL"
"606451","PEND ACTIVE","20 | 0","06/20/2023","01/31/2024","DBA: NAPA WINE CELLAR                        STUDIO BEVERAGE GROUP, INC.                         2545 NAPA VALLEY CORPORATE DR, STE C,                         NAPA, CA  94558-6202","4501 MANATEE AVE WEST, STE 314                              BRADENTON , FL  34209-3952","20-607836","7,I","","27","2802","2545 NAPA VALLEY CORPORATE DR, STE C","NAPA","28","94558","4501 MANATEE AVE WEST, STE 314","BRADENTON","34209","FL"
"606451","PEND ACTIVE","18 | 1","06/20/2023","05/31/2024","DBA: NAPA WINE CELLAR                        STUDIO BEVERAGE GROUP, INC.                         2545 NAPA VALLEY CORPORATE DR, STE C,                         NAPA, CA  94558-6202","4501 MANATEE AVE WEST, STE 314                              BRADENTON , FL  34209-3952","","","","27","2802","2545 NAPA VALLEY CORPORATE DR, STE C","NAPA","28","94558","4501 MANATEE AVE WEST, STE 314","BRADENTON","34209","FL"
"607836","ACTIVE CANCEL","09 | 1","04/27/2020","01/31/2024","DBA: NAPA WINE CELLAR                        STUDIO BEVERAGE GROUP, INC.                         1754 2ND ST, STE F,                         NAPA, CA  94559-2451","4501 MANATEE AVE W, STE 310                              BRADENTON, FL  34209-3952","17-580956/ 17-606451","7","","27","2802","1754 2ND ST, STE F","NAPA","28","94559","4501 MANATEE AVE W, STE 310","BRADENTON","34209","FL"
"607836","ACTIVE CANCEL","17 | 1","04/27/2020","01/31/2024","DBA: NAPA WINE CELLAR                        STUDIO BEVERAGE GROUP, INC.                         1754 2ND ST, STE F,                         NAPA, CA  94559-2451","4501 MANATEE AVE W, STE 310                              BRADENTON, FL  34209-3952","17-580956/ 17-606451","7","","27","2802","1754 2ND ST, STE F","NAPA","28","94559","4501 MANATEE AVE W, STE 310","BRADENTON","34209","FL"
"607836","ACTIVE CANCEL","20 | 0","04/27/2020","01/31/2024","DBA: NAPA WINE CELLAR                        STUDIO BEVERAGE GROUP, INC.                         1754 2ND ST, STE F,                         NAPA, CA  94559-2451","4501 MANATEE AVE W, STE 310                              BRADENTON, FL  34209-3952","20-580956/ 20-606451","7,I","","27","2802","1754 2ND ST, STE F","NAPA","28","94559","4501 MANATEE AVE W, STE 310","BRADENTON","34209","FL"
"608659","AUTREV ACTIVE","20 | 0","02/03/2020","01/31/2024","QUEENS SF, LLC                         1235 9TH AVE,                         SAN FRANCISCO, CA  94122-2306","","20-206216/ 20-651448","7","","24","3800","1235 9TH AVE","SAN FRANCISCO","38","94122","","","",""
"608659","AUTREV ACTIVE","20 | 0","02/03/2020","01/31/2024","QUEENS SF, LLC                         1235 9TH AVE,                         SAN FRANCISCO, CA  94122-2306","","20-206216/ 20-651448","7","","24","3800","1235 9TH AVE","SAN FRANCISCO","38","94122","","","",""
"610816","PEND ACTIVE","48 | 0","06/20/2023","05/31/2024","SPIRITED GROUP PROPERTIES LLC                         515 W 7TH ST BASEMENT,                         LOS ANGELES, CA  90014-2500","515 W 7TH ST, # 300                              LOS ANGELES, CA  90014-2505","","5,7","","4","1933","515 W 7TH ST BASEMENT","LOS ANGELES","19","90014","515 W 7TH ST, # 300","LOS ANGELES","90014","CA"
"611531","ACTIVE CANCEL","41 | 0","03/04/2020","02/29/2024","DBA: ROCKY'S BROOKLYN BASIN                        ROCKY'S BROOKLYN BASIN, INC.                         288 9TH AVE,                         OAKLAND, CA  94602","1440 LEIMERT BLVD                              OAKLAND, CA  94602-1806","","7","","22","0109","288 9TH AVE","OAKLAND","01","94602","1440 LEIMERT BLVD","OAKLAND","94602","CA"
"612226","ACTIVE CANCEL","47 | 0","02/04/2020","01/31/2024","HSH PROPERTY HOLDINGS, LLC                         140 SQUAW VALLEY RD,                         MCCLOUD, CA  96057","PO BOX 6697                              CHICO, CA  95927-6697","47-579763/ 47-647417","7","FIDELITY NATIONAL TITLE 930 EXECUTIVE WAY STE 200 REDDING, CA  96002-0635","31","4700","140 SQUAW VALLEY RD","MCCLOUD","47","96057","PO BOX 6697","CHICO","95927","CA"
"615058","ACTIVE CANCEL","41 | 0","04/15/2020","03/31/2024","DBA: DELICIOUS DISH, LLC                        DELICIOUS DISH, LLC                         18709 ARNOLD DR,                         SONOMA, CA  95476-5201","","","","","27","4900","18709 ARNOLD DR","SONOMA","49","95476","","","",""
"616141","ACTIVE CANCEL","41 | 0","07/09/2020","06/30/2024","DBA: OAKLEY TAVERN                        TAHER, MOHAMMED                         3685 MAIN ST,                         OAKLEY, CA  94561","310 WHISPERING OAKS CT                              PITTSBURG, CA  94565","","7","","22","0719","3685 MAIN ST","OAKLEY","07","94561","310 WHISPERING OAKS CT","PITTSBURG","94565","CA"
"617084","ACTIVE CANCEL","20 | 0","08/12/2020","07/31/2023","DBA: MERCADO LA CACHANILLA #3                        HUMBLE RETAILERS, INC.                         345 N AZUSA AVE,                         AZUSA, CA  91702-3440","2615 W 231ST STREET                              TORRANCE, CA  90505","20-511485/ 20-645139","","DETAIL ESCROW INC 13737 ARTESIA BLVD  STE 105 CERRITOS, CA  90703","2","1904","345 N AZUSA AVE","AZUSA","19","91702","2615 W 231ST STREET","TORRANCE","90505","CA"
"617240","ACTIVE CANCEL","02 | 0","02/01/2021","06/30/2024","DBA: BACKSTAGE WINERY                        MOUNTAIN VIEW VINTNERS LLC                         1 EXECUTIVE WAY, BLDGS 1 & 2,                         NAPA, CA  94558-6271","295 MAGNOLIA AVE                              LARKSPUR, CA  94939-2056","","","","27","2800","1 EXECUTIVE WAY, BLDGS 1 & 2","NAPA","28","94558","295 MAGNOLIA AVE","LARKSPUR","94939","CA"
"617281","SUSPEN ACTIVE","41 | 0","07/27/2020","06/30/2024","DBA: BEACH PIT BBQ                        GMD VENTURES, LLC                         30065 ALICIA PKWY, STE A,                         LAGUNA NIGUEL, CA  92677-2076","8039 SCHOLARSHIP                              IRVINE, CA  92612-5697","","","","11","3030","30065 ALICIA PKWY, STE A","LAGUNA NIGUEL","30","92677","8039 SCHOLARSHIP","IRVINE","92612","CA"
"617281","SUSPEN ACTIVE","41 | 0","07/27/2020","06/30/2024","DBA: BEACH PIT BBQ                        GMD VENTURES, LLC                         30065 ALICIA PKWY, STE A,                         LAGUNA NIGUEL, CA  92677-2076","8039 SCHOLARSHIP                              IRVINE, CA  92612-5697","","","","11","3030","30065 ALICIA PKWY, STE A","LAGUNA NIGUEL","30","92677","8039 SCHOLARSHIP","IRVINE","92612","CA"
"617390","ACTIVE CANCEL","41 | 0","06/25/2020","11/30/2023","DBA: EL PICOSITO MEXICAN GRILL                        LUPIANMANZO, SALVADOR                         479 5TH ST,                         GUSTINE, CA  95322","","41-600467/ 41-646144","","","29","2403","479 5TH ST","GUSTINE","24","95322","","","",""
"617394","SUREND CANCEL","47 | 0","08/24/2021","07/31/2023","DBA: KICK N MULE                        KNM CLAYTON LLC                         5458 YGNACIO VALLEY RD, #60,                         CONCORD, CA  94521-3802","","47-403820/ 47-647489","7","ABC ESCROW 2222 DAMON STREET  LOS ANGELES, CA  90021","22","0703","5458 YGNACIO VALLEY RD, #60","CONCORD","07","94521","","","",""
"617928","ACTIVE CANCEL","41 | 0","12/03/2020","11/30/2023","DBA: MARISCOS LA PIEDAD BAR AND GRILL                        MENDEZ, LOURDES                         1344 PARK ST,                         PASO ROBLES, CA  93446-2235","3126 SPRING ST #11                              PASO ROBLES, CA  93446","41-588254/ 41-645612","","","13","4002","1344 PARK ST","PASO ROBLES","40","93446","3126 SPRING ST #11","PASO ROBLES","93446","CA"
"619808","ACTIVE CANCEL","20 | 0","01/05/2021","12/31/2023","DBA: MERTIALLSTAR                        MERIT AUTO SPA, LLC                         465 N MCKINLEY ST,                         CORONA, CA  92879","33332 VALLEY ROAD SUITE 100                              SAN JUAN CAPISTRANO, CA  92875","","","","7","3306","465 N MCKINLEY ST","CORONA","33","92879","33332 VALLEY ROAD SUITE 100","SAN JUAN CAPISTRANO","92875","CA"
"621919","ACTIVE SUREND","23 | 0","02/09/2021","01/31/2024","DBA: G'S HARD GINGER BEER                        UNDER THE STAIRS CELLARS LLC                         935 WASHINGTON ST,                         SAN CARLOS, CA  94070-5316","661 STANTON DR                              SAINT HELENA, CA  94574-2259","","","","25","4112","935 WASHINGTON ST","SAN CARLOS","41","94070","661 STANTON DR","SAINT HELENA","94574","CA"
"622150","ACTIVE CANCEL","20 | 0","02/22/2021","01/31/2024","DBA: GALDAMEZ MINIMARKET                        GALDAMEZ, RAFAEL A                         5111 ALHAMBRA AVE,                         LOS ANGELES, CA  90032-3408","","","7","","4","1933","5111 ALHAMBRA AVE","LOS ANGELES","19","90032","","","",""
"624812","REVPEN AUTREV","47 | 0","05/13/2021","04/30/2023","DBA: BOARDWALK GRILL                        RSBR, INC                         5879 MARINA RD,                         DISCOVERY BAY, CA  94505","5879 MARINA RD                              DISCOVERY BAY, CA  94505","47-562467","7","ABC ESCROW 2222 DAMON STREET  LOS ANGELES, CA  90021","22","0700","5879 MARINA RD","DISCOVERY BAY","07","94505","5879 MARINA RD","DISCOVERY BAY","94505","CA"
"625271","ACTIVE CANCEL","47 | 0","05/21/2021","04/30/2024","DBA: CAVE, THE                        IPPY RANCH ENTERTAINMENT GROUP LLC                         40789 VILLAGE DR,                         BIG BEAR LAKE, CA  92315","46706 LAKEWOOD DR                               BIG BEAR CITY, CA  92314","47-613776/ 47-647008","7","ORANGE COAST TITLE CO 3536 CONCOURS STE 120 ONTARIO, CA  91764","7","3617","40789 VILLAGE DR","BIG BEAR LAKE","36","92315","46706 LAKEWOOD DR","BIG BEAR CITY","92314","CA"
"625271","ACTIVE CANCEL","47 | 0","05/21/2021","04/30/2024","DBA: CAVE, THE                        IPPY RANCH ENTERTAINMENT GROUP LLC                         40789 VILLAGE DR,                         BIG BEAR LAKE, CA  92315","46706 LAKEWOOD DR                               BIG BEAR CITY, CA  92314","47-613776/ 47-647008","7","ORANGE COAST TITLE CO 3536 CONCOURS STE 120 ONTARIO, CA  91764","7","3617","40789 VILLAGE DR","BIG BEAR LAKE","36","92315","46706 LAKEWOOD DR","BIG BEAR CITY","92314","CA"
"626851","ACTIVE CANCEL","42 | 0","07/23/2021","06/30/2023","DBA: WATER HOLE TAVERN                        RECORE, KATRINA RENEE                         246 N CLUFF AVE,                         LODI, CA  95240-3146","PO BOX 1208                              LOCKEFORD, CA  95237","","","","29","3902","246 N CLUFF AVE","LODI","39","95240","PO BOX 1208","LOCKEFORD","95237","CA"
"631007","PEND ACTIVE","47 | 0","06/21/2023","05/31/2024","DBA: SELLAND'S MARKET CAFE                        TJSELZIM, INC.                         5340 & 5362 H ST,                         SACRAMENTO, CA  95819","555 UNIVERSITY AVE, STE 100                              SACRAMENTO, CA  95825","","5,7","","23","3405","5340 & 5362 H ST","SACRAMENTO","34","95819","555 UNIVERSITY AVE, STE 100","SACRAMENTO","95825","CA"
"632108","PEND WITHDRAWN","47 | 0","","","DBA: GJUSTA                        HAMTRAMCK HOSPITALITY LLC                         320 SUNSET AVE,                         VENICE, CA  90291-2632","314 SUNSET AVE                              VENICE, CA  90291","549511","","CALIFORNIA BUSINESS ESCROW, INC 1748 MAIN STREET ESCALON, CA  95320","3","1933","320 SUNSET AVE","VENICE","19","90291","314 SUNSET AVE","VENICE","90291","CA"
"634353","REVPEN NREN","41 | 0","04/20/2022","03/31/2023","DBA: HOUSE OF EGGS                        HOUSE OF EGGS, INC.                         182 E VALLEY BLVD,                         COLTON, CA  92324-2936","1230 ROSEMARY CIR                              CORONA, CA  92879-7927","","","","7","3603","182 E VALLEY BLVD","COLTON","36","92324","1230 ROSEMARY CIR","CORONA","92879","CA"
"634625","ACTIVE CANCEL","02 | 0","04/06/2022","06/30/2024","DBA: PETRONI VINEYARDS                        PETRONI VINEYARDS LLC                         880 VALLEJO ST,                         NAPA, CA  94559-1823","PO BOX 467                              SONOMA, CA  95476-0467","02-379405/ 02-648029","","","27","2802","880 VALLEJO ST","NAPA","28","94559","PO BOX 467","SONOMA","95476","CA"
"635887","ACTIVE CANCEL","21 | 0","06/03/2022","05/31/2024","DBA: LAS ADELITAS                        ALGHAZALI, ADEL ABDULRAHMAN                         889 LEONG DR,                         MOUNTAIN VIEW, CA  94043","","21-605268/ 21-639123","","BUSINESS & ESCROW SERVICE CENTER 3031 TISCH WAY 310 SAN JOSE, CA  95128","25","4311","889 LEONG DR","MOUNTAIN VIEW","43","94043","","","",""
"637738","PEND ACTIVE","06 | 0","06/21/2023","05/31/2024","DBA: BEACHWOOD BREWING                        BEACHWOOD BLENDERY LLC                         3630 ATLANTIC AVE,                         LONG BEACH, CA  90807-3418","7671 WOODWIND DR                              HUNTINGTON BEACH, CA  92647-7142","","","","3","1932","3630 ATLANTIC AVE","LONG BEACH","19","90807","7671 WOODWIND DR","HUNTINGTON BEACH","92647","CA"
"637738","PEND ACTIVE","74 | 0","06/21/2023","05/31/2024","DBA: BEACHWOOD BREWING                        BEACHWOOD BLENDERY LLC                         3630 ATLANTIC AVE,                         LONG BEACH, CA  90807-3418","7671 WOODWIND DR                              HUNTINGTON BEACH, CA  92647-7142","","","","3","1932","3630 ATLANTIC AVE","LONG BEACH","19","90807","7671 WOODWIND DR","HUNTINGTON BEACH","92647","CA"
"638034","PEND ACTIVE","02 | 0","06/21/2023","06/30/2024","DBA: TOLOSA WINERY                        PHASE 2 CELLARS LLC                         241 HEALDSBURG AVE,                         HEALDSBURG, CA  95448-4103","4910 EDNA ROAD                              SAN LUIS OBISPO, CA  93401-7938","","7","","27","4902","241 HEALDSBURG AVE","HEALDSBURG","49","95448","4910 EDNA ROAD","SAN LUIS OBISPO","93401","CA"
"639039","PEND ACTIVE","41 | 0","06/20/2023","05/31/2024","DBA: BAJA TACO & GRILL                        GUZMAN UZARRAGA, LUIS ORLANDO                         460 HOLT AVE,                         HOLTVILLE, CA  92250-1254","","","","","8","1305","460 HOLT AVE","HOLTVILLE","13","92250","","","",""
"639123","PEND ACTIVE","21 | 0","06/20/2023","05/31/2024","DBA: LAS ADELITAS                        LAS ADELITAS INC                         889 LEONG DR,                         MOUNTAIN VIEW, CA  94043","","21-635887","8","","25","4311","889 LEONG DR","MOUNTAIN VIEW","43","94043","","","",""
"639154","PEND ACTIVE","47 | 0","06/20/2023","01/31/2024","DBA: WILLOW                        WILLOW MARKET, LLC                         1050 WILLOW RD,                         NIPOMO, CA  93444","PO BOX 1433                              NIPOMO, CA  93444-1433","47-599653","7","","13","4000","1050 WILLOW RD","NIPOMO","40","93444","PO BOX 1433","NIPOMO","93444","CA"
"639414","PEND ACTIVE","20 | 0","06/20/2023","05/31/2024","DBA: SUPER X MARKET                        XIONG, KAYENG                         2711 FAIRFIELD ST,                         SACRAMENTO, CA  95815-1602","","","7","","23","3405","2711 FAIRFIELD ST","SACRAMENTO","34","95815","","","",""
"639665","ACTIVE CANCEL","47 | 0","12/19/2022","11/30/2023","KALAVERAS SM INC                          28588 OLD TOWN FRONT ST , 2ND FLOOR ,                         TEMECULA, CA  92590-2750","","47-623940/ 47-646160","","GLEN OAKS ESCROW  184 NORTH CANON DRIVE SUITE B BEVERLY HILLS, CA  90210","7","3322","28588 OLD TOWN FRONT ST , 2ND FLOOR","TEMECULA","33","92590","","","",""
"639883","PEND ACTIVE","47 | 0","06/20/2023","05/31/2024","DBA: DE LUCA'S ITALIAN RESTAURANT                        ASOMBROSO INVESTMENT ENTERPRISES, INC.                         16503 WHITTIER BLVD,                         WHITTIER, CA  90603-3047","","47-572913","7","ABC ESCROW 2222 DAMON STREET  LOS ANGELES, CA  90021","2","1961","16503 WHITTIER BLVD","WHITTIER","19","90603","","","",""
"639914","ACTIVE CANCEL","41 | 0","12/07/2022","11/30/2023","DBA: LULUS CAFE                        RAKSHA GROUP OF RESTAURANTS, INC                         22312 EL PASEO, STE A,                         RANCHO SANTA MARGARITA, CA  92688-5803","22312 EL PASEO, STE A                              RANCHO SANTA MARGARITA, CA  92688-5803","","","","11","3033","22312 EL PASEO, STE A","RANCHO SANTA MARGARITA","30","92688","22312 EL PASEO, STE A","RANCHO SANTA MARGARITA","92688","CA"
"640004","PEND ACTIVE","47 | 0","06/21/2023","05/31/2024","DBA: CHASON'S CRAB STADIUM                        C.C. STADIUM, INC.                         8839 SHELDON RD,                         ELK GROVE, CA  95624-1450","","47-540933","7","FIDELITY NATIONAL TITLE 100 CENTURY CENTER CT STE 310 SAN JOSE, CA  95112","23","3407","8839 SHELDON RD","ELK GROVE","34","95624","","","",""
"640070","ACTIVE R64B","48 | 0","06/20/2023","05/31/2024","DBA: FAIRFIELD CIGAR AND BAR                        FAIRFIELD CIGAR AND VAPE INC.                          801 TEXAS ST,                         FAIRFIELD, CA  94533-5739","","47-605896","7","ABC ESCROW 2222 DAMON STREET  LOS ANGELES, CA  90021","22","4803","801 TEXAS ST","FAIRFIELD","48","94533","","","",""
"640070","ACTIVE R64B","48 | 0","06/20/2023","05/31/2024","DBA: FAIRFIELD CIGAR AND BAR                        FAIRFIELD CIGAR AND VAPE INC.                          801 TEXAS ST,                         FAIRFIELD, CA  94533-5739","","47-605896","7","ABC ESCROW 2222 DAMON STREET  LOS ANGELES, CA  90021","22","4803","801 TEXAS ST","FAIRFIELD","48","94533","","","",""
"640671","PEND ACTIVE","47 | 0","06/20/2023","05/31/2024","DBA: TAQUERIA EL GRULLENSE                        RASIL G, INC.                         2205 E WATERLOO RD,                         STOCKTON, CA  95206","1331 S WILSON WY                              STOCKTON, CA  95205","47-319316","7","","29","3905","2205 E WATERLOO RD","STOCKTON","39","95206","1331 S WILSON WY","STOCKTON","95205","CA"
"641038","ACTIVE SUREND","47 | 1","01/03/2023","12/31/2023","DBA: TILDEN HOTEL                        345 TAYLOR ST CONCESSION, LLC                         345 TAYLOR ST,                         SAN FRANCISCO, CA  94102-2004","2000 HIGH WICKHAM PL, STE 300                              LOUISVILLE, KY  40245-5909","47-578705","7","CALIFORNIA BUSINESS ESCROW INC 1748 MAIN ST ESCALON, CA  95320-1927","24","3800","345 TAYLOR ST","SAN FRANCISCO","38","94102","2000 HIGH WICKHAM PL, STE 300","LOUISVILLE","40245","KY"
"641038","ACTIVE SUREND","66 | 1","01/03/2023","12/31/2023","DBA: TILDEN HOTEL                        345 TAYLOR ST CONCESSION, LLC                         345 TAYLOR ST,                         SAN FRANCISCO, CA  94102-2004","2000 HIGH WICKHAM PL, STE 300                              LOUISVILLE, KY  40245-5909","47-578705","7","CALIFORNIA BUSINESS ESCROW INC 1748 MAIN ST ESCALON, CA  95320-1927","24","3800","345 TAYLOR ST","SAN FRANCISCO","38","94102","2000 HIGH WICKHAM PL, STE 300","LOUISVILLE","40245","KY"
"643018","ACTIVE CANCEL","20 | 0","02/22/2023","01/31/2024","DBA: DEL CERRO CHEVRON                        GENERATION ATTISHA LLC                         6301 DEL CERRO BLVD,                         SAN DIEGO, CA  92120","2940 LYTTON ST                              SAN DIEGO, CA  92110-4811","20-400652/ 20-647317","7","CHICAGO TITLE COMPANY 920 GLENNEYRE ST STE N LAGUNA BEACH, CA  92651","10","3710","6301 DEL CERRO BLVD","SAN DIEGO","37","92120","2940 LYTTON ST","SAN DIEGO","92110","CA"
"643362","PEND ACTIVE","02 | 0","06/20/2023","06/30/2024","DBA: BACKSTAGE WINERY                        MOUNTAIN VIEW VINTNERS LLC                         4162 BIG RANCH RD,                         NAPA, CA  94558-1405","295 MAGNOLIA AVE                              LARKSPUR, CA  94939-2056","02-617240","","","27","2800","4162 BIG RANCH RD","NAPA","28","94558","295 MAGNOLIA AVE","LARKSPUR","94939","CA"
"644205","PEND ACTIVE","20 | 0","06/21/2023","05/31/2024","DBA: BARVINO                        WINE4LIFE LLC                         24671 LA PLAZA, STE 1,                         DANA POINT, CA  92629-6528","","","7","","11","3028","24671 LA PLAZA, STE 1","DANA POINT","30","92629","","","",""
"644205","PEND ACTIVE","42 | 0","06/21/2023","05/31/2024","DBA: BARVINO                        WINE4LIFE LLC                         24671 LA PLAZA, STE 1,                         DANA POINT, CA  92629-6528","","","7","","11","3028","24671 LA PLAZA, STE 1","DANA POINT","30","92629","","","",""
"644270","PEND ACTIVE","47 | 0","06/20/2023","05/31/2024","DBA: ARAMARK SERVICES, INC.                        ARAMARK SERVICES, INC.                         100 S CALIFORNIA ST,                         BURBANK, CA  91505","317 E CARSON ST, STE 333                              C/O FLAHERTY & O'HARA, PITTSBURGH, PA  15219","47-369979","","CALIFORNIA BUSINESS ESCROW 1748 MAIN ST ESCALON, CA  95320-1927","5","1910","100 S CALIFORNIA ST","BURBANK","19","91505","317 E CARSON ST, STE 333","PITTSBURGH","15219","PA"
"644434","PEND ACTIVE","41 | 0","06/20/2023","05/31/2024","DBA: CUGINI'S PIZZERIA & TRATTORIA                        CUGINI SANTA MARIA LLC                         230 E BETTERAVIA RD, STE G,                         SANTA MARIA, CA  93454-7845","","41-528588","7","SUPREME ESCROW INC 3701 WILSHIRE BLVD STE 535 LOS ANGELES, CA  90010","13","4204","230 E BETTERAVIA RD, STE G","SANTA MARIA","42","93454","","","",""
"644450","PEND ACTIVE","02 | 0","07/03/2023","06/30/2024","DBA: CRANE TERRACE WINERY LLC                        CRANE TERRACE WINERY LLC                          135 CRANE TER,                         ORINDA, CA  94563-1104","","","","","22","0718","135 CRANE TER","ORINDA","07","94563","","","",""
"644472","ACTIVE CANCEL","41 | 0","06/20/2023","05/31/2024","CRISPY RICE LLC                         18709 ARNOLD DR,                         SONOMA, CA  95476-5201","PO BOX 538                              EL VERANO, CA  95433","41-615058/ 41-650089","","CALIFORNIA BUSINESS ESCROW","27","4900","18709 ARNOLD DR","SONOMA","49","95476","PO BOX 538","EL VERANO","95433","CA"
"644525","PEND ACTIVE","51 | 0","06/21/2023","05/31/2024","DBA: DELTA SKY CLUB                        DELTA AIR LINES INC                         300 WORLD WAY, TERMINAL 3,                         LEVEL 1, LOS ANGELES, CA  90045-5856","PO BOX 20574, DEPT 982  LEGAL DEPT                              ATLANTA, GA  30320-2574","","7","","3","1933","300 WORLD WAY, TERMINAL 3","LOS ANGELES","19","90045","PO BOX 20574, DEPT 982  LEGAL DEPT","ATLANTA","30320","GA"
"645139","PEND ACTIVE","20 | 0","06/20/2023","05/31/2024","DBA: LA CACHANILLA #3                        HAIFA FOOD BASKET, INC                          345 N AZUSA AVE,                         AZUSA, CA  91702-3440","","20-617084","","INLAND EMPIRE ESCROW 12794 CENTRAL AVE CHINO, CA  91710","2","1904","345 N AZUSA AVE","AZUSA","19","91702","","","",""
"645258","PEND ACTIVE","21 | 0","06/20/2023","05/31/2024","DBA: NOBLE MARKET & LIQUOR                        CT MARKET INC.                         21188 CALISTOGA ST,                         MIDDLETOWN, CA  95461","","21-547125","","OLD REPUBLIC TITLE COMPANY 1000 BURNETT AVE #400 CONCORD, CA  94520","27","1700","21188 CALISTOGA ST","MIDDLETOWN","17","95461","","","",""
"645612","PEND ACTIVE","41 | 0","06/20/2023","05/31/2024","DBA: ALIYAHS KITCHEN SEAFOOD AND GRILL                        MENDEZ, LOURDES                         1344 PARK ST,                         PASO ROBLES, CA  93446-2235","","41-617928","","","13","4002","1344 PARK ST","PASO ROBLES","40","93446","","","",""
"645768","PEND ACTIVE","41 | 0","06/20/2023","05/31/2024","DBA: ROUND TABLE PIZZA LANCASTER                        LANCASTER PIZZA INC                          44204 10TH ST W,                         LANCASTER, CA  93534","2968 FRANK BROWN LANE                              TRACY, CA  95377","41-176068","7","FIDELITY NATIONAL 42544 10TH STREET W  STE C  LANCASTER, CA  93534","5","1980","44204 10TH ST W","LANCASTER","19","93534","2968 FRANK BROWN LANE","TRACY","95377","CA"
"645913","PEND ACTIVE","21 | 0","06/20/2023","05/31/2024","DBA: SUPER LIQUOR 5                        SUPER LIQUOR C-STORE, INC.                         4045 N FIG GARDEN DR, STE 107,                         FRESNO, CA  93722-6054","2535 W LAKE VAN NESS CIR                              FRESNO, CA  93711","21-513548","7","","21","1005","4045 N FIG GARDEN DR, STE 107","FRESNO","10","93722","2535 W LAKE VAN NESS CIR","FRESNO","93711","CA"
"646046","PEND ACTIVE","47 | 0","06/20/2023","05/31/2024","DBA: CORNER POCKET                        JSE BILLIARDS LLC                         3216 MING AVE STE B,                         BAKERSFIELD, CA  93304-4153","4307 GLENCANNON ST                              BAKERSFIELD, CA  93308","47-561805","7","PLACER TITLE COMPANY 3900 COFFEE RD STE 7 BAKERSFIELD, CA  93308-5051","6","1501","3216 MING AVE STE B","BAKERSFIELD","15","93304","4307 GLENCANNON ST","BAKERSFIELD","93308","CA"
"646084","PEND ACTIVE","20 | 0","06/20/2023","05/31/2024","DBA: WH MARKET                        WH MARKET LLC                         2124 WINTERHAVEN DR,                         WINTERHAVEN, CA  92283","1319 JACARANDA DR                              EL CENTRO, CA  92243-6171","20-591285","","TIME ESCROW INC 3055 WILSHIRE BLVD STE 1150 LOS ANGELES, CA  90010-1176","8","1300","2124 WINTERHAVEN DR","WINTERHAVEN","13","92283","1319 JACARANDA DR","EL CENTRO","92243","CA"
"646144","PEND ACTIVE","41 | 0","06/20/2023","11/30/2024","DBA: EL PICOSITO MEXICAN GRILL                        EL PICOSITO MEXICAN GRILL INC.                         479 5TH ST,                         GUSTINE, CA  95322","","41-617390","8","","29","2403","479 5TH ST","GUSTINE","24","95322","","","",""
"646160","PEND ACTIVE","47 | 0","06/20/2023","05/31/2024","DBA: KALAVERAS                        KALAVERAS TM INC                         28588 OLD TOWN FRONT ST , 2ND FLOOR ,                         TEMECULA, CA  92590-2750","","47-639665","","","7","3322","28588 OLD TOWN FRONT ST , 2ND FLOOR","TEMECULA","33","92590","","","",""
"646263","PEND ACTIVE","41 | 0","06/21/2023","11/30/2024","DBA: ANGOTEI                        ENDO, HISAFUMI                         3033 BRISTOL ST #117,                         COSTA MESA, CA  92626-3091","","41-461284","","","11","3004","3033 BRISTOL ST #117","COSTA MESA","30","92626","","","",""
"646376","PEND ACTIVE","41 | 0","06/20/2023","05/31/2024","DBA: RAYMONDS CHINESE RESTAURANT                        LI'S CHINESE RESTAURANT INC                         1709 PALMETTO AVE,                         PACIFICA, CA  94044-2224","","41-470354","","UGM ASSOCIATES 739 WASHINGTON ST STE 300 SAN FRANCISCO, CA  94108","25","4109","1709 PALMETTO AVE","PACIFICA","41","94044","","","",""
"646380","PEND ACTIVE","41 | 0","06/21/2023","05/31/2024","DBA: BEACH HUT DELI                        JAGS947 INC.                         110 GATEWAY DR, STE 150,                         LINCOLN, CA  95648-3306","1392 STANDISH CIR                              LINCOLN, CA  95648-3287","41-560035","","OLD REPUBLIC TITLE COMPANY 1000 BURNETT AVE STE 400 CONCORD, CA  94520-2088","23","3103","110 GATEWAY DR, STE 150","LINCOLN","31","95648","1392 STANDISH CIR","LINCOLN","95648","CA"
"646410","PEND ACTIVE","48 | 0","06/21/2023","05/31/2024","DBA: TURKEY INN                        TURKEY INN INC                         716 MAIN ST,                         RAMONA, CA  92065","","48-246556","","THE HERITAGE ESCROW COMPANY 2550 FIFTH AVE SUITE 800 SAN DIEGO, CA  92103","9","3700","716 MAIN ST","RAMONA","37","92065","","","",""
"646638","PEND ACTIVE","47 | 0","06/20/2023","05/31/2024","DBA: THE HARLEQUIN                        HARLEQUIN GROUP LLC THE                         68 4TH ST,                         SAN FRANCISCO, CA  94103-3102","45 ERVINE ST                              SAN FRANCISCO, CA  94134-2200","47-267398","","MCGOVERN ESCROW SERVICE 436 14TH ST SUITE 1015 OAKLAND, CA  94612","24","3800","68 4TH ST","SAN FRANCISCO","38","94103","45 ERVINE ST","SAN FRANCISCO","94134","CA"
"646668","PEND ACTIVE","80 | 0","06/20/2023","12/31/2023","DBA: 1906 LODGE                        GNI FOOD & BEVERAGE, LLC                         1060 ADELLA AVE,                         CORONADO, CA  92118-2908","11500 W OLYMPIC BLVD, STE 345                              LOS ANGELES, CA  90064-1528","80-595927","7","","10","3703","1060 ADELLA AVE","CORONADO","37","92118","11500 W OLYMPIC BLVD, STE 345","LOS ANGELES","90064","CA"
"646722","PEND ACTIVE","20 | 0","06/20/2023","05/31/2024","DBA: ARCO AM/PM                        CMB PETROLEUM, INC                         4498 CLAIREMONT MESA BLVD,                         SAN DIEGO, CA  92117-2054","4498 CLAIREMONT MESA BLVD                              SAN DIEGO, CA  92117-2054","20-524882","","ALLISON - MCCLOSKEY 4820 EL CAJON BLVD SAN DIEGO, CA  92115-4695","10","3710","4498 CLAIREMONT MESA BLVD","SAN DIEGO","37","92117","4498 CLAIREMONT MESA BLVD","SAN DIEGO","92117","CA"
"646733","PEND ACTIVE","02 | 0","07/03/2023","06/30/2024","DBA: OURS WINES                        OURS WINES, LLC                         2925 ANDERSON RD,                         PASO ROBLES, CA  93446-6610","1350 VISTA DEL LAGO                              SAN LUIS OBISPO, CA  93405","","","","13","4000","2925 ANDERSON RD","PASO ROBLES","40","93446","1350 VISTA DEL LAGO","SAN LUIS OBISPO","93405","CA"
"646745","PEND ACTIVE","20 | 0","06/20/2023","05/31/2024","DBA: ONE STOP MOBIL                         CHESTER FUEL, LLC                         402 S CHESTER AVE,                         BAKERSFIELD, CA  93304-3653","21031 VENTURA BLVD STE 1106                              WOODLAND HILLS, CA  91364","20-589661","","CALIFORNIA BUSINESS ESCROW INC 1748 MAIN STREET ESCALON, CA  95320","6","1501","402 S CHESTER AVE","BAKERSFIELD","15","93304","21031 VENTURA BLVD STE 1106","WOODLAND HILLS","91364","CA"
"646883","PEND ACTIVE","23 | 0","06/20/2023","02/29/2024","DBA: DUST BOWL BREWING CO.                        DUST BOWL BREWING CO LLC                         3034 W JACK LONDON BLVD, SPC D-3,                         LIVERMORE, CA  94551-7609","3000 FULKERTH RD                              TURLOCK, CA  95380","","7","","22","0107","3034 W JACK LONDON BLVD, SPC D-3","LIVERMORE","01","94551","3000 FULKERTH RD","TURLOCK","95380","CA"
"647008","PEND ACTIVE","47 | 0","06/20/2023","05/31/2024","DBA: CAVE, THE                        STONE ENTERTAINMENT GROUP INC                         40789 VILLAGE DR,                         BIG BEAR LAKE, CA  92315","8613 HELMS AVE                              RANCHO CUCAMONGA, CA  91730-4521","47-625271","7","ORANGE COAST TITLE CO 3536 CONCOURS STE 120 ONTARIO, CA  91764","7","3617","40789 VILLAGE DR","BIG BEAR LAKE","36","92315","8613 HELMS AVE","RANCHO CUCAMONGA","91730","CA"
"647008","PEND ACTIVE","47 | 0","06/20/2023","05/31/2024","DBA: CAVE, THE                        STONE ENTERTAINMENT GROUP INC                         40789 VILLAGE DR,                         BIG BEAR LAKE, CA  92315","8613 HELMS AVE                              RANCHO CUCAMONGA, CA  91730-4521","47-625271","7","ORANGE COAST TITLE CO 3536 CONCOURS STE 120 ONTARIO, CA  91764","7","3617","40789 VILLAGE DR","BIG BEAR LAKE","36","92315","8613 HELMS AVE","RANCHO CUCAMONGA","91730","CA"
"647048","PEND ACTIVE","20 | 0","06/20/2023","05/31/2024","DBA: JIMMYS MARKET                        JIMMYS MARKET LLC                         154 W MARKET ST,                         SALINAS, CA  93901","","20-587793","","JRG ATTORNEYS AT LAW 270 EL DORADO ST MONTEREY, CA  93940","26","2708","154 W MARKET ST","SALINAS","27","93901","","","",""
"647082","PEND ACTIVE","21 | 0","06/20/2023","05/31/2024","ALI, ANEES TAHER MOHAMED                         401 MAZE BLVD,                         MODESTO, CA  95351","325 MAZE BLVD                              MODESTO, CA  95351","21-543281","7","CALIFORNIA BUSINESS ESCROW INC 1748 MAIN ST ESCALON, CA  95320-1927","29","5002","401 MAZE BLVD","MODESTO","50","95351","325 MAZE BLVD","MODESTO","95351","CA"
"647151","PEND ACTIVE","47 | 0","06/20/2023","05/31/2024","DBA: CIRINO'S AT MAIN STREET                        CIRINOS AT MAIN ST., INC.                         213-215 W MAIN ST,                         GRASS VALLEY, CA  95945","12647 COLFAX HWY                              GRASS VALLEY, CA  95945","47-404064","7","","23","2901","213-215 W MAIN ST","GRASS VALLEY","29","95945","12647 COLFAX HWY","GRASS VALLEY","95945","CA"
"647226","PEND ACTIVE","02 | 0","07/03/2023","06/30/2024","DBA: QUINTESSENTIAL                        QUINTESSENTIAL LLC                         6705 CRISTO LN,                         SANTA ROSA, CA  95409-6494","1310 2ND ST                              NAPA, CA  94559-2941","","7","","27","4900","6705 CRISTO LN","SANTA ROSA","49","95409","1310 2ND ST","NAPA","94559","CA"
"647234","PEND ACTIVE","41 | 0","06/20/2023","05/31/2024","DBA: THAI CURRY RESTAURANT                        KAEWPRASERT, KATHLEEN                         96 MCALLISTER ST,                         SAN FRANCISCO, CA  94102-3814","","","7","","24","3800","96 MCALLISTER ST","SAN FRANCISCO","38","94102","","","",""
"647257","PEND ACTIVE","41 | 0","06/20/2023","05/31/2024","DBA: JOHNNY WOKKER                         KHAMMANH, JOHNNY                          1139 E MARCH LN, STE B,                         STOCKTON, CA  95210","","41-580332","","LAW OFFICES OF JOHN KHOO 3000 T ST STE 104 SACRAMENTO, CA  95816","29","3905","1139 E MARCH LN, STE B","STOCKTON","39","95210","","","",""
"647263","PEND ACTIVE","42 | 0","06/20/2023","05/31/2024","DBA: WATER HOLE TAVERN                         PAPPAS, NICOLE  MARIE                          246 N CLUFF AVE,                         LODI, CA  95240-3146","PO BOX 1208                              LOCKEFORD, CA  95237","42-626851","","LENNAR TITLE, INC.  7555 N PALM AVENUE SUITE 210 FRESNO, CA  93711","29","3902","246 N CLUFF AVE","LODI","39","95240","PO BOX 1208","LOCKEFORD","95237","CA"
"647317","PEND ACTIVE","20 | 0","06/20/2023","05/31/2024","DBA: DEL CERRO EXTRA MILE                        DEL CERRO TEAM INC                         6301 DEL CERRO BLVD,                         SAN DIEGO, CA  92120","2940 LYTTON ST                              SAN DIEGO, CA  92110-4811","20-643018","7","","10","3710","6301 DEL CERRO BLVD","SAN DIEGO","37","92120","2940 LYTTON ST","SAN DIEGO","92110","CA"
"647388","PEND ACTIVE","41 | 0","06/20/2023","05/31/2024","DBA: DANNY'S DELI & GRILL                        K & V LLC                         3263 TELEGRAPH RD,                         VENTURA, CA  93003-3220","","41-460624","7","OLD REPUBLIC TITLE CO 1000 BURNETT AVE STE 400 CONCORD, CA  94520-2088","12","5606","3263 TELEGRAPH RD","VENTURA","56","93003","","","",""
"647396","PEND ACTIVE","68 | 2","06/20/2023","05/31/2024","DBA: BELLA'S SPORTS PUB                        ISABELLA'S SPORTS PUB, INC                         231 MAIN ST,                         CHICO, CA  95928","","47-602471","7","NONE","31","0402","231 MAIN ST","CHICO","04","95928","","","",""
"647396","PEND ACTIVE","58 | 2","06/20/2023","05/31/2024","DBA: BELLA'S SPORTS PUB                        ISABELLA'S SPORTS PUB, INC                         231 MAIN ST,                         CHICO, CA  95928","","47-602471","7","NONE","31","0402","231 MAIN ST","CHICO","04","95928","","","",""
"647396","PEND ACTIVE","47 | 2","06/20/2023","05/31/2024","DBA: BELLA'S SPORTS PUB                        ISABELLA'S SPORTS PUB, INC                         231 MAIN ST,                         CHICO, CA  95928","","47-602471","7","NONE","31","0402","231 MAIN ST","CHICO","04","95928","","","",""
"647417","PEND ACTIVE","47 | 0","06/20/2023","05/31/2024","DBA: GIGI'S CAFE FIORUCCI                        FIORUCCI, JAMES TARCISO                         610 S MOUNT SHASTA BLVD,                         MOUNT SHASTA, CA  96067-2530","","47-612226","","FIDELITY 2100 MARKET ST STE 100 REDDING, CA  96001","31","4706","610 S MOUNT SHASTA BLVD","MOUNT SHASTA","47","96067","","","",""
"647420","PEND ACTIVE","41 | 0","06/21/2023","05/31/2024","DBA: ROAD TO SEOUL                        YEONU LA INC                         1 W MAIN ST,                         ALHAMBRA, CA  91801-3510","","41-604674","","UNITY ESCROW INC 3600 WILSHIRE BLVD STE 900 LOS ANGELES, CA  90010-2613","2","1901","1 W MAIN ST","ALHAMBRA","19","91801","","","",""
"647435","PEND ACTIVE","41 | 0","06/20/2023","05/31/2024","LUMPIA COMPANY, LLC THE                         288 9TH AVE,                         OAKLAND, CA  94602","372 24TH ST                              OAKLAND, CA  94606","41-611531","7","SUPREME ESCROW INC 3701 WILSHIRE BLVD STE 535 LOS ANGELES, CA  90010","22","0109","288 9TH AVE","OAKLAND","01","94602","372 24TH ST","OAKLAND","94606","CA"
"647489","PEND ACTIVE","47 | 0","06/20/2023","05/31/2024","DBA: MARINA BAR AND GRILL                        MARINA BAR AND GRILL                          5879 MARINA RD,                         DISCOVERY BAY, CA  94505","","47-617394","7","ABC ESCROW 2222 DAMON STREET  LOS ANGELES, CA  90021","22","0700","5879 MARINA RD","DISCOVERY BAY","07","94505","","","",""
"647498","PEND ACTIVE","41 | 0","06/20/2023","05/31/2024","DBA: SAKURA SUSHI #2                        ASIAN SAKURA SUSHI                         5542 CLARK RD,                         PARADISE, CA  95969-5106","","","7","","31","0405","5542 CLARK RD","PARADISE","04","95969","","","",""
"647652","PEND ACTIVE","20 | 0","06/21/2023","05/31/2024","DUNNIGAN MARKET INC                         29020 COUNTY ROAD 6,                         DUNNIGAN, CA  95937","1701 LEE CT                              WOODLAND, CA  95776","20-635532","","CAPITOL CITY ESCROW INC 3838 WATT AVE #F610 SACRAMENTO, CA  95821","23","5700","29020 COUNTY ROAD 6","DUNNIGAN","57","95937","1701 LEE CT","WOODLAND","95776","CA"
"647658","PEND ACTIVE","48 | 0","06/20/2023","05/31/2024","DBA: RAIL, THE                        PELIVAR LLC                         3796 5TH AVE,                         SAN DIEGO, CA  92103","1050 ABETO CT                              CHULA VISTA, CA  91910","48-321301","7","HERITAGE ESCROW 2550 5TH AVE STE 800 SAN DIEGO, CA  92103","10","3710","3796 5TH AVE","SAN DIEGO","37","92103","1050 ABETO CT","CHULA VISTA","91910","CA"
"647718","PEND ACTIVE","42 | 1","06/26/2023","05/31/2024","DBA: CRAFT & CORK                        NVG ASSOCIATES LLC                         700 MAIN ST, STE 110,                         SUISUN CITY, CA  94585-2494","","42-594093","7","CAPITAL CITY ESCROW 3838 WATT AVE #F610 SACRAMENTO, CA  95821","22","4805","700 MAIN ST, STE 110","SUISUN CITY","48","94585","","","",""
"647718","PEND ACTIVE","58 | 1","06/26/2023","05/31/2024","DBA: CRAFT & CORK                        NVG ASSOCIATES LLC                         700 MAIN ST, STE 110,                         SUISUN CITY, CA  94585-2494","","42-594093","7","CAPITAL CITY ESCROW 3838 WATT AVE #F610 SACRAMENTO, CA  95821","22","4805","700 MAIN ST, STE 110","SUISUN CITY","48","94585","","","",""
"647732","PEND ACTIVE","21 | 0","06/21/2023","05/31/2024","DBA: KWIKEE MART GAS & FOOD                        KWIKEE MART GAS & FOOD                         3990 ESPLANADE ,                         CHICO, CA  95973","","21-477918","","CALIFORNIA BUSINESS ESCROW 1748 MAIN ST ESCALON, CA  95320-1927","31","0400","3990 ESPLANADE","CHICO","04","95973","","","",""
"647737","PEND ACTIVE","41 | 0","06/20/2023","05/31/2024","DBA: FUKU RAMEN                        DAYMEI CROP                         2110 CLEMENT ST,                         SAN FRANCISCO, CA  94121-2017","","","","","24","3800","2110 CLEMENT ST","SAN FRANCISCO","38","94121","","","",""
"647763","PEND ACTIVE","20 | 0","06/20/2023","05/31/2024","DBA: GALDAMEZ MINI MARKET                         MARONIAN, RAFFI SHAWN                         5111 ALHAMBRA AVE,                         LOS ANGELES, CA  90032-3408","","20-622150","7","M ESCROW INC. 10727 PARAMOUNT BLVD UNIT 7 DOWNEY, CA  90241","4","1933","5111 ALHAMBRA AVE","LOS ANGELES","19","90032","","","",""
"647807","PEND ACTIVE","41 | 0","06/20/2023","05/31/2024","DBA: LUCCA                        3348 STEINER INC                         3348 STEINER ST,                         SAN FRANCISCO, CA  94123-2707","837 JEFFERSON AVE                              REDWOOD CITY, CA  94063-1803","41-538610","","OLD REPUBLIC TITLE COMPANY 1000 BURNETT AVE #400 CONCORD, CA  94520","24","3800","3348 STEINER ST","SAN FRANCISCO","38","94123","837 JEFFERSON AVE","REDWOOD CITY","94063","CA"
"647875","PEND ACTIVE","41 | 0","06/21/2023","05/31/2024","MAMMA GELA LLC                          7274-76 MELROSE AVE,                         LOS ANGELES, CA  90046-7667","12100 WILSHIRE BLVD, STE 800                              LOS ANGELES, CA  90025-7140","41-628420","7","GLEN OAKS ESCROW  184 NORTH CANON DRIVE SUITE B BEVERLY HILLS, CA  90210","4","1933","7274-76 MELROSE AVE","LOS ANGELES","19","90046","12100 WILSHIRE BLVD, STE 800","LOS ANGELES","90025","CA"
"647953","PEND ACTIVE","47 | 0","06/20/2023","05/31/2024","DBA: PRESTIGE                        IMPERIAL CENTER CSO, LLC                         1111 YOURMAN RD,                         HEBER, CA  92249-9706","26 WHARFSIDE DR                              NEWPORT COAST, CA  92612","47-526977","","CALIFORNIA BUSINESS ESCROW INC 1748 MAIN STREET ESCALON, CA  95320","8","1300","1111 YOURMAN RD","HEBER","13","92249","26 WHARFSIDE DR","NEWPORT COAST","92612","CA"
"647966","PEND ACTIVE","41 | 0","06/20/2023","05/31/2024","DBA: K & S FOOD STORE                        KULS PLACE INC                         2126 TAFT HWY, SUITE B & C,                         BAKERSFIELD, CA  93313-9734","2126 TAFT HWY, SUITE B & C                              BAKERSFIELD, CA  93313-9734","41-597089","","","6","1501","2126 TAFT HWY, SUITE B & C","BAKERSFIELD","15","93313","2126 TAFT HWY, SUITE B & C","BAKERSFIELD","93313","CA"
"648021","PEND ACTIVE","41 | 0","06/20/2023","05/31/2024","DBA: WOODY'S AT THE MESA                        WOODY'S AT THE AIRPORT                         500 DEL MESA DR,                         CARMEL, CA  93923","200 FRED KANE DR, STE 201                              MONTEREY, CA  93940","","","","26","2700","500 DEL MESA DR","CARMEL","27","93923","200 FRED KANE DR, STE 201","MONTEREY","93940","CA"
"648029","PEND ACTIVE","02 | 0","06/20/2023","06/30/2024","DBA: PETRONI VINEYARDS                        PETRONI VINEYARDS LLC                         10200 SONOMA HWY,                         KENWOOD, CA  95452","PO BOX 467                              SONOMA, CA  95476-0467","02-634625","","","27","4900","10200 SONOMA HWY","KENWOOD","49","95452","PO BOX 467","SONOMA","95476","CA"
"648066","PEND ACTIVE","41 | 0","06/20/2023","04/30/2024","DBA: IZAKAYA K                        IZAKAYA K                         5708 E LOS ANGELES AVE,                         SIMI VALLEY, CA  93063-5217","","41-592098","7,8","","12","5609","5708 E LOS ANGELES AVE","SIMI VALLEY","56","93063","","","",""
"648223","PEND WITHDRAWN","20 | 0","","","ZUMA BEACH 63 LLC                         3426 N DINUBA BLVD, STE 101,                         VISALIA, CA  93291-7715","","640067","","LENNAR TITLE 7555 N PALM AVE STE 210 FRESNO, CA  93711","21","5406","3426 N DINUBA BLVD, STE 101","VISALIA","54","93291","","","",""
"649234","ACTIVE CANCEL","47 | 1","06/21/2023","11/30/2023","DBA: HOTEL G                        SAN FRANCISCO HOTEL LICENSING, LLC                         398 GEARY ST,                         SAN FRANCISCO, CA  94102-1802","1250 BROADWAY, 10TH FL                              NEW YORK, NY  10001-3727","47-630313/ 47-649755","","","24","3800","398 GEARY ST","SAN FRANCISCO","38","94102","1250 BROADWAY, 10TH FL","NEW YORK","10001","NY"
"649234","ACTIVE CANCEL","47 | 1","06/21/2023","11/30/2023","DBA: HOTEL G                        SAN FRANCISCO HOTEL LICENSING, LLC                         398 GEARY ST,                         SAN FRANCISCO, CA  94102-1802","1250 BROADWAY, 10TH FL                              NEW YORK, NY  10001-3727","47-630313/ 47-649755","","","24","3800","398 GEARY ST","SAN FRANCISCO","38","94102","1250 BROADWAY, 10TH FL","NEW YORK","10001","NY"
"649234","ACTIVE CANCEL","66 | 1","06/21/2023","11/30/2023","DBA: HOTEL G                        SAN FRANCISCO HOTEL LICENSING, LLC                         398 GEARY ST,                         SAN FRANCISCO, CA  94102-1802","1250 BROADWAY, 10TH FL                              NEW YORK, NY  10001-3727","47-630313/ 47-649755","","","24","3800","398 GEARY ST","SAN FRANCISCO","38","94102","1250 BROADWAY, 10TH FL","NEW YORK","10001","NY"
"649282","PEND ACTIVE","41 | 0","06/20/2023","06/30/2024","DBA: OAKLEY TAVERN                        ZALMAIYAR, MOHAMMAD NAIM                         3685 MAIN ST,                         OAKLEY, CA  94561","310 WHISPERING OAKS CT                              PITTSBURG, CA  94565","41-616141/ 41-653031","7","","22","0719","3685 MAIN ST","OAKLEY","07","94561","310 WHISPERING OAKS CT","PITTSBURG","94565","CA"
"649320","PEND ACTIVE","79 | 0","06/21/2023","06/30/2024","DBA: RANCHO DE LOS VIAJEROS VINEYARD @ TEHACHAPI FARMER'S MARKET                        RANCHO DE LOS VIAJEROS VINEYARD LLC                         CENTENNIAL PLAZA, GREEN STREET,                         TEHACHAPI, CA  93561","22701 HWY 202                              TEHACHAPI, CA  93561","","","","6","1507","CENTENNIAL PLAZA, GREEN STREET","TEHACHAPI","15","93561","22701 HWY 202","TEHACHAPI","93561","CA"
"649465","PEND WITHDRAWN","42 | 0","","","DBA: STRANGE MAGIC BOTTLESHOP                        RAMONA NONINO LLC                         274 MAGNOLIA AVE,                         LARKSPUR, CA  94939-2076","","643200","","CALIFORNIA BUSINESS ESCROW INC 1748 MAIN ST ESCALON, CA  95320-1927","27","2104","274 MAGNOLIA AVE","LARKSPUR","21","94939","","","",""