"License Number","Status Changed From/To","Type| Dup","Original Issue Date","Expir. Date","Primary Owner and Premises Addr.","Mailing Addr.","Transfer-From/To","Conditions","Escrow","District Code","Geo Code","Prem Street","City","County","Zip Code","Mailing Street","Mailing City","Mailing Zip Code","Mailing State"
"213183","ACTIVE CANCEL","41 | 0","04/27/1988","03/31/2024","DBA: RED JADE RESTAURANT                        YANNAN INC                         245 CHURCH ST,                         SAN FRANCISCO, CA  94114","","","7","","24","3800","245 CHURCH ST","SAN FRANCISCO","38","94114","","","",""
"267280","ACTIVE CANCEL","48 | 1","02/14/1992","10/31/2024","DBA: HIFI                        MAXIMUM PRODUCTIONS INC                         2125 LOMBARD ST,                         SAN FRANCISCO, CA  94123","566 10TH AVE                              SAN FRANCISCO, CA  94118-3638","","","","24","3800","2125 LOMBARD ST","SAN FRANCISCO","38","94123","566 10TH AVE","SAN FRANCISCO","94118","CA"
"267280","ACTIVE CANCEL","58 | 1","02/14/1992","10/31/2024","DBA: HIFI                        MAXIMUM PRODUCTIONS INC                         2125 LOMBARD ST,                         SAN FRANCISCO, CA  94123","566 10TH AVE                              SAN FRANCISCO, CA  94118-3638","","","","24","3800","2125 LOMBARD ST","SAN FRANCISCO","38","94123","566 10TH AVE","SAN FRANCISCO","94118","CA"
"331130","ACTIVE CANCEL","41 | 0","06/20/1997","05/31/2024","DBA: TUCK BOX THE                        LETOWT, DIANNE E                         DOLORES BTW OCEAN & SEVENTH E/S,                         CARMEL, CA  93921","PO BOX TT                              CARMEL, CA  93921","","7","","26","2701","DOLORES BTW OCEAN & SEVENTH E/S","CARMEL","27","93921","PO BOX TT","CARMEL","93921","CA"
"350635","ACTIVE CANCEL","48 | 0","03/04/1999","02/29/2024","DBA: BADLANDS                        SAN FRANCISCO BADLANDS INC                         4121 18TH ST,                         SAN FRANCISCO, CA  94114","","48-58279/ 48-653691","","","24","3800","4121 18TH ST","SAN FRANCISCO","38","94114","","","",""
"371590","ACTIVE CANCEL","21 | 0","03/09/2001","02/29/2024","DBA: INTERNATIONAL LIQUOR                        SUKKAH INCORPORATED                         9250-3 RESEDA BLVD,                         NORTHRIDGE, CA  91324-3142","","21-329369/ 21-650232","","","5","1933","9250-3 RESEDA BLVD","NORTHRIDGE","19","91324","","","",""
"416317","ACTIVE CANCEL","41 | 0","09/14/2004","08/31/2024","DBA: DA MAAT RESTAURANT                        GOODNEWS FOOD CORPORATION                         2814 SEPULVEDA BLVD, STE G,                         TORRANCE, CA  90505","","41-390105/ 41-651582","7","","3","1958","2814 SEPULVEDA BLVD, STE G","TORRANCE","19","90505","","","",""
"434379","SUREND CANCEL","47 | 0","02/01/2006","01/31/2024","DBA: KATE OBRIENS                        KATE OBRIENS INC                         577 HOWARD ST,                         SAN FRANCISCO, CA  94105-4635","3288 21ST ST, #140                              SAN FRANCISCO, CA  94110","47-298012/ 48-650720","","","24","3800","577 HOWARD ST","SAN FRANCISCO","38","94105","3288 21ST ST, #140","SAN FRANCISCO","94110","CA"
"453849","ACTIVE CANCEL","41 | 0","12/03/2014","11/30/2024","DBA: EUREKA NATURAL FOODS                        LITTLEFIELD, BETTY JEAN                         1450 BROADWAY ST,                         EUREKA, CA  95501-0134","","","","","28","1203","1450 BROADWAY ST","EUREKA","12","95501","","","",""
"500486","ACTIVE CANCEL","41 | 0","09/15/2010","08/31/2024","DBA: HARA SUSHI                        CHOI, BYONG ROK                          12222 WILSHIRE BLVD, STE 101,                         LOS ANGELES, CA  90025-1169","","41-449147/ 41-654618","7","TOWER ESCROW 3600 WILSHIRE BLVD STE 426 LOS ANGELES, CA  90010-2608","4","1933","12222 WILSHIRE BLVD, STE 101","LOS ANGELES","19","90025","","","",""
"509692","ACTIVE CANCEL","41 | 0","07/08/2011","06/30/2024","DBA: SUSHI AJITO                        YOU N I WITH J INC                         1302 N HIGHLAND AVE,                         LOS ANGELES, CA  90028-7609","","","7","","4","1933","1302 N HIGHLAND AVE","LOS ANGELES","19","90028","","","",""
"533608","ACTIVE CANCEL","41 | 0","07/17/2013","06/30/2024","DBA: ROSALBAJS MEXICAN RESTAURANT                        PONCE URIBE, MARIA R                         1402 W COLONY RD, STE D,                         RIPON, CA  95366-9442","1109 MONTAVENIA DR                              MODESTO, CA  95358","","","","29","3904","1402 W COLONY RD, STE D","RIPON","39","95366","1109 MONTAVENIA DR","MODESTO","95358","CA"
"541842","ACTIVE CANCEL","47 | 0","01/02/2015","12/31/2024","DBA: OLLO                        COOGIES INC                         23755 MALIBU RD, STE 100,                         MALIBU, CA  90265-4650","1880 CENTURY PARK EAST, STE 1600                              LOS ANGELES, CA  90067-1661","47-472204/ 47-651618","7","ABC ESCROW 12304 SANTA MONICA BLVD STE 100 LOS ANGELES, CA  90025-2586","5","1988","23755 MALIBU RD, STE 100","MALIBU","19","90265","1880 CENTURY PARK EAST, STE 1600","LOS ANGELES","90067","CA"
"556440","ACTIVE CANCEL","20 | 0","06/12/2015","06/30/2024","DBA: CARNICERIA ROSITA                        TOSCANO, JORGE ALBERTO                          1080 N MAIN ST,                         MANTECA, CA  95336-3745","2667 E JUNCTION DR                              MANTECA, CA  95336","20-364742/ 20-654336","","","29","3903","1080 N MAIN ST","MANTECA","39","95336","2667 E JUNCTION DR","MANTECA","95336","CA"
"560300","ACTIVE CANCEL","47 | 0","02/05/2016","01/31/2024","DBA: DEVINE SWINE                        RSRT, LLC                         825 W ROSEBURG AVE,                         MODESTO, CA  95350","","47-119109/ 47-654378","7","","29","5002","825 W ROSEBURG AVE","MODESTO","50","95350","","","",""
"564819","ACTIVE CANCEL","41 | 0","07/25/2016","06/30/2024","DBA: NORTHWEST INVESTMENT CO/EUREKA NATURAL FOODS MCKINLEYVILLE                        LITTLEFIELD, BENJAMIN BRADLEY                         2165 CENTRAL AVE,                         MCKINLEYVILLE, CA  95519-3623","1450 BROADWAY ST                              EUREKA, CA  95501-0134","","","","28","1200","2165 CENTRAL AVE","MCKINLEYVILLE","12","95519","1450 BROADWAY ST","EUREKA","95501","CA"
"572852","ACTIVE CANCEL","41 | 0","12/02/2016","11/30/2024","DBA: SHOGUN SUSHI                        FICKER, DAVID NORMAN                         7330 FAIR OAKS BLVD, STE 10,                         CARMICHAEL, CA  95608-1771","","","7","","23","3400","7330 FAIR OAKS BLVD, STE 10","CARMICHAEL","34","95608","","","",""
"575029","PEND ACTIVE","09 | 1","01/10/2024","12/31/2024","DBA: DENALI ESTATE, INC.                        DENALI ESTATE, INC.                         360 TAPLIN RD,                         SAINT HELENA, CA  94574-9601","PO BOX 7678                              KETCHUM, ID  83340-7124","","7","","27","2800","360 TAPLIN RD","SAINT HELENA","28","94574","PO BOX 7678","KETCHUM","83340","ID"
"575029","PEND ACTIVE","17 | 1","01/10/2024","12/31/2024","DBA: DENALI ESTATE, INC.                        DENALI ESTATE, INC.                         360 TAPLIN RD,                         SAINT HELENA, CA  94574-9601","PO BOX 7678                              KETCHUM, ID  83340-7124","","7","","27","2800","360 TAPLIN RD","SAINT HELENA","28","94574","PO BOX 7678","KETCHUM","83340","ID"
"575029","PEND ACTIVE","20 | 0","01/10/2024","12/31/2024","DBA: DENALI ESTATE, INC.                        DENALI ESTATE, INC.                         360 TAPLIN RD,                         SAINT HELENA, CA  94574-9601","PO BOX 7678                              KETCHUM, ID  83340-7124","","7,I","","27","2800","360 TAPLIN RD","SAINT HELENA","28","94574","PO BOX 7678","KETCHUM","83340","ID"
"575281","ACTIVE CANCEL","21 | 0","02/06/2017","01/31/2025","DBA: LIQUOR 4 LESS                        SINGH, GURWINDER                          106 W ARTESIA BLVD,                         LONG BEACH, CA  90805-2011","","21-554315/ 21-652837","","APEX ESCROW 15440 BEACH BLVD STE 131 WESTMINSTER, CA  92683-6240","3","1932","106 W ARTESIA BLVD","LONG BEACH","19","90805","","","",""
"577471","ACTIVE CANCEL","21 | 0","01/09/2017","09/30/2024","DBA: KOZANYAN MEAT & LIQUOR                        KOZANYAN, SOGOMON SAM                         1244 S GLENDALE AVE,                         GLENDALE, CA  91205-5631","","21-346263/ 21-649930","","","5","1921","1244 S GLENDALE AVE","GLENDALE","19","91205","","","",""
"588128","ACTIVE CANCEL","41 | 0","01/22/2018","11/30/2024","DBA: UMI SUSHI                        MODESTO UMI, INC.                          1300 SYLVAN AVE, #C9,                         MODESTO, CA  95355-1351","","41-512533/ 41-654268","8","","29","5002","1300 SYLVAN AVE, #C9","MODESTO","50","95355","","","",""
"596534","ACTIVE CANCEL","48 | 2","10/17/2018","09/30/2024","DBA: TOUCANS                         TOUCANS PALM SPRINGS INC                          2100 N PALM CANYON DR, STE A100,                         PALM SPRINGS, CA  92262-2800","622 N PALM CANYON DR                              PALM SPRINGS, CA  92262-5523","48-482923/ 48-653637","","ESCROW CONNECTION THE 1111 E TAHQUITZ CANYON WAY #101 PALM SPRINGS, CA  92262","8","3310","2100 N PALM CANYON DR, STE A100","PALM SPRINGS","33","92262","622 N PALM CANYON DR","PALM SPRINGS","92262","CA"
"596534","ACTIVE CANCEL","58 | 2","10/17/2018","09/30/2024","DBA: TOUCANS                         TOUCANS PALM SPRINGS INC                          2100 N PALM CANYON DR, STE A100,                         PALM SPRINGS, CA  92262-2800","622 N PALM CANYON DR                              PALM SPRINGS, CA  92262-5523","48-482923/ 48-653637","","ESCROW CONNECTION THE 1111 E TAHQUITZ CANYON WAY #101 PALM SPRINGS, CA  92262","8","3310","2100 N PALM CANYON DR, STE A100","PALM SPRINGS","33","92262","622 N PALM CANYON DR","PALM SPRINGS","92262","CA"
"596534","ACTIVE CANCEL","77 | 2","10/17/2018","09/30/2024","DBA: TOUCANS                         TOUCANS PALM SPRINGS INC                          2100 N PALM CANYON DR, STE A100,                         PALM SPRINGS, CA  92262-2800","622 N PALM CANYON DR                              PALM SPRINGS, CA  92262-5523","48-482923/ 48-653637","","ESCROW CONNECTION THE 1111 E TAHQUITZ CANYON WAY #101 PALM SPRINGS, CA  92262","8","3310","2100 N PALM CANYON DR, STE A100","PALM SPRINGS","33","92262","622 N PALM CANYON DR","PALM SPRINGS","92262","CA"
"602290","ACTIVE CANCEL","41 | 0","03/15/2019","02/29/2024","DBA: BLACK BEAR DINER                        SNS DINER LLC                          415 E EL CAMINO REAL,                         SUNNYVALE, CA  94087-1939","4917 GENESTA AVE                              ENCINO, CA  91316-3438","41-559886/ 41-653929","","","25","4316","415 E EL CAMINO REAL","SUNNYVALE","43","94087","4917 GENESTA AVE","ENCINO","91316","CA"
"607041","ACTIVE CANCEL","21 | 0","07/29/2019","06/30/2024","DBA: 5 STAR LIQUOR                        AEKM INC.                         35111 NEWARK BLVD, UNIT C,                         NEWARK, CA  94560-1258","4536 DELORES DR                              UNION CITY, CA  94587","21-579692/ 21-653596","","REDWOOD ESCROW SERVICES INC 19131 REDWOOD RD # E & F CASTRO VALLEY, CA  94546","22","0108","35111 NEWARK BLVD, UNIT C","NEWARK","01","94560","4536 DELORES DR","UNION CITY","94587","CA"
"608983","ACTIVE CANCEL","47 | 0","09/24/2019","08/31/2024","DELGADO ENTERTAINMENT, INC.                         700 H ST,                         MODESTO, CA  95354","","47-565870/ 47-646148","7","OLD REPUBLIC TITLE COMPANY 1000 BURNETT AVE STE 400 CONCORD, CA  94520-2088","29","5002","700 H ST","MODESTO","50","95354","","","",""
"609537","ACTIVE SUREND","47 | 0","01/05/2021","12/31/2024","DBA: OXFORD SUITES                        BANEY CORPORATION                         2035 BUSINESS LN,                         CHICO, CA  95928","475 NE BELLEVUE DR, STE 210                              BEND, OR  97701-7411","","7","","31","0402","2035 BUSINESS LN","CHICO","04","95928","475 NE BELLEVUE DR, STE 210","BEND","97701","OR"
"621689","ACTIVE CANCEL","47 | 1","10/27/2021","09/30/2024","DBA: DAROO LLC                        DAROO LLC                         1006 4TH ST,                         SACRAMENTO, CA  95814-3314","PO BOX 272                              YUBA CITY, CA  95992-0272","47-481821/ 47-653367","7","CALIFORNIA BUSINESS ESCROW INC 1748 MAIN ST ESCALON, CA  95320-1927","23","3405","1006 4TH ST","SACRAMENTO","34","95814","PO BOX 272","YUBA CITY","95992","CA"
"621689","ACTIVE CANCEL","68 | 1","10/27/2021","09/30/2024","DBA: DAROO LLC                        DAROO LLC                         1006 4TH ST,                         SACRAMENTO, CA  95814-3314","PO BOX 272                              YUBA CITY, CA  95992-0272","47-481821/ 47-653367","7","CALIFORNIA BUSINESS ESCROW INC 1748 MAIN ST ESCALON, CA  95320-1927","23","3405","1006 4TH ST","SACRAMENTO","34","95814","PO BOX 272","YUBA CITY","95992","CA"
"623951","AUTREV ACTIVE","82 | 0","04/08/2021","03/31/2024","DBA: 3100 CELLARS                        3100 CELLARS LLC                         240 E 32ND ST,                         GARDEN CITY, ID  83714","3005 W BARR ST                              BOISE, ID  83703-5003","","","","75","9999","240 E 32ND ST","GARDEN CITY","","83714","3005 W BARR ST","BOISE","83703","ID"
"623951","AUTREV ACTIVE","82 | 0","04/08/2021","03/31/2024","DBA: 3100 CELLARS                        3100 CELLARS LLC                         240 E 32ND ST,                         GARDEN CITY, ID  83714","3005 W BARR ST                              BOISE, ID  83703-5003","","","","75","9999","240 E 32ND ST","GARDEN CITY","","83714","3005 W BARR ST","BOISE","83703","ID"
"624667","ACTIVE CANCEL","41 | 0","04/19/2021","03/31/2024","DBA: FLORE VEGAN                        FLORE RESTAURANTS LLC                         2943 W SUNSET BLVD,                         LOS ANGELES, CA  90026-2127","","41-542783/ 41-654923","","CAPITAL CITY ESCROW CO 3838 WATT AVE STE F-610 SACRAMENTO, CA  95821","4","1933","2943 W SUNSET BLVD","LOS ANGELES","19","90026","","","",""
"624801","ACTIVE CANCEL","20 | 0","05/21/2021","04/30/2024","HAN, GINA                         1828-30 N BROADWAY,                         LOS ANGELES, CA  90031-2525","","20-601262/ 20-653529","","TOWER ESCROW INC 3400 W OLYMPIC BLVD STE 201 LOS ANGELES, CA  90019-2351","4","1933","1828-30 N BROADWAY","LOS ANGELES","19","90031","","","",""
"628149","ACTIVE CANCEL","41 | 0","02/09/2022","01/31/2024","DBA: ESTABLISHMINT, THE                        ESTABLISHMINT, LLC                         11088 OLSON DR, STE A,                         RANCHO CORDOVA, CA  95670-5650","11088 OLSON DR, STE A                              RANCHO CORDOVA, CA  95670-5650","41-460155/ 41-641487","7","CAPITOL CITY ESCROW  3838 WATT AVE  STE F-610  SACRAMENTO, CA  95821","23","3408","11088 OLSON DR, STE A","RANCHO CORDOVA","34","95670","11088 OLSON DR, STE A","RANCHO CORDOVA","95670","CA"
"629952","ACTIVE CANCEL","20 | 0","06/23/2022","05/31/2024","DBA: CHEVRON                        JANT, LLC                         1124 NORTH INTERNATIONAL PARKWAY,                         TRACY, CA  95376","657 HORNING ST                              SAN JOSE, CA  95126","20-592927/ 20-653723","","CALIFORNIA BUSINESS ESCROW INC 1748 MAIN ST ESCALON, CA  95320-1927","29","3906","1124 NORTH INTERNATIONAL PARKWAY","TRACY","39","95376","657 HORNING ST","SAN JOSE","95126","CA"
"631504","ACTIVE CANCEL","47 | 1","01/05/2023","12/31/2024","DBA: TIKI TACO                        DOLIVEK, BRIAN STEPHEN                         398 N MOORPARK RD,                         THOUSAND OAKS, CA  91360-4303","","","5","","12","5607","398 N MOORPARK RD","THOUSAND OAKS","56","91360","","","",""
"631504","ACTIVE CANCEL","58 | 1","01/05/2023","12/31/2024","DBA: TIKI TACO                        DOLIVEK, BRIAN STEPHEN                         398 N MOORPARK RD,                         THOUSAND OAKS, CA  91360-4303","","","5","","12","5607","398 N MOORPARK RD","THOUSAND OAKS","56","91360","","","",""
"635328","PEND ACTIVE","12 | 1","01/10/2024","12/31/2024","HANDCRAFTED OAXACAN MEZCAL WHOLESALE & DISTRIBUTIO                         1015 SAXONY RD., UNIT B,                         ENCINITAS, CA  92024-2224","7040 AVENIDA ENCINAS, # 104-414                              CARLSBAD, CA  92011","","","","9","3718","1015 SAXONY RD., UNIT B","ENCINITAS","37","92024","7040 AVENIDA ENCINAS, # 104-414","CARLSBAD","92011","CA"
"635328","PEND ACTIVE","18 | 1","01/10/2024","12/31/2024","HANDCRAFTED OAXACAN MEZCAL WHOLESALE & DISTRIBUTIO                         1015 SAXONY RD., UNIT B,                         ENCINITAS, CA  92024-2224","7040 AVENIDA ENCINAS, # 104-414                              CARLSBAD, CA  92011","","","","9","3718","1015 SAXONY RD., UNIT B","ENCINITAS","37","92024","7040 AVENIDA ENCINAS, # 104-414","CARLSBAD","92011","CA"
"636283","ACTIVE CANCEL","17 | 1","05/20/2022","04/30/2024","DBA: GHVINOS WINE GROUP                        GHVINOS WINE GROUP LLC                         13831 DANIELSON ST,                         POWAY, CA  92064-6891","13831 DANIELSON ST                              POWAY, CA  92064-6891","17-624677/ 17-653580","7","","9","3716","13831 DANIELSON ST","POWAY","37","92064","13831 DANIELSON ST","POWAY","92064","CA"
"636283","ACTIVE CANCEL","20 | 0","05/20/2022","04/30/2024","DBA: GHVINOS WINE GROUP                        GHVINOS WINE GROUP LLC                         13831 DANIELSON ST,                         POWAY, CA  92064-6891","13831 DANIELSON ST                              POWAY, CA  92064-6891","20-624677/ 20-653580","7,I","","9","3716","13831 DANIELSON ST","POWAY","37","92064","13831 DANIELSON ST","POWAY","92064","CA"
"636283","ACTIVE CANCEL","09 | 1","05/20/2022","04/30/2024","DBA: GHVINOS WINE GROUP                        GHVINOS WINE GROUP LLC                         13831 DANIELSON ST,                         POWAY, CA  92064-6891","13831 DANIELSON ST                              POWAY, CA  92064-6891","17-624677/ 17-653580","7","","9","3716","13831 DANIELSON ST","POWAY","37","92064","13831 DANIELSON ST","POWAY","92064","CA"
"638703","PEND ACTIVE","41 | 0","01/10/2024","12/31/2024","DBA: VISTA THEATER                        VISTA THEATER, INC.                         4469-4473 SUNSET DR,                         LOS ANGELES, CA  90027-6043","11812 SAN VICENTE BLVD, #100                              LOS ANGELES, CA  90049-5022","","7","","4","1933","4469-4473 SUNSET DR","LOS ANGELES","19","90027","11812 SAN VICENTE BLVD, #100","LOS ANGELES","90049","CA"
"641487","PEND ACTIVE","41 | 0","01/09/2024","12/31/2024","DBA: FIESTA PHILIPPINES                        FIESTA PHILIPPINES, LLC                         11088 OLSON DR, STE A,                         RANCHO CORDOVA, CA  95670-5650","","41-628149","7","CAPITOL CITY ESCROW 3838 WATT AVE #F610 SACRAMENTO, CA  95821","23","3408","11088 OLSON DR, STE A","RANCHO CORDOVA","34","95670","","","",""
"641922","PEND ACTIVE","47 | 0","01/10/2024","12/31/2024","DBA: ORIGINAL KAREN'S KITCHEN THE                        ORIGINAL KAREN'S KITCHEN INC, THE                         39438 TRADE CENTER DR STE E,                         PALMDALE, CA  93551-3785","42123 50TH STREET WEST                              LANCASTER, CA  93536-3512","47-619911","2","CALIFORNIA BUSINESS ESCROW 1748 MAIN ST ESCALON, CA  95320-1927","5","1974","39438 TRADE CENTER DR STE E","PALMDALE","19","93551","42123 50TH STREET WEST","LANCASTER","93536","CA"
"643437","SUREND CANCEL","20 | 0","01/19/2023","12/31/2024","DBA: FOODSHED TAKE AWAY                        FOOD SHED NAPA VALLEY, LLC                         3385 OLD CALIFORNIA WAY,                         NAPA, CA  94558-3327","","20-633868/ 20-652004","","","27","2802","3385 OLD CALIFORNIA WAY","NAPA","28","94558","","","",""
"644013","PEND ACTIVE","82 | 0","01/10/2024","12/31/2024","AQUILINI BRANDS USA INC                         173 MIDDLE WAITSBURG RD, C 120-H,                         WALLA WALLA, WA  99362","89 WEST GEORGIA ST, VANCOUVER, BC V6B 0N8                              CANADA","","","","75","9999","173 MIDDLE WAITSBURG RD, C 120-H","WALLA WALLA","","99362","89 WEST GEORGIA ST, VANCOUVER, BC V6B 0N8","","",""
"645465","PEND WITHDRAWN","41 | 0","","","DBA: BLACK BEAR DINER                        GVS HOSPITALITY LLC                         174 W CALAVERAS BLVD,                         MILPITAS, CA  95035-5202","","602294","","HERITAGE ESCROW 2550 5TH AVE STE 800 SAN DIEGO, CA  92103","25","4308","174 W CALAVERAS BLVD","MILPITAS","43","95035","","","",""
"646148","PEND ACTIVE","47 | 0","01/09/2024","12/31/2024","VILLANUEVA SORROZA, ARELY                         700 H ST,                         MODESTO, CA  95354","","47-608983","7","","29","5002","700 H ST","MODESTO","50","95354","","","",""
"646204","PEND ACTIVE","02 | 0","01/10/2024","06/30/2024","DBA: BURE FAMILY WINES                        BURE FAMILY WINES, INC.                         3125 ST HELENA HWY N,                         SAINT HELENA, CA  94574-9706","2899 ST HELENA HWY N                              SAINT HELENA, CA  94574","02-599734","","","27","2800","3125 ST HELENA HWY N","SAINT HELENA","28","94574","2899 ST HELENA HWY N","SAINT HELENA","94574","CA"
"646338","PEND ACTIVE","17 | 1","01/09/2024","12/31/2024","DBA: ALEXANDER DANIELS LLC                        ALEXANDER DANIELS LLC                         44 MONTGOMERY ST, STE 02-180-DD02,                         SAN FRANCISCO, CA  94104-4602","","","","","24","3800","44 MONTGOMERY ST, STE 02-180-DD02","SAN FRANCISCO","38","94104","","","",""
"646338","PEND ACTIVE","09 | 1","01/09/2024","12/31/2024","DBA: ALEXANDER DANIELS LLC                        ALEXANDER DANIELS LLC                         44 MONTGOMERY ST, STE 02-180-DD02,                         SAN FRANCISCO, CA  94104-4602","","","","","24","3800","44 MONTGOMERY ST, STE 02-180-DD02","SAN FRANCISCO","38","94104","","","",""
"646415","PEND ACTIVE","41 | 0","01/09/2024","12/31/2024","DBA: SUMMER PALACE                        SUMMER PALACE, LLC                         7900 FLORIN RD, STE 11,                         SACRAMENTO, CA  95828-3145","","","7","","23","3400","7900 FLORIN RD, STE 11","SACRAMENTO","34","95828","","","",""
"648219","PEND ACTIVE","41 | 0","01/09/2024","12/31/2024","DBA: FLAMES PIZZA                        FLAMES PIZZA LLC                         8200 STOCKDALE HWY STE K-3,                         BAKERSFIELD, CA  93311-1001","","","","","6","1501","8200 STOCKDALE HWY STE K-3","BAKERSFIELD","15","93311","","","",""
"648296","PEND ACTIVE","02 | 0","01/09/2024","06/30/2024","DBA: LA VALLEE                        LA VALLEE LLC                         140 INDUSTRIAL WAY,                         BUELLTON, CA  93427-9507","1226 OLESEN DR                              SOLVANG, CA  93463","","7","","13","4207","140 INDUSTRIAL WAY","BUELLTON","42","93427","1226 OLESEN DR","SOLVANG","93463","CA"
"648390","PEND ACTIVE","20 | 0","01/09/2024","12/31/2024","DBA: ALDI                        AI CALIFORNIA LLC                         32130 TEMECULA PARKWAY,                         TEMECULA, CA  92592-6801","12661 ALDI PL                              MORENO VALLEY, CA  92555-6703","","","","7","3322","32130 TEMECULA PARKWAY","TEMECULA","33","92592","12661 ALDI PL","MORENO VALLEY","92555","CA"
"648531","PEND ACTIVE","23 | 0","01/10/2024","12/31/2024","DBA: NOVO BRAZIL BREWING CO                        OTAY LAKES BREWERY LLC                         1640 CAMINO DEL RIO N, STE 341,                         SAN DIEGO, CA  92108-1525","901 LANE AVE, STE 100                              CHULA VISTA, CA  91914-3501","","7","","10","3710","1640 CAMINO DEL RIO N, STE 341","SAN DIEGO","37","92108","901 LANE AVE, STE 100","CHULA VISTA","91914","CA"
"648680","PEND ACTIVE","13 | 0","01/10/2024","12/31/2024","BLOCKWARE, LLC                         15751-55 TAPIA ST ,                         IRWINDALE, CA  91706-2177","1475 BARLEY GRAIN RD                              PASO ROBLES, CA  93446-4908","","","","2","1928","15751-55 TAPIA ST","IRWINDALE","19","91706","1475 BARLEY GRAIN RD","PASO ROBLES","93446","CA"
"648993","PEND ACTIVE","17 | 1","01/09/2024","12/31/2024","DBA: PLAYLIST                        PLAYLIST INC.                          1564 GREEN VALLEY RD,                         DANVILLE, CA  94526-1954","","","7","","22","0716","1564 GREEN VALLEY RD","DANVILLE","07","94526","","","",""
"648993","PEND ACTIVE","20 | 0","01/09/2024","12/31/2024","DBA: PLAYLIST                        PLAYLIST INC.                          1564 GREEN VALLEY RD,                         DANVILLE, CA  94526-1954","","","7,I","","22","0716","1564 GREEN VALLEY RD","DANVILLE","07","94526","","","",""
"648993","PEND ACTIVE","09 | 1","01/09/2024","12/31/2024","DBA: PLAYLIST                        PLAYLIST INC.                          1564 GREEN VALLEY RD,                         DANVILLE, CA  94526-1954","","","7","","22","0716","1564 GREEN VALLEY RD","DANVILLE","07","94526","","","",""
"649015","PEND ACTIVE","58 | 1","01/10/2024","12/31/2024","DBA: GUTHRIE'S ALLEY CAT, INC.                        GUTHRIE'S ALLEY CAT, INC.                          1525 WALL ST,                         BAKERSFIELD, CA  93301-4413","1525 WALL ST                              BAKERSFIELD, CA  93301-4413","48-57865","","","6","1501","1525 WALL ST","BAKERSFIELD","15","93301","1525 WALL ST","BAKERSFIELD","93301","CA"
"649015","PEND ACTIVE","48 | 1","01/10/2024","12/31/2024","DBA: GUTHRIE'S ALLEY CAT, INC.                        GUTHRIE'S ALLEY CAT, INC.                          1525 WALL ST,                         BAKERSFIELD, CA  93301-4413","1525 WALL ST                              BAKERSFIELD, CA  93301-4413","48-57865","","","6","1501","1525 WALL ST","BAKERSFIELD","15","93301","1525 WALL ST","BAKERSFIELD","93301","CA"
"649158","PEND ACTIVE","41 | 0","01/10/2024","12/31/2024","DBA: MOUNTAIN MIKE'S PIZZA                        DTF BUSINESS INC                         4141 MANZANITA AVE, STE 220,                         CARMICHAEL, CA  95608-1700","5417 SANDGRASS DR                               ROCKLIN, CA  95677","41-634312","7","CAPITAL CITY ESCROW INC 3838 WATT AVE  STE F-610 SACRAMENTO, CA  95821-2697","23","3400","4141 MANZANITA AVE, STE 220","CARMICHAEL","34","95608","5417 SANDGRASS DR","ROCKLIN","95677","CA"
"649278","PEND ACTIVE","47 | 0","01/09/2024","12/31/2024","DBA: YAKUMI & FAT SAL'S                        CREWS LAX3, LLC                         300 WORLD WAY, TERMINAL 350,                         LOS ANGELES, CA  90045-5610","1924 E MAPLE AVE, UNIT B                              EL SEGUNDO, CA  90245-3411","","7,A","","3","1933","300 WORLD WAY, TERMINAL 350","LOS ANGELES","19","90045","1924 E MAPLE AVE, UNIT B","EL SEGUNDO","90245","CA"
"649600","PEND ACTIVE","68 | 2","01/10/2024","12/31/2024","DBA: BLACK GOLD GOLF CLUB                        KEMPER SPORTS MANAGEMENT, LLC                         1 BLACK GOLD DR,                         YORBA LINDA, CA  92886-2383","500 SKOKIE BLVD, STE 444                              NORTHBROOK, IL  60062-2867","47-378593","A","","11","3025","1 BLACK GOLD DR","YORBA LINDA","30","92886","500 SKOKIE BLVD, STE 444","NORTHBROOK","60062","IL"
"649600","PEND ACTIVE","58 | 2","01/10/2024","12/31/2024","DBA: BLACK GOLD GOLF CLUB                        KEMPER SPORTS MANAGEMENT, LLC                         1 BLACK GOLD DR,                         YORBA LINDA, CA  92886-2383","500 SKOKIE BLVD, STE 444                              NORTHBROOK, IL  60062-2867","47-378593","A","","11","3025","1 BLACK GOLD DR","YORBA LINDA","30","92886","500 SKOKIE BLVD, STE 444","NORTHBROOK","60062","IL"
"649600","PEND ACTIVE","47 | 2","01/10/2024","12/31/2024","DBA: BLACK GOLD GOLF CLUB                        KEMPER SPORTS MANAGEMENT, LLC                         1 BLACK GOLD DR,                         YORBA LINDA, CA  92886-2383","500 SKOKIE BLVD, STE 444                              NORTHBROOK, IL  60062-2867","47-378593","A","","11","3025","1 BLACK GOLD DR","YORBA LINDA","30","92886","500 SKOKIE BLVD, STE 444","NORTHBROOK","60062","IL"
"649665","PEND ACTIVE","68 | 2","01/10/2024","12/31/2024","DBA: YORBA LINDA COMMUNITY CENTER                        KEMPER SPORTS MANAGEMENT, LLC                         4501 CASA LOMA AVE,                         YORBA LINDA, CA  92886-3315","500 SKOKIE BLVD, STE 444                              NORTHBROOK, IL  60062-2867","47-530895","A","","11","3025","4501 CASA LOMA AVE","YORBA LINDA","30","92886","500 SKOKIE BLVD, STE 444","NORTHBROOK","60062","IL"
"649665","PEND ACTIVE","58 | 2","01/10/2024","12/31/2024","DBA: YORBA LINDA COMMUNITY CENTER                        KEMPER SPORTS MANAGEMENT, LLC                         4501 CASA LOMA AVE,                         YORBA LINDA, CA  92886-3315","500 SKOKIE BLVD, STE 444                              NORTHBROOK, IL  60062-2867","47-530895","A","","11","3025","4501 CASA LOMA AVE","YORBA LINDA","30","92886","500 SKOKIE BLVD, STE 444","NORTHBROOK","60062","IL"
"649665","PEND ACTIVE","47 | 2","01/10/2024","12/31/2024","DBA: YORBA LINDA COMMUNITY CENTER                        KEMPER SPORTS MANAGEMENT, LLC                         4501 CASA LOMA AVE,                         YORBA LINDA, CA  92886-3315","500 SKOKIE BLVD, STE 444                              NORTHBROOK, IL  60062-2867","47-530895","A","","11","3025","4501 CASA LOMA AVE","YORBA LINDA","30","92886","500 SKOKIE BLVD, STE 444","NORTHBROOK","60062","IL"
"649782","PEND ACTIVE","23 | 0","01/09/2024","09/30/2024","DBA: BURGEON BEER COMPANY                        ABSTRACT ALE WORKS LLC                         501 S SANTA FE AVE,                         VISTA, CA  92083-5958","6350 YARROW DR, STE C                              CARLSBAD, CA  92011","","7","","9","3713","501 S SANTA FE AVE","VISTA","37","92083","6350 YARROW DR, STE C","CARLSBAD","92011","CA"
"649930","PEND ACTIVE","21 | 0","01/09/2024","09/30/2024","DBA: KOZANYAN MEAT & LIQUOR                        MUTAFIAN, GAYANE                         1244 S GLENDALE AVE,                         GLENDALE, CA  91205-5631","1475 DESCANSO DR                              LA CANADA, CA  91011","21-577471","","","5","1921","1244 S GLENDALE AVE","GLENDALE","19","91205","1475 DESCANSO DR","LA CANADA","91011","CA"
"650020","PEND ACTIVE","58 | 1","01/10/2024","12/31/2024","DBA: RIDGE CREEK GOLF CLUB                        KEMPER SPORTS MANAGEMENT, LLC                         3018 RIDGE CREEK DR,                         DINUBA, CA  93618-9172","500 SKOKIE BLVD, STE 444                              NORTHBROOK, IL  60062-2867","47-468462","A","","21","5401","3018 RIDGE CREEK DR","DINUBA","54","93618","500 SKOKIE BLVD, STE 444","NORTHBROOK","60062","IL"
"650020","PEND ACTIVE","47 | 1","01/10/2024","12/31/2024","DBA: RIDGE CREEK GOLF CLUB                        KEMPER SPORTS MANAGEMENT, LLC                         3018 RIDGE CREEK DR,                         DINUBA, CA  93618-9172","500 SKOKIE BLVD, STE 444                              NORTHBROOK, IL  60062-2867","47-468462","A","","21","5401","3018 RIDGE CREEK DR","DINUBA","54","93618","500 SKOKIE BLVD, STE 444","NORTHBROOK","60062","IL"
"650027","PEND ACTIVE","41 | 0","01/10/2024","12/31/2024","DBA: CREEKSIDE GOLF COURSE                        KEMPER SPORTS MANAGEMENT, LLC                         701 LINCOLN AVE,                         MODESTO, CA  95354","500 SKOKIE BLVD, STE 444                              NORTHBROOK, IL  60062-2867","41-540466","","","29","5002","701 LINCOLN AVE","MODESTO","50","95354","500 SKOKIE BLVD, STE 444","NORTHBROOK","60062","IL"
"650232","PEND ACTIVE","21 | 0","01/09/2024","12/31/2024","DBA: INTERNATIONAL LIQUOR                        USFOODS INC                          9250-3 RESEDA BLVD,                         NORTHRIDGE, CA  91324-3142","17127 GERMAIN ST                              GRANADA HILLS, CA  91344","21-371590","","SEPULVEDA ESCROW 10550 SEPULVEDA BLVD STE 105 MISSION HILLS, CA  91345-1957","5","1933","9250-3 RESEDA BLVD","NORTHRIDGE","19","91324","17127 GERMAIN ST","GRANADA HILLS","91344","CA"
"650252","PEND ACTIVE","02 | 0","01/10/2024","06/30/2024","DBA: FAVIA WINES                        FH WINES LLC                         2031 COOMBSVILLE RD,                         NAPA, CA  94558-3921","1224 ADAMS ST                              SAINT HELENA, CA  94574","","","","27","2800","2031 COOMBSVILLE RD","NAPA","28","94558","1224 ADAMS ST","SAINT HELENA","94574","CA"
"650544","PEND WITHDRAWN","82 | 0","","","CRU & DOMAINE, LLC                         1723 NW 24TH AVE,                         PORTLAND, OR  97210","","","","","75","9999","1723 NW 24TH AVE","PORTLAND","","97210","","","",""
"650575","PEND ACTIVE","20 | 0","01/10/2024","12/31/2024","DBA: VALENCIA WHOLE FOODS                        VALENCIA WF INC                         999 VALENCIA ST,                         SAN FRANCISCO, CA  94110-2320","","20-626359","7","LAW OFFICE OF JAMEEL M SHIHADEH 333 GELLERT BLVD STE 145 DALY CITY, CA  94015","24","3800","999 VALENCIA ST","SAN FRANCISCO","38","94110","","","",""
"650606","PEND ACTIVE","41 | 0","01/10/2024","12/31/2024","DBA: CHIPOTLE MEXICAN GRILL STORE 4597                        CHIPOTLE MEXICAN GRILL INC                         24032 CLINTON KEITH RD,                         WILDOMAR, CA  92595-7895","PO BOX 182566                              COLUMBUS, OH  43218-2566","","","","7","3326","24032 CLINTON KEITH RD","WILDOMAR","33","92595","PO BOX 182566","COLUMBUS","43218","OH"
"650720","PEND ACTIVE","48 | 0","01/09/2024","12/31/2024","DBA: FIG & THISTLE                        7682 LLC                         313 IVY ST,                         SAN FRANCISCO, CA  94102-4310","429 GOUGH ST                              SAN FRANCISCO, CA  94102-4415","47-434379","7","CALIFORNIA BUSINESS ESCROW INC 1748 MAIN ST ESCALON, CA  95320-1927","24","3800","313 IVY ST","SAN FRANCISCO","38","94102","429 GOUGH ST","SAN FRANCISCO","94102","CA"
"650880","PEND ACTIVE","41 | 0","01/09/2024","12/31/2024","DBA: PRIME BBQ                        PRIME BBQ LLC                         33 W 25TH AVE,                         SAN MATEO, CA  94403-2236","","","","","25","4113","33 W 25TH AVE","SAN MATEO","41","94403","","","",""
"651016","PEND ACTIVE","47 | 1","01/09/2024","12/31/2024","DBA: TIKI TACO                        JOSHSHELVERLY ENTERPRISES INCORPORATED                         398 N MOORPARK RD,                         THOUSAND OAKS, CA  91360-4303","","47-631504","5,8","","12","5607","398 N MOORPARK RD","THOUSAND OAKS","56","91360","","","",""
"651016","PEND ACTIVE","58 | 1","01/09/2024","12/31/2024","DBA: TIKI TACO                        JOSHSHELVERLY ENTERPRISES INCORPORATED                         398 N MOORPARK RD,                         THOUSAND OAKS, CA  91360-4303","","47-631504","5,8","","12","5607","398 N MOORPARK RD","THOUSAND OAKS","56","91360","","","",""
"651145","PEND ACTIVE","41 | 0","01/09/2024","12/31/2024","DBA: PEPPOLI'S PIZZA AND PHILLY STEAK                        IHSAN'S SONS INC                         4115 HOME AVE , #5203,                         SAN DIEGO, CA  92105-5259","","","7","","10","3710","4115 HOME AVE , #5203","SAN DIEGO","37","92105","","","",""
"651219","PEND ACTIVE","41 | 0","01/09/2024","12/31/2024","DBA: SHAWARMA GUYS                        BCZ INC                         5525 JACKSON DR, STE B,                         LA MESA, CA  91942-2490","","","7","","10","3707","5525 JACKSON DR, STE B","LA MESA","37","91942","","","",""
"651269","PEND ACTIVE","17 | 0","01/09/2024","12/31/2024","DBA: AMENDE WINES                        84 IDEAS LLC                         5915 LA CUESTA DR,                         SANTA ROSA, CA  95409-3916","","","7","","27","4900","5915 LA CUESTA DR","SANTA ROSA","49","95409","","","",""
"651269","PEND ACTIVE","20 | 0","01/09/2024","12/31/2024","DBA: AMENDE WINES                        84 IDEAS LLC                         5915 LA CUESTA DR,                         SANTA ROSA, CA  95409-3916","","","7,I","","27","4900","5915 LA CUESTA DR","SANTA ROSA","49","95409","","","",""
"651276","PEND ACTIVE","21 | 0","01/10/2024","12/31/2024","DBA: WALLYS LIQUOR & DELI                        3088 MARLOW ROAD INC                         3088 MARLOW RD,                         SANTA ROSA, CA  95403-2427","2539 ESTERY LN                              SANTA ROSA, CA  95403","21-535158","","OLD REPUBLIC TITLE COMPANY 1000 BURNETT AVE #400 CONCORD, CA  94520","27","4904","3088 MARLOW RD","SANTA ROSA","49","95403","2539 ESTERY LN","SANTA ROSA","95403","CA"
"651365","PEND ACTIVE","09 | 1","01/10/2024","11/30/2024","DBA: SERENDIPITY WINES WC, LLC                        SERENDIPITY WINES WC, LLC                         114 NEW MOHAWK RD, STE D,                         NEVADA CITY, CA  95959-3273","9101 WALL ST, STE 1030                              AUSTIN, TX  78754-4579","17-611113","7","","23","2902","114 NEW MOHAWK RD, STE D","NEVADA CITY","29","95959","9101 WALL ST, STE 1030","AUSTIN","78754","TX"
"651365","PEND ACTIVE","12 | 1","01/10/2024","11/30/2024","DBA: SERENDIPITY WINES WC, LLC                        SERENDIPITY WINES WC, LLC                         114 NEW MOHAWK RD, STE D,                         NEVADA CITY, CA  95959-3273","9101 WALL ST, STE 1030                              AUSTIN, TX  78754-4579","18-611113","","","23","2902","114 NEW MOHAWK RD, STE D","NEVADA CITY","29","95959","9101 WALL ST, STE 1030","AUSTIN","78754","TX"
"651365","PEND ACTIVE","17 | 1","01/10/2024","11/30/2024","DBA: SERENDIPITY WINES WC, LLC                        SERENDIPITY WINES WC, LLC                         114 NEW MOHAWK RD, STE D,                         NEVADA CITY, CA  95959-3273","9101 WALL ST, STE 1030                              AUSTIN, TX  78754-4579","17-611113","7","","23","2902","114 NEW MOHAWK RD, STE D","NEVADA CITY","29","95959","9101 WALL ST, STE 1030","AUSTIN","78754","TX"
"651365","PEND ACTIVE","18 | 1","01/10/2024","11/30/2024","DBA: SERENDIPITY WINES WC, LLC                        SERENDIPITY WINES WC, LLC                         114 NEW MOHAWK RD, STE D,                         NEVADA CITY, CA  95959-3273","9101 WALL ST, STE 1030                              AUSTIN, TX  78754-4579","18-611113","","","23","2902","114 NEW MOHAWK RD, STE D","NEVADA CITY","29","95959","9101 WALL ST, STE 1030","AUSTIN","78754","TX"
"651365","PEND ACTIVE","20 | 0","01/10/2024","11/30/2024","DBA: SERENDIPITY WINES WC, LLC                        SERENDIPITY WINES WC, LLC                         114 NEW MOHAWK RD, STE D,                         NEVADA CITY, CA  95959-3273","9101 WALL ST, STE 1030                              AUSTIN, TX  78754-4579","20-611113","7,I","","23","2902","114 NEW MOHAWK RD, STE D","NEVADA CITY","29","95959","9101 WALL ST, STE 1030","AUSTIN","78754","TX"
"651506","PEND ACTIVE","02 | 0","01/09/2024","06/30/2024","DBA: SPHAERICS                        BB-LJ HOLDINGS LLC                         13414 CHALK HILL RD,                         HEALDSBURG, CA  95448-9043","PO BOX 3113                              NAPA, CA  94558","","","","27","4900","13414 CHALK HILL RD","HEALDSBURG","49","95448","PO BOX 3113","NAPA","94558","CA"
"651546","PEND ACTIVE","09 | 1","01/10/2024","12/31/2024","DBA: DELFINA DISTRIBUTORS                        DELFINA DISTRIBUTORS LLC                         10840 PARAMOUNT BLVD,                         DOWNEY, CA  90241-3338","","","","","2","1916","10840 PARAMOUNT BLVD","DOWNEY","19","90241","","","",""
"651546","PEND ACTIVE","17 | 1","01/10/2024","12/31/2024","DBA: DELFINA DISTRIBUTORS                        DELFINA DISTRIBUTORS LLC                         10840 PARAMOUNT BLVD,                         DOWNEY, CA  90241-3338","","","","","2","1916","10840 PARAMOUNT BLVD","DOWNEY","19","90241","","","",""
"651582","PEND ACTIVE","41 | 0","01/09/2024","08/31/2024","DBA: JANG SU AJNG                        GOODNEWS FOOD CORPORATION                         2814 SEPULVEDA BLVD, UNIT A,                         TORRANCE, CA  90505","","41-416317","7","","3","1958","2814 SEPULVEDA BLVD, UNIT A","TORRANCE","19","90505","","","",""
"651618","PEND ACTIVE","47 | 0","01/09/2024","12/31/2024","DBA: OLLO                        AJK NOI, LLC                         23755 MALIBU RD, STE 100,                         MALIBU, CA  90265-4650","4357 WILLOW GLEN                              CALABASAS, CA  91302","47-541842","7","INNOVATIVE ESCROW 28212 KELLY JOHNSON PKWY STE 110 VALENCIA, CA  91355","5","1988","23755 MALIBU RD, STE 100","MALIBU","19","90265","4357 WILLOW GLEN","CALABASAS","91302","CA"
"651940","PEND ACTIVE","41 | 0","01/10/2024","12/31/2024","DBA: GUATEMAYAN YUM YUMS                        GUATEMAYAN YUM YUMS LLC                         534 5TH ST,                         EUREKA, CA  95501-1033","1632 BROADWAY ST, PMB 4-217                              EUREKA, CA  95501-0136","","","","28","1203","534 5TH ST","EUREKA","12","95501","1632 BROADWAY ST, PMB 4-217","EUREKA","95501","CA"
"652004","PEND ACTIVE","20 | 0","01/09/2024","12/31/2024","DBA: GRAPPA MARKET                        GRAPPA INVESTMENTS LLC                         704 N JACK TONE RD, STE B,                         RIPON, CA  95366","14151 NEWPORT AVE, STE 203                              TUSTIN, CA  92780","20-643437","","CALIFORNIA BUSINESS ESCROW 1748 MAIN ST ESCALON, CA  95320-1927","29","3904","704 N JACK TONE RD, STE B","RIPON","39","95366","14151 NEWPORT AVE, STE 203","TUSTIN","92780","CA"
"652333","PEND ACTIVE","13 | 0","01/10/2024","12/31/2024","DBA: CATEDRAL DE MI PADRE                        BLOCKWARE, LLC                         1475 BARLEY GRAIN RD,                         PASO ROBLES, CA  93446-4908","","","7","","13","4000","1475 BARLEY GRAIN RD","PASO ROBLES","40","93446","","","",""
"652384","PEND ACTIVE","41 | 0","01/09/2024","12/31/2024","DBA: MONSTA RAMEN                        BARO BARO INC                         4344 CONVOY ST STE K,                         SAN DIEGO, CA  92111-3737","","","7","","10","3710","4344 CONVOY ST STE K","SAN DIEGO","37","92111","","","",""
"652406","PEND ACTIVE","47 | 0","01/09/2024","12/31/2024","DBA: OCTOPUS BAJA                        ERNESTO DELGADO HOSPITALITY GROUP LLC, THE                         2731 K ST,                         SACRAMENTO, CA  95816-5113","","","5,7","","23","3405","2731 K ST","SACRAMENTO","34","95816","","","",""
"652837","PEND ACTIVE","21 | 0","01/09/2024","01/31/2025","DBA: LIQUOR 4 LESS                        GTB ARTESIA, INC.                         106 W ARTESIA BLVD,                         LONG BEACH, CA  90805-2011","","21-575281","8","","3","1932","106 W ARTESIA BLVD","LONG BEACH","19","90805","","","",""
"652898","PEND ACTIVE","20 | 0","01/10/2024","12/31/2024","DBA: LA PLAZA MEAT MARKET 2                        A&S CORPORATE LLC                          13864 CHASE ST,                         PANORAMA CITY, CA  91402-3302","1217 HONEYSUCKLE AVE                              VENTURA, CA  93004","20-259608","7","TITAN ESCROW CORPORATION 1058 W AVENUE M-14 STE C PALMDALE, CA  93551","5","1933","13864 CHASE ST","PANORAMA CITY","19","91402","1217 HONEYSUCKLE AVE","VENTURA","93004","CA"
"652992","PEND ACTIVE","40 | 0","01/09/2024","12/31/2024","DBA: YOSEMITE AXE THROWING                        YOSEMITE AXE THROWING                         126 OLD MAMMOTH RD #111,                         MAMMOTH LAKES, CA  93546","60465 CASCADEL DR S                              NORTH FORK, CA  93643","","7","","6","2601","126 OLD MAMMOTH RD #111","MAMMOTH LAKES","26","93546","60465 CASCADEL DR S","NORTH FORK","93643","CA"
"653211","PEND ACTIVE","41 | 0","01/09/2024","12/31/2024","DBA: THAI PEPPER                        THAI PEPPER LLC                         808 MAIN ST,                         WOODLAND, CA  95695-3527","","","","","23","5703","808 MAIN ST","WOODLAND","57","95695","","","",""
"653231","PEND ACTIVE","41 | 0","01/10/2024","12/31/2024","DBA: HIBACHI GRILL BUFFET                        BANNER RESTAURANTS, LLC                         10102 INDIANA AVE,                         RIVERSIDE, CA  92503-5346","","","","","7","3312","10102 INDIANA AVE","RIVERSIDE","33","92503","","","",""
"653278","PEND ACTIVE","41 | 0","01/09/2024","12/31/2024","DBA: SUSHI AJITO                        KO BOB - 153, INC.                         1302 N HIGHLAND AVE,                         LOS ANGELES, CA  90028-7609","","41-509692","7","UNITED ESCROW 3440 WILSHIRE BLVD # 600 LOS ANGELES, CA  90036","4","1933","1302 N HIGHLAND AVE","LOS ANGELES","19","90028","","","",""
"653318","PEND ACTIVE","41 | 0","01/10/2024","12/31/2024","DBA: GOLDEN SARDINE                        GOLDEN SARDINE LLC                         362 COLUMBUS AVE,                         SAN FRANCISCO, CA  94133-3915","404 UNION ST                              SAN FRANCISCO, CA  94133","41-624965","7","MCGOVERN ESCROW SERVICES 436 14TH ST STE 1015 OAKLAND, CA  94612","24","3800","362 COLUMBUS AVE","SAN FRANCISCO","38","94133","404 UNION ST","SAN FRANCISCO","94133","CA"
"653367","PEND ACTIVE","47 | 1","01/09/2024","12/31/2024","DBA: EXCHANGE HOTEL, THE                        EXCHANGE HOTEL, LLC, THE                         1006 4TH ST,                         SACRAMENTO, CA  95814-3314","PO BOX 272                              YUBA CITY, CA  95992-0272","47-621689","7","NONE","23","3405","1006 4TH ST","SACRAMENTO","34","95814","PO BOX 272","YUBA CITY","95992","CA"
"653367","PEND ACTIVE","68 | 1","01/09/2024","12/31/2024","DBA: EXCHANGE HOTEL, THE                        EXCHANGE HOTEL, LLC, THE                         1006 4TH ST,                         SACRAMENTO, CA  95814-3314","PO BOX 272                              YUBA CITY, CA  95992-0272","47-621689","7","NONE","23","3405","1006 4TH ST","SACRAMENTO","34","95814","PO BOX 272","YUBA CITY","95992","CA"
"653442","PEND ACTIVE","41 | 0","01/10/2024","12/31/2024","DBA: FUSION INDIAN CUISINE & CHAAT CORNER                        FUSION CUISINE & CATERING INC                         1210 SHAW AVE, STE 103,                         CLOVIS, CA  93612-3980","","","","","21","1001","1210 SHAW AVE, STE 103","CLOVIS","10","93612","","","",""
"653479","PEND ACTIVE","41 | 0","01/09/2024","12/31/2024","DBA: VILLA'S RESTAURANT                        VILLA, ANALY  SALAS                          1402 W COLONY RD, STE D,                         RIPON, CA  95366-9442","9085 ALCOSTA BLVD , #404                              SAN RAMON, CA  95366-9442","41-533608","","CALIFORNIA BUSINESS ESCROW INC 1748 MAIN STREET ESCALON, CA  95320","29","3904","1402 W COLONY RD, STE D","RIPON","39","95366","9085 ALCOSTA BLVD , #404","SAN RAMON","95366","CA"
"653529","PEND ACTIVE","20 | 0","01/09/2024","12/31/2024","DBA: CHOI'S MARKET                        JEE, MOON SUN                         1828-30 N BROADWAY,                         LOS ANGELES, CA  90031-2525","","20-624801","","CENTRAL ESCROW LA INC 3660 WILSHIRE BLVD STE 108 LOS ANGELES, CA  90010-2603","4","1933","1828-30 N BROADWAY","LOS ANGELES","19","90031","","","",""
"653537","PEND ACTIVE","41 | 0","01/10/2024","12/31/2024","DBA: EL PESCADOR                        GONZALEZGARCIA, JOSE M                         230 S L ST, STE A,                         DINUBA, CA  93618-2362","","41-636054","","","21","5401","230 S L ST, STE A","DINUBA","54","93618","","","",""
"653572","PEND ACTIVE","20 | 0","01/10/2024","09/30/2024","DBA: OROSI MART & DELI                        ALMAZ, INC                         12381 AVENUE 416,                         OROSI, CA  93647-9785","12514 AVENUE 416                              OROSI, CA  93647-2067","20-584048","8","","21","5400","12381 AVENUE 416","OROSI","54","93647","12514 AVENUE 416","OROSI","93647","CA"
"653580","PEND ACTIVE","17 | 1","01/09/2024","04/30/2024","DBA: GHVINOS WINE GROUP                        GHVINOS WINE GROUP LLC                         682 CYPRESS HILLS DR,                         ENCINITAS, CA  92024-2394","682 CYPRESS HILLS DR                              ENCINITAS, CA  92024-2394","17-636283","7","","9","3718","682 CYPRESS HILLS DR","ENCINITAS","37","92024","682 CYPRESS HILLS DR","ENCINITAS","92024","CA"
"653580","PEND ACTIVE","20 | 0","01/09/2024","04/30/2024","DBA: GHVINOS WINE GROUP                        GHVINOS WINE GROUP LLC                         682 CYPRESS HILLS DR,                         ENCINITAS, CA  92024-2394","682 CYPRESS HILLS DR                              ENCINITAS, CA  92024-2394","20-636283","7,I","","9","3718","682 CYPRESS HILLS DR","ENCINITAS","37","92024","682 CYPRESS HILLS DR","ENCINITAS","92024","CA"
"653580","PEND ACTIVE","18 | 1","01/09/2024","12/31/2024","DBA: GHVINOS WINE GROUP                        GHVINOS WINE GROUP LLC                         682 CYPRESS HILLS DR,                         ENCINITAS, CA  92024-2394","682 CYPRESS HILLS DR                              ENCINITAS, CA  92024-2394","","","","9","3718","682 CYPRESS HILLS DR","ENCINITAS","37","92024","682 CYPRESS HILLS DR","ENCINITAS","92024","CA"
"653580","PEND ACTIVE","09 | 1","01/09/2024","04/30/2024","DBA: GHVINOS WINE GROUP                        GHVINOS WINE GROUP LLC                         682 CYPRESS HILLS DR,                         ENCINITAS, CA  92024-2394","682 CYPRESS HILLS DR                              ENCINITAS, CA  92024-2394","17-636283","7","","9","3718","682 CYPRESS HILLS DR","ENCINITAS","37","92024","682 CYPRESS HILLS DR","ENCINITAS","92024","CA"
"653580","PEND ACTIVE","12 | 1","01/09/2024","12/31/2024","DBA: GHVINOS WINE GROUP                        GHVINOS WINE GROUP LLC                         682 CYPRESS HILLS DR,                         ENCINITAS, CA  92024-2394","682 CYPRESS HILLS DR                              ENCINITAS, CA  92024-2394","","","","9","3718","682 CYPRESS HILLS DR","ENCINITAS","37","92024","682 CYPRESS HILLS DR","ENCINITAS","92024","CA"
"653596","PEND ACTIVE","21 | 0","01/09/2024","12/31/2024","DBA: 5 STAR LIQUOR                        HGB INC.                         35111 NEWARK BLVD, UNIT C,                         NEWARK, CA  94560-1258","1086 A ST                              HAYWARD, CA  94541-4119","21-607041","","BUSINESS & ESCROW SERVICE CENTER 3031 TISCH WAY 310 SAN JOSE, CA  95128","22","0108","35111 NEWARK BLVD, UNIT C","NEWARK","01","94560","1086 A ST","HAYWARD","94541","CA"
"653629","PEND ACTIVE","58 | 1","01/10/2024","12/31/2024","CONCH LLC THE                         11033 DOWNEY AVE,                         DOWNEY, CA  90241-3710","10840 PARAMOUNT BLVD                              DOWNEY, CA  90241-3338","47-522393","","SECURITY LAND ESCROW  COMPANY 10805 PARAMOUNT BLVD STE A DOWNEY, CA  90241-3308","2","1916","11033 DOWNEY AVE","DOWNEY","19","90241","10840 PARAMOUNT BLVD","DOWNEY","90241","CA"
"653629","PEND ACTIVE","47 | 1","01/10/2024","12/31/2024","CONCH LLC THE                         11033 DOWNEY AVE,                         DOWNEY, CA  90241-3710","10840 PARAMOUNT BLVD                              DOWNEY, CA  90241-3338","47-522393","","SECURITY LAND ESCROW  COMPANY 10805 PARAMOUNT BLVD STE A DOWNEY, CA  90241-3308","2","1916","11033 DOWNEY AVE","DOWNEY","19","90241","10840 PARAMOUNT BLVD","DOWNEY","90241","CA"
"653637","PEND ACTIVE","48 | 2","01/09/2024","12/31/2024","DBA: TOUCANS                        TOUCANS LLC                         2100 N PALM CANYON DR, STE A100,                         PALM SPRINGS, CA  92262-2800","","48-596534","","THE ESCROW CONNECTION  1111 E TAHQUITZ CANYON WAY  STE 101 PALM SPRINGS, CA  92262","8","3310","2100 N PALM CANYON DR, STE A100","PALM SPRINGS","33","92262","","","",""
"653637","PEND ACTIVE","77 | 2","01/09/2024","12/31/2024","DBA: TOUCANS                        TOUCANS LLC                         2100 N PALM CANYON DR, STE A100,                         PALM SPRINGS, CA  92262-2800","","48-596534","","THE ESCROW CONNECTION  1111 E TAHQUITZ CANYON WAY  STE 101 PALM SPRINGS, CA  92262","8","3310","2100 N PALM CANYON DR, STE A100","PALM SPRINGS","33","92262","","","",""
"653637","PEND ACTIVE","58 | 2","01/09/2024","12/31/2024","DBA: TOUCANS                        TOUCANS LLC                         2100 N PALM CANYON DR, STE A100,                         PALM SPRINGS, CA  92262-2800","","48-596534","","THE ESCROW CONNECTION  1111 E TAHQUITZ CANYON WAY  STE 101 PALM SPRINGS, CA  92262","8","3310","2100 N PALM CANYON DR, STE A100","PALM SPRINGS","33","92262","","","",""
"653671","PEND ACTIVE","41 | 0","01/09/2024","12/31/2024","DBA: NEW RED JADE                        DAMAI GROUP INC                         245 CHURCH ST,                         SAN FRANCISCO, CA  94114","","41-213183","7","LAW OFFICES OF VIVIAN ZHANG 353 KEARNY ST SAN FRANCISCO, CA  94108","24","3800","245 CHURCH ST","SAN FRANCISCO","38","94114","","","",""
"653689","PEND ACTIVE","40 | 0","01/09/2024","12/31/2024","DBA: CROW, THE                        717 PRODUCTIONS, LLC                         2525 MICHIGAN AVE, #F4,                         SANTA MONICA, CA  90404-4014","833 15TH ST, #4                              SANTA MONICA, CA  90403","","","","3","1953","2525 MICHIGAN AVE, #F4","SANTA MONICA","19","90404","833 15TH ST, #4","SANTA MONICA","90403","CA"
"653691","PEND ACTIVE","48 | 0","01/09/2024","12/31/2024","DBA: BADLANDS SAN FRANCISCO                        BLSF2                         4121 18TH ST,                         SAN FRANCISCO, CA  94114","","48-350635","","MCGOVERN ESCROW SERVICES 436 14TH ST OAKLAND, CA  94612","24","3800","4121 18TH ST","SAN FRANCISCO","38","94114","","","",""
"653723","PEND ACTIVE","20 | 0","01/09/2024","12/31/2024","DBA: CHEVRON                        TRACY STATION LLC                         1124 NORTH INTERNATIONAL PARKWAY,                         TRACY, CA  95376","2648 GAYLEY PL                              SAN JOSE, CA  95135","20-629952","","","29","3906","1124 NORTH INTERNATIONAL PARKWAY","TRACY","39","95376","2648 GAYLEY PL","SAN JOSE","95135","CA"
"653731","PEND ACTIVE","41 | 0","01/10/2024","12/31/2024","DBA: GOLDEN HUNAN CHINESE RESTAURANT                        TEAM LIU LLC                         10334 RESEDA BLVD,                         NORTHRIDGE, CA  91326-3433","","41-541779","7","UNITED ESCROW CO 3440 WILSHIRE BLVD STE 600 LOS ANGELES, CA  90010","5","1933","10334 RESEDA BLVD","NORTHRIDGE","19","91326","","","",""
"653853","PEND ACTIVE","41 | 0","01/10/2024","12/31/2024","CHANG ANA STYLE KITCHEN INC                         15840 SOQUEL CANYON PKWY, #A,                         CHINO HILLS, CA  91709","1748 HUMMINGBIRD WAY                              CHINO HILLS, CA  91709","","","","7","3623","15840 SOQUEL CANYON PKWY, #A","CHINO HILLS","36","91709","1748 HUMMINGBIRD WAY","CHINO HILLS","91709","CA"
"653920","PEND ACTIVE","41 | 0","01/09/2024","12/31/2024","SMBATYAN, VOLODYA                         7330 FAIR OAKS BLVD, STE 10,                         CARMICHAEL, CA  95608-1771","","41-572852","","OLD REPUBLIC TITLE 1000 BURNETT AVE STE 400 CONCORD, CA  94520-2088","23","3400","7330 FAIR OAKS BLVD, STE 10","CARMICHAEL","34","95608","","","",""
"653929","PEND ACTIVE","41 | 0","01/09/2024","12/31/2024","DBA: BLACK BEAR DINER SUNNYVALE                        CUBS AA INC                         415 E EL CAMINO REAL,                         SUNNYVALE, CA  94087-1939","800 AIRPORT BLVD, #418                              BURLINGAME, CA  94010","41-602290","","","25","4316","415 E EL CAMINO REAL","SUNNYVALE","43","94087","800 AIRPORT BLVD, #418","BURLINGAME","94010","CA"
"653943","PEND ACTIVE","41 | 0","01/10/2024","12/31/2024","DBA: BLACK BEAR DINER MILPITAS                        CUBS AA INC                         174 W CALAVERAS BLVD,                         MILPITAS, CA  95035-5202","800 AIRPORT BLVD, #418                              BURLINGAME, CA  94010","41-602294","","","25","4308","174 W CALAVERAS BLVD","MILPITAS","43","95035","800 AIRPORT BLVD, #418","BURLINGAME","94010","CA"
"654107","PEND ACTIVE","02 | 0","01/10/2024","06/30/2024","DBA: DOGFARM                        DOGFARM LLC                         1299 MAIN ST, STE A,                         SAINT HELENA, CA  94574-1957","PO BOX 1006                              COBB, CA  95426-1006","","7","","27","2803","1299 MAIN ST, STE A","SAINT HELENA","28","94574","PO BOX 1006","COBB","95426","CA"
"654268","PEND ACTIVE","41 | 0","01/09/2024","12/31/2024","DBA: UMI SUSHI                        HNL RESTAURANT, INC.                         1300 SYLVAN AVE, #C9,                         MODESTO, CA  95355-1351","","41-588128","","BUSINESS & ESCROW SERVICE CENTER INC 3031 TISCH WAY STE 310 SAN JOSE, CA  95128","29","5002","1300 SYLVAN AVE, #C9","MODESTO","50","95355","","","",""
"654296","PEND ACTIVE","41 | 0","01/10/2024","12/31/2024","DBA: ZEN CURRY AND GRILL                        ZEN CURRY AND GRILL LLC                         41653 MARGARITA RD , STE 103,                         TEMECULA, CA  92591-3000","","","","","7","3322","41653 MARGARITA RD , STE 103","TEMECULA","33","92591","","","",""
"654327","PEND ACTIVE","48 | 0","01/10/2024","12/31/2024","DBA: JOANNIES CANTINA                        JL7 INC                         24750 WASHINGTON AVE,                         MURRIETA, CA  92562","23905 CLINTON KEITH RD, STE 114-205                              WILDOMAR, CA  92595","48-633458","7","STEWART TITLE GUARANTY COMPANY 1200 CALIFORNIA ST #140 REDLANDS, CA  92374","7","3323","24750 WASHINGTON AVE","MURRIETA","33","92562","23905 CLINTON KEITH RD, STE 114-205","WILDOMAR","92595","CA"
"654336","PEND ACTIVE","20 | 0","01/09/2024","12/31/2024","DBA: CARNICERIA ROSITA                        CARNICERIA ROSITA, INC.                         1080 N MAIN ST,                         MANTECA, CA  95336-3745","","20-556440","","","29","3903","1080 N MAIN ST","MANTECA","39","95336","","","",""
"654378","PEND ACTIVE","47 | 0","01/09/2024","12/31/2024","DBA: DIVINE SWINE                        ZABERTALO ENTERPRISE, LLC                         825 W ROSEBURG AVE,                         MODESTO, CA  95350","931 10TH ST , STE 2601                              MODESTO, CA  95354","47-560300","7","OLD REPUBLIC TITLE COMPANY 1000 BURNETT AVE #400 CONCORD, CA  94520","29","5002","825 W ROSEBURG AVE","MODESTO","50","95350","931 10TH ST , STE 2601","MODESTO","95354","CA"
"654405","PEND ACTIVE","17 | 0","01/09/2024","12/31/2024","DBA: LIBBY WINES                        POW POW WINES, LLC                         217 S MONTGOMERY ST,                         NAPA, CA  94559-4422","217 CESAR E CHAVEZ AVE, SW, STE 401                              GRAND RAPIDS, MI  49503","","7","","27","2802","217 S MONTGOMERY ST","NAPA","28","94559","217 CESAR E CHAVEZ AVE, SW, STE 401","GRAND RAPIDS","49503","MI"
"654440","PEND ACTIVE","48 | 1","01/09/2024","12/31/2024","DBA: DEL MAR                        DEL MAR SF, INC.                         2125 LOMBARD ST,                         SAN FRANCISCO, CA  94123","566 10TH AVE                              SAN FRANCISCO, CA  94118-3638","48-267280","","","24","3800","2125 LOMBARD ST","SAN FRANCISCO","38","94123","566 10TH AVE","SAN FRANCISCO","94118","CA"
"654440","PEND ACTIVE","58 | 1","01/09/2024","12/31/2024","DBA: DEL MAR                        DEL MAR SF, INC.                         2125 LOMBARD ST,                         SAN FRANCISCO, CA  94123","566 10TH AVE                              SAN FRANCISCO, CA  94118-3638","48-267280","","","24","3800","2125 LOMBARD ST","SAN FRANCISCO","38","94123","566 10TH AVE","SAN FRANCISCO","94118","CA"
"654584","PEND ACTIVE","41 | 0","01/09/2024","12/31/2024","DBA: EUREKA NATURAL FOODS                        EUREKA NATURAL FOODS, INC.                         1450 BROADWAY ST,                         EUREKA, CA  95501-0134","1450 BROADWAY ST                              EUREKA, CA  95501-0134","41-453849","","","28","1203","1450 BROADWAY ST","EUREKA","12","95501","1450 BROADWAY ST","EUREKA","95501","CA"
"654594","PEND ACTIVE","41 | 0","01/09/2024","06/30/2024","DBA: EUREKA NATURAL FOODS                        EUREKA NATURAL FOODS, INC.                         2165 CENTRAL AVE,                         MCKINLEYVILLE, CA  95519-3623","1450 BROADWAY ST                              EUREKA, CA  95501-0134","41-564819","8","","28","1200","2165 CENTRAL AVE","MCKINLEYVILLE","12","95519","1450 BROADWAY ST","EUREKA","95501","CA"
"654618","PEND ACTIVE","41 | 0","01/09/2024","12/31/2024","DBA: DRUNKEN FISH                         MLS DINING GROUP, INC                         12222 WILSHIRE BLVD, STE 101,                         LOS ANGELES, CA  90025-1169","18585 COLIMA RD , APT A                               ROWLAND HEIGHTS, CA  91748","41-500486","7","TIME ESCROW IN 3055 WILSHIRE BLVD STE 1150 LOS ANGELES, CA  90010-1176","4","1933","12222 WILSHIRE BLVD, STE 101","LOS ANGELES","19","90025","18585 COLIMA RD , APT A","ROWLAND HEIGHTS","91748","CA"
"654706","PEND ACTIVE","41 | 0","01/09/2024","12/31/2024","DBA: TUCK BOX                        LETOWT, JEFFREY FERRILL                         DOLORES BTW OCEAN & SEVENTH E/S,                         CARMEL, CA  93921","PO BOX TT                              CARMEL, CA  93921","41-331130","7","","26","2701","DOLORES BTW OCEAN & SEVENTH E/S","CARMEL","27","93921","PO BOX TT","CARMEL","93921","CA"
"654772","PEND ACTIVE","20 | 0","01/10/2024","03/31/2024","DBA: 4700 SLAUSON AVE, INC.                        4700 SLAUSON AVE, INC.                         4700 SLAUSON AVE,                         MAYWOOD, CA  90270-3017","10409 LAKEWOOD BLVD, UNIT 39340                              DOWNEY, CA  90239-2541","20-578310","7","","2","1936","4700 SLAUSON AVE","MAYWOOD","19","90270","10409 LAKEWOOD BLVD, UNIT 39340","DOWNEY","90239","CA"
"654923","PEND ACTIVE","41 | 0","01/09/2024","12/31/2024","DBA: AZIZAM                        MC RESTAURANT CONCEPTS LLC                          2943 W SUNSET BLVD,                         LOS ANGELES, CA  90026-2127","5043 MERIDIAN ST                              LOS ANGELES, CA  90026","41-624667","","GLEN OAKS ESCROW 8447 WILSHIRE BLVD STE 450 BEVERLY HILLS, CA  90211","4","1933","2943 W SUNSET BLVD","LOS ANGELES","19","90026","5043 MERIDIAN ST","LOS ANGELES","90026","CA"