"License Number","Status Changed From/To","Type| Dup","Original Issue Date","Expir. Date","Primary Owner and Premises Addr.","Mailing Addr.","Transfer-From/To","Conditions","Escrow","District Code","Geo Code","Prem Street","City","County","Zip Code","Mailing Street","Mailing City","Mailing Zip Code","Mailing State"
"57895","PEND ACTIVE","01 | 1","08/09/2023","07/31/2024","E & J GALLO WINERY                         5610 E OLIVE AVE,                         FRESNO, CA  93727-2707","600 YOSEMITE BLVD, REGULATORY AFFAIRS AND COMPLIANCE DEPT.                              MODESTO, CA  95354-2760","","","","21","1005","5610 E OLIVE AVE","FRESNO","10","93727","600 YOSEMITE BLVD, REGULATORY AFFAIRS AND COMPLIANCE DEPT.","MODESTO","95354","CA"
"57895","PEND ACTIVE","09 | 1","08/09/2023","07/31/2024","E & J GALLO WINERY                         5610 E OLIVE AVE,                         FRESNO, CA  93727-2707","600 YOSEMITE BLVD, REGULATORY AFFAIRS AND COMPLIANCE DEPT.                              MODESTO, CA  95354-2760","","","","21","1005","5610 E OLIVE AVE","FRESNO","10","93727","600 YOSEMITE BLVD, REGULATORY AFFAIRS AND COMPLIANCE DEPT.","MODESTO","95354","CA"
"190755","ACTIVE CANCEL","41 | 0","08/19/1986","05/31/2024","DBA: SUSHI CALIFORNIA                        ARAKAKI, JAHLEE N                         2033 MARTIN LUTHER KING JR WY,                         BERKELEY, CA  94704","","","","","22","0103","2033 MARTIN LUTHER KING JR WY","BERKELEY","01","94704","","","",""
"213844","ACTIVE CANCEL","47 | 1","03/04/1988","04/30/2024","DBA: SIERRA LANES                        CAMPBELL, DAVE                         634 S CHINA LAKE BLVD,                         RIDGECREST, CA  93555","","","","","6","1510","634 S CHINA LAKE BLVD","RIDGECREST","15","93555","","","",""
"213844","ACTIVE CANCEL","58 | 1","03/04/1988","04/30/2024","DBA: SIERRA LANES                        CAMPBELL, DAVE                         634 S CHINA LAKE BLVD,                         RIDGECREST, CA  93555","","","","","6","1510","634 S CHINA LAKE BLVD","RIDGECREST","15","93555","","","",""
"362572","SUREND CANCEL","21 | 0","03/20/2000","02/29/2024","DBA: PORTOLA FOOD & GAS                        CHANDLER, CATHY JANE                         1037 E AIRWAY BLVD,                         LIVERMORE, CA  94551","813 GRAY FOX CIR                              PLEASANTON, CA  94566","21-345402/ 21-648457","","","22","0107","1037 E AIRWAY BLVD","LIVERMORE","01","94551","813 GRAY FOX CIR","PLEASANTON","94566","CA"
"427501","ACTIVE CANCEL","41 | 0","07/22/2005","06/30/2024","DBA: MINGS CHINESE RESTAURANT                        SU, JIAN MING                         2653 PLEASANT HILL RD,                         PLEASANT HILL, CA  94523","","41-294445/ 41-649728","","","22","0712","2653 PLEASANT HILL RD","PLEASANT HILL","07","94523","","","",""
"441335","SUREND CANCEL","02 | 0","01/16/2007","06/30/2024","DBA: PAGE WINE CELLARS                        EMILIAN L-PSHIP                         520 CALIFORNIA BLVD, STE 18, 19, & 20,                         NAPA, CA  94559-3158","1370 TRANCAS ST, # 343                              NAPA, CA  94558","","7","","27","2802","520 CALIFORNIA BLVD, STE 18, 19, & 20","NAPA","28","94559","1370 TRANCAS ST, # 343","NAPA","94558","CA"
"441564","ACTIVE CANCEL","47 | 1","07/24/2006","06/30/2024","DBA: CANTINETTA LUCA                        CANTINETTA LUCA LLC                         DOLORES ST W/S BTW OCEAN & SEVENTH,                         CARMEL, CA  93921","PO BOX J                              CARMEL, CA  93921-0440","47-393516/ 47-646434","","","26","2701","DOLORES ST W/S BTW OCEAN & SEVENTH","CARMEL","27","93921","PO BOX J","CARMEL","93921","CA"
"441564","ACTIVE CANCEL","58 | 1","07/24/2006","06/30/2024","DBA: CANTINETTA LUCA                        CANTINETTA LUCA LLC                         DOLORES ST W/S BTW OCEAN & SEVENTH,                         CARMEL, CA  93921","PO BOX J                              CARMEL, CA  93921-0440","47-393516/ 47-646434","","","26","2701","DOLORES ST W/S BTW OCEAN & SEVENTH","CARMEL","27","93921","PO BOX J","CARMEL","93921","CA"
"455597","ACTIVE CANCEL","21 | 0","08/15/2007","07/31/2024","DBA: G M LIQUOR                        LEE, CHONG HUN                         1921 24TH ST, STE B,                         BAKERSFIELD, CA  93301-3812","","21-403264/ 21-634106","","","6","1501","1921 24TH ST, STE B","BAKERSFIELD","15","93301","","","",""
"478787","PEND ACTIVE","23 | 0","08/09/2023","07/31/2024","DBA: ROCHE                        ROCHE WINERY LLC                         122 W SPAIN ST,                         SONOMA, CA  95476-5616","122 W SPAIN ST                              SONOMA, CA  95476-5616","","","","27","4906","122 W SPAIN ST","SONOMA","49","95476","122 W SPAIN ST","SONOMA","95476","CA"
"521908","ACTIVE WITHDRAWN","17 | 0","","","DBA: AV BEVERAGE GROUP                        ESSER WINES LLC                         5570 SKYLANE BLVD, STE C,                         SANTA ROSA, CA  95403-1030","PO BOX 1124                              WINDSOR, CA  95492-1124","","7","","27","4900","5570 SKYLANE BLVD, STE C","SANTA ROSA","49","95403","PO BOX 1124","WINDSOR","95492","CA"
"521908","ACTIVE WITHDRAWN","17 | 0","","","DBA: AV BEVERAGE GROUP                        ESSER WINES LLC                         5570 SKYLANE BLVD, STE C,                         SANTA ROSA, CA  95403-1030","PO BOX 1124                              WINDSOR, CA  95492-1124","","7","","27","4900","5570 SKYLANE BLVD, STE C","SANTA ROSA","49","95403","PO BOX 1124","WINDSOR","95492","CA"
"521908","ACTIVE WITHDRAWN","20 | 0","","","DBA: AV BEVERAGE GROUP                        ESSER WINES LLC                         5570 SKYLANE BLVD, STE C,                         SANTA ROSA, CA  95403-1030","PO BOX 1124                              WINDSOR, CA  95492-1124","","I, 7","","27","4900","5570 SKYLANE BLVD, STE C","SANTA ROSA","49","95403","PO BOX 1124","WINDSOR","95492","CA"
"521908","ACTIVE WITHDRAWN","20 | 0","","","DBA: AV BEVERAGE GROUP                        ESSER WINES LLC                         5570 SKYLANE BLVD, STE C,                         SANTA ROSA, CA  95403-1030","PO BOX 1124                              WINDSOR, CA  95492-1124","","I, 7","","27","4900","5570 SKYLANE BLVD, STE C","SANTA ROSA","49","95403","PO BOX 1124","WINDSOR","95492","CA"
"521908","ACTIVE WITHDRAWN","18 | 0","","","DBA: AV BEVERAGE GROUP                        ESSER WINES LLC                         5570 SKYLANE BLVD, STE C,                         SANTA ROSA, CA  95403-1030","PO BOX 1124                              WINDSOR, CA  95492-1124","","","","27","4900","5570 SKYLANE BLVD, STE C","SANTA ROSA","49","95403","PO BOX 1124","WINDSOR","95492","CA"
"521908","ACTIVE WITHDRAWN","18 | 0","","","DBA: AV BEVERAGE GROUP                        ESSER WINES LLC                         5570 SKYLANE BLVD, STE C,                         SANTA ROSA, CA  95403-1030","PO BOX 1124                              WINDSOR, CA  95492-1124","","","","27","4900","5570 SKYLANE BLVD, STE C","SANTA ROSA","49","95403","PO BOX 1124","WINDSOR","95492","CA"
"528833","SUREND CANCEL","47 | 0","03/25/2013","02/29/2024","CAFE BORRONE INC                         1010 EL CAMINO REAL, STE 140,                         MENLO PARK, CA  94025-4345","1010 EL CAMINO REAL, STE 110                              MENLO PARK, CA  94025-4349","47-483901/ 47-647115","7","BUSINESS & ESCROW SERVICE CENTER INC 3031 TISCH WAY STE 310 SAN JOSE, CA  95128","25","4107","1010 EL CAMINO REAL, STE 140","MENLO PARK","41","94025","1010 EL CAMINO REAL, STE 110","MENLO PARK","94025","CA"
"533308","ACTIVE SUREND","20 | 0","07/24/2013","06/30/2024","DBA: 7 ELEVEN STORE 2368 35615A                        7 ELEVEN INC                         2630 TULARE ST,                         FRESNO, CA  93721-1325","PO BOX 139044, ATTN: LICENSING DEPARTMENT                              DALLAS, TX  75313-9044","20-519718","7","7 ELEVEN INC PO BOX 219088 ATT: 7 ELEVEN LICENSING DALLAS, TX  75221-9088","21","1005","2630 TULARE ST","FRESNO","10","93721","PO BOX 139044, ATTN: LICENSING DEPARTMENT","DALLAS","75313","TX"
"534819","ACTIVE CANCEL","47 | 0","11/01/2013","10/31/2023","DBA: GLORY DAYS BEACHSIDE                        GLORY DAYS BEACHSIDE LLC                         620 PACIFIC COAST HWY,                         SEAL BEACH, CA  90740-5906","","47-419972/ 47-649493","7","INTERNATIONAL CITY ESCROW INC 5000 E SPRING ST STE 120 LONG BEACH, CA  90815","11","3018","620 PACIFIC COAST HWY","SEAL BEACH","30","90740","","","",""
"538545","PEND WITHDRAWN","18 | 0","","","DBA: ALLUVIAL WINES                        ALLUVIAL WINES, INC.                         3 MUTH DR,                         ORINDA, CA  94563-2805","3 MUTH DR                              ORINDA, CA  94563-2805","","7","","22","0718","3 MUTH DR","ORINDA","07","94563","3 MUTH DR","ORINDA","94563","CA"
"546842","AUTREV ACTIVE","41 | 0","09/29/2014","08/31/2024","DBA: FRESH BROTHERS                        GOLDEN ROAD FOOD SERVICES LLC                         1616 SAN MIGUEL DR,                         NEWPORT BEACH, CA  92660-7124","11120 HINDRY AVE, STE C                              LOS ANGELES, CA  90045-6295","","","","11","3013","1616 SAN MIGUEL DR","NEWPORT BEACH","30","92660","11120 HINDRY AVE, STE C","LOS ANGELES","90045","CA"
"546842","AUTREV ACTIVE","41 | 0","09/29/2014","08/31/2024","DBA: FRESH BROTHERS                        GOLDEN ROAD FOOD SERVICES LLC                         1616 SAN MIGUEL DR,                         NEWPORT BEACH, CA  92660-7124","11120 HINDRY AVE, STE C                              LOS ANGELES, CA  90045-6295","","","","11","3013","1616 SAN MIGUEL DR","NEWPORT BEACH","30","92660","11120 HINDRY AVE, STE C","LOS ANGELES","90045","CA"
"551698","ACTIVE CANCEL","02 | 0","01/30/2015","06/30/2023","DBA: SOUTH CITY CIDERWORKS                        SOUTH CITY CIDERWORKS, LLC                         1236 MONTGOMERY AVE,                         SAN BRUNO, CA  94066-1522","1236 MONTGOMERY AVE                              SAN BRUNO, CA  94066-1522","","","","25","4111","1236 MONTGOMERY AVE","SAN BRUNO","41","94066","1236 MONTGOMERY AVE","SAN BRUNO","94066","CA"
"563766","REVPEN SUREND","20 | 0","01/14/2016","12/31/2023","DBA: EZ STOP MINI MART                        PRABHU DAYA, INC.                         11024 S FOWLER AVE,                         SELMA, CA  93662-9619","14718 S WEST AVE                              CARUTHERS, CA  93609-9768","20-266774/ 20-654187","","FRESNO ESCROW INC 6760 N WEST AVE STE 102 FRESNO, CA  93711","21","1000","11024 S FOWLER AVE","SELMA","10","93662","14718 S WEST AVE","CARUTHERS","93609","CA"
"563766","REVPEN SUREND","20 | 0","01/14/2016","12/31/2023","DBA: EZ STOP MINI MART                        PRABHU DAYA, INC.                         11024 S FOWLER AVE,                         SELMA, CA  93662-9619","14718 S WEST AVE                              CARUTHERS, CA  93609-9768","20-266774/ 20-654187","","FRESNO ESCROW INC 6760 N WEST AVE STE 102 FRESNO, CA  93711","21","1000","11024 S FOWLER AVE","SELMA","10","93662","14718 S WEST AVE","CARUTHERS","93609","CA"
"570741","AUTREV ACTIVE","41 | 0","09/14/2016","08/31/2024","DBA: FRESH BROTHERS                        GOLDEN ROAD FOOD SERVICES LLC                         13258 JAMBOREE RD,                         IRVINE, CA  92602-2309","11120 HINDRY AVE, STE C                              LOS ANGELES, CA  90045-6295","","","","11","3026","13258 JAMBOREE RD","IRVINE","30","92602","11120 HINDRY AVE, STE C","LOS ANGELES","90045","CA"
"570741","AUTREV ACTIVE","41 | 0","09/14/2016","08/31/2024","DBA: FRESH BROTHERS                        GOLDEN ROAD FOOD SERVICES LLC                         13258 JAMBOREE RD,                         IRVINE, CA  92602-2309","11120 HINDRY AVE, STE C                              LOS ANGELES, CA  90045-6295","","","","11","3026","13258 JAMBOREE RD","IRVINE","30","92602","11120 HINDRY AVE, STE C","LOS ANGELES","90045","CA"
"576731","ACTIVE CANCEL","21 | 0","01/13/2017","12/31/2023","DBA: CLAYTON LIQUOR STORE                        SINGH, RANBIR                         5421 CLAYTON RD,                         CLAYTON, CA  94517-1012","","21-478630/ 21-649697","","BAY AREA ESCROW COMPANY 2817 CROW CANYON RD STE 102 SAN RAMON, CA  94583","22","0713","5421 CLAYTON RD","CLAYTON","07","94517","","","",""
"580083","REVPEN ACTIVE","20 | 0","05/19/2017","04/30/2024","DBA: LITTLE WINE GUY THE                         CERESIA, DANIEL MICHAEL RAVI                         1247 WALNUT ST, #52,                         NAPA, CA  94559-2251","","","7,I","","27","2802","1247 WALNUT ST, #52","NAPA","28","94559","","","",""
"580083","REVPEN ACTIVE","20 | 0","05/19/2017","04/30/2024","DBA: LITTLE WINE GUY THE                         CERESIA, DANIEL MICHAEL RAVI                         1247 WALNUT ST, #52,                         NAPA, CA  94559-2251","","","7,I","","27","2802","1247 WALNUT ST, #52","NAPA","28","94559","","","",""
"580083","REVPEN ACTIVE","17 | 1","05/19/2017","04/30/2024","DBA: LITTLE WINE GUY THE                         CERESIA, DANIEL MICHAEL RAVI                         1247 WALNUT ST, #52,                         NAPA, CA  94559-2251","","","7","","27","2802","1247 WALNUT ST, #52","NAPA","28","94559","","","",""
"580083","REVPEN ACTIVE","17 | 1","05/19/2017","04/30/2024","DBA: LITTLE WINE GUY THE                         CERESIA, DANIEL MICHAEL RAVI                         1247 WALNUT ST, #52,                         NAPA, CA  94559-2251","","","7","","27","2802","1247 WALNUT ST, #52","NAPA","28","94559","","","",""
"580083","REVPEN ACTIVE","09 | 1","05/19/2017","04/30/2024","DBA: LITTLE WINE GUY THE                         CERESIA, DANIEL MICHAEL RAVI                         1247 WALNUT ST, #52,                         NAPA, CA  94559-2251","","","7","","27","2802","1247 WALNUT ST, #52","NAPA","28","94559","","","",""
"580083","REVPEN ACTIVE","09 | 1","05/19/2017","04/30/2024","DBA: LITTLE WINE GUY THE                         CERESIA, DANIEL MICHAEL RAVI                         1247 WALNUT ST, #52,                         NAPA, CA  94559-2251","","","7","","27","2802","1247 WALNUT ST, #52","NAPA","28","94559","","","",""
"583195","ACTIVE CANCEL","20 | 0","11/17/2017","10/31/2023","DBA: SUNBEAM MARKET                        ALMUALM, MUAAMAR ALI                         1400 ADELINE ST,                         OAKLAND, CA  94607-2810","","","","","22","0109","1400 ADELINE ST","OAKLAND","01","94607","","","",""
"587410","ACTIVE SUREND","18 | 1","12/15/2017","11/30/2023","DBA: WARNER & BLANC INC                        WARNER & BLANC INC                         2800 S MAIN ST, STE A,                         SANTA ANA, CA  92707-3443","PO BOX 998                              MORENO VALLEY, CA  92556-0998","","","","11","3017","2800 S MAIN ST, STE A","SANTA ANA","30","92707","PO BOX 998","MORENO VALLEY","92556","CA"
"587410","ACTIVE SUREND","12 | 1","12/15/2017","11/30/2023","DBA: WARNER & BLANC INC                        WARNER & BLANC INC                         2800 S MAIN ST, STE A,                         SANTA ANA, CA  92707-3443","PO BOX 998                              MORENO VALLEY, CA  92556-0998","","","","11","3017","2800 S MAIN ST, STE A","SANTA ANA","30","92707","PO BOX 998","MORENO VALLEY","92556","CA"
"588986","SUREND CANCEL","47 | 0","02/01/2018","01/31/2024","DBA: 20/20 BAR & GRILL LA CASA DE LAS MICHELADAS, THE                        DTP RESTAURANT VENTURES, LLC                          135-139 E 2ND ST,                         POMONA, CA  91766-1728","PO BOX 8591                              RANCHO CUCAMONGA, CA  91701-0591","47-580568/ 47-647397","","","2","1945","135-139 E 2ND ST","POMONA","19","91766","PO BOX 8591","RANCHO CUCAMONGA","91701","CA"
"595610","ACTIVE CANCEL","41 | 0","09/10/2018","08/31/2023","DBA: SHOW RAMEN                        BJY MANAGEMENT CORP                          1257 & 1263 FOOTHILL BLVD,                         LA VERNE, CA  91750-3324","","41-588390/ 41-649691","","","2","1931","1257 & 1263 FOOTHILL BLVD","LA VERNE","19","91750","","","",""
"600799","ACTIVE CANCEL","41 | 0","04/23/2019","03/31/2024","DBA: PARILYA                        SAN BRUNO IHAW IHAW INC                         1680 DECOTO RD,                         UNION CITY, CA  94587-3544","448 SAN MATEO AVE                              SAN BRUNO, CA  94066-3611","","","","22","0113","1680 DECOTO RD","UNION CITY","01","94587","448 SAN MATEO AVE","SAN BRUNO","94066","CA"
"606003","SUREND CANCEL","47 | 0","06/28/2019","05/31/2024","DBA: 13 PALM SPRINGS THE                        13 PALM SPRINGS LLC THE                         139 E ANDREAS RD,                         PALM SPRINGS, CA  92262-5501","480 CALLE MADRIGAL                              CATHEDRAL CITY, CA  92234-1613","47-576630/ 47-625657","7","THE ESCROW CONNECTION 1111 E TAHQUITZ CANYON WAY #101 PALM SPRINGS, CA  92262","8","3310","139 E ANDREAS RD","PALM SPRINGS","33","92262","480 CALLE MADRIGAL","CATHEDRAL CITY","92234","CA"
"606003","SUREND CANCEL","47 | 0","06/28/2019","05/31/2024","DBA: 13 PALM SPRINGS THE                        13 PALM SPRINGS LLC THE                         139 E ANDREAS RD,                         PALM SPRINGS, CA  92262-5501","480 CALLE MADRIGAL                              CATHEDRAL CITY, CA  92234-1613","47-576630/ 47-625657","7","THE ESCROW CONNECTION 1111 E TAHQUITZ CANYON WAY #101 PALM SPRINGS, CA  92262","8","3310","139 E ANDREAS RD","PALM SPRINGS","33","92262","480 CALLE MADRIGAL","CATHEDRAL CITY","92234","CA"
"609770","ACTIVE SUREND","21 | 0","02/04/2020","01/31/2024","DBA: CELTIC SHOPPE                        CAVAGNARO, CATHERINE MARY                         354 E CAMPBELL AVE,                         CAMPBELL, CA  95008-2012","","","5","","25","4302","354 E CAMPBELL AVE","CAMPBELL","43","95008","","","",""
"610560","ACTIVE CANCEL","02 | 0","11/02/2019","06/30/2023","DBA: SOUTH CITY CIDERWORKS                        SOUTH CITY CIDERWORKS, LLC                         233 S MAPLE AVE, #32,                         SOUTH SAN FRANCISCO, CA  94080-6331","1236 MONTGOMERY AVE                              SAN BRUNO, CA  94066-1522","","","","25","4114","233 S MAPLE AVE, #32","SOUTH SAN FRANCISCO","41","94080","1236 MONTGOMERY AVE","SAN BRUNO","94066","CA"
"613117","PEND WITHDRAWN","41 | 0","","","DBA: ROUND TABLE PIZZA                        SM OCEAN CAPITAL, INC                          1876 S PACIFIC COAST HWY,                         REDONDO BEACH, CA  90277-6117","15250 VENTURA BLVD, STE 508                              SHERMAN OAKS, CA  91403","","","","3","1946","1876 S PACIFIC COAST HWY","REDONDO BEACH","19","90277","15250 VENTURA BLVD, STE 508","SHERMAN OAKS","91403","CA"
"613948","ACTIVE CANCEL","21 | 0","03/02/2020","02/29/2024","DBA: DIRT CHEAP LIQUORS                        SINGH, RANBIR                         3608 WILLOW PASS RD,                         CONCORD, CA  94519-1314","50 PUFFIN CIR                              OAKLEY, CA  94561","21-608491/ 21-649699","","BAY AREA ESCROW 2817 CROW CANYON RD STE 102 SAN RAMON, CA  94583","22","0703","3608 WILLOW PASS RD","CONCORD","07","94519","50 PUFFIN CIR","OAKLEY","94561","CA"
"620279","ACTIVE CANCEL","20 | 0","11/13/2020","10/31/2023","DBA: MONTYS JR MARKET                        NIRA INVESTMENTS, LLC                         9029 CERRITOS AVE,                         STANTON, CA  90680","9029 CERRITOS AVE                              ANAHEIM, CA  92804-5801","20-588499/ 20-649481","7","DETAIL ESCROW, INC 13737 ARTESIA BLVD  STE 105 CERRITOS, CA  90703","11","3019","9029 CERRITOS AVE","STANTON","30","90680","9029 CERRITOS AVE","ANAHEIM","92804","CA"
"622389","PEND ACTIVE","47 | 0","08/09/2023","07/31/2024","DBA: OLA RESTOBAR                        AZALEA PARK INC.                          11040 DOWNEY AVE,                         DOWNEY, CA  90241-3711","","47-567768","7","CALIFORNIA BUSINESS ESCROW INC 1748 MAIN ST ESCALON, CA  95320-1927","2","1916","11040 DOWNEY AVE","DOWNEY","19","90241","","","",""
"622530","ACTIVE CANCEL","41 | 0","01/14/2021","12/31/2023","DBA: STOCKMEN'S SOCIAL CLUB, INC                        STOCKMEN'S CLUB WHICH WILL DO BUSINESS IN CALIFORN                         56 S LIVERMORE AVE,                         LIVERMORE, CA  94550-3127","1911 SECOND ST                              LIVERMORE, CA  94550","","","","22","0107","56 S LIVERMORE AVE","LIVERMORE","01","94550","1911 SECOND ST","LIVERMORE","94550","CA"
"623812","SUSPEN ACTIVE","18 | 1","05/25/2021","04/30/2024","DBA: ROKIT DRINKS IMPORTS INC                        ROKIT DRINKS IMPORTS INC                         6440 CORVETTE ST,                         COMMERCE, CA  90040-1703","3617 HAYDEN AVE , #105                              CULVER CITY, CA  90232-2448","","","","2","1967","6440 CORVETTE ST","COMMERCE","19","90040","3617 HAYDEN AVE , #105","CULVER CITY","90232","CA"
"623812","SUSPEN ACTIVE","14 | 0","05/25/2021","04/30/2024","DBA: ROKIT DRINKS IMPORTS INC                        ROKIT DRINKS IMPORTS INC                         6440 CORVETTE ST,                         COMMERCE, CA  90040-1703","3617 HAYDEN AVE , #105                              CULVER CITY, CA  90232-2448","","","","2","1967","6440 CORVETTE ST","COMMERCE","19","90040","3617 HAYDEN AVE , #105","CULVER CITY","90232","CA"
"623812","SUSPEN ACTIVE","12 | 1","05/25/2021","04/30/2024","DBA: ROKIT DRINKS IMPORTS INC                        ROKIT DRINKS IMPORTS INC                         6440 CORVETTE ST,                         COMMERCE, CA  90040-1703","3617 HAYDEN AVE , #105                              CULVER CITY, CA  90232-2448","","","","2","1967","6440 CORVETTE ST","COMMERCE","19","90040","3617 HAYDEN AVE , #105","CULVER CITY","90232","CA"
"624199","PEND ACTIVE","41 | 0","08/09/2023","07/31/2024","DBA: MONTROSE BOWL                        RATNER BOWL LLC                         2334 HONOLULU AVE,                         MONTROSE, CA  91020-1822","4181 SUNSWEPT DR 1ST FLR                              STUDIO CITY, CA  91604-2376","","","","5","1900","2334 HONOLULU AVE","MONTROSE","19","91020","4181 SUNSWEPT DR 1ST FLR","STUDIO CITY","91604","CA"
"624227","ACTIVE CANCEL","41 | 0","04/23/2021","03/31/2024","DBA: JAY BIRDS                        JAY BIRD'S, LLC                         763 S MAIN ST, STE 200A ,                         ORANGE, CA  92868-4610","1745 W ORANGEWOOD AVE, STE 212                              ORANGE, CA  92868-2042","","","","11","3014","763 S MAIN ST, STE 200A","ORANGE","30","92868","1745 W ORANGEWOOD AVE, STE 212","ORANGE","92868","CA"
"625295","ACTIVE CANCEL","41 | 0","06/29/2021","05/31/2024","DBA: EL CARACOL                        LOPEZ CUEVAS, JORGE RICARDO                         900 W TEXAS ST,                         FAIRFIELD, CA  94533","3081 ALAMO DR                              VACAVILLE, CA  95687-6344","","","","22","4803","900 W TEXAS ST","FAIRFIELD","48","94533","3081 ALAMO DR","VACAVILLE","95687","CA"
"625349","ACTIVE CANCEL","47 | 1","11/05/2021","10/31/2023","DBA: HOMESTATE                        HOMESTATE SHERMAN OAKS, LLC                         13424-28 VENTURA BLVD,                         SHERMAN OAKS, CA  91423-3914","","47-584322/ 47-648945","7","CALIFORNIA BUSINESS ESCROW INC 1748 MAIN STREET ESCALON, CA  95320","5","1933","13424-28 VENTURA BLVD","SHERMAN OAKS","19","91423","","","",""
"625349","ACTIVE CANCEL","58 | 1","11/05/2021","10/31/2023","DBA: HOMESTATE                        HOMESTATE SHERMAN OAKS, LLC                         13424-28 VENTURA BLVD,                         SHERMAN OAKS, CA  91423-3914","","47-584322/ 47-648945","7","CALIFORNIA BUSINESS ESCROW INC 1748 MAIN STREET ESCALON, CA  95320","5","1933","13424-28 VENTURA BLVD","SHERMAN OAKS","19","91423","","","",""
"625657","PEND ACTIVE","47 | 0","08/08/2023","07/31/2024","DBA: SENSEI RANCHO MIRAGE AT PORCUPINE CREEK                        PORCUPINE PROPERTIES LLC                          42765 DUNES VIEW RD,                         RANCHO MIRAGE, CA  92270-4311","101 YGNACIO VALLEY RD, STE 320                              WALNUT CREEK, CA  94596","47-606003","","CALIFORNIA BUSINESS ESCROW 1748 MAIN ST ESCALON, CA  95320-1927","8","3317","42765 DUNES VIEW RD","RANCHO MIRAGE","33","92270","101 YGNACIO VALLEY RD, STE 320","WALNUT CREEK","94596","CA"
"630574","R64B ACTIVE","47 | 0","01/14/2022","12/31/2023","DBA: SPRINGHILL SUITES CARLSBAD                        S.C. HOTEL, LLC                         3136 CARLSBAD BLVD,                         CARLSBAD, CA  92008-2908","1900 MAIN ST, STE 700                              C/O MICHAEL C. CHO, PTWWW, IRVINE, CA  92614-7328","47-339308","","ABC ESCROW 2222 DAMON STREET  LOS ANGELES, CA  90021","9","3701","3136 CARLSBAD BLVD","CARLSBAD","37","92008","1900 MAIN ST, STE 700","IRVINE","92614","CA"
"630574","R64B ACTIVE","47 | 0","01/14/2022","12/31/2023","DBA: SPRINGHILL SUITES CARLSBAD                        S.C. HOTEL, LLC                         3136 CARLSBAD BLVD,                         CARLSBAD, CA  92008-2908","1900 MAIN ST, STE 700                              C/O MICHAEL C. CHO, PTWWW, IRVINE, CA  92614-7328","47-339308","","ABC ESCROW 2222 DAMON STREET  LOS ANGELES, CA  90021","9","3701","3136 CARLSBAD BLVD","CARLSBAD","37","92008","1900 MAIN ST, STE 700","IRVINE","92614","CA"
"631272","AUTREV ACTIVE","20 | 0","04/26/2022","03/31/2024","DBA: TOMS MARKET                        ALTAM, WAHID ABDULWAHABALI                         605 N FRESNO ST,                         FRESNO, CA  93701-2335","4532 E BOOKER AVE                              FRESNO, CA  93725-1645","20-584763","7","CHICAGO TITLE COMPANY 7330 N PALM AVE STE 101 FRESNO, CA  93711-5768","21","1005","605 N FRESNO ST","FRESNO","10","93701","4532 E BOOKER AVE","FRESNO","93725","CA"
"631272","AUTREV ACTIVE","20 | 0","04/26/2022","03/31/2024","DBA: TOMS MARKET                        ALTAM, WAHID ABDULWAHABALI                         605 N FRESNO ST,                         FRESNO, CA  93701-2335","4532 E BOOKER AVE                              FRESNO, CA  93725-1645","20-584763","7","CHICAGO TITLE COMPANY 7330 N PALM AVE STE 101 FRESNO, CA  93711-5768","21","1005","605 N FRESNO ST","FRESNO","10","93701","4532 E BOOKER AVE","FRESNO","93725","CA"
"634106","PEND ACTIVE","21 | 0","08/08/2023","07/31/2024","DBA: VERDUGO MARKET #9                        SSSB 5 CORP                         5741 TAFT HWY,                         BAKERSFIELD, CA  93313-9211","4198 UNION AVE                              BAKERSFIELD, CA  93305-2458","21-455597","","TICOR TITLE COMPANY 10000 STOCKDALE HWY STE 101 BAKERSFIELD, CA  93311","6","1501","5741 TAFT HWY","BAKERSFIELD","15","93313","4198 UNION AVE","BAKERSFIELD","93305","CA"
"635198","PEND ACTIVE","09 | 1","08/08/2023","07/31/2024","DBA: JUJU WINES                        JUJU LABS, INC.                         100 GILLMAN AVE., STE A,                         CAMPBELL, CA  95008-3077","","","","","25","4302","100 GILLMAN AVE., STE A","CAMPBELL","43","95008","","","",""
"635198","PEND ACTIVE","17 | 1","08/08/2023","07/31/2024","DBA: JUJU WINES                        JUJU LABS, INC.                         100 GILLMAN AVE., STE A,                         CAMPBELL, CA  95008-3077","","","","","25","4302","100 GILLMAN AVE., STE A","CAMPBELL","43","95008","","","",""
"636886","PEND WITHDRAWN","47 | 0","","","DBA: TEAKWOODS BAR VS GRILL                        NIKLED INC                         23971 CLINTON KEITH RD, A101,                         WILDOMAR, CA  92595-8054","","528526","","ALL BROKERS ESCROW INC 2924 W MAGNOLIA BLVD BURBANK, CA  91505","7","3326","23971 CLINTON KEITH RD, A101","WILDOMAR","33","92595","","","",""
"637030","PEND WITHDRAWN","02 | 0","","","DBA: CITY LIGHTS VINEYARDS                        BAILEY, MARK  LAWRENCE                         10925 PRIETA CT,                         SAN JOSE, CA  95127","","","7","","25","4313","10925 PRIETA CT","SAN JOSE","43","95127","","","",""
"637593","PEND ACTIVE","02 | 0","08/08/2023","06/30/2024","DBA: PAGE WINE CELLARS                        EMILIAN L-PSHIP                         1721 ACTION AVE, STE A,                         NAPA, CA  94559-1869","1370 TRANCAS ST, # 343                              NAPA, CA  94558","02-441335","7","","27","2802","1721 ACTION AVE, STE A","NAPA","28","94559","1370 TRANCAS ST, # 343","NAPA","94558","CA"
"638800","PEND ACTIVE","74 | 0","08/09/2023","07/31/2024","DBA: BORDEN DISTILLERY                        BORDEN DISTILLERY LLC                         9904 CANOGA AVE,                         CHATSWORTH, CA  91311-3001","1600 N SAN FERNANDO BLVD #320                              BURBANK, CA  91504","","","","5","1933","9904 CANOGA AVE","CHATSWORTH","19","91311","1600 N SAN FERNANDO BLVD #320","BURBANK","91504","CA"
"638800","PEND ACTIVE","06 | 0","08/09/2023","07/31/2024","DBA: BORDEN DISTILLERY                        BORDEN DISTILLERY LLC                         9904 CANOGA AVE,                         CHATSWORTH, CA  91311-3001","1600 N SAN FERNANDO BLVD #320                              BURBANK, CA  91504","","","","5","1933","9904 CANOGA AVE","CHATSWORTH","19","91311","1600 N SAN FERNANDO BLVD #320","BURBANK","91504","CA"
"639223","SUREND CANCEL","41 | 0","07/01/2022","12/31/2023","DBA: MANDOS RESTAURANT                        VENEGAS CRUZ, ARMANDO M                         162 FOUNTAIN AVE,                         PACIFIC GROVE, CA  93950","301 VAN BURAEN ST, APT 3                              MONTEREY, CA  93940","41-503999/ 41-648443","","","26","2707","162 FOUNTAIN AVE","PACIFIC GROVE","27","93950","301 VAN BURAEN ST, APT 3","MONTEREY","93940","CA"
"639821","PEND WITHDRAWN","47 | 0","","","DBA: FARM CUP COFFEE, LLC                        FARM CUP COFFEE LLC                         1115 SUNSET BLVD, STE 100,                         LOS ANGELES, CA  90012-1878","1115 SUNSET BLVD STE 200                              LOS ANGELES, CA  90012","569410","7","GLEN OAKS ESCROW 184 N CANON DR STE B BEVERLY HILLS, CA  90210","4","1933","1115 SUNSET BLVD, STE 100","LOS ANGELES","19","90012","1115 SUNSET BLVD STE 200","LOS ANGELES","90012","CA"
"641105","PEND ACTIVE","74 | 0","08/08/2023","07/31/2024","BALDY'S BEVERAGES                         3230 RIVERSIDE AVE, STE 190,                         PASO ROBLES, CA  93446-6000","2059 CAMDEN AVE, STE 157                              SAN JOSE, CA  95124","","","","13","4002","3230 RIVERSIDE AVE, STE 190","PASO ROBLES","40","93446","2059 CAMDEN AVE, STE 157","SAN JOSE","95124","CA"
"641105","PEND ACTIVE","06 | 0","08/08/2023","07/31/2024","BALDY'S BEVERAGES                         3230 RIVERSIDE AVE, STE 190,                         PASO ROBLES, CA  93446-6000","2059 CAMDEN AVE, STE 157                              SAN JOSE, CA  95124","","","","13","4002","3230 RIVERSIDE AVE, STE 190","PASO ROBLES","40","93446","2059 CAMDEN AVE, STE 157","SAN JOSE","95124","CA"
"641993","PEND ACTIVE","20 | 0","08/09/2023","07/31/2024","DBA: CORNER STORE, THE                        SINGH, SATNAM                         13191 LA BARR MEADOWS RD,                         GRASS VALLEY, CA  95949-6308","","20-609324","","CAPITOL CITY ESCROW, INC. 3838 WATT AVE STE F610 SACRAMENTO, CA  95821","23","2900","13191 LA BARR MEADOWS RD","GRASS VALLEY","29","95949","","","",""
"643945","PEND WITHDRAWN","41 | 0","","","DBA: K-ZO JAPANESE RESTAURANT                        K-ZO RESTAURANT, INC.                         9240 CULVER BLVD,                         CULVER CITY, CA  90232","8215 W 3RD ST                              LOS ANGELES, CA  90048","426361","","GLEN OAKS ESCROW  184 NORTH CANON DRIVE SUITE B BEVERLY HILLS, CA  90210","4","1914","9240 CULVER BLVD","CULVER CITY","19","90232","8215 W 3RD ST","LOS ANGELES","90048","CA"
"644158","PEND WITHDRAWN","47 | 0","","","DBA: DAYS INN RIALTO                         EKTA HOSPITALITY LLC                          483 W VALLEY BLVD,                         RIALTO, CA  92376-7717","475 W VALLEY BLVD                              RIALTO, CA  92376","471737","","CHICAGO TITLE COMPANY 4911 BIRCH ST NEWPORT BEACH, CA  92660","7","3609","483 W VALLEY BLVD","RIALTO","36","92376","475 W VALLEY BLVD","RIALTO","92376","CA"
"644208","PEND WITHDRAWN","02 | 0","","","DBA: HELWIG WINERY                        HELWIG TASTING ROOM LLC                         13200 SHENANDOAH RD,                         PLYMOUTH, CA  95669-9540","11555 SHENANDOAH RD                              PLYMOUTH, CA  95669","","","","23","0300","13200 SHENANDOAH RD","PLYMOUTH","03","95669","11555 SHENANDOAH RD","PLYMOUTH","95669","CA"
"644831","PEND ACTIVE","41 | 0","08/08/2023","07/31/2024","DBA: BAGAN BURMESE KITCHEN                        MSL-USA INC.                         240 N VIRGIL AVE STE 1-3,                         LOS ANGELES, CA  90004-5293","","","7","","4","1933","240 N VIRGIL AVE STE 1-3","LOS ANGELES","19","90004","","","",""
"644856","PEND ACTIVE","41 | 0","08/08/2023","07/31/2024","DBA: MENTAL BAR THE                        MENTAL BAR LLC, THE                         6325 IMPERIAL AVE , STE 103,                         SAN DIEGO, CA  92114-4229","637 THIRD AVE, STE A-1                              CHULA VISTA, CA  91910","","7","","10","3710","6325 IMPERIAL AVE , STE 103","SAN DIEGO","37","92114","637 THIRD AVE, STE A-1","CHULA VISTA","91910","CA"
"644875","PEND ACTIVE","17 | 1","08/09/2023","07/31/2024","DBA: COUP CHAMPAGNE                        COUP BRANDS LLC                         3909 PARK RD,                         BENICIA, CA  94510-1183","3909 PARK RD                              BENICIA, CA  94510-1183","","7","","22","4801","3909 PARK RD","BENICIA","48","94510","3909 PARK RD","BENICIA","94510","CA"
"644875","PEND ACTIVE","20 | 0","08/09/2023","07/31/2024","DBA: COUP CHAMPAGNE                        COUP BRANDS LLC                         3909 PARK RD,                         BENICIA, CA  94510-1183","3909 PARK RD                              BENICIA, CA  94510-1183","","7,I","","22","4801","3909 PARK RD","BENICIA","48","94510","3909 PARK RD","BENICIA","94510","CA"
"644875","PEND ACTIVE","09 | 1","08/09/2023","07/31/2024","DBA: COUP CHAMPAGNE                        COUP BRANDS LLC                         3909 PARK RD,                         BENICIA, CA  94510-1183","3909 PARK RD                              BENICIA, CA  94510-1183","","7","","22","4801","3909 PARK RD","BENICIA","48","94510","3909 PARK RD","BENICIA","94510","CA"
"644919","PEND ACTIVE","41 | 0","08/09/2023","07/31/2024","DBA: MENDOCINO FARMS                        MENDOCINO FARMS LLC                         165 PLACERVILLE RD, STE E-101,                         FOLSOM, CA  95630-6320","","","","","23","3401","165 PLACERVILLE RD, STE E-101","FOLSOM","34","95630","","","",""
"645185","PEND ACTIVE","41 | 0","08/08/2023","07/31/2024","DBA: SUSHI NOTE OMAKASE                        SUSHI NOTE BEVERLY HILLS LLC                         421 N RODEO DR, UNIT A-6,                         BEVERLY HILLS, CA  90210-4500","13517 VENTURA BLVD , STE 3                              SHERMAN OAKS, CA  91423","","","","4","1908","421 N RODEO DR, UNIT A-6","BEVERLY HILLS","19","90210","13517 VENTURA BLVD , STE 3","SHERMAN OAKS","91423","CA"
"645352","PEND ACTIVE","41 | 0","08/08/2023","07/31/2024","DBA: EGGS 'N' THINGS                        EGGS 'N' THINGS OF VALENCIA                         27560 NEWHALL RANCH RD,                         SANTA CLARITA, CA  91355-6047","","","7","","5","1985","27560 NEWHALL RANCH RD","SANTA CLARITA","19","91355","","","",""
"646221","PEND ACTIVE","47 | 0","08/09/2023","07/31/2024","DBA: CAFE VARY                        STORMY VENTURES LLC                          434 25TH ST,                         OAKLAND, CA  94612-2409","3293 BRIGGS AVE                              ALAMEDA, CA  94501","47-466146","7","CALIFORNIA BUSINESS ESCROW","22","0109","434 25TH ST","OAKLAND","01","94612","3293 BRIGGS AVE","ALAMEDA","94501","CA"
"646434","PEND ACTIVE","58 | 1","08/08/2023","07/31/2024","DBA: CANTINETTA LUCA                        AMUNNINNI LLC                         DOLORES ST W/S BTW OCEAN & SEVENTH,                         CARMEL, CA  93921","238 VAN BUREN ST                              MONTEREY, CA  93940","47-441564","","OLD REPUBLIC TITLE 1000 BURNETT AVE STE 400 CONCORD, CA  94520-2088","26","2701","DOLORES ST W/S BTW OCEAN & SEVENTH","CARMEL","27","93921","238 VAN BUREN ST","MONTEREY","93940","CA"
"646434","PEND ACTIVE","47 | 1","08/08/2023","07/31/2024","DBA: CANTINETTA LUCA                        AMUNNINNI LLC                         DOLORES ST W/S BTW OCEAN & SEVENTH,                         CARMEL, CA  93921","238 VAN BUREN ST                              MONTEREY, CA  93940","47-441564","","OLD REPUBLIC TITLE 1000 BURNETT AVE STE 400 CONCORD, CA  94520-2088","26","2701","DOLORES ST W/S BTW OCEAN & SEVENTH","CARMEL","27","93921","238 VAN BUREN ST","MONTEREY","93940","CA"
"646756","PEND ACTIVE","41 | 0","08/09/2023","07/31/2024","DBA: SOFRA GRILL                        SOFRA GRILL, INC.                         120 HAZELWOOD DR,                         SOUTH SAN FRANCISCO, CA  94080-5720","","","","","25","4114","120 HAZELWOOD DR","SOUTH SAN FRANCISCO","41","94080","","","",""
"646914","PEND ACTIVE","41 | 1","08/09/2023","06/30/2024","DBA: LINKEDIN                        BON APPETIT MANAGEMENT CO                         845 W MAUDE AVE,                         SUNNYVALE, CA  94085","","41-588168","","","25","4316","845 W MAUDE AVE","SUNNYVALE","43","94085","","","",""
"646914","PEND ACTIVE","58 | 1","08/09/2023","06/30/2024","DBA: LINKEDIN                        BON APPETIT MANAGEMENT CO                         845 W MAUDE AVE,                         SUNNYVALE, CA  94085","","41-588168","","","25","4316","845 W MAUDE AVE","SUNNYVALE","43","94085","","","",""
"646943","PEND ACTIVE","20 | 0","08/08/2023","07/31/2024","DBA: ALDI                        AI CALIFORNIA LLC                         19361 SOLEDAD CANYON RD,                         SANTA CLARITA, CA  91351-2630","","","7","","5","1985","19361 SOLEDAD CANYON RD","SANTA CLARITA","19","91351","","","",""
"647115","ACTIVE R64B","47 | 0","08/08/2023","07/31/2024","DBA: OCEAN BAR & GRILL                        OCEAN BAR RWC LLC                         2107 BROADWAY, STE O,                         REDWOOD CITY, CA  94063-1611","30248 SANTUCCI CT                              HAYWARD, CA  94544","47-528833","","ABC ESCROW 2222 DAMON STREET  LOS ANGELES, CA  90021","25","4110","2107 BROADWAY, STE O","REDWOOD CITY","41","94063","30248 SANTUCCI CT","HAYWARD","94544","CA"
"647115","ACTIVE R64B","47 | 0","08/08/2023","07/31/2024","DBA: OCEAN BAR & GRILL                        OCEAN BAR RWC LLC                         2107 BROADWAY, STE O,                         REDWOOD CITY, CA  94063-1611","30248 SANTUCCI CT                              HAYWARD, CA  94544","47-528833","","ABC ESCROW 2222 DAMON STREET  LOS ANGELES, CA  90021","25","4110","2107 BROADWAY, STE O","REDWOOD CITY","41","94063","30248 SANTUCCI CT","HAYWARD","94544","CA"
"647115","ACTIVE R64B","47 | 0","08/08/2023","07/31/2024","DBA: OCEAN BAR & GRILL                        OCEAN BAR RWC LLC                         2107 BROADWAY, STE O,                         REDWOOD CITY, CA  94063-1611","30248 SANTUCCI CT                              HAYWARD, CA  94544","47-528833","","ABC ESCROW 2222 DAMON STREET  LOS ANGELES, CA  90021","25","4110","2107 BROADWAY, STE O","REDWOOD CITY","41","94063","30248 SANTUCCI CT","HAYWARD","94544","CA"
"647115","ACTIVE R64B","47 | 0","08/08/2023","07/31/2024","DBA: OCEAN BAR & GRILL                        OCEAN BAR RWC LLC                         2107 BROADWAY, STE O,                         REDWOOD CITY, CA  94063-1611","30248 SANTUCCI CT                              HAYWARD, CA  94544","47-528833","","ABC ESCROW 2222 DAMON STREET  LOS ANGELES, CA  90021","25","4110","2107 BROADWAY, STE O","REDWOOD CITY","41","94063","30248 SANTUCCI CT","HAYWARD","94544","CA"
"647364","PEND ACTIVE","41 | 0","08/08/2023","07/31/2024","DBA: WHIP DESSERT & CAFE                        WHIP                           7862 WARNER AVE, STE 106,                         HUNTINGTON BEACH, CA  92647-7364","","","","","11","3010","7862 WARNER AVE, STE 106","HUNTINGTON BEACH","30","92647","","","",""
"647383","PEND ACTIVE","17 | 1","08/09/2023","07/31/2024","ALASKA CRAFT DISTRIBUTING LLC                         120 30TH ST RM 21,                         BAKERSFIELD, CA  93304-2533","12851 GOLDEN EAGLE DR                              EAGLE RIVER, AK  99577-6062","","","","6","1501","120 30TH ST RM 21","BAKERSFIELD","15","93304","12851 GOLDEN EAGLE DR","EAGLE RIVER","99577","AK"
"647383","PEND ACTIVE","18 | 1","08/09/2023","07/31/2024","ALASKA CRAFT DISTRIBUTING LLC                         120 30TH ST RM 21,                         BAKERSFIELD, CA  93304-2533","12851 GOLDEN EAGLE DR                              EAGLE RIVER, AK  99577-6062","","","","6","1501","120 30TH ST RM 21","BAKERSFIELD","15","93304","12851 GOLDEN EAGLE DR","EAGLE RIVER","99577","AK"
"647383","PEND ACTIVE","09 | 1","08/09/2023","07/31/2024","ALASKA CRAFT DISTRIBUTING LLC                         120 30TH ST RM 21,                         BAKERSFIELD, CA  93304-2533","12851 GOLDEN EAGLE DR                              EAGLE RIVER, AK  99577-6062","","","","6","1501","120 30TH ST RM 21","BAKERSFIELD","15","93304","12851 GOLDEN EAGLE DR","EAGLE RIVER","99577","AK"
"647383","PEND ACTIVE","12 | 1","08/09/2023","07/31/2024","ALASKA CRAFT DISTRIBUTING LLC                         120 30TH ST RM 21,                         BAKERSFIELD, CA  93304-2533","12851 GOLDEN EAGLE DR                              EAGLE RIVER, AK  99577-6062","","","","6","1501","120 30TH ST RM 21","BAKERSFIELD","15","93304","12851 GOLDEN EAGLE DR","EAGLE RIVER","99577","AK"
"647397","PEND ACTIVE","47 | 0","08/08/2023","07/31/2024","DBA: MARINA                        OSTERIA MARINA LLC                         841 CORDOVA ST,                         PASADENA, CA  91101-2675","","47-588986","","ABC ESCROW 2222 DAMON STREET  LOS ANGELES, CA  90021","2","1943","841 CORDOVA ST","PASADENA","19","91101","","","",""
"647588","PEND ACTIVE","41 | 0","08/08/2023","07/31/2024","DBA: DARUMA SUSHI                        GREAT DARUMA INC.                          2215 SAN PABLO AVE,                         BERKELEY, CA  94702","","","","","22","0103","2215 SAN PABLO AVE","BERKELEY","01","94702","","","",""
"647660","PEND ACTIVE","54 | 0","08/08/2023","07/31/2024","DBA: CHANNEL ISLANDS EXPEDITIONS                        CHANNEL ISLANDS EXPEDITIONS INC                         301 W CABRILLO BLVD, SLIP 1,                         SANTA BARBARA, CA  93109-3886","117B HARBOR WAY                              SANTA BARBARA, CA  93109","","7","","12","4203","301 W CABRILLO BLVD, SLIP 1","SANTA BARBARA","42","93109","117B HARBOR WAY","SANTA BARBARA","93109","CA"
"647750","PEND ACTIVE","20 | 0","08/08/2023","07/31/2024","DBA: DOCTORBIRD MARKET                        SMOKEY ROAD LLC                         90 E 4TH ST,                         PITTSBURG, CA  94565-2202","322 SHORELINE DR                              PITTSBURG, CA  94565","","7","","22","0708","90 E 4TH ST","PITTSBURG","07","94565","322 SHORELINE DR","PITTSBURG","94565","CA"
"647750","PEND ACTIVE","86 | 0","08/08/2023","07/31/2024","DBA: DOCTORBIRD MARKET                        SMOKEY ROAD LLC                         90 E 4TH ST,                         PITTSBURG, CA  94565-2202","322 SHORELINE DR                              PITTSBURG, CA  94565","","7","","22","0708","90 E 4TH ST","PITTSBURG","07","94565","322 SHORELINE DR","PITTSBURG","94565","CA"
"647895","PEND ACTIVE","41 | 0","08/09/2023","07/31/2024","DBA: AOTA HOUSE                        AOTA HOUSE                         2847 S WHITE RD, STE 110,                         SAN JOSE, CA  95148-2942","","41-644631","","BUSINESS & ESCROW SERVICE CENTER 3031 TISCH WAY 310 SAN JOSE, CA  95128","25","4313","2847 S WHITE RD, STE 110","SAN JOSE","43","95148","","","",""
"647896","PEND ACTIVE","41 | 0","08/09/2023","07/31/2024","DBA: LOTUS ASIAN CUISINE                        1410 PCH INC.                         1410 S PACIFIC COAST HWY,                         REDONDO BEACH, CA  90277-5001","573 MONTEREY PASS RD                              MONTEREY PARK, CA  91754-2435","","7","","3","1946","1410 S PACIFIC COAST HWY","REDONDO BEACH","19","90277","573 MONTEREY PASS RD","MONTEREY PARK","91754","CA"
"648109","PEND ACTIVE","47 | 0","08/09/2023","07/31/2024","DBA: WHISKEY CREEK RESTAURANT                         SHOT OF WHISKEY INC                         524 N MAIN ST,                         BISHOP, CA  93514-2745","","","","INYO MONO TITLE COMPANY 873 N MAIN ST BISHOP, CA  93514","6","1401","524 N MAIN ST","BISHOP","14","93514","","","",""
"648235","PEND ACTIVE","23 | 0","08/09/2023","07/31/2024","DBA: ROCHE WINERY LLC                        ROCHE WINERY LLC                         1016 RAILROAD AVE,                         NOVATO, CA  94945-2510","122 W SPAIN ST                              SONOMA, CA  95476-5616","","","","27","2110","1016 RAILROAD AVE","NOVATO","21","94945","122 W SPAIN ST","SONOMA","95476","CA"
"648290","PEND ACTIVE","41 | 0","08/09/2023","07/31/2024","DBA: SOON HEE NE TWO ZONE                         WELKIN LLC                          14230 CHINO HILLS PKWY , STE 8,                         CHINO HILLS, CA  91709-4881","2317 MADRUGADA DR                               CHINO HILLS, CA  91709","","","","7","3623","14230 CHINO HILLS PKWY , STE 8","CHINO HILLS","36","91709","2317 MADRUGADA DR","CHINO HILLS","91709","CA"
"648334","PEND ACTIVE","41 | 0","08/09/2023","07/31/2024","DBA: HEIGHTS, THE                        ANIMAMIA LLC                         1980 KETTNER BLVD, #A-B,                         SAN DIEGO, CA  92101-2252","4850 PACIFIC HWY, #10                              SAN DIEGO, CA  92110","41-552877","7","HERITAGE ESCROW 2550 5TH AVE STE 800 SAN DIEGO, CA  92103","10","3710","1980 KETTNER BLVD, #A-B","SAN DIEGO","37","92101","4850 PACIFIC HWY, #10","SAN DIEGO","92110","CA"
"648443","PEND ACTIVE","41 | 0","08/08/2023","12/31/2023","DBA: MANDOS RESTAURANT                        VENEGAS CRUZ, ARMANDO M                         570 LIGHTHOUSE AVE,                         MONTEREY, CA  93940-1423","","41-639223","","","26","2706","570 LIGHTHOUSE AVE","MONTEREY","27","93940","","","",""
"648449","PEND ACTIVE","20 | 0","08/08/2023","07/31/2024","DBA: WINE BIRDS                        WINE BIRDS INC                         5601 PALMER WAY STE A,                         CARLSBAD, CA  92010-7242","","","","","9","3701","5601 PALMER WAY STE A","CARLSBAD","37","92010","","","",""
"648457","PEND ACTIVE","21 | 0","08/08/2023","07/31/2024","DBA: RANDY'S MARKET                        RANDY'S MARKET CORPORATION                         2390 POWELL ST,                         EMERYVILLE, CA  94608-1738","3500 COUNTRY TREE CT                              SAN JOSE, CA  95127","21-362572","","ABC ESCROW 2222 DAMON STREET  LOS ANGELES, CA  90021","22","0104","2390 POWELL ST","EMERYVILLE","01","94608","3500 COUNTRY TREE CT","SAN JOSE","95127","CA"
"648464","PEND ACTIVE","41 | 0","08/08/2023","07/31/2024","DBA: CHIPOTLE MEXICAN GRILL STORE #3928                        CHIPOTLE MEXICAN GRILL INC                         7580 BRENTWOOD BLVD,                         BRENTWOOD, CA  94513","","","7","","22","0702","7580 BRENTWOOD BLVD","BRENTWOOD","07","94513","","","",""
"648472","PEND ACTIVE","41 | 0","08/09/2023","07/31/2024","DBA: SENZA HOTEL                        BLH CONCESSIONS, LLC                         4066 ST HELENA HWY,                         NAPA, CA  94558","7150 PRESTON RD, SUITE 300                              PLANO , TX  75024","41-448695","","CALIFORNIA BUSINESS ESCROW 1748 MAIN STREET ESCALON, CA  95320","27","2802","4066 ST HELENA HWY","NAPA","28","94558","7150 PRESTON RD, SUITE 300","PLANO","75024","TX"
"648482","PEND ACTIVE","21 | 0","08/09/2023","07/31/2024","DBA: 7-10 LIQUOR MARKET INC.                        7-10 LIQUOR MARKET INC                         3500 MARTIN LUTHER KING JR BLVD,                         LYNWOOD, CA  90262-2010","","21-458127","7","TEAM ESCROW INC 6025 BEACH BLVD BUENA PARK, CA  90621-2304","3","1934","3500 MARTIN LUTHER KING JR BLVD","LYNWOOD","19","90262","","","",""
"648567","PEND ACTIVE","21 | 0","08/09/2023","06/30/2024","DBA: 7 ELEVEN #19673                        7 ELEVEN INC                         7288 THORNTON AVE,                         NEWARK, CA  94560","PO BOX 139044, ATTN: LICENSING DEPARTMENT                              DALLAS, TX  75313-9044","21-642329","5","","22","0108","7288 THORNTON AVE","NEWARK","01","94560","PO BOX 139044, ATTN: LICENSING DEPARTMENT","DALLAS","75313","TX"
"648598","PEND WITHDRAWN","41 | 0","","","MAMMO, BUSHRA AUDISH                         10334 RESEDA BLVD,                         NORTHRIDGE, CA  91326-3433","","541779","7","SUPREME ESCROW INC 3701 WILSHIRE BLVD STE 535 LOS ANGELES, CA  90010","5","1933","10334 RESEDA BLVD","NORTHRIDGE","19","91326","","","",""
"648618","PEND ACTIVE","20 | 0","08/09/2023","07/31/2024","DBA: CIRCLE 1 MART                         SEDER BROTHERS INC                         2144 PALM AVE,                         HIGHLAND, CA  92346-4504","8780 19TH ST #517, C/O ABL CONSULTING                              ALTA LOMA, CA  91701","20-594669","7","BENNETT ESCROW 332 N RIVERSIDE AVENUE RIALTO, CA  92376-5926","7","3618","2144 PALM AVE","HIGHLAND","36","92346","8780 19TH ST #517, C/O ABL CONSULTING","ALTA LOMA","91701","CA"
"648622","PEND ACTIVE","41 | 0","08/08/2023","07/31/2024","DBA: MI HACIENDA DURANGO MEXICAN RESTAURANT                        LIRA RODRIGUEZ, JUAN M                         11850 HESPERIA RD, STE 1,                         HESPERIA, CA  92345","","","","","7","3620","11850 HESPERIA RD, STE 1","HESPERIA","36","92345","","","",""
"648714","PEND ACTIVE","41 | 0","08/08/2023","07/31/2024","DBA: EL HORNITO PAN PIZZA LLC                        EL HORNITO PAN PIZZA LLC                         7084 JARVIS AVE,                         NEWARK, CA  94580-1008","","","","","22","0108","7084 JARVIS AVE","NEWARK","01","94580","","","",""
"648746","PEND ACTIVE","41 | 0","08/08/2023","07/31/2024","HOMEGROWN HOPS BREWING COMPANY LLC                         56 S LIVERMORE AVE,                         LIVERMORE, CA  94550-3127","5053 TESLA RD                              LIVERMORE, CA  94550-9689","41-622530","","","22","0107","56 S LIVERMORE AVE","LIVERMORE","01","94550","5053 TESLA RD","LIVERMORE","94550","CA"
"648882","PEND ACTIVE","41 | 0","08/08/2023","07/31/2024","DBA: STAGECOACH                        STAGECOACH ORANGE LLC                         763 S MAIN ST, STE 200A ,                         ORANGE, CA  92868-4610","1745 W ORANGEWOOD AVE, STE 212                              ORANGE, CA  92868-2042","41-624227","7","","11","3014","763 S MAIN ST, STE 200A","ORANGE","30","92868","1745 W ORANGEWOOD AVE, STE 212","ORANGE","92868","CA"
"648942","PEND ACTIVE","41 | 0","08/08/2023","07/31/2024","DBA: PLAYA AZUL RESTAURANT                        ESPINOZA, JOSE                         1680 DECOTO RD,                         UNION CITY, CA  94587-3544","","41-600799","","BUSINESS & COMMERICAL SERVICE CENTER 3031 TISCH WY STE 310 SAN JOSE, CA  95128","22","0113","1680 DECOTO RD","UNION CITY","01","94587","","","",""
"648945","PEND ACTIVE","58 | 1","08/08/2023","07/31/2024","DBA: HOMESTATE                        HOMESTATE KITCHEN, LLC                         13424-28 VENTURA BLVD,                         SHERMAN OAKS, CA  91423-3914","5619 N FIGUEROA ST, STE 211                              LOS ANGELES, CA  90042-4978","47-625349","7","","5","1933","13424-28 VENTURA BLVD","SHERMAN OAKS","19","91423","5619 N FIGUEROA ST, STE 211","LOS ANGELES","90042","CA"
"648945","PEND ACTIVE","47 | 1","08/08/2023","07/31/2024","DBA: HOMESTATE                        HOMESTATE KITCHEN, LLC                         13424-28 VENTURA BLVD,                         SHERMAN OAKS, CA  91423-3914","5619 N FIGUEROA ST, STE 211                              LOS ANGELES, CA  90042-4978","47-625349","7","","5","1933","13424-28 VENTURA BLVD","SHERMAN OAKS","19","91423","5619 N FIGUEROA ST, STE 211","LOS ANGELES","90042","CA"
"648985","PEND ACTIVE","23 | 0","08/08/2023","01/31/2024","DBA: DOCENT BREWING                        TOP DEAD CENTER BREWERY, LLC                         123 AVENIDA DEL MAR,                         SAN CLEMENTE, CA  92672-4017","33049 CALLE AVIADOR, STE C                              SAN JUAN CAPISTRANO, CA  92675-4785","","7","","11","3016","123 AVENIDA DEL MAR","SAN CLEMENTE","30","92672","33049 CALLE AVIADOR, STE C","SAN JUAN CAPISTRANO","92675","CA"
"649016","PEND ACTIVE","41 | 0","08/09/2023","07/31/2024","DBA: CAL CITY DELI                        CAL CITY DELI MARKET                         8209 CALIFORNIA CITY BLVD, STE 113,                         CALIFORNIA CITY, CA  93505-2641","","","","","6","1511","8209 CALIFORNIA CITY BLVD, STE 113","CALIFORNIA CITY","15","93505","","","",""
"649024","PEND ACTIVE","41 | 0","08/08/2023","07/31/2024","DBA: CHOLITA LINDA                        CL PLAZA, LLC                         1275 BROADWAY PLAZA, #1006,                         WALNUT CREEK, CA  94596-5112","4923 TELEGRAPH AVE                              OAKLAND, CA  94609-2011","","7","","22","0711","1275 BROADWAY PLAZA, #1006","WALNUT CREEK","07","94596","4923 TELEGRAPH AVE","OAKLAND","94609","CA"
"649119","PEND ACTIVE","70 | 0","08/08/2023","07/31/2024","DBA: HOLIDAY INN EXPRESS CHINO HILLS                        SQ HIX LLC                         15851 POMONA RINCON RD,                         CHINO HILLS, CA  91709-3162","17777 CENTER COURT DR, N STE 725                              CERRITOS, CA  90703-8575","","","","7","3623","15851 POMONA RINCON RD","CHINO HILLS","36","91709","17777 CENTER COURT DR, N STE 725","CERRITOS","90703","CA"
"649124","PEND ACTIVE","20 | 0","08/08/2023","10/31/2024","DBA: SUNBEAM MARKET                        SUNBEAM MARKET INC                         1400 ADELINE ST,                         OAKLAND, CA  94607-2810","","20-583195","8","","22","0109","1400 ADELINE ST","OAKLAND","01","94607","","","",""
"649223","PEND WITHDRAWN","47 | 1","","","DBA: RIO AZUL MEXICAN BAR & GRILL                        RIO AZUL INC                          350-52 S INDIAN CANYON DR,                         PALM SPRINGS, CA  92262-7827","44489 TOWN CENTER WY , STE D224                              PALM DESERT, CA  92260-2723","507610","8","ESCROW CONNECTION THE 1111 E TAHQUITZ CANYON WAY #101 PALM SPRINGS, CA  92262","8","3310","350-52 S INDIAN CANYON DR","PALM SPRINGS","33","92262","44489 TOWN CENTER WY , STE D224","PALM DESERT","92260","CA"
"649223","PEND WITHDRAWN","58 | 1","","","DBA: RIO AZUL MEXICAN BAR & GRILL                        RIO AZUL INC                          350-52 S INDIAN CANYON DR,                         PALM SPRINGS, CA  92262-7827","44489 TOWN CENTER WY , STE D224                              PALM DESERT, CA  92260-2723","507610","8","ESCROW CONNECTION THE 1111 E TAHQUITZ CANYON WAY #101 PALM SPRINGS, CA  92262","8","3310","350-52 S INDIAN CANYON DR","PALM SPRINGS","33","92262","44489 TOWN CENTER WY , STE D224","PALM DESERT","92260","CA"
"649286","PEND WITHDRAWN","41 | 0","","","DBA: MARISCOS PLAYA AZUL                        MARISCOS PLAYA AZUL BAR & GRILL INC                         1170 E SANTA CLARA ST,                         SAN JOSE, CA  95116-2387","","","","","25","4313","1170 E SANTA CLARA ST","SAN JOSE","43","95116","","","",""
"649292","PEND ACTIVE","41 | 0","08/09/2023","07/31/2024","DBA: BUSHFIRE KITCHEN                        BUSHFIRE RC LLC                         10990 FOOTHILL BLVD, STE 100,                         RANCHO CUCAMONGA, CA  91730-7634","3433 VIA MONTEBELLO, STE 166                              CARLSBAD, CA  92009-8494","","","","7","3615","10990 FOOTHILL BLVD, STE 100","RANCHO CUCAMONGA","36","91730","3433 VIA MONTEBELLO, STE 166","CARLSBAD","92009","CA"
"649297","PEND ACTIVE","41 | 0","08/09/2023","07/31/2024","DBA: NEIGHBORHOOD PIZZA GUY AT CAFE ZOE                        NEIGHBORHOOD PIZZA LLC                         1929 MENALTO AVE,                         MENLO PARK, CA  94025-2863","","41-566464","7","BUSINESS & ESCROW SERVICE CENTER 3031 TISCH WAY #301 SAN JOSE, CA  95218","25","4107","1929 MENALTO AVE","MENLO PARK","41","94025","","","",""
"649306","PEND ACTIVE","41 | 0","08/09/2023","07/31/2024","DBA: SHWE YANKIN                        SHWE YANKIN LLC                          63 SAINT FRANCIS SQ,                         DALY CITY, CA  94015","","41-503566","7","BUSINESS & ESCROW SERVICE CENTER 3031 TISCH WAY #301 SAN JOSE, CA  95218","25","4105","63 SAINT FRANCIS SQ","DALY CITY","41","94015","","","",""
"649354","PEND ACTIVE","47 | 0","08/08/2023","07/31/2024","DBA: OISHI TERI BOWLS                        OISHI TERI SUSHI BAR, INC                         621 9TH ST , SPC 14,                         MODESTO, CA  95354","2704 COFFEE RD, STE D                              MODESTO, CA  95355-1765","","5,7","","29","5002","621 9TH ST , SPC 14","MODESTO","50","95354","2704 COFFEE RD, STE D","MODESTO","95355","CA"
"649382","PEND ACTIVE","41 | 0","08/09/2023","07/31/2024","DBA: SANTA ROSA PIZZERIA                        SANTA ROSA PIZZERIA LLC                         500 MISSION BLVD, STE B,                         SANTA ROSA, CA  95409-5373","","","","","27","4904","500 MISSION BLVD, STE B","SANTA ROSA","49","95409","","","",""
"649384","PEND ACTIVE","20 | 0","08/09/2023","07/31/2024","DBA: IMPERIAL STATIONS INC. #12                        IMPERIAL STATIONS INC                         9355 SOMERSET BLVD,                         BELLFLOWER, CA  90706-3447","","20-614435","7","SECURED TRUST ESCROW INC 21111 VICTOR ST TORRANCE, CA  90503","3","1907","9355 SOMERSET BLVD","BELLFLOWER","19","90706","","","",""
"649387","PEND ACTIVE","41 | 0","08/09/2023","07/31/2024","DBA: KILN                        KILN RESTAURANT LLC                         149 FELL ST,                         SAN FRANCISCO, CA  94102-5106","708 BUSH ST                              SAN FRANCISCO, CA  94108-3403","","","","24","3800","149 FELL ST","SAN FRANCISCO","38","94102","708 BUSH ST","SAN FRANCISCO","94108","CA"
"649481","PEND ACTIVE","20 | 0","08/08/2023","07/31/2024","DBA: MONTYS JR MARKET LLC                        MONTYS JR MARKET LLC                          9029 CERRITOS AVE,                         STANTON, CA  90680","9029 CERRITOS AVE.                              ANAHEIM, CA  92804-5801","20-620279","7","SECURED TRUST ESCROW INC 21111 VICTOR ST TORRANCE, CA  90503","11","3019","9029 CERRITOS AVE","STANTON","30","90680","9029 CERRITOS AVE.","ANAHEIM","92804","CA"
"649493","PEND ACTIVE","47 | 0","08/08/2023","07/31/2024","DBA: MARNIS                        MARNIS LLC                         620 PACIFIC COAST HWY,                         SEAL BEACH, CA  90740-5906","620 E PACIFIC COAST HWY                              SEAL BEACH, CA  90740-5906","47-534819","7","R ESCROW 1205 E CHAPMAN AVE ORANGE, CA  92866","11","3018","620 PACIFIC COAST HWY","SEAL BEACH","30","90740","620 E PACIFIC COAST HWY","SEAL BEACH","90740","CA"
"649494","PEND ACTIVE","41 | 0","08/09/2023","07/31/2024","DBA: J & M'S MIDTOWN CAFE                        BLUE DELHEZI SHOPS LLC                         1422 4TH ST,                         SANTA ROSA, CA  95404-4059","","","","","27","4904","1422 4TH ST","SANTA ROSA","49","95404","","","",""
"649536","PEND ACTIVE","54 | 0","08/09/2023","07/31/2024","DBA: MAJORCA YACHTS                        MAJORCA YACHTS                         555 PICO AVE, BERTH 55,                         LONG BEACH, CA  90802","3605 GREENWOOD AVE                              LOS ANGELES, CA  90066","","7","","3","1932","555 PICO AVE, BERTH 55","LONG BEACH","19","90802","3605 GREENWOOD AVE","LOS ANGELES","90066","CA"
"649557","PEND ACTIVE","41 | 0","08/08/2023","05/31/2024","DBA: SUSHI CALIFORNIA                        RYOJIANDJAHLEEARAKAKI, INC                          2033 MARTIN LUTHER KING JR WY,                         BERKELEY, CA  94704","1471 6TH ST                              BERKELEY, CA  94710","41-190755","8","","22","0103","2033 MARTIN LUTHER KING JR WY","BERKELEY","01","94704","1471 6TH ST","BERKELEY","94710","CA"
"649612","PEND ACTIVE","47 | 1","08/09/2023","07/31/2024","DBA: CREEK EATERY THE                        OEM RESTAURANTS INC                         5623 SILVER CREEK VALLEY RD,                         SAN JOSE, CA  95138-2473","3637 SNELL AVE, SPC 207                              SAN JOSE, CA  95136","47-600729","","BUSINESS AND ESCROW SERVICE CENTER 3031 TISCH WAY 310 SAN JOSE, CA  95128","25","4313","5623 SILVER CREEK VALLEY RD","SAN JOSE","43","95138","3637 SNELL AVE, SPC 207","SAN JOSE","95136","CA"
"649612","PEND ACTIVE","58 | 1","08/09/2023","07/31/2024","DBA: CREEK EATERY THE                        OEM RESTAURANTS INC                         5623 SILVER CREEK VALLEY RD,                         SAN JOSE, CA  95138-2473","3637 SNELL AVE, SPC 207                              SAN JOSE, CA  95136","47-600729","","BUSINESS AND ESCROW SERVICE CENTER 3031 TISCH WAY 310 SAN JOSE, CA  95128","25","4313","5623 SILVER CREEK VALLEY RD","SAN JOSE","43","95138","3637 SNELL AVE, SPC 207","SAN JOSE","95136","CA"
"649635","PEND ACTIVE","41 | 0","08/09/2023","07/31/2024","SZQ LLC                         1653-1655 LAUREL ST,                         SAN CARLOS, CA  94070","","41-583535","","FIDELITY NATIONAL TITLE 2099 GATEWAY PL STE 100 SAN JOSE, CA  95110","25","4112","1653-1655 LAUREL ST","SAN CARLOS","41","94070","","","",""
"649648","PEND ACTIVE","41 | 0","08/09/2023","07/31/2024","DBA: LOS ARCOS MEXICAN RESTAURANT                         ALMARAZ, OCTAVIANO VARGAS                         72817 DINAH SHORE DR, STE 103,                         RANCHO MIRAGE, CA  92270-2724","30741 STERLING RD                               CATHEDRAL CITY, CA  92234-7517","","","","8","3317","72817 DINAH SHORE DR, STE 103","RANCHO MIRAGE","33","92270","30741 STERLING RD","CATHEDRAL CITY","92234","CA"
"649654","PEND ACTIVE","41 | 0","08/08/2023","07/31/2024","DBA: EL CARACOL                        SABOR-MEX FOOD LLC                         900 W TEXAS ST,                         FAIRFIELD, CA  94533","","41-625295","","OLD REPUBLIC TITLE 1000 BURNETT AVE STE 400 CONCORD, CA  94520-2088","22","4803","900 W TEXAS ST","FAIRFIELD","48","94533","","","",""
"649691","PEND ACTIVE","41 | 0","08/08/2023","07/31/2024","DBA: KAIBA JAPANESE RAMEN, SUSHI & GRILL                        ATLANTIC SKY INC                         1257 & 1263 FOOTHILL BLVD,                         LA VERNE, CA  91750-3324","10998 DEER CANYON DR                              RANCHO CUCAMONGA, CA  91737-2486","41-595610","","TIME ESCROW INC 3055 WILSHIRE BLVD STE 1150 LOS ANGELES, CA  90010-1176","2","1931","1257 & 1263 FOOTHILL BLVD","LA VERNE","19","91750","10998 DEER CANYON DR","RANCHO CUCAMONGA","91737","CA"
"649697","PEND ACTIVE","21 | 0","08/08/2023","12/31/2023","DBA: CLAYTON LIQUOR STORE                        RS LIQUORS, INC.                         5421 CLAYTON RD,                         CLAYTON, CA  94517-1012","","21-576731","","","22","0713","5421 CLAYTON RD","CLAYTON","07","94517","","","",""
"649699","PEND ACTIVE","21 | 0","08/08/2023","02/29/2024","DBA: DIRT CHEAP LIQUORS                        RS LIQUORS, INC.                         3608 WILLOW PASS RD,                         CONCORD, CA  94519-1314","5421 CLAYTON RD                              CLAYTON, CA  94517-1012","21-613948","","","22","0703","3608 WILLOW PASS RD","CONCORD","07","94519","5421 CLAYTON RD","CLAYTON","94517","CA"
"649728","PEND ACTIVE","41 | 0","08/08/2023","07/31/2024","DBA: MING'S CHINESE RESTAURANT                        MING'S CHINESE RESTAURANT CORP                         2653 PLEASANT HILL RD,                         PLEASANT HILL, CA  94523","","41-427501","","","22","0712","2653 PLEASANT HILL RD","PLEASANT HILL","07","94523","","","",""
"649890","PEND ACTIVE","02 | 0","08/09/2023","06/30/2024","DBA: MILLER WINE WORKS LLC                        MILLER WINE WORKS LLC                         3 RANDOLPH ST,                         SUTTER CREEK, CA  95685-4197","PO BOX 1386                              SUTTER CREEK, CA  95685","","","","23","0305","3 RANDOLPH ST","SUTTER CREEK","03","95685","PO BOX 1386","SUTTER CREEK","95685","CA"
"650182","PEND ACTIVE","82 | 0","08/08/2023","07/31/2024","DBA: BLOSSOM BARN CIDERY                        BLOSSOM BARN CIDERY, LLC                         950 KUBLI RD,                         GRANTS PASS, OR  97527","","","","","75","9999","950 KUBLI RD","GRANTS PASS","","97527","","","",""
"650297","PEND WITHDRAWN","47 | 0","","","DBA: ESCALA K TOWN                        WOOLEE, INC.                         3451-53 W 6TH ST,                         LOS ANGELES, CA  90020-2539","","536439","7","","4","1933","3451-53 W 6TH ST","LOS ANGELES","19","90020","","","",""
"650563","PEND ACTIVE","47 | 0","08/08/2023","04/30/2024","DBA: SIERRA LANES                        ETASH RC LLC                         634 S CHINA LAKE BLVD,                         RIDGECREST, CA  93555","20091 BIG BEND LANE                              HUNTINGTON BEACH, CA  92646","47-213844","7","HERITAGE ESCROW COMPANY 2550 FIFTH AVE STE 800 SAN DIEGO, CA  92103","6","1510","634 S CHINA LAKE BLVD","RIDGECREST","15","93555","20091 BIG BEND LANE","HUNTINGTON BEACH","92646","CA"
"650721","PEND ACTIVE","28 | 0","08/08/2023","06/30/2024","ZAKUSKA LLC                         252 JAVA ST, UNIT 113A,                         BROOKLYN, NY  11222","","","","","75","9999","252 JAVA ST, UNIT 113A","BROOKLYN","","11222","","","",""
"650724","PEND ACTIVE","26 | 0","08/08/2023","06/30/2024","EPIC BREWING COMPANY, LLC                         825 SOUTH STATE STREET,                         SALT LAKE CITY, UT  84111","","","","","75","9999","825 SOUTH STATE STREET","SALT LAKE CITY","","84111","","","",""
"650755","PEND ACTIVE","28 | 0","08/09/2023","06/30/2024","ABIQUA SPIRIT DISTILLERY LLC                         16593 LURAY AVE NE,                         SILVERTON, OR  97381","","","","","75","9999","16593 LURAY AVE NE","SILVERTON","","97381","","","",""
"650758","PEND ACTIVE","26 | 0","08/09/2023","06/30/2024","FLORIDA BREWERY INC THE                         202 GANDY RD,                         AUBURNDALE, FL  33823","","","","","75","9999","202 GANDY RD","AUBURNDALE","","33823","","","",""
"650761","PEND ACTIVE","28 | 0","08/09/2023","06/30/2024","DBA: ENDLESS WEST                        BLANK COLLECTIVE, LLC                         1200 OAKMAN BLVD, BLDG B,                         DETROIT, MI  48238","","","","","75","9999","1200 OAKMAN BLVD, BLDG B","DETROIT","","48238","","","",""
"650774","ISSUED PENDING","20 | 0","","","DBA: CHEVRON 700036                        CHEVRON STATIONS INC                         1086 ROBERTS RD,                         CALIMESA, CA  92320","PO BOX 6003                              SAN RAMON, CA  94583","344009","7","NONE","7","3324","1086 ROBERTS RD","CALIMESA","33","92320","PO BOX 6003","SAN RAMON","94583","CA"