"License Number","Status Changed From/To","Type| Dup","Original Issue Date","Expir. Date","Primary Owner and Premises Addr.","Mailing Addr.","Transfer-From/To","Conditions","Escrow","District Code","Geo Code","Prem Street","City","County","Zip Code","Mailing Street","Mailing City","Mailing Zip Code","Mailing State"
"270879","ACTIVE CANCEL","20 | 0","09/17/1992","09/30/2023","DBA: ELATSUPERMARKET INC.                        ELAT MARKET INC                         8724-30 W PICO BLVD,                         LOS ANGELES, CA  90035","","","7","","4","1933","8724-30 W PICO BLVD","LOS ANGELES","19","90035","","","",""
"338384","ACTIVE CANCEL","20 | 0","01/26/1998","12/31/2023","DBA: 11 ONE MARKET                        TESSEMA, MEHRETU CHEKOLE                         311 E 11TH ST,                         BAKERSFIELD, CA  93307","PO BOX 10572                              BAKERSFIELD, CA  93389","20-181796/ 20-647852","7","","6","1500","311 E 11TH ST","BAKERSFIELD","15","93307","PO BOX 10572","BAKERSFIELD","93389","CA"
"405438","ACTIVE CANCEL","48 | 1","10/03/2003","08/31/2023","DBA: RALPH & DUANES                        MARETTI, MARSHA ANN                         108 W BRANCH ST,                         ARROYO GRANDE, CA  93420","","48-379700/ 47-647152","","","13","4001","108 W BRANCH ST","ARROYO GRANDE","40","93420","","","",""
"405438","ACTIVE CANCEL","58 | 1","10/03/2003","08/31/2023","DBA: RALPH & DUANES                        MARETTI, MARSHA ANN                         108 W BRANCH ST,                         ARROYO GRANDE, CA  93420","","48-379700/ 47-647152","","","13","4001","108 W BRANCH ST","ARROYO GRANDE","40","93420","","","",""
"406716","ACTIVE SUREND","20 | 0","03/01/2004","02/29/2024","DBA: UNITED PETROLEUM                        KUMAR, ROMESH                         1105 N 1ST ST,                         DIXON, CA  95620","","20-395647","","","22","4802","1105 N 1ST ST","DIXON","48","95620","","","",""
"453288","ACTIVE CANCEL","20 | 0","03/26/2009","02/29/2024","DBA: CORNELL WINERY & WINE TASTING ROOM                        SKOGSTROM, TIMOTHY SHEA                         29975 MULHOLLAND HWY,                         CORNELL, CA  91301-3009","","","7","","5","1900","29975 MULHOLLAND HWY","CORNELL","19","91301","","","",""
"453288","ACTIVE CANCEL","42 | 0","03/26/2009","02/29/2024","DBA: CORNELL WINERY & WINE TASTING ROOM                        SKOGSTROM, TIMOTHY SHEA                         29975 MULHOLLAND HWY,                         CORNELL, CA  91301-3009","","","7","","5","1900","29975 MULHOLLAND HWY","CORNELL","19","91301","","","",""
"472114","AUTREV ACTIVE","41 | 0","10/27/2008","09/30/2023","DBA: BALBOA TERIYAKI                        HANA JOHN INC                         3536 BALBOA ST,                         SAN FRANCISCO, CA  94121-2602","280 MIRAMAR AVE                              SAN FRANCISCO, CA  94112","41-311400","","","24","3800","3536 BALBOA ST","SAN FRANCISCO","38","94121","280 MIRAMAR AVE","SAN FRANCISCO","94112","CA"
"472114","AUTREV ACTIVE","41 | 0","10/27/2008","09/30/2023","DBA: BALBOA TERIYAKI                        HANA JOHN INC                         3536 BALBOA ST,                         SAN FRANCISCO, CA  94121-2602","280 MIRAMAR AVE                              SAN FRANCISCO, CA  94112","41-311400","","","24","3800","3536 BALBOA ST","SAN FRANCISCO","38","94121","280 MIRAMAR AVE","SAN FRANCISCO","94112","CA"
"474254","ACTIVE CANCEL","41 | 0","04/01/2009","03/31/2024","DBA: JALAPENOS GRILL                        MEDALI, FARIDEH SHOURABI                         154 N GLASSELL ST,                         ORANGE, CA  92866-1407","","41-385316","7","","11","3014","154 N GLASSELL ST","ORANGE","30","92866","","","",""
"479573","ACTIVE CANCEL","02 | 0","07/16/2009","06/30/2023","DBA: JAMES FAMILY CELLARS                        JAMES FAMILY CELLARS LLC                         8757 GREEN VALLEY RD,                         SEBASTOPOL, CA  95472-2259","","","","","27","4900","8757 GREEN VALLEY RD","SEBASTOPOL","49","95472","","","",""
"479743","ACTIVE SUREND","21 | 0","09/14/2009","08/31/2024","DBA: CVS PHARMACY 1467                        GARFIELD BEACH CVS LLC                         2020 W BRIGGSMORE AVE, STE C,                         MODESTO, CA  95350-3791","1 CVS DR, MC# 1160                              WOONSOCKET, RI  02895-6146","21-462023/ 21-654136","","","29","5002","2020 W BRIGGSMORE AVE, STE C","MODESTO","50","95350","1 CVS DR, MC# 1160","WOONSOCKET","02895","RI"
"567307","REVPEN AUTREV","41 | 0","05/26/2016","04/30/2023","DBA: BARZOTTO                        VALENCIA 70 INVESTORS, LLC                         1270 VALENCIA ST,                         SAN FRANCISCO, CA  94110-3029","3620 19TH ST, UNIT 11                              SAN FRANCISCO, CA  94110-6714","41-516927","7","","24","3800","1270 VALENCIA ST","SAN FRANCISCO","38","94110","3620 19TH ST, UNIT 11","SAN FRANCISCO","94110","CA"
"579226","ACTIVE CANCEL","41 | 0","07/19/2017","06/30/2023","DBA: SANCHOS TACOS                        SANCHO'S TACOS, INC.                         1101 S EL CAMINO REAL,                         SAN CLEMENTE, CA  92672-4204","424 VIA ALEGRE                              SAN CLEMENTE, CA  92672-3616","","","","11","3016","1101 S EL CAMINO REAL","SAN CLEMENTE","30","92672","424 VIA ALEGRE","SAN CLEMENTE","92672","CA"
"580276","ACTIVE CANCEL","41 | 0","12/04/2017","11/30/2023","DBA: ACA GRILL                        OKD RESTAURANTS LLC                         1300 S SAN PEDRO ST, #220,                         LOS ANGELES, CA  90015-3139","3305 ROWENA AVE                              LOS ANGELES, CA  90027","","","","4","1933","1300 S SAN PEDRO ST, #220","LOS ANGELES","19","90015","3305 ROWENA AVE","LOS ANGELES","90027","CA"
"584044","ACTIVE CANCEL","41 | 0","12/05/2017","11/30/2023","DBA: MOD PIZZA                        MOD SUPER FAST PIZZA (CALIFORNIA), LLC                         4310 CENTURY BLVD.,                         PITTSBURG, CA  94565","317 E. CARSON STREET , SUITE 333                              PITTSBURGH, PA  15219","","7","","22","0708","4310 CENTURY BLVD.","PITTSBURG","07","94565","317 E. CARSON STREET , SUITE 333","PITTSBURGH","15219","PA"
"584235","ACTIVE CANCEL","02 | 0","10/03/2017","06/30/2024","DBA: FELIZ NOCHE                        FELIZ NOCHE CELLARS, LLC                         473 ATTERDAG RD, UNIT 103,                         SOLVANG, CA  93463-3744","PO BOX 60                              LOS OLIVOS, CA  93441-0060","","","","13","4206","473 ATTERDAG RD, UNIT 103","SOLVANG","42","93463","PO BOX 60","LOS OLIVOS","93441","CA"
"585070","ACTIVE CANCEL","47 | 0","04/24/2018","03/31/2024","DBA: LOS PANCHOS RESTAURANT                        PINTO, FRANCISCO                         2309 BRUNDAGE LN,                         BAKERSFIELD, CA  93304-2705","","","5,7","","6","1501","2309 BRUNDAGE LN","BAKERSFIELD","15","93304","","","",""
"594165","ACTIVE CANCEL","48 | 0","07/09/2018","06/30/2023","DBA: VAL NAP                        PIZANO, URIEL GUERRERO                         444 BROADWAY ST,                         VALLEJO, CA  94590-4522","171 SUFFOLK LN                              VALLEJO, CA  94590","48-463674/ 48-645136","","OLD REPUBLIC TITLE CO 1000 BURNETT AVE STE 400 CONCORD, CA  94520-2088","22","4807","444 BROADWAY ST","VALLEJO","48","94590","171 SUFFOLK LN","VALLEJO","94590","CA"
"595704","AUTREV ACTIVE","41 | 0","01/19/2022","12/31/2023","DBA: 12TH STREET PIZZA                        ADAMO, CHIARA ROSALIA                         400 12TH ST,                         SACRAMENTO, CA  95814-1404","","","7","","23","3405","400 12TH ST","SACRAMENTO","34","95814","","","",""
"595704","AUTREV ACTIVE","41 | 0","01/19/2022","12/31/2023","DBA: 12TH STREET PIZZA                        ADAMO, CHIARA ROSALIA                         400 12TH ST,                         SACRAMENTO, CA  95814-1404","","","7","","23","3405","400 12TH ST","SACRAMENTO","34","95814","","","",""
"596282","ACTIVE SUREND","21 | 0","10/09/2018","09/30/2024","DBA: PRIME NOW LLC, AMAZON FRESH                        PRIME NOW LLC                         2400 MARINE AVE , STE 108,                         REDONDO BEACH, CA  90278","PO BOX 81023, ATTN:  ALCOHOL LICENSING                              SEATTLE, WA  98108","21-454518","7","STEWART TITLE GUARANTY CAMPANY 1200 CALIFORNIA ST #120 REDLANDS, CA  92373","3","1946","2400 MARINE AVE , STE 108","REDONDO BEACH","19","90278","PO BOX 81023, ATTN:  ALCOHOL LICENSING","SEATTLE","98108","WA"
"596555","ACTIVE CANCEL","20 | 0","10/08/2018","09/30/2023","DBA: GAS 'N' STUFF                        PARMAR PETROLEUM INC                         33127 ROAD 222,                         NORTH FORK, CA  93643","PO BOX 1074                              NORTH FORK, CA  93643","20-479873/ 20-647132","7","NORTH AMERICAN TITLE CO 7555 N PALM AVE STE 210 FRESNO, CA  93711","21","2000","33127 ROAD 222","NORTH FORK","20","93643","PO BOX 1074","NORTH FORK","93643","CA"
"602526","REVPEN AUTREV","41 | 0","05/06/2019","04/30/2023","TL. XU WIRELESS INC                          10632 LOWER AZUSA RD,                         EL MONTE, CA  91731-1210","","41-539582","7","SINCERE ESCROW 935 S SAN GABRIEL BLVD SAN GABRIEL, CA  91776","2","1918","10632 LOWER AZUSA RD","EL MONTE","19","91731","","","",""
"603082","REVPEN NREN","40 | 0","04/23/2019","03/31/2023","DBA: BARBA PROMOTIONS                        BARBA PROMOTIONS, LLC                         1712 FAIRLANE RD,                         YREKA, CA  96097","PO BOX 181                              GRENADA, CA  96038-0181","","7","","31","4708","1712 FAIRLANE RD","YREKA","47","96097","PO BOX 181","GRENADA","96038","CA"
"603163","AUTREV R64B","47 | 0","10/31/2019","09/30/2023","DBA: COMMONS                        GROUND URBAN                         1716 BROADWAY,                         OAKLAND, CA  94612-2106","1661 TENNESSEE ST, SUITE 2L                              SAN FRANCISCO, CA  94107","47-525424","7","ABC ESCROW 2222 DAMON STREET  LOS ANGELES, CA  90021","22","0109","1716 BROADWAY","OAKLAND","01","94612","1661 TENNESSEE ST, SUITE 2L","SAN FRANCISCO","94107","CA"
"603163","AUTREV R64B","47 | 0","10/31/2019","09/30/2023","DBA: COMMONS                        GROUND URBAN                         1716 BROADWAY,                         OAKLAND, CA  94612-2106","1661 TENNESSEE ST, SUITE 2L                              SAN FRANCISCO, CA  94107","47-525424","7","ABC ESCROW 2222 DAMON STREET  LOS ANGELES, CA  90021","22","0109","1716 BROADWAY","OAKLAND","01","94612","1661 TENNESSEE ST, SUITE 2L","SAN FRANCISCO","94107","CA"
"606021","ACTIVE CANCEL","41 | 0","11/08/2019","10/31/2023","DBA: STREET SIDE THAI KITCHEN                        3ZAPP INC                         3025 UNIVERSITY AVE,                         SAN DIEGO, CA  92104-3001","","41-486161/ 41-647104","7","ALLISON-MCCLOSKEY 4820 EL CAJON BLVD SAN DIEGO, CA  92115-4695","10","3710","3025 UNIVERSITY AVE","SAN DIEGO","37","92104","","","",""
"606451","PEND ACTIVE","09 | 1","06/20/2023","01/31/2024","DBA: NAPA WINE CELLAR                        STUDIO BEVERAGE GROUP, INC.                         2545 NAPA VALLEY CORPORATE DR, STE C,                         NAPA, CA  94558-6202","4501 MANATEE AVE WEST, STE 314                              BRADENTON , FL  34209-3952","17-607836","7,I","","27","2802","2545 NAPA VALLEY CORPORATE DR, STE C","NAPA","28","94558","4501 MANATEE AVE WEST, STE 314","BRADENTON","34209","FL"
"606451","PEND ACTIVE","12 | 1","06/20/2023","05/31/2024","DBA: NAPA WINE CELLAR                        STUDIO BEVERAGE GROUP, INC.                         2545 NAPA VALLEY CORPORATE DR, STE C,                         NAPA, CA  94558-6202","4501 MANATEE AVE WEST, STE 314                              BRADENTON , FL  34209-3952","","","","27","2802","2545 NAPA VALLEY CORPORATE DR, STE C","NAPA","28","94558","4501 MANATEE AVE WEST, STE 314","BRADENTON","34209","FL"
"606451","PEND ACTIVE","17 | 1","06/20/2023","01/31/2024","DBA: NAPA WINE CELLAR                        STUDIO BEVERAGE GROUP, INC.                         2545 NAPA VALLEY CORPORATE DR, STE C,                         NAPA, CA  94558-6202","4501 MANATEE AVE WEST, STE 314                              BRADENTON , FL  34209-3952","17-607836","7,I","","27","2802","2545 NAPA VALLEY CORPORATE DR, STE C","NAPA","28","94558","4501 MANATEE AVE WEST, STE 314","BRADENTON","34209","FL"
"606451","PEND ACTIVE","20 | 0","06/20/2023","01/31/2024","DBA: NAPA WINE CELLAR                        STUDIO BEVERAGE GROUP, INC.                         2545 NAPA VALLEY CORPORATE DR, STE C,                         NAPA, CA  94558-6202","4501 MANATEE AVE WEST, STE 314                              BRADENTON , FL  34209-3952","20-607836","7,I","","27","2802","2545 NAPA VALLEY CORPORATE DR, STE C","NAPA","28","94558","4501 MANATEE AVE WEST, STE 314","BRADENTON","34209","FL"
"606451","PEND ACTIVE","18 | 1","06/20/2023","05/31/2024","DBA: NAPA WINE CELLAR                        STUDIO BEVERAGE GROUP, INC.                         2545 NAPA VALLEY CORPORATE DR, STE C,                         NAPA, CA  94558-6202","4501 MANATEE AVE WEST, STE 314                              BRADENTON , FL  34209-3952","","","","27","2802","2545 NAPA VALLEY CORPORATE DR, STE C","NAPA","28","94558","4501 MANATEE AVE WEST, STE 314","BRADENTON","34209","FL"
"610007","ACTIVE SUREND","47 | 0","03/13/2020","02/29/2024","DBA: SUGAR FACTORY                        SUGAR FACTORY CENTURY CITY LLC                         10250 SANTA MONICA BLVD, STE 2010,                         LOS ANGELES, CA  90067-6580","6925 HOLLYWOOD BLVD                              HOLLYWOOD, CA  90028","47-472145","","ABC ESCROW 2222 DAMON STREET  LOS ANGELES, CA  90021","4","1933","10250 SANTA MONICA BLVD, STE 2010","LOS ANGELES","19","90067","6925 HOLLYWOOD BLVD","HOLLYWOOD","90028","CA"
"610816","PEND ACTIVE","48 | 0","06/20/2023","05/31/2024","SPIRITED GROUP PROPERTIES LLC                         515 W 7TH ST BASEMENT,                         LOS ANGELES, CA  90014-2500","515 W 7TH ST, # 300                              LOS ANGELES, CA  90014-2505","","5,7","","4","1933","515 W 7TH ST BASEMENT","LOS ANGELES","19","90014","515 W 7TH ST, # 300","LOS ANGELES","90014","CA"
"621108","PEND WITHDRAWN","21 | 0","","","DBA: FAMILY MARKET                        FAMILY MARKET LLC                         7475 BANCROFT AVE,                         OAKLAND, CA  94605","","528795","","","22","0109","7475 BANCROFT AVE","OAKLAND","01","94605","","","",""
"625165","ACTIVE DEPREV","41 | 0","07/16/2021","06/30/2023","DBA: JALOS MEXICAN FOOD                         REYNOSO GUTIERREZ , EDGARDO                          25456 S SCHULTE RD, STE #2,                         TRACY, CA  95377","","","","","29","3900","25456 S SCHULTE RD, STE #2","TRACY","39","95377","","","",""
"625437","PEND WITHDRAWN","23 | 0","","","DBA: KOVE                        INVOAK BREWING & BLENDING LLC                         1741 NATIONAL AVE,                         SAN DIEGO, CA  92113-1010","1745 NATIONAL AVE                              SAN DIEGO, CA  92113","","7","","10","3710","1741 NATIONAL AVE","SAN DIEGO","37","92113","1745 NATIONAL AVE","SAN DIEGO","92113","CA"
"625450","PEND ACTIVE","12 | 1","06/19/2023","05/31/2024","DBA: ALICIA ROSALES CAMARENA                        ROSALES CAMARENA, ALICIA                         1934 E TAFT AVE, UNIT B-132,                         ORANGE, CA  92865-4702","2083 N LINCOLN ST                              ORANGE, CA  92865-3976","","","","11","3014","1934 E TAFT AVE, UNIT B-132","ORANGE","30","92865","2083 N LINCOLN ST","ORANGE","92865","CA"
"625450","PEND ACTIVE","18 | 1","06/19/2023","05/31/2024","DBA: ALICIA ROSALES CAMARENA                        ROSALES CAMARENA, ALICIA                         1934 E TAFT AVE, UNIT B-132,                         ORANGE, CA  92865-4702","2083 N LINCOLN ST                              ORANGE, CA  92865-3976","","","","11","3014","1934 E TAFT AVE, UNIT B-132","ORANGE","30","92865","2083 N LINCOLN ST","ORANGE","92865","CA"
"626123","ACTIVE CANCEL","20 | 0","07/22/2021","06/30/2023","DBA: MONTEMAR MARKET                        ESPINDOLA, VALENTIN                         248 N AVENUE 50,                         LOS ANGELES, CA  90042-3906","","20-379539/ 20-645318","","","4","1933","248 N AVENUE 50","LOS ANGELES","19","90042","","","",""
"627293","R64B ACTIVE","21 | 0","01/26/2023","12/31/2023","DBA: DOMENICO'S                        DOMENICO'S LOS ANGELES LLC                         9705-9709 SANTA MONICA BLVD,                         BEVERLY HILLS, CA  90210-4201","1617 SELBY AVE                              LOS ANGELES, CA  90024-5715","21-582350","7","ABC ESCROW 2222 DAMON STREET  LOS ANGELES, CA  90021","4","1908","9705-9709 SANTA MONICA BLVD","BEVERLY HILLS","19","90210","1617 SELBY AVE","LOS ANGELES","90024","CA"
"631290","PEND WITHDRAWN","21 | 0","","","SANGHA BHANDAL INC                          4141 MANZANITA AVE, STE 150,                         CARMICHAEL, CA  95608-1700","551 LA QUINTA CT                              GALT, CA  95632","","7","","23","3400","4141 MANZANITA AVE, STE 150","CARMICHAEL","34","95608","551 LA QUINTA CT","GALT","95632","CA"
"635597","ACTIVE SUREND","42 | 0","06/03/2022","05/31/2024","DBA: DART'S CORNER                         DARTS CORNER LLC                         17242-44 DOWNEY AVE,                         BELLFLOWER, CA  90706","","","7","","3","1907","17242-44 DOWNEY AVE","BELLFLOWER","19","90706","","","",""
"638507","PEND ACTIVE","41 | 0","06/19/2023","05/31/2024","DBA: MARVIN'S BBQ & DELI                        BADHAN, VIKRAM SINGH                         495 S MAIN ST,                         SEBASTOPOL, CA  95472-4210","","","","OLD REPUBLIC TITLE COMPANY 1000 BURNETT AVE STE 400 CONCORD, CA  94520-2088","27","4905","495 S MAIN ST","SEBASTOPOL","49","95472","","","",""
"639039","PEND ACTIVE","41 | 0","06/20/2023","05/31/2024","DBA: BAJA TACO & GRILL                        GUZMAN UZARRAGA, LUIS ORLANDO                         460 HOLT AVE,                         HOLTVILLE, CA  92250-1254","","","","","8","1305","460 HOLT AVE","HOLTVILLE","13","92250","","","",""
"639123","PEND ACTIVE","21 | 0","06/20/2023","05/31/2024","DBA: LAS ADELITAS                        LAS ADELITAS INC                         889 LEONG DR,                         MOUNTAIN VIEW, CA  94043","","21-635887","8","","25","4311","889 LEONG DR","MOUNTAIN VIEW","43","94043","","","",""
"639154","PEND ACTIVE","47 | 0","06/20/2023","01/31/2024","DBA: WILLOW                        WILLOW MARKET, LLC                         1050 WILLOW RD,                         NIPOMO, CA  93444","PO BOX 1433                              NIPOMO, CA  93444-1433","47-599653","7","","13","4000","1050 WILLOW RD","NIPOMO","40","93444","PO BOX 1433","NIPOMO","93444","CA"
"639414","PEND ACTIVE","20 | 0","06/20/2023","05/31/2024","DBA: SUPER X MARKET                        XIONG, KAYENG                         2711 FAIRFIELD ST,                         SACRAMENTO, CA  95815-1602","","","7","","23","3405","2711 FAIRFIELD ST","SACRAMENTO","34","95815","","","",""
"639883","PEND ACTIVE","47 | 0","06/20/2023","05/31/2024","DBA: DE LUCA'S ITALIAN RESTAURANT                        ASOMBROSO INVESTMENT ENTERPRISES, INC.                         16503 WHITTIER BLVD,                         WHITTIER, CA  90603-3047","","47-572913","7","ABC ESCROW 2222 DAMON STREET  LOS ANGELES, CA  90021","2","1961","16503 WHITTIER BLVD","WHITTIER","19","90603","","","",""
"640070","ACTIVE R64B","48 | 0","06/20/2023","05/31/2024","DBA: FAIRFIELD CIGAR AND BAR                        FAIRFIELD CIGAR AND VAPE INC.                          801 TEXAS ST,                         FAIRFIELD, CA  94533-5739","","47-605896","7","ABC ESCROW 2222 DAMON STREET  LOS ANGELES, CA  90021","22","4803","801 TEXAS ST","FAIRFIELD","48","94533","","","",""
"640671","PEND ACTIVE","47 | 0","06/20/2023","05/31/2024","DBA: TAQUERIA EL GRULLENSE                        RASIL G, INC.                         2205 E WATERLOO RD,                         STOCKTON, CA  95206","1331 S WILSON WY                              STOCKTON, CA  95205","47-319316","7","","29","3905","2205 E WATERLOO RD","STOCKTON","39","95206","1331 S WILSON WY","STOCKTON","95205","CA"
"643362","PEND ACTIVE","02 | 0","06/20/2023","06/30/2024","DBA: BACKSTAGE WINERY                        MOUNTAIN VIEW VINTNERS LLC                         4162 BIG RANCH RD,                         NAPA, CA  94558-1405","295 MAGNOLIA AVE                              LARKSPUR, CA  94939-2056","02-617240","","","27","2800","4162 BIG RANCH RD","NAPA","28","94558","295 MAGNOLIA AVE","LARKSPUR","94939","CA"
"643513","PEND ACTIVE","41 | 0","06/19/2023","05/31/2024","DBA: LOTUS GARGEN                        LOTUS GARDEN ONE INC                         4007 EUCLID AVE,                         SAN DIEGO, CA  92105","4029 EUCLID AVE                              SAN DIEGO, CA  92105-1907","","7","","10","3710","4007 EUCLID AVE","SAN DIEGO","37","92105","4029 EUCLID AVE","SAN DIEGO","92105","CA"
"644270","PEND ACTIVE","47 | 0","06/20/2023","05/31/2024","DBA: ARAMARK SERVICES, INC.                        ARAMARK SERVICES, INC.                         100 S CALIFORNIA ST,                         BURBANK, CA  91505","317 E CARSON ST, STE 333                              C/O FLAHERTY & O'HARA, PITTSBURGH, PA  15219","47-369979","","CALIFORNIA BUSINESS ESCROW 1748 MAIN ST ESCALON, CA  95320-1927","5","1910","100 S CALIFORNIA ST","BURBANK","19","91505","317 E CARSON ST, STE 333","PITTSBURGH","15219","PA"
"644434","PEND ACTIVE","41 | 0","06/20/2023","05/31/2024","DBA: CUGINI'S PIZZERIA & TRATTORIA                        CUGINI SANTA MARIA LLC                         230 E BETTERAVIA RD, STE G,                         SANTA MARIA, CA  93454-7845","","41-528588","7","SUPREME ESCROW INC 3701 WILSHIRE BLVD STE 535 LOS ANGELES, CA  90010","13","4204","230 E BETTERAVIA RD, STE G","SANTA MARIA","42","93454","","","",""
"644472","ACTIVE CANCEL","41 | 0","06/20/2023","05/31/2024","CRISPY RICE LLC                         18709 ARNOLD DR,                         SONOMA, CA  95476-5201","PO BOX 538                              EL VERANO, CA  95433","41-615058/ 41-650089","","CALIFORNIA BUSINESS ESCROW","27","4900","18709 ARNOLD DR","SONOMA","49","95476","PO BOX 538","EL VERANO","95433","CA"
"644681","REVPEN ACTIVE","02 | 0","06/19/2023","06/30/2024","DBA: BESA WINES                        BESA WINES, INC.                         6465 VON DOLLEN RD,                         SAN MIGUEL, CA  93451-9567","8200 WILSHIRE BLVD, STE 204                              BEVERLY HILLS, CA  90211-2328","","","","13","4000","6465 VON DOLLEN RD","SAN MIGUEL","40","93451","8200 WILSHIRE BLVD, STE 204","BEVERLY HILLS","90211","CA"
"645136","PEND ACTIVE","48 | 0","06/19/2023","05/31/2024","DBA: EL BARBAS RESTAURANT & BAR LLC                        EL BARBAS RESTAURANT & BAR LLC                         444 BROADWAY ST,                         VALLEJO, CA  94590-4522","612 MEADOW BAY DR                              AMERICAN CANYON, CA  94503","48-594165","","OLD REPUBLIC TITLE 1000 BURNETT AVE STE 400 CONCORD, CA  94520-2088","22","4807","444 BROADWAY ST","VALLEJO","48","94590","612 MEADOW BAY DR","AMERICAN CANYON","94503","CA"
"645139","PEND ACTIVE","20 | 0","06/20/2023","05/31/2024","DBA: LA CACHANILLA #3                        HAIFA FOOD BASKET, INC                          345 N AZUSA AVE,                         AZUSA, CA  91702-3440","","20-617084","","INLAND EMPIRE ESCROW 12794 CENTRAL AVE CHINO, CA  91710","2","1904","345 N AZUSA AVE","AZUSA","19","91702","","","",""
"645258","PEND ACTIVE","21 | 0","06/20/2023","05/31/2024","DBA: NOBLE MARKET & LIQUOR                        CT MARKET INC.                         21188 CALISTOGA ST,                         MIDDLETOWN, CA  95461","","21-547125","","OLD REPUBLIC TITLE COMPANY 1000 BURNETT AVE #400 CONCORD, CA  94520","27","1700","21188 CALISTOGA ST","MIDDLETOWN","17","95461","","","",""
"645318","PEND ACTIVE","20 | 0","06/19/2023","05/31/2024","DBA: CARLA'S FRESH MARKET                         CARLA'S FRESH MARKET 1, LLC                          248 N AVENUE 50,                         LOS ANGELES, CA  90042-3906","2840 BUDAU AVE                               LOS ANGELES, CA  90032","20-626123","","INNOVATIVE ESCROW 28212 KELLY JOHNSON PKWY STE 110 VALENCIA, CA  91355","4","1933","248 N AVENUE 50","LOS ANGELES","19","90042","2840 BUDAU AVE","LOS ANGELES","90032","CA"
"645598","PEND ACTIVE","02 | 0","07/03/2023","06/30/2024","DBA: PIRATE WINEMAKING SERVICES LLC                        PIRATE WINEMAKING SERVICES LLC                         3210 MAIN ST, UNIT C,                         VALLECITO, CA  95251","249 MISTLETOE CT                              ANGELS CAMP, CA  95222","","","","29","0500","3210 MAIN ST, UNIT C","VALLECITO","05","95251","249 MISTLETOE CT","ANGELS CAMP","95222","CA"
"645612","PEND ACTIVE","41 | 0","06/20/2023","05/31/2024","DBA: ALIYAHS KITCHEN SEAFOOD AND GRILL                        MENDEZ, LOURDES                         1344 PARK ST,                         PASO ROBLES, CA  93446-2235","","41-617928","","","13","4002","1344 PARK ST","PASO ROBLES","40","93446","","","",""
"645621","PEND ACTIVE","02 | 0","07/03/2023","06/30/2024","DBA: SHOT CALLER WINE COMPANY                        VINE AND WINE CONNECT LLC                         880 VALLEJO ST,                         NAPA, CA  94559-1823","247 SAFFRON CT                              NAPA, CA  94559-3591","","7","","27","2802","880 VALLEJO ST","NAPA","28","94559","247 SAFFRON CT","NAPA","94559","CA"
"645768","PEND ACTIVE","41 | 0","06/20/2023","05/31/2024","DBA: ROUND TABLE PIZZA LANCASTER                        LANCASTER PIZZA INC                          44204 10TH ST W,                         LANCASTER, CA  93534","2968 FRANK BROWN LANE                              TRACY, CA  95377","41-176068","7","FIDELITY NATIONAL 42544 10TH STREET W  STE C  LANCASTER, CA  93534","5","1980","44204 10TH ST W","LANCASTER","19","93534","2968 FRANK BROWN LANE","TRACY","95377","CA"
"645871","PEND ACTIVE","20 | 0","06/19/2023","05/31/2024","DBA: CORNELL TASTING ROOM                        POUR DECISIONS LLC                         29975 MULHOLLAND HWY,                         CORNELL, CA  91301-3009","","20-453288","7","CALIFORNIA BUSINESS ESCROW 1748 MAIN ST ESCALON, CA  95320-1927","5","1900","29975 MULHOLLAND HWY","CORNELL","19","91301","","","",""
"645871","PEND ACTIVE","42 | 0","06/19/2023","05/31/2024","DBA: CORNELL TASTING ROOM                        POUR DECISIONS LLC                         29975 MULHOLLAND HWY,                         CORNELL, CA  91301-3009","","42-453288","7","CALIFORNIA BUSINESS ESCROW 1748 MAIN ST ESCALON, CA  95320-1927","5","1900","29975 MULHOLLAND HWY","CORNELL","19","91301","","","",""
"645913","PEND ACTIVE","21 | 0","06/20/2023","05/31/2024","DBA: SUPER LIQUOR 5                        SUPER LIQUOR C-STORE, INC.                         4045 N FIG GARDEN DR, STE 107,                         FRESNO, CA  93722-6054","2535 W LAKE VAN NESS CIR                              FRESNO, CA  93711","21-513548","7","","21","1005","4045 N FIG GARDEN DR, STE 107","FRESNO","10","93722","2535 W LAKE VAN NESS CIR","FRESNO","93711","CA"
"646046","PEND ACTIVE","47 | 0","06/20/2023","05/31/2024","DBA: CORNER POCKET                        JSE BILLIARDS LLC                         3216 MING AVE STE B,                         BAKERSFIELD, CA  93304-4153","4307 GLENCANNON ST                              BAKERSFIELD, CA  93308","47-561805","7","PLACER TITLE COMPANY 3900 COFFEE RD STE 7 BAKERSFIELD, CA  93308-5051","6","1501","3216 MING AVE STE B","BAKERSFIELD","15","93304","4307 GLENCANNON ST","BAKERSFIELD","93308","CA"
"646084","PEND ACTIVE","20 | 0","06/20/2023","05/31/2024","DBA: WH MARKET                        WH MARKET LLC                         2124 WINTERHAVEN DR,                         WINTERHAVEN, CA  92283","1319 JACARANDA DR                              EL CENTRO, CA  92243-6171","20-591285","","TIME ESCROW INC 3055 WILSHIRE BLVD STE 1150 LOS ANGELES, CA  90010-1176","8","1300","2124 WINTERHAVEN DR","WINTERHAVEN","13","92283","1319 JACARANDA DR","EL CENTRO","92243","CA"
"646144","PEND ACTIVE","41 | 0","06/20/2023","11/30/2024","DBA: EL PICOSITO MEXICAN GRILL                        EL PICOSITO MEXICAN GRILL INC.                         479 5TH ST,                         GUSTINE, CA  95322","","41-617390","8","","29","2403","479 5TH ST","GUSTINE","24","95322","","","",""
"646160","PEND ACTIVE","47 | 0","06/20/2023","05/31/2024","DBA: KALAVERAS                        KALAVERAS TM INC                         28588 OLD TOWN FRONT ST , 2ND FLOOR ,                         TEMECULA, CA  92590-2750","","47-639665","","","7","3322","28588 OLD TOWN FRONT ST , 2ND FLOOR","TEMECULA","33","92590","","","",""
"646376","PEND ACTIVE","41 | 0","06/20/2023","05/31/2024","DBA: RAYMONDS CHINESE RESTAURANT                        LI'S CHINESE RESTAURANT INC                         1709 PALMETTO AVE,                         PACIFICA, CA  94044-2224","","41-470354","","UGM ASSOCIATES 739 WASHINGTON ST STE 300 SAN FRANCISCO, CA  94108","25","4109","1709 PALMETTO AVE","PACIFICA","41","94044","","","",""
"646377","PEND WITHDRAWN","41 | 0","","","DBA: TACOS SIN FRONTERA                        MUCHO POWER INC.                         310 E 4TH ST,                         SANTA ANA, CA  92701-6712","","","","","11","3017","310 E 4TH ST","SANTA ANA","30","92701","","","",""
"646612","PEND ACTIVE","41 | 0","06/19/2023","05/31/2024","DBA: FUNKY ELEPHANT                        FUNKY GROUP LLC                         1270 VALENCIA ST,                         SAN FRANCISCO, CA  94110-3029","1056A 61ST ST                              OAKLAND, CA  94608-2355","","","","24","3800","1270 VALENCIA ST","SAN FRANCISCO","38","94110","1056A 61ST ST","OAKLAND","94608","CA"
"646638","PEND ACTIVE","47 | 0","06/20/2023","05/31/2024","DBA: THE HARLEQUIN                        HARLEQUIN GROUP LLC THE                         68 4TH ST,                         SAN FRANCISCO, CA  94103-3102","45 ERVINE ST                              SAN FRANCISCO, CA  94134-2200","47-267398","","MCGOVERN ESCROW SERVICE 436 14TH ST SUITE 1015 OAKLAND, CA  94612","24","3800","68 4TH ST","SAN FRANCISCO","38","94103","45 ERVINE ST","SAN FRANCISCO","94134","CA"
"646668","PEND ACTIVE","80 | 0","06/20/2023","12/31/2023","DBA: 1906 LODGE                        GNI FOOD & BEVERAGE, LLC                         1060 ADELLA AVE,                         CORONADO, CA  92118-2908","11500 W OLYMPIC BLVD, STE 345                              LOS ANGELES, CA  90064-1528","80-595927","7","","10","3703","1060 ADELLA AVE","CORONADO","37","92118","11500 W OLYMPIC BLVD, STE 345","LOS ANGELES","90064","CA"
"646722","PEND ACTIVE","20 | 0","06/20/2023","05/31/2024","DBA: ARCO AM/PM                        CMB PETROLEUM, INC                         4498 CLAIREMONT MESA BLVD,                         SAN DIEGO, CA  92117-2054","4498 CLAIREMONT MESA BLVD                              SAN DIEGO, CA  92117-2054","20-524882","","ALLISON - MCCLOSKEY 4820 EL CAJON BLVD SAN DIEGO, CA  92115-4695","10","3710","4498 CLAIREMONT MESA BLVD","SAN DIEGO","37","92117","4498 CLAIREMONT MESA BLVD","SAN DIEGO","92117","CA"
"646745","PEND ACTIVE","20 | 0","06/20/2023","05/31/2024","DBA: ONE STOP MOBIL                         CHESTER FUEL, LLC                         402 S CHESTER AVE,                         BAKERSFIELD, CA  93304-3653","21031 VENTURA BLVD STE 1106                              WOODLAND HILLS, CA  91364","20-589661","","CALIFORNIA BUSINESS ESCROW INC 1748 MAIN STREET ESCALON, CA  95320","6","1501","402 S CHESTER AVE","BAKERSFIELD","15","93304","21031 VENTURA BLVD STE 1106","WOODLAND HILLS","91364","CA"
"646883","PEND ACTIVE","23 | 0","06/20/2023","02/29/2024","DBA: DUST BOWL BREWING CO.                        DUST BOWL BREWING CO LLC                         3034 W JACK LONDON BLVD, SPC D-3,                         LIVERMORE, CA  94551-7609","3000 FULKERTH RD                              TURLOCK, CA  95380","","7","","22","0107","3034 W JACK LONDON BLVD, SPC D-3","LIVERMORE","01","94551","3000 FULKERTH RD","TURLOCK","95380","CA"
"647008","PEND ACTIVE","47 | 0","06/20/2023","05/31/2024","DBA: CAVE, THE                        STONE ENTERTAINMENT GROUP INC                         40789 VILLAGE DR,                         BIG BEAR LAKE, CA  92315","8613 HELMS AVE                              RANCHO CUCAMONGA, CA  91730-4521","47-625271","7","ORANGE COAST TITLE CO 3536 CONCOURS STE 120 ONTARIO, CA  91764","7","3617","40789 VILLAGE DR","BIG BEAR LAKE","36","92315","8613 HELMS AVE","RANCHO CUCAMONGA","91730","CA"
"647008","PEND ACTIVE","47 | 0","06/20/2023","05/31/2024","DBA: CAVE, THE                        STONE ENTERTAINMENT GROUP INC                         40789 VILLAGE DR,                         BIG BEAR LAKE, CA  92315","8613 HELMS AVE                              RANCHO CUCAMONGA, CA  91730-4521","47-625271","7","ORANGE COAST TITLE CO 3536 CONCOURS STE 120 ONTARIO, CA  91764","7","3617","40789 VILLAGE DR","BIG BEAR LAKE","36","92315","8613 HELMS AVE","RANCHO CUCAMONGA","91730","CA"
"647048","PEND ACTIVE","20 | 0","06/20/2023","05/31/2024","DBA: JIMMYS MARKET                        JIMMYS MARKET LLC                         154 W MARKET ST,                         SALINAS, CA  93901","","20-587793","","JRG ATTORNEYS AT LAW 270 EL DORADO ST MONTEREY, CA  93940","26","2708","154 W MARKET ST","SALINAS","27","93901","","","",""
"647082","PEND ACTIVE","21 | 0","06/20/2023","05/31/2024","ALI, ANEES TAHER MOHAMED                         401 MAZE BLVD,                         MODESTO, CA  95351","325 MAZE BLVD                              MODESTO, CA  95351","21-543281","7","CALIFORNIA BUSINESS ESCROW INC 1748 MAIN ST ESCALON, CA  95320-1927","29","5002","401 MAZE BLVD","MODESTO","50","95351","325 MAZE BLVD","MODESTO","95351","CA"
"647104","PEND ACTIVE","41 | 0","06/19/2023","05/31/2024","DBA: STREET SIDE THAI KITCHEN                        HENG-HENG-HENG, INC                         3025 UNIVERSITY AVE,                         SAN DIEGO, CA  92104-3001","","41-606021","7","ALLISON - MCCLOSKEY 4820 EL CAJON BLVD SAN DIEGO, CA  92115-4695","10","3710","3025 UNIVERSITY AVE","SAN DIEGO","37","92104","","","",""
"647151","PEND ACTIVE","47 | 0","06/20/2023","05/31/2024","DBA: CIRINO'S AT MAIN STREET                        CIRINOS AT MAIN ST., INC.                         213-215 W MAIN ST,                         GRASS VALLEY, CA  95945","12647 COLFAX HWY                              GRASS VALLEY, CA  95945","47-404064","7","","23","2901","213-215 W MAIN ST","GRASS VALLEY","29","95945","12647 COLFAX HWY","GRASS VALLEY","95945","CA"
"647152","PEND ACTIVE","47 | 0","06/19/2023","05/31/2024","DBA: LURE FISH HOUSE                        FISHLOVERS SLO, LLC                         1101 MONTEREY ST, STE 100,                         SAN LUIS OBISPO, CA  93401-3283","400 SPECTRUM CIR                              OXNARD, CA  93030-7921","48-405438","","ABC ESCROW 2222 DAMON ST  LOS ANGELES, CA  90021","13","4004","1101 MONTEREY ST, STE 100","SAN LUIS OBISPO","40","93401","400 SPECTRUM CIR","OXNARD","93030","CA"
"647164","PEND WITHDRAWN","13 | 0","","","DBA: WASTE, INC.                        WASTE, INC.                          1245 GLEN AVE,                         BERKELEY, CA  94708-1830","","","","","22","0103","1245 GLEN AVE","BERKELEY","01","94708","","","",""
"647198","PEND ACTIVE","02 | 0","06/19/2023","06/30/2024","DBA: JUST ENOUGH WINES                        JUST ENOUGH WINES, INC.                         1390 VINCI AVE,                         SACRAMENTO, CA  95838-1714","1632 NW ADISYN LN                              MCMINNVILLE, OR  97128-6690","","","","23","3405","1390 VINCI AVE","SACRAMENTO","34","95838","1632 NW ADISYN LN","MCMINNVILLE","97128","OR"
"647234","PEND ACTIVE","41 | 0","06/20/2023","05/31/2024","DBA: THAI CURRY RESTAURANT                        KAEWPRASERT, KATHLEEN                         96 MCALLISTER ST,                         SAN FRANCISCO, CA  94102-3814","","","7","","24","3800","96 MCALLISTER ST","SAN FRANCISCO","38","94102","","","",""
"647236","PEND ACTIVE","85 | 0","06/19/2023","05/31/2024","DBA: GIFTED BASKET THE                        GIFTED BASKET INC. THE                         72 DORMAN AVE,                         SAN FRANCISCO, CA  94124-1807","","","","","24","3800","72 DORMAN AVE","SAN FRANCISCO","38","94124","","","",""
"647257","PEND ACTIVE","41 | 0","06/20/2023","05/31/2024","DBA: JOHNNY WOKKER                         KHAMMANH, JOHNNY                          1139 E MARCH LN, STE B,                         STOCKTON, CA  95210","","41-580332","","LAW OFFICES OF JOHN KHOO 3000 T ST STE 104 SACRAMENTO, CA  95816","29","3905","1139 E MARCH LN, STE B","STOCKTON","39","95210","","","",""
"647263","PEND ACTIVE","42 | 0","06/20/2023","05/31/2024","DBA: WATER HOLE TAVERN                         PAPPAS, NICOLE  MARIE                          246 N CLUFF AVE,                         LODI, CA  95240-3146","PO BOX 1208                              LOCKEFORD, CA  95237","42-626851","","LENNAR TITLE, INC.  7555 N PALM AVENUE SUITE 210 FRESNO, CA  93711","29","3902","246 N CLUFF AVE","LODI","39","95240","PO BOX 1208","LOCKEFORD","95237","CA"
"647317","PEND ACTIVE","20 | 0","06/20/2023","05/31/2024","DBA: DEL CERRO EXTRA MILE                        DEL CERRO TEAM INC                         6301 DEL CERRO BLVD,                         SAN DIEGO, CA  92120","2940 LYTTON ST                              SAN DIEGO, CA  92110-4811","20-643018","7","","10","3710","6301 DEL CERRO BLVD","SAN DIEGO","37","92120","2940 LYTTON ST","SAN DIEGO","92110","CA"
"647362","PEND ACTIVE","21 | 0","07/03/2023","06/30/2024","DBA: QUICK STOP MARKET #551126                        QUIK STOP MARKETS INC                         8696 GREENBACK LN,                         ORANGEVALE, CA  95662","165 FLANDERS RD                              WESTBOROUGH, MA  01581","21-422491","7","ORRICK, HERRINGTON & SUTCLIFFE 400 CAPITOL MALL STE 3000 SACRAMENTO, CA  95814-4407","23","3400","8696 GREENBACK LN","ORANGEVALE","34","95662","165 FLANDERS RD","WESTBOROUGH","01581","MA"
"647388","PEND ACTIVE","41 | 0","06/20/2023","05/31/2024","DBA: DANNY'S DELI & GRILL                        K & V LLC                         3263 TELEGRAPH RD,                         VENTURA, CA  93003-3220","","41-460624","7","OLD REPUBLIC TITLE CO 1000 BURNETT AVE STE 400 CONCORD, CA  94520-2088","12","5606","3263 TELEGRAPH RD","VENTURA","56","93003","","","",""
"647396","PEND ACTIVE","68 | 2","06/20/2023","05/31/2024","DBA: BELLA'S SPORTS PUB                        ISABELLA'S SPORTS PUB, INC                         231 MAIN ST,                         CHICO, CA  95928","","47-602471","7","NONE","31","0402","231 MAIN ST","CHICO","04","95928","","","",""
"647396","PEND ACTIVE","58 | 2","06/20/2023","05/31/2024","DBA: BELLA'S SPORTS PUB                        ISABELLA'S SPORTS PUB, INC                         231 MAIN ST,                         CHICO, CA  95928","","47-602471","7","NONE","31","0402","231 MAIN ST","CHICO","04","95928","","","",""
"647396","PEND ACTIVE","47 | 2","06/20/2023","05/31/2024","DBA: BELLA'S SPORTS PUB                        ISABELLA'S SPORTS PUB, INC                         231 MAIN ST,                         CHICO, CA  95928","","47-602471","7","NONE","31","0402","231 MAIN ST","CHICO","04","95928","","","",""
"647417","PEND ACTIVE","47 | 0","06/20/2023","05/31/2024","DBA: GIGI'S CAFE FIORUCCI                        FIORUCCI, JAMES TARCISO                         610 S MOUNT SHASTA BLVD,                         MOUNT SHASTA, CA  96067-2530","","47-612226","","FIDELITY 2100 MARKET ST STE 100 REDDING, CA  96001","31","4706","610 S MOUNT SHASTA BLVD","MOUNT SHASTA","47","96067","","","",""
"647435","PEND ACTIVE","41 | 0","06/20/2023","05/31/2024","LUMPIA COMPANY, LLC THE                         288 9TH AVE,                         OAKLAND, CA  94602","372 24TH ST                              OAKLAND, CA  94606","41-611531","7","SUPREME ESCROW INC 3701 WILSHIRE BLVD STE 535 LOS ANGELES, CA  90010","22","0109","288 9TH AVE","OAKLAND","01","94602","372 24TH ST","OAKLAND","94606","CA"
"647489","PEND ACTIVE","47 | 0","06/20/2023","05/31/2024","DBA: MARINA BAR AND GRILL                        MARINA BAR AND GRILL                          5879 MARINA RD,                         DISCOVERY BAY, CA  94505","","47-617394","7","ABC ESCROW 2222 DAMON STREET  LOS ANGELES, CA  90021","22","0700","5879 MARINA RD","DISCOVERY BAY","07","94505","","","",""
"647498","PEND ACTIVE","41 | 0","06/20/2023","05/31/2024","DBA: SAKURA SUSHI #2                        ASIAN SAKURA SUSHI                         5542 CLARK RD,                         PARADISE, CA  95969-5106","","","7","","31","0405","5542 CLARK RD","PARADISE","04","95969","","","",""
"647548","PEND ACTIVE","02 | 0","06/19/2023","06/30/2024","DBA: M BAR W VINEYARD                        M BAR W VINEYARD LLC                         18052 HIGHLAND VALLEY RD,                         RAMONA, CA  92065-5721","12770 MERIT DR, STE 200                              DALLAS, TX  75251","","","","9","3700","18052 HIGHLAND VALLEY RD","RAMONA","37","92065","12770 MERIT DR, STE 200","DALLAS","75251","TX"
"647626","PEND ACTIVE","20 | 0","07/03/2023","06/30/2024","DBA: 7 ELEVEN #32604E                        7 ELEVEN INC                         4101 CONCORD BLVD,                         CONCORD, CA  94519-1516","PO BOX 139044, ATTN: LICENSING DEPARTMENT                              DALLAS, TX  75313-9044","20-626312","7","7 ELEVEN PO BOX 139044 DALLAS, TX  75313-9044","22","0703","4101 CONCORD BLVD","CONCORD","07","94519","PO BOX 139044, ATTN: LICENSING DEPARTMENT","DALLAS","75313","TX"
"647656","PEND ACTIVE","41 | 0","06/19/2023","05/31/2024","DBA: DAY MOON                        DAY MOON LLC                         3928 IRVING ST,                         SAN FRANCISCO, CA  94122-1217","","","","","24","3800","3928 IRVING ST","SAN FRANCISCO","38","94122","","","",""
"647658","PEND ACTIVE","48 | 0","06/20/2023","05/31/2024","DBA: RAIL, THE                        PELIVAR LLC                         3796 5TH AVE,                         SAN DIEGO, CA  92103","1050 ABETO CT                              CHULA VISTA, CA  91910","48-321301","7","HERITAGE ESCROW 2550 5TH AVE STE 800 SAN DIEGO, CA  92103","10","3710","3796 5TH AVE","SAN DIEGO","37","92103","1050 ABETO CT","CHULA VISTA","91910","CA"
"647722","PEND WITHDRAWN","41 | 0","","","DBA: ALFONSOS MEXICAN FOOD INC                        ALFONSOS MEXICAN FOOD INC                         11252 MERRITT ST,                         CASTROVILLE, CA  95012","","536724","","","26","2700","11252 MERRITT ST","CASTROVILLE","27","95012","","","",""
"647737","PEND ACTIVE","41 | 0","06/20/2023","05/31/2024","DBA: FUKU RAMEN                        DAYMEI CROP                         2110 CLEMENT ST,                         SAN FRANCISCO, CA  94121-2017","","","","","24","3800","2110 CLEMENT ST","SAN FRANCISCO","38","94121","","","",""
"647745","PEND WITHDRAWN","47 | 0","","","GRAFTON STREET BOTTLE SHOP, LLC                          3123 BEVERLY BLVD,                         LOS ANGELES, CA  90057","4628 HOLLYWOOD BLVD                              LOS ANGELES, CA  90027-5408","41755","","INNOVATIVE ESCROW INC 28212 KELLY JOHNSON PKWY STE 110 VALENCIA, CA  91355","4","1933","3123 BEVERLY BLVD","LOS ANGELES","19","90057","4628 HOLLYWOOD BLVD","LOS ANGELES","90027","CA"
"647763","PEND ACTIVE","20 | 0","06/20/2023","05/31/2024","DBA: GALDAMEZ MINI MARKET                         MARONIAN, RAFFI SHAWN                         5111 ALHAMBRA AVE,                         LOS ANGELES, CA  90032-3408","","20-622150","7","M ESCROW INC. 10727 PARAMOUNT BLVD UNIT 7 DOWNEY, CA  90241","4","1933","5111 ALHAMBRA AVE","LOS ANGELES","19","90032","","","",""
"647807","PEND ACTIVE","41 | 0","06/20/2023","05/31/2024","DBA: LUCCA                        3348 STEINER INC                         3348 STEINER ST,                         SAN FRANCISCO, CA  94123-2707","837 JEFFERSON AVE                              REDWOOD CITY, CA  94063-1803","41-538610","","OLD REPUBLIC TITLE COMPANY 1000 BURNETT AVE #400 CONCORD, CA  94520","24","3800","3348 STEINER ST","SAN FRANCISCO","38","94123","837 JEFFERSON AVE","REDWOOD CITY","94063","CA"
"647852","PEND ACTIVE","20 | 0","06/19/2023","05/31/2024","DBA: OMAR'S MINI MART                        ALGAHIM, MUAMMER MOHAMED                         311 E 11TH ST,                         BAKERSFIELD, CA  93307","311 E 11TH ST                              BAKERSFIELD, CA  93307","20-338384","7","PLACER TITLE COMPANY 3900 COFFEE RD STE 7 BAKERSFIELD, CA  93308-5051","6","1500","311 E 11TH ST","BAKERSFIELD","15","93307","311 E 11TH ST","BAKERSFIELD","93307","CA"
"647953","PEND ACTIVE","47 | 0","06/20/2023","05/31/2024","DBA: PRESTIGE                        IMPERIAL CENTER CSO, LLC                         1111 YOURMAN RD,                         HEBER, CA  92249-9706","26 WHARFSIDE DR                              NEWPORT COAST, CA  92612","47-526977","","CALIFORNIA BUSINESS ESCROW INC 1748 MAIN STREET ESCALON, CA  95320","8","1300","1111 YOURMAN RD","HEBER","13","92249","26 WHARFSIDE DR","NEWPORT COAST","92612","CA"
"647966","PEND ACTIVE","41 | 0","06/20/2023","05/31/2024","DBA: K & S FOOD STORE                        KULS PLACE INC                         2126 TAFT HWY, SUITE B & C,                         BAKERSFIELD, CA  93313-9734","2126 TAFT HWY, SUITE B & C                              BAKERSFIELD, CA  93313-9734","41-597089","","","6","1501","2126 TAFT HWY, SUITE B & C","BAKERSFIELD","15","93313","2126 TAFT HWY, SUITE B & C","BAKERSFIELD","93313","CA"
"648021","PEND ACTIVE","41 | 0","06/20/2023","05/31/2024","DBA: WOODY'S AT THE MESA                        WOODY'S AT THE AIRPORT                         500 DEL MESA DR,                         CARMEL, CA  93923","200 FRED KANE DR, STE 201                              MONTEREY, CA  93940","","","","26","2700","500 DEL MESA DR","CARMEL","27","93923","200 FRED KANE DR, STE 201","MONTEREY","93940","CA"
"648029","PEND ACTIVE","02 | 0","06/20/2023","06/30/2024","DBA: PETRONI VINEYARDS                        PETRONI VINEYARDS LLC                         10200 SONOMA HWY,                         KENWOOD, CA  95452","PO BOX 467                              SONOMA, CA  95476-0467","02-634625","","","27","4900","10200 SONOMA HWY","KENWOOD","49","95452","PO BOX 467","SONOMA","95476","CA"
"648066","PEND ACTIVE","41 | 0","06/20/2023","04/30/2024","DBA: IZAKAYA K                        IZAKAYA K                         5708 E LOS ANGELES AVE,                         SIMI VALLEY, CA  93063-5217","","41-592098","7,8","","12","5609","5708 E LOS ANGELES AVE","SIMI VALLEY","56","93063","","","",""
"648231","PEND ACTIVE","58 | 1","06/19/2023","05/31/2024","DBA: LOS PANCHOS                        REYES, JAIME ERNESTO                         2309 BRUNDAGE LN,                         BAKERSFIELD, CA  93304-2705","","47-585070","7","TICOR TITLE COMPANY OF CALIFORNIA 10000 STOCKDALE HWY STE 101 BAKERSFIELD, CA  93311","6","1501","2309 BRUNDAGE LN","BAKERSFIELD","15","93304","","","",""
"648231","PEND ACTIVE","47 | 1","06/19/2023","05/31/2024","DBA: LOS PANCHOS                        REYES, JAIME ERNESTO                         2309 BRUNDAGE LN,                         BAKERSFIELD, CA  93304-2705","","47-585070","7","TICOR TITLE COMPANY OF CALIFORNIA 10000 STOCKDALE HWY STE 101 BAKERSFIELD, CA  93311","6","1501","2309 BRUNDAGE LN","BAKERSFIELD","15","93304","","","",""
"648586","PEND WITHDRAWN","02 | 0","","","DBA: SHINE CARLSBAD LLC, THE                        STONEHOUSE CELLARS LLC                         300 CARLSBAD VILLAGE DR, STE 212B,                         CARLSBAD, CA  92008-2991","","","","","9","3701","300 CARLSBAD VILLAGE DR, STE 212B","CARLSBAD","37","92008","","","",""
"648690","PEND WITHDRAWN","41 | 0","","","DBA: UCHI WEST HOLLYWOOD                        UCHI CALIFORNIA LLC                         9001 SANTA MONICA BLVD , STE 101,                         WEST HOLLYWOOD, CA  90069-5571","1306 W OLTORF ST , STE C                              AUSTIN, TX  78704","","","","4","1983","9001 SANTA MONICA BLVD , STE 101","WEST HOLLYWOOD","19","90069","1306 W OLTORF ST , STE C","AUSTIN","78704","TX"
"649282","PEND ACTIVE","41 | 0","06/20/2023","06/30/2024","DBA: OAKLEY TAVERN                        ZALMAIYAR, MOHAMMAD NAIM                         3685 MAIN ST,                         OAKLEY, CA  94561","310 WHISPERING OAKS CT                              PITTSBURG, CA  94565","41-616141/ 41-653031","7","","22","0719","3685 MAIN ST","OAKLEY","07","94561","310 WHISPERING OAKS CT","PITTSBURG","94565","CA"
"649421","PEND WITHDRAWN","41 | 0","","","DBA: ZERO DEGREES                        PBX 11 CORPORATION                         534 W LAMBERT RD,                         LA HABRA, CA  90631-6754","","611861","7","R ESCROW 1205 E CHAPMAN AVE ORANGE, CA  92866","11","3012","534 W LAMBERT RD","LA HABRA","30","90631","","","",""
"649438","PEND WITHDRAWN","47 | 0","","","DBA: MEAT CELLAR THE                        HUDDY CORP 2                         160 W FOOTHILL BLVD,                         CLAREMONT, CA  91711-2705","","587333","","GLEN OAKS ESCROW 24018 LYONS AVE SANTA CLARITA, CA  91321","2","1911","160 W FOOTHILL BLVD","CLAREMONT","19","91711","","","",""