"License Number","Status Changed From/To","Type| Dup","Original Issue Date","Expir. Date","Primary Owner and Premises Addr.","Mailing Addr.","Transfer-From/To","Conditions","Escrow","District Code","Geo Code","Prem Street","City","County","Zip Code","Mailing Street","Mailing City","Mailing Zip Code","Mailing State"
"250669","REVPEN ACTIVE","02 | 0","09/24/1991","06/30/2024","DBA: DEAVER VINEYARDS                        SHENANDOAH INVESTMENT PROPERTIES INC                         12455 STEINER RD,                         PLYMOUTH, CA  95669","21643 SHENANDOAH SCHOOL RD                              PLYMOUTH, CA  95669","","","","23","0300","12455 STEINER RD","PLYMOUTH","03","95669","21643 SHENANDOAH SCHOOL RD","PLYMOUTH","95669","CA"
"250669","REVPEN ACTIVE","02 | 0","09/24/1991","06/30/2024","DBA: DEAVER VINEYARDS                        SHENANDOAH INVESTMENT PROPERTIES INC                         12455 STEINER RD,                         PLYMOUTH, CA  95669","21643 SHENANDOAH SCHOOL RD                              PLYMOUTH, CA  95669","","","","23","0300","12455 STEINER RD","PLYMOUTH","03","95669","21643 SHENANDOAH SCHOOL RD","PLYMOUTH","95669","CA"
"309437","REVPEN ACTIVE","41 | 0","07/27/1995","06/30/2024","DBA: BAYSIDE COFFEE SHOP                        GONZALEZ, ANTONIO                         2011 BAYSHORE BLVD,                         SAN FRANCISCO, CA  94134-2401","300 HEATHER WAY                              SOUTH SAN FRANCISCO, CA  94080","41-86273","7","","24","3800","2011 BAYSHORE BLVD","SAN FRANCISCO","38","94134","300 HEATHER WAY","SOUTH SAN FRANCISCO","94080","CA"
"309437","REVPEN ACTIVE","41 | 0","07/27/1995","06/30/2024","DBA: BAYSIDE COFFEE SHOP                        GONZALEZ, ANTONIO                         2011 BAYSHORE BLVD,                         SAN FRANCISCO, CA  94134-2401","300 HEATHER WAY                              SOUTH SAN FRANCISCO, CA  94080","41-86273","7","","24","3800","2011 BAYSHORE BLVD","SAN FRANCISCO","38","94134","300 HEATHER WAY","SOUTH SAN FRANCISCO","94080","CA"
"406906","ACTIVE CANCEL","20 | 0","01/23/2004","12/31/2023","DBA: LA MICHOACANA MARKET                        WNE CORPORATION                         330 COOPER RD,                         OXNARD, CA  93030-5406","","20-282210/ 20-649371","","","12","5603","330 COOPER RD","OXNARD","56","93030","","","",""
"412451","REVPEN ACTIVE","02 | 0","08/11/2009","06/30/2024","DBA: FROSTWATCH VINEYARD & WINERY                        FROSTWATCH VINEYARD & WINERY LLC                         5560 BENNETT VALLEY RD,                         SANTA ROSA, CA  95404-9573","","","7","","27","4900","5560 BENNETT VALLEY RD","SANTA ROSA","49","95404","","","",""
"412451","REVPEN ACTIVE","02 | 0","08/11/2009","06/30/2024","DBA: FROSTWATCH VINEYARD & WINERY                        FROSTWATCH VINEYARD & WINERY LLC                         5560 BENNETT VALLEY RD,                         SANTA ROSA, CA  95404-9573","","","7","","27","4900","5560 BENNETT VALLEY RD","SANTA ROSA","49","95404","","","",""
"455220","REVPEN ACTIVE","17 | 0","07/23/2007","06/30/2024","DBA: ETNYRE WINES                        ETNYRE, ETHAN ROY                         1163 ROSEVINE LN,                         ARROYO GRANDE, CA  93420-5082","","","7","","13","4000","1163 ROSEVINE LN","ARROYO GRANDE","40","93420","","","",""
"455220","REVPEN ACTIVE","17 | 0","07/23/2007","06/30/2024","DBA: ETNYRE WINES                        ETNYRE, ETHAN ROY                         1163 ROSEVINE LN,                         ARROYO GRANDE, CA  93420-5082","","","7","","13","4000","1163 ROSEVINE LN","ARROYO GRANDE","40","93420","","","",""
"455220","REVPEN ACTIVE","20 | 0","07/23/2007","06/30/2024","DBA: ETNYRE WINES                        ETNYRE, ETHAN ROY                         1163 ROSEVINE LN,                         ARROYO GRANDE, CA  93420-5082","","","7,I","","13","4000","1163 ROSEVINE LN","ARROYO GRANDE","40","93420","","","",""
"455220","REVPEN ACTIVE","20 | 0","07/23/2007","06/30/2024","DBA: ETNYRE WINES                        ETNYRE, ETHAN ROY                         1163 ROSEVINE LN,                         ARROYO GRANDE, CA  93420-5082","","","7,I","","13","4000","1163 ROSEVINE LN","ARROYO GRANDE","40","93420","","","",""
"461515","PEND CANCEL","21 | 0","01/10/2008","12/31/2023","DBA: MARKET EXPRESS                        WOOPARK INC                         3940 ROSEDALE HWY,                         BAKERSFIELD, CA  93308-6253","","21-331039/ 21-649405","7","","6","1500","3940 ROSEDALE HWY","BAKERSFIELD","15","93308","","","",""
"469679","REVPEN ACTIVE","41 | 0","12/03/2008","06/30/2024","DBA: VILLA CORONA                        VILLA CORONA                         1661 E MONTE VISTA AVE, # P105,                         VACAVILLE, CA  95688-3114","","41-450140","7","","22","4806","1661 E MONTE VISTA AVE, # P105","VACAVILLE","48","95688","","","",""
"469679","REVPEN ACTIVE","41 | 0","12/03/2008","06/30/2024","DBA: VILLA CORONA                        VILLA CORONA                         1661 E MONTE VISTA AVE, # P105,                         VACAVILLE, CA  95688-3114","","41-450140","7","","22","4806","1661 E MONTE VISTA AVE, # P105","VACAVILLE","48","95688","","","",""
"478964","REVPEN ACTIVE","02 | 0","08/11/2009","06/30/2024","DBA: FROSTWATCH VINEYARD & WINERY                        FROSTWATCH VINEYARD & WINERY LLC                         3358 COFFEY LN, STE D,                         SANTA ROSA, CA  95403-7416","5560 BENNETT VALLEY RD                              SANTA ROSA, CA  95404-9573","","","","27","4904","3358 COFFEY LN, STE D","SANTA ROSA","49","95403","5560 BENNETT VALLEY RD","SANTA ROSA","95404","CA"
"478964","REVPEN ACTIVE","02 | 0","08/11/2009","06/30/2024","DBA: FROSTWATCH VINEYARD & WINERY                        FROSTWATCH VINEYARD & WINERY LLC                         3358 COFFEY LN, STE D,                         SANTA ROSA, CA  95403-7416","5560 BENNETT VALLEY RD                              SANTA ROSA, CA  95404-9573","","","","27","4904","3358 COFFEY LN, STE D","SANTA ROSA","49","95403","5560 BENNETT VALLEY RD","SANTA ROSA","95404","CA"
"479408","REVPEN ACTIVE","41 | 0","07/21/2009","06/30/2024","DBA: JAX ORIGINAL TRUCKEE DINER                        HALEY, FRANCIS LAMBERT JR                         10144 W RIVER ST,                         TRUCKEE, CA  96161-0319","","","7","","23","2903","10144 W RIVER ST","TRUCKEE","29","96161","","","",""
"479408","REVPEN ACTIVE","41 | 0","07/21/2009","06/30/2024","DBA: JAX ORIGINAL TRUCKEE DINER                        HALEY, FRANCIS LAMBERT JR                         10144 W RIVER ST,                         TRUCKEE, CA  96161-0319","","","7","","23","2903","10144 W RIVER ST","TRUCKEE","29","96161","","","",""
"509686","REVPEN ACTIVE","02 | 0","07/11/2011","06/30/2024","DBA: JACK RUSSELL FARM WINERY                        DAVIDS ALE WORKS INC                         2380 LARSEN DR, SUITE B,                         CAMINO, CA  95709","","","","","23","0900","2380 LARSEN DR, SUITE B","CAMINO","09","95709","","","",""
"509686","REVPEN ACTIVE","02 | 0","07/11/2011","06/30/2024","DBA: JACK RUSSELL FARM WINERY                        DAVIDS ALE WORKS INC                         2380 LARSEN DR, SUITE B,                         CAMINO, CA  95709","","","","","23","0900","2380 LARSEN DR, SUITE B","CAMINO","09","95709","","","",""
"510380","SUSPEN ACTIVE","41 | 0","08/02/2011","07/31/2024","DBA: YR PIZZA PLANET                        ALVAREZ, RALPH                         921 W MANNING AVE,                         REEDLEY, CA  93654-2446","12825 AVENUE 413, STE A                              OROSI, CA  93647-2288","","","","21","1012","921 W MANNING AVE","REEDLEY","10","93654","12825 AVENUE 413, STE A","OROSI","93647","CA"
"510380","SUSPEN ACTIVE","41 | 0","08/02/2011","07/31/2024","DBA: YR PIZZA PLANET                        ALVAREZ, RALPH                         921 W MANNING AVE,                         REEDLEY, CA  93654-2446","12825 AVENUE 413, STE A                              OROSI, CA  93647-2288","","","","21","1012","921 W MANNING AVE","REEDLEY","10","93654","12825 AVENUE 413, STE A","OROSI","93647","CA"
"517579","SUREND CANCEL","17 | 1","02/29/2012","01/31/2024","DBA: CHEFS WAREHOUSE                        CHEFS' WAREHOUSE WEST COAST, LLC, THE                         16633 GALE AVE,                         CITY OF INDUSTRY, CA  91745-1802","","","","","2","1926","16633 GALE AVE","CITY OF INDUSTRY","19","91745","","","",""
"517579","SUREND CANCEL","09 | 1","02/29/2012","01/31/2024","DBA: CHEFS WAREHOUSE                        CHEFS' WAREHOUSE WEST COAST, LLC, THE                         16633 GALE AVE,                         CITY OF INDUSTRY, CA  91745-1802","","","","","2","1926","16633 GALE AVE","CITY OF INDUSTRY","19","91745","","","",""
"529256","ACTIVE CANCEL","23 | 0","09/11/2013","08/31/2024","DBA: CELLARMAKER BREWING COMPANY                        1150 HOWARD PARTNERS L-PSHIP                         1150 HOWARD ST,                         SAN FRANCISCO, CA  94103-3914","1150 HOWARD ST                              SAN FRANCISCO, CA  94103-3914","","7","","24","3800","1150 HOWARD ST","SAN FRANCISCO","38","94103","1150 HOWARD ST","SAN FRANCISCO","94103","CA"
"533237","REVPEN ACTIVE","23 | 0","07/25/2013","06/30/2024","DBA: KAWEAH BREWING CO                        HILDEBRAND, KENNETH LEE                         1054 E WALNUT AVE,                         TULARE, CA  93274","2640 E SEEGER AVE                              VISALIA, CA  93292-1371","","","","21","5405","1054 E WALNUT AVE","TULARE","54","93274","2640 E SEEGER AVE","VISALIA","93292","CA"
"533237","REVPEN ACTIVE","23 | 0","07/25/2013","06/30/2024","DBA: KAWEAH BREWING CO                        HILDEBRAND, KENNETH LEE                         1054 E WALNUT AVE,                         TULARE, CA  93274","2640 E SEEGER AVE                              VISALIA, CA  93292-1371","","","","21","5405","1054 E WALNUT AVE","TULARE","54","93274","2640 E SEEGER AVE","VISALIA","93292","CA"
"535262","REVPEN ACTIVE","02 | 0","09/25/2013","06/30/2024","DBA: CADDIS                        SORENSEN, CHRISTOPHER JAMES                         7878 CEDAR MOUNTAIN RD, UNIT B,                         LIVERMORE, CA  94550-7333","880 5TH ST EAST                              SONOMA, CA  95476","","","","22","0100","7878 CEDAR MOUNTAIN RD, UNIT B","LIVERMORE","01","94550","880 5TH ST EAST","SONOMA","95476","CA"
"535262","REVPEN ACTIVE","02 | 0","09/25/2013","06/30/2024","DBA: CADDIS                        SORENSEN, CHRISTOPHER JAMES                         7878 CEDAR MOUNTAIN RD, UNIT B,                         LIVERMORE, CA  94550-7333","880 5TH ST EAST                              SONOMA, CA  95476","","","","22","0100","7878 CEDAR MOUNTAIN RD, UNIT B","LIVERMORE","01","94550","880 5TH ST EAST","SONOMA","95476","CA"
"536984","ACTIVE CANCEL","20 | 0","01/22/2015","12/31/2023","DBA: SAN GABRIEL MARKET                        CEBALLOS, MAYRA LIVIER                         13126-30 RAMONA BLVD,                         BALDWIN PARK, CA  91706-3805","13126 RAMONA BLVD                              BALDWIN PARK, CA  91706-3805","20-308674/ 20-649078","","","2","1905","13126-30 RAMONA BLVD","BALDWIN PARK","19","91706","13126 RAMONA BLVD","BALDWIN PARK","91706","CA"
"547484","ACTIVE CANCEL","41 | 2","12/15/2014","11/30/2023","DBA: MOXIE CAFE THE                        HARDY DIAGNOSTICS                         1317 W MCCOY LN,                         SANTA MARIA, CA  93455-1035","","","","","13","4204","1317 W MCCOY LN","SANTA MARIA","42","93455","","","",""
"547484","ACTIVE CANCEL","58 | 2","12/15/2014","11/30/2023","DBA: MOXIE CAFE THE                        HARDY DIAGNOSTICS                         1317 W MCCOY LN,                         SANTA MARIA, CA  93455-1035","","","","","13","4204","1317 W MCCOY LN","SANTA MARIA","42","93455","","","",""
"547484","ACTIVE CANCEL","77 | 2","12/15/2014","11/30/2023","DBA: MOXIE CAFE THE                        HARDY DIAGNOSTICS                         1317 W MCCOY LN,                         SANTA MARIA, CA  93455-1035","","","","","13","4204","1317 W MCCOY LN","SANTA MARIA","42","93455","","","",""
"559493","ACTIVE NREN","85 | 0","08/27/2015","07/31/2023","DBA: FALLING BRIGHT WINE MERCHANTS                        COX, TIFFANY MARIE                         501 E ADELE ST,                         ANAHEIM, CA  92805-3041","","","7","","11","3001","501 E ADELE ST","ANAHEIM","30","92805","","","",""
"559868","REVPEN ACTIVE","41 | 0","07/21/2016","06/30/2024","DBA: AMERICAN DREAM THE                        SAENZ & SAENZ, LLC                         21058 PACIFIC COAST HWY, STE M130,                         HUNTINGTON BEACH, CA  92648","","","7","","11","3010","21058 PACIFIC COAST HWY, STE M130","HUNTINGTON BEACH","30","92648","","","",""
"559868","REVPEN ACTIVE","41 | 0","07/21/2016","06/30/2024","DBA: AMERICAN DREAM THE                        SAENZ & SAENZ, LLC                         21058 PACIFIC COAST HWY, STE M130,                         HUNTINGTON BEACH, CA  92648","","","7","","11","3010","21058 PACIFIC COAST HWY, STE M130","HUNTINGTON BEACH","30","92648","","","",""
"570023","AUTREV ACTIVE","75 | 1","05/02/2017","04/30/2024","DBA: TAP AND VINE                        INFINITY HOSPITALITY GROUP, LLC                         907 LINCOLN WAY,                         AUBURN, CA  95603","","","7","","23","3101","907 LINCOLN WAY","AUBURN","31","95603","","","",""
"570023","AUTREV ACTIVE","75 | 1","05/02/2017","04/30/2024","DBA: TAP AND VINE                        INFINITY HOSPITALITY GROUP, LLC                         907 LINCOLN WAY,                         AUBURN, CA  95603","","","7","","23","3101","907 LINCOLN WAY","AUBURN","31","95603","","","",""
"570023","AUTREV ACTIVE","58 | 1","05/02/2017","04/30/2024","DBA: TAP AND VINE                        INFINITY HOSPITALITY GROUP, LLC                         907 LINCOLN WAY,                         AUBURN, CA  95603","","","7","","23","3101","907 LINCOLN WAY","AUBURN","31","95603","","","",""
"570023","AUTREV ACTIVE","58 | 1","05/02/2017","04/30/2024","DBA: TAP AND VINE                        INFINITY HOSPITALITY GROUP, LLC                         907 LINCOLN WAY,                         AUBURN, CA  95603","","","7","","23","3101","907 LINCOLN WAY","AUBURN","31","95603","","","",""
"579400","AUTREV ACTIVE","41 | 0","06/02/2017","05/31/2024","DBA: MR. MOTO PIZZA                        MOTORINO PIZZA CORP                         3773 30TH ST, STE J,                         SAN DIEGO, CA  92104-3642","1929 CABLE ST, STE 2B                              SAN DIEGO, CA  92107","","7","","10","3710","3773 30TH ST, STE J","SAN DIEGO","37","92104","1929 CABLE ST, STE 2B","SAN DIEGO","92107","CA"
"579400","AUTREV ACTIVE","41 | 0","06/02/2017","05/31/2024","DBA: MR. MOTO PIZZA                        MOTORINO PIZZA CORP                         3773 30TH ST, STE J,                         SAN DIEGO, CA  92104-3642","1929 CABLE ST, STE 2B                              SAN DIEGO, CA  92107","","7","","10","3710","3773 30TH ST, STE J","SAN DIEGO","37","92104","1929 CABLE ST, STE 2B","SAN DIEGO","92107","CA"
"594708","REVPEN ACTIVE","41 | 0","07/23/2019","06/30/2024","DBA: AMBROSE BUTCHERY                        MILOAMBROSE, LLC                         37683 NILES BLVD,                         FREMONT, CA  94536-2947","37767 2ND ST                              FREMONT, CA  94536","","7","","22","0105","37683 NILES BLVD","FREMONT","01","94536","37767 2ND ST","FREMONT","94536","CA"
"594708","REVPEN ACTIVE","41 | 0","07/23/2019","06/30/2024","DBA: AMBROSE BUTCHERY                        MILOAMBROSE, LLC                         37683 NILES BLVD,                         FREMONT, CA  94536-2947","37767 2ND ST                              FREMONT, CA  94536","","7","","22","0105","37683 NILES BLVD","FREMONT","01","94536","37767 2ND ST","FREMONT","94536","CA"
"597874","ACTIVE CANCEL","47 | 1","12/20/2018","11/30/2023","DBA: ASADA CRAVE                        INNOVATIVE ELEMENTS INVESTMENTS                         4521 BUENA VISTA RD , STE 200,                         BAKERSFIELD, CA  93311-8786","PO BOX 82301                              BAKERSFIELD, CA  93380-2301","","5,7","","6","1501","4521 BUENA VISTA RD , STE 200","BAKERSFIELD","15","93311","PO BOX 82301","BAKERSFIELD","93380","CA"
"597874","ACTIVE CANCEL","58 | 1","12/20/2018","11/30/2023","DBA: ASADA CRAVE                        INNOVATIVE ELEMENTS INVESTMENTS                         4521 BUENA VISTA RD , STE 200,                         BAKERSFIELD, CA  93311-8786","PO BOX 82301                              BAKERSFIELD, CA  93380-2301","","5,7","","6","1501","4521 BUENA VISTA RD , STE 200","BAKERSFIELD","15","93311","PO BOX 82301","BAKERSFIELD","93380","CA"
"604640","REVPEN ACTIVE","23 | 0","11/07/2019","06/30/2024","DBA: KAWEAH BREWING CO.                        HILDEBRAND, KENNETH LEE                         3222 N DEMAREE ST, STE C,                         VISALIA, CA  93291-7147","2640 E SEEGER AVE                              VISALIA, CA  93292-1371","","","","21","5406","3222 N DEMAREE ST, STE C","VISALIA","54","93291","2640 E SEEGER AVE","VISALIA","93292","CA"
"604640","REVPEN ACTIVE","23 | 0","11/07/2019","06/30/2024","DBA: KAWEAH BREWING CO.                        HILDEBRAND, KENNETH LEE                         3222 N DEMAREE ST, STE C,                         VISALIA, CA  93291-7147","2640 E SEEGER AVE                              VISALIA, CA  93292-1371","","","","21","5406","3222 N DEMAREE ST, STE C","VISALIA","54","93291","2640 E SEEGER AVE","VISALIA","93292","CA"
"608369","REVPEN ACTIVE","02 | 0","04/09/2020","06/30/2024","DBA: VILUKO VINEYARDS                        VILUKO VINEYARD INC                         6705 CRISTO LN,                         SANTA ROSA, CA  95409-6494","1111 BROADWAY, 3RD FLOOR                              OAKLAND, CA  94607","","","","27","4900","6705 CRISTO LN","SANTA ROSA","49","95409","1111 BROADWAY, 3RD FLOOR","OAKLAND","94607","CA"
"608369","REVPEN ACTIVE","02 | 0","04/09/2020","06/30/2024","DBA: VILUKO VINEYARDS                        VILUKO VINEYARD INC                         6705 CRISTO LN,                         SANTA ROSA, CA  95409-6494","1111 BROADWAY, 3RD FLOOR                              OAKLAND, CA  94607","","","","27","4900","6705 CRISTO LN","SANTA ROSA","49","95409","1111 BROADWAY, 3RD FLOOR","OAKLAND","94607","CA"
"614043","REVPEN ACTIVE","02 | 0","02/19/2020","06/30/2024","DBA: CADDIS                        SORENSEN, CHRISTOPHER JAMES                         109 E NAPA ST,                         SONOMA, CA  95476-6709","880 5TH ST EAST                              SONOMA, CA  95476","","","","27","4906","109 E NAPA ST","SONOMA","49","95476","880 5TH ST EAST","SONOMA","95476","CA"
"614043","REVPEN ACTIVE","02 | 0","02/19/2020","06/30/2024","DBA: CADDIS                        SORENSEN, CHRISTOPHER JAMES                         109 E NAPA ST,                         SONOMA, CA  95476-6709","880 5TH ST EAST                              SONOMA, CA  95476","","","","27","4906","109 E NAPA ST","SONOMA","49","95476","880 5TH ST EAST","SONOMA","95476","CA"
"617676","REVPEN ACTIVE","02 | 0","10/13/2020","06/30/2024","TANK SPACE                         1390 VINCI AVE,                         SACRAMENTO, CA  95838-1714","1390 VINCI AVE                              SACRAMENTO, CA  95838-1714","","","","23","3405","1390 VINCI AVE","SACRAMENTO","34","95838","1390 VINCI AVE","SACRAMENTO","95838","CA"
"617676","REVPEN ACTIVE","02 | 0","10/13/2020","06/30/2024","TANK SPACE                         1390 VINCI AVE,                         SACRAMENTO, CA  95838-1714","1390 VINCI AVE                              SACRAMENTO, CA  95838-1714","","","","23","3405","1390 VINCI AVE","SACRAMENTO","34","95838","1390 VINCI AVE","SACRAMENTO","95838","CA"
"620146","PEND ACTIVE","21 | 0","09/25/2023","06/30/2024","DBA: TARGET  T1984                        TARGET CORPORATION                         1750 STORY RD,                         SAN JOSE, CA  95122","PO BOX 9471, TPS-3010, BUSINESS LICENSING                              MINNEAPOLIS, MN  55440-9471","","5,7","","25","4313","1750 STORY RD","SAN JOSE","43","95122","PO BOX 9471, TPS-3010, BUSINESS LICENSING","MINNEAPOLIS","55440","MN"
"625198","REVPEN ACTIVE","02 | 0","07/01/2021","06/30/2024","DBA: BUSHONG VINTAGE COMPANY                        BVS LLC                         4070 VINEYARD DR,                         PASO ROBLES, CA  93446","228 19TH ST                              PASO ROBLES, CA  93446-1553","02-596390","","","13","4000","4070 VINEYARD DR","PASO ROBLES","40","93446","228 19TH ST","PASO ROBLES","93446","CA"
"625198","REVPEN ACTIVE","02 | 0","07/01/2021","06/30/2024","DBA: BUSHONG VINTAGE COMPANY                        BVS LLC                         4070 VINEYARD DR,                         PASO ROBLES, CA  93446","228 19TH ST                              PASO ROBLES, CA  93446-1553","02-596390","","","13","4000","4070 VINEYARD DR","PASO ROBLES","40","93446","228 19TH ST","PASO ROBLES","93446","CA"
"625199","REVPEN ACTIVE","02 | 0","07/01/2021","06/30/2024","DBA: BUSHONG VINTAGE COMPANY                        BVS LLC                         565 12TH ST,                         PASO ROBLES, CA  93446-2202","228 19TH ST                              PASO ROBLES, CA  93446-1553","","","","13","4002","565 12TH ST","PASO ROBLES","40","93446","228 19TH ST","PASO ROBLES","93446","CA"
"625199","REVPEN ACTIVE","02 | 0","07/01/2021","06/30/2024","DBA: BUSHONG VINTAGE COMPANY                        BVS LLC                         565 12TH ST,                         PASO ROBLES, CA  93446-2202","228 19TH ST                              PASO ROBLES, CA  93446-1553","","","","13","4002","565 12TH ST","PASO ROBLES","40","93446","228 19TH ST","PASO ROBLES","93446","CA"
"626195","SUSPEN ACTIVE","47 | 0","07/23/2021","06/30/2024","DBA: MUSHIN BAR                        MUSHIN BAR, LLC                         1814 FRANKLIN ST, STE 5G,                         OAKLAND, CA  94612-3487","484 LAKEPARK AVE, #150                              OAKLAND, CA  94610","47-351827","","CAPITAL TRUST ESCROW 280 S BEVERLY DR #300 BEVERLY HILLS, CA  90212","22","0109","1814 FRANKLIN ST, STE 5G","OAKLAND","01","94612","484 LAKEPARK AVE, #150","OAKLAND","94610","CA"
"626195","SUSPEN ACTIVE","47 | 0","07/23/2021","06/30/2024","DBA: MUSHIN BAR                        MUSHIN BAR, LLC                         1814 FRANKLIN ST, STE 5G,                         OAKLAND, CA  94612-3487","484 LAKEPARK AVE, #150                              OAKLAND, CA  94610","47-351827","","CAPITAL TRUST ESCROW 280 S BEVERLY DR #300 BEVERLY HILLS, CA  90212","22","0109","1814 FRANKLIN ST, STE 5G","OAKLAND","01","94612","484 LAKEPARK AVE, #150","OAKLAND","94610","CA"
"630510","ACTIVE PEND","47 | 0","","","DAWN MINE HOSPITALITY, LLC                         1947 LINCOLN AVE,                         PASADENA, CA  91103","5619 N FIGUEROA ST, APT 206                              LOS ANGELES, CA  90042-4978","","5","","2","1943","1947 LINCOLN AVE","PASADENA","19","91103","5619 N FIGUEROA ST, APT 206","LOS ANGELES","90042","CA"
"630510","ACTIVE PEND","47 | 0","","","DAWN MINE HOSPITALITY, LLC                         1947 LINCOLN AVE,                         PASADENA, CA  91103","5619 N FIGUEROA ST, APT 206                              LOS ANGELES, CA  90042-4978","","5","","2","1943","1947 LINCOLN AVE","PASADENA","19","91103","5619 N FIGUEROA ST, APT 206","LOS ANGELES","90042","CA"
"630510","ISSUED PENDING","47 | 0","","","DAWN MINE HOSPITALITY, LLC                         1947 LINCOLN AVE,                         PASADENA, CA  91103","5619 N FIGUEROA ST, APT 206                              LOS ANGELES, CA  90042-4978","","5","","2","1943","1947 LINCOLN AVE","PASADENA","19","91103","5619 N FIGUEROA ST, APT 206","LOS ANGELES","90042","CA"
"634287","REVPEN ACTIVE","02 | 0","03/30/2022","06/30/2024","EVERWILD WINES LLC                         1401 MARINA WAY S, STE 280,                         RICHMOND, CA  94804-3723","875 OCEAN AVE                              RICHMOND, CA  94801","","","","22","0709","1401 MARINA WAY S, STE 280","RICHMOND","07","94804","875 OCEAN AVE","RICHMOND","94801","CA"
"634287","REVPEN ACTIVE","02 | 0","03/30/2022","06/30/2024","EVERWILD WINES LLC                         1401 MARINA WAY S, STE 280,                         RICHMOND, CA  94804-3723","875 OCEAN AVE                              RICHMOND, CA  94801","","","","22","0709","1401 MARINA WAY S, STE 280","RICHMOND","07","94804","875 OCEAN AVE","RICHMOND","94801","CA"
"637228","ACTIVE CANCEL","12 | 1","08/23/2022","07/31/2024","DBA: GOOD BEV CO.                        GOOD BEVERAGE COMPANY INCORPORATED                         2950 E CORONADO ST, UNIT C,                         ANAHEIM, CA  92806-2501","1918 DEBORAH LN                              NEWPORT BEACH, CA  92660-4428","","","","11","3001","2950 E CORONADO ST, UNIT C","ANAHEIM","30","92806","1918 DEBORAH LN","NEWPORT BEACH","92660","CA"
"637228","ACTIVE CANCEL","07 | 1","08/23/2022","07/31/2024","DBA: GOOD BEV CO.                        GOOD BEVERAGE COMPANY INCORPORATED                         2950 E CORONADO ST, UNIT C,                         ANAHEIM, CA  92806-2501","1918 DEBORAH LN                              NEWPORT BEACH, CA  92660-4428","","","","11","3001","2950 E CORONADO ST, UNIT C","ANAHEIM","30","92806","1918 DEBORAH LN","NEWPORT BEACH","92660","CA"
"638234","PEND ACTIVE","41 | 0","09/25/2023","08/31/2024","DBA: NICE COFFEE                        NICE COFFEE INC                         515 S FLOWER ST, STE 100,                         LOS ANGELES, CA  90071-2226","","","7","","4","1933","515 S FLOWER ST, STE 100","LOS ANGELES","19","90071","","","",""
"638546","PEND ACTIVE","23 | 0","09/22/2023","08/31/2024","DBA: P-DUBS BREW PUB                        P-DUBS BREW PUB, INC.                          20800 SANTA LUCIA ST,                         TEHACHAPI, CA  93561","20817 SOUTH STREET                              TEHACHAPI, CA  93561","","","","6","1507","20800 SANTA LUCIA ST","TEHACHAPI","15","93561","20817 SOUTH STREET","TEHACHAPI","93561","CA"
"638809","PEND ACTIVE","47 | 0","09/25/2023","08/31/2024","DBA: BUSHFIRE GRILL                         BUSHFIRE EASTVALE LLC                         14135 LIMONITE AVE , STE 240,                         EASTVALE, CA  92880-3866","2602 DEL MAR HEIGHTS RD, STE 102                              DEL MAR, CA  92014-3110","47-628539","","","7","3328","14135 LIMONITE AVE , STE 240","EASTVALE","33","92880","2602 DEL MAR HEIGHTS RD, STE 102","DEL MAR","92014","CA"
"638839","ACTIVE PEND","41 | 0","","","DBA: PALI WINE COMPANY                        PALI WINE COMPANY L-PSHIP                         1440 UNIVERSITY AVE,                         SAN DIEGO, CA  92103-3405","401 WILSHIRE BLVD, STE 300                              SANTA MONICA, CA  90401-1454","","7","","10","3710","1440 UNIVERSITY AVE","SAN DIEGO","37","92103","401 WILSHIRE BLVD, STE 300","SANTA MONICA","90401","CA"
"638839","ACTIVE PEND","41 | 0","","","DBA: PALI WINE COMPANY                        PALI WINE COMPANY L-PSHIP                         1440 UNIVERSITY AVE,                         SAN DIEGO, CA  92103-3405","401 WILSHIRE BLVD, STE 300                              SANTA MONICA, CA  90401-1454","","7","","10","3710","1440 UNIVERSITY AVE","SAN DIEGO","37","92103","401 WILSHIRE BLVD, STE 300","SANTA MONICA","90401","CA"
"638839","ISSUED PENDING","41 | 0","","","DBA: PALI WINE COMPANY                        PALI WINE COMPANY L-PSHIP                         1440 UNIVERSITY AVE,                         SAN DIEGO, CA  92103-3405","401 WILSHIRE BLVD, STE 960                              SANTA MONICA, CA  90401-1454","","7","","10","3710","1440 UNIVERSITY AVE","SAN DIEGO","37","92103","401 WILSHIRE BLVD, STE 960","SANTA MONICA","90401","CA"
"639882","PEND ACTIVE","02 | 0","09/22/2023","06/30/2024","BAXTER RIDGE FARMS                         330 ZACHARY ST, UNIT 108,                         MOORPARK, CA  93021-2072","4400 SUNNYHILL ST                              WESTLAKE VILLAGE, CA  91362-5111","","7","","12","5610","330 ZACHARY ST, UNIT 108","MOORPARK","56","93021","4400 SUNNYHILL ST","WESTLAKE VILLAGE","91362","CA"
"641642","PEND ACTIVE","41 | 0","09/22/2023","08/31/2024","DBA: KNOCKOUT DELI                        LACA VENTURES, INC                         6635 ALVARADO RD,                         SAN DIEGO, CA  92120-5208","","","7","","10","3710","6635 ALVARADO RD","SAN DIEGO","37","92120","","","",""
"644405","PEND ACTIVE","41 | 0","09/25/2023","08/31/2024","DBA: FRIENDS OF FRIENDS                        PUBLIC SQUARE COFFEE HOUSE INC                         127 E 8TH ST,                         NATIONAL CITY, CA  91951-2222","127 E 8TH ST                              NATIONAL CITY, CA  91951-2222","","7","","10","3708","127 E 8TH ST","NATIONAL CITY","37","91951","127 E 8TH ST","NATIONAL CITY","91951","CA"
"644522","PEND ACTIVE","41 | 0","09/25/2023","11/30/2023","DBA: EL COMPADRE AUTHENTIC MEXICAN FOOD                        CALDERA, JOSE  ANGEL RODRIGUEZ                         5735 EL CAMINO REAL, STE O,                         ATASCADERO, CA  93422","","41-583452","","","13","4007","5735 EL CAMINO REAL, STE O","ATASCADERO","40","93422","","","",""
"645692","PEND ACTIVE","09 | 1","09/22/2023","01/31/2024","DBA: CHEFS' WAREHOUSE WEST COAST LLC                        CHEFS' WAREHOUSE WEST COAST, LLC, THE                         455 BREA CANYON RD,                         CITY OF INDUSTRY, CA  91789-3058","100 E RIDGE RD                              RIDGEFIELD, CT  06877-4623","17-517579","","","2","1926","455 BREA CANYON RD","CITY OF INDUSTRY","19","91789","100 E RIDGE RD","RIDGEFIELD","06877","CT"
"645692","PEND ACTIVE","17 | 1","09/22/2023","01/31/2024","DBA: CHEFS' WAREHOUSE WEST COAST LLC                        CHEFS' WAREHOUSE WEST COAST, LLC, THE                         455 BREA CANYON RD,                         CITY OF INDUSTRY, CA  91789-3058","100 E RIDGE RD                              RIDGEFIELD, CT  06877-4623","17-517579","","","2","1926","455 BREA CANYON RD","CITY OF INDUSTRY","19","91789","100 E RIDGE RD","RIDGEFIELD","06877","CT"
"645998","PEND ACTIVE","42 | 0","09/25/2023","08/31/2024","DBA: UGLY DOG, THE                        BAR MAJORETTE INC                         6344 EL CAJON BLVD,                         SAN DIEGO, CA  92115-2641","","42-570546","7","ALLISON - MCCLOSKEY 4820 EL CAJON BLVD SAN DIEGO, CA  92115-4695","10","3710","6344 EL CAJON BLVD","SAN DIEGO","37","92115","","","",""
"646018","PEND ACTIVE","02 | 0","09/25/2023","06/30/2024","DBA: FLATLEY WINES                        BESTSOCALWINE LLC                         335 WEST LN,                         ANGWIN, CA  94508-9606","6725 CALLE PONTE BELLA                              RANCHO SANTA FE, CA  92091-0214","","","","27","2800","335 WEST LN","ANGWIN","28","94508","6725 CALLE PONTE BELLA","RANCHO SANTA FE","92091","CA"
"646031","PEND ACTIVE","02 | 0","09/25/2023","06/30/2024","DBA: FLATLEY WINES                        BESTSOCALWINE LLC                         6725 CALLE PONTE BELLA,                         RANCHO SANTA FE, CA  92091-0214","6725 CALLE PONTE BELLA                              RANCHO SANTA FE, CA  92091-0214","","7","","9","3700","6725 CALLE PONTE BELLA","RANCHO SANTA FE","37","92091","6725 CALLE PONTE BELLA","RANCHO SANTA FE","92091","CA"
"646200","PEND ACTIVE","41 | 0","09/25/2023","08/31/2024","DBA: PRONTO'S FRESH MEXICAN GRILL                        E.N.S.J. ENTERPRISES, INC.                         2420 S WESTERN AVE,                         SAN PEDRO, CA  90732-4344","","","7","","3","1933","2420 S WESTERN AVE","SAN PEDRO","19","90732","","","",""
"646244","PEND ACTIVE","41 | 0","09/22/2023","08/31/2024","DBA: PIZZA MY HEART                        PIZZA MY HEART INC                         1477 BERRYESSA RD, STE 10,                         SAN JOSE, CA  95131-1014","16222 SHANNON RD                              LOS GATOS, CA  95032-4729","","","","25","4313","1477 BERRYESSA RD, STE 10","SAN JOSE","43","95131","16222 SHANNON RD","LOS GATOS","95032","CA"
"646501","PEND ACTIVE","02 | 0","09/22/2023","06/30/2024","DBA: ODE TO OLIVIA BRION & CANTADORA                        SWEETWATER ROOTS LLC                         1031 MCKINSTRY ST,                         NAPA, CA  94559-2615","1031 CHARLSON WAY                              NAPA, CA  94558-5558","","7","","27","2802","1031 MCKINSTRY ST","NAPA","28","94559","1031 CHARLSON WAY","NAPA","94558","CA"
"646551","PEND ACTIVE","47 | 0","09/22/2023","08/31/2024","DBA: LA CHOZA                        LA CHOZA, INC.                          15257 GALE AVE,                         CITY OF INDUSTRY, CA  91745-1507","","","","INNOVATIVE ESCROW, INC. 28212 KELLY JOHNSON PKWY STE 110 VALENCIA, CA  91355","2","1926","15257 GALE AVE","CITY OF INDUSTRY","19","91745","","","",""
"646703","PEND ACTIVE","20 | 0","09/25/2023","06/30/2024","DBA: 7 ELEVEN 13598A                        7 ELEVEN INC                         4527 MISSION BAY DR,                         SAN DIEGO, CA  92109-4920","PO BOX 139044, ATTN: LICENSING DEPARTMENT                              DALLAS, TX  75313-9044","20-468434","","7 ELEVEN INC PO BOX 139044 ATTN: LICENSING DEPARTMENT DALLAS, TX  75313-9044","10","3710","4527 MISSION BAY DR","SAN DIEGO","37","92109","PO BOX 139044, ATTN: LICENSING DEPARTMENT","DALLAS","75313","TX"
"646950","PEND ACTIVE","47 | 0","09/25/2023","08/31/2024","DBA: KALAVERAS                        KALAVERAS WH INC                         13112 PHILADELPHIA ST,                         WHITTIER, CA  90601-4301","","47-589131","","","2","1961","13112 PHILADELPHIA ST","WHITTIER","19","90601","","","",""
"647374","PEND ACTIVE","40 | 0","09/22/2023","08/31/2024","DBA: LITTLE STREET MUSIC HALL / ENCORE CAFE                        AVENIDA MUSIC LLC                         82707 MILES AVE,                         INDIO, CA  92201-4229","","","","","8","3309","82707 MILES AVE","INDIO","33","92201","","","",""
"647573","PEND ACTIVE","41 | 0","09/22/2023","08/31/2024","DBA: SANTA MARIA PUBLIC MARKET                        BR&J LEATHER LLC                         1317 W MCCOY LN,                         SANTA MARIA, CA  93455-1035","334 ANACAPA ST, STE 2                              SANTA BARBARA, CA  93101","41-547484","","COMPASS FIRST INC 1114 STATE STREET, SUITE 313 SANTA BARBARA, CA  93101","13","4204","1317 W MCCOY LN","SANTA MARIA","42","93455","334 ANACAPA ST, STE 2","SANTA BARBARA","93101","CA"
"647603","PEND ACTIVE","12 | 1","09/22/2023","07/31/2024","DBA: GOOD BEV CO.                        GOOD BEVERAGE COMPANY INCORPORATED                         2950 E CORONADO ST, UNIT F,                         ANAHEIM, CA  92806-2501","1918 DEBORAH LN                              NEWPORT BEACH, CA  92660-4428","07-637228","","","11","3001","2950 E CORONADO ST, UNIT F","ANAHEIM","30","92806","1918 DEBORAH LN","NEWPORT BEACH","92660","CA"
"647603","PEND ACTIVE","07 | 1","09/22/2023","07/31/2024","DBA: GOOD BEV CO.                        GOOD BEVERAGE COMPANY INCORPORATED                         2950 E CORONADO ST, UNIT F,                         ANAHEIM, CA  92806-2501","1918 DEBORAH LN                              NEWPORT BEACH, CA  92660-4428","07-637228","","","11","3001","2950 E CORONADO ST, UNIT F","ANAHEIM","30","92806","1918 DEBORAH LN","NEWPORT BEACH","92660","CA"
"647709","PEND ACTIVE","21 | 0","09/25/2023","08/31/2024","VALLEY FOOD MARKET, INC                         2401 W TURNER RD, STE 100,                         LODI, CA  95242","","21-610103","7","CALIFORNIA BUSINESS ESCROW INC 1748 MAIN ST ESCALON, CA  95320-1927","29","3902","2401 W TURNER RD, STE 100","LODI","39","95242","","","",""
"647716","ACTIVE CANCEL","21 | 0","06/05/2023","07/31/2024","DBA: SANTA CLARA MARKET                        CHAN, REX                         846 SANTA CLARA AVE,                         ALAMEDA, CA  94501-3418","","21-556225/ 21-650208","7","","22","0101","846 SANTA CLARA AVE","ALAMEDA","01","94501","","","",""
"647882","PEND ACTIVE","20 | 0","09/25/2023","07/31/2024","CONCURRENT PARTNERS LLC                         811 N CATALINA AVE, SUITE 1212,                         REDONDO BEACH, CA  90277-2189","407 N PACIFIC COAST HWY, #591                              REDONDO BEACH, CA  90277","20-579252","7,I","","3","1946","811 N CATALINA AVE, SUITE 1212","REDONDO BEACH","19","90277","407 N PACIFIC COAST HWY, #591","REDONDO BEACH","90277","CA"
"647882","PEND ACTIVE","17 | 1","09/25/2023","07/31/2024","CONCURRENT PARTNERS LLC                         811 N CATALINA AVE, SUITE 1212,                         REDONDO BEACH, CA  90277-2189","407 N PACIFIC COAST HWY, #591                              REDONDO BEACH, CA  90277","17-579252","7","","3","1946","811 N CATALINA AVE, SUITE 1212","REDONDO BEACH","19","90277","407 N PACIFIC COAST HWY, #591","REDONDO BEACH","90277","CA"
"647882","PEND ACTIVE","18 | 1","09/25/2023","08/31/2024","CONCURRENT PARTNERS LLC                         811 N CATALINA AVE, SUITE 1212,                         REDONDO BEACH, CA  90277-2189","407 N PACIFIC COAST HWY, #591                              REDONDO BEACH, CA  90277","","","","3","1946","811 N CATALINA AVE, SUITE 1212","REDONDO BEACH","19","90277","407 N PACIFIC COAST HWY, #591","REDONDO BEACH","90277","CA"
"647882","PEND ACTIVE","09 | 1","09/25/2023","07/31/2024","CONCURRENT PARTNERS LLC                         811 N CATALINA AVE, SUITE 1212,                         REDONDO BEACH, CA  90277-2189","407 N PACIFIC COAST HWY, #591                              REDONDO BEACH, CA  90277","17-579252","7","","3","1946","811 N CATALINA AVE, SUITE 1212","REDONDO BEACH","19","90277","407 N PACIFIC COAST HWY, #591","REDONDO BEACH","90277","CA"
"647882","PEND ACTIVE","12 | 1","09/25/2023","08/31/2024","CONCURRENT PARTNERS LLC                         811 N CATALINA AVE, SUITE 1212,                         REDONDO BEACH, CA  90277-2189","407 N PACIFIC COAST HWY, #591                              REDONDO BEACH, CA  90277","","","","3","1946","811 N CATALINA AVE, SUITE 1212","REDONDO BEACH","19","90277","407 N PACIFIC COAST HWY, #591","REDONDO BEACH","90277","CA"
"648009","PEND ACTIVE","23 | 0","09/22/2023","07/31/2024","DBA: CAPTAIN FATTY'S BREWERY                        CAPTAIN FATTY'S BREWERY, LLC                         651 PASEO NUEVO,                         SANTA BARBARA, CA  93101-3391","6483 CALLE REAL, UNIT D                              GOLETA, CA  93117","","7","","12","4203","651 PASEO NUEVO","SANTA BARBARA","42","93101","6483 CALLE REAL, UNIT D","GOLETA","93117","CA"
"648099","PEND ACTIVE","02 | 0","09/22/2023","06/30/2024","DBA: DVIN VINTNERS                        DVIN VINTNERS LLC                         23400 UPTON RD,                         PLYMOUTH, CA  95669-9542","150 CHERRY CREEK RD                              CLOVERDALE, CA  95425-3808","","7","","23","0300","23400 UPTON RD","PLYMOUTH","03","95669","150 CHERRY CREEK RD","CLOVERDALE","95425","CA"
"648548","PEND ACTIVE","47 | 2","09/25/2023","08/31/2024","DBA: CIPRIANI BEVERLY HILLS                        CIP CAMDEN BH MANAGER LLC                          362 N CAMDEN DR,                         BEVERLY HILLS, CA  90210-5112","110 EAST 42ND ST 5TH FLOOR                               NEW YORK , NY  10017","48-626572","7","ABC ESCROW 2222 DAMON STREET  LOS ANGELES, CA  90021","4","1908","362 N CAMDEN DR","BEVERLY HILLS","19","90210","110 EAST 42ND ST 5TH FLOOR","NEW YORK","10017","NY"
"648548","PEND ACTIVE","47 | 2","09/25/2023","08/31/2024","DBA: CIPRIANI BEVERLY HILLS                        CIP CAMDEN BH MANAGER LLC                          362 N CAMDEN DR,                         BEVERLY HILLS, CA  90210-5112","110 EAST 42ND ST 5TH FLOOR                               NEW YORK , NY  10017","48-626572","7","ABC ESCROW 2222 DAMON STREET  LOS ANGELES, CA  90021","4","1908","362 N CAMDEN DR","BEVERLY HILLS","19","90210","110 EAST 42ND ST 5TH FLOOR","NEW YORK","10017","NY"
"648548","PEND ACTIVE","77 | 2","09/25/2023","08/31/2024","DBA: CIPRIANI BEVERLY HILLS                        CIP CAMDEN BH MANAGER LLC                          362 N CAMDEN DR,                         BEVERLY HILLS, CA  90210-5112","110 EAST 42ND ST 5TH FLOOR                               NEW YORK , NY  10017","48-626572","7","ABC ESCROW 2222 DAMON STREET  LOS ANGELES, CA  90021","4","1908","362 N CAMDEN DR","BEVERLY HILLS","19","90210","110 EAST 42ND ST 5TH FLOOR","NEW YORK","10017","NY"
"648548","PEND ACTIVE","58 | 2","09/25/2023","08/31/2024","DBA: CIPRIANI BEVERLY HILLS                        CIP CAMDEN BH MANAGER LLC                          362 N CAMDEN DR,                         BEVERLY HILLS, CA  90210-5112","110 EAST 42ND ST 5TH FLOOR                               NEW YORK , NY  10017","48-626572","7","ABC ESCROW 2222 DAMON STREET  LOS ANGELES, CA  90021","4","1908","362 N CAMDEN DR","BEVERLY HILLS","19","90210","110 EAST 42ND ST 5TH FLOOR","NEW YORK","10017","NY"
"648774","PEND ACTIVE","41 | 0","09/25/2023","08/31/2024","DBA: CANYON CAFE                        BAJA CALI INC                         3845 BROADWAY ST,                         AMERICAN CANYON, CA  94503-1274","","41-212674","","OLD REPUBLIC TITLE COMPANY 1000 BURNETT AVE #400 CONCORD, CA  94520","27","2805","3845 BROADWAY ST","AMERICAN CANYON","28","94503","","","",""
"648824","PEND ACTIVE","23 | 0","09/22/2023","08/31/2024","DBA: ENTERPRISE BREWING COMPANY                        HAYTER ON HOWARD LLC                         1150 HOWARD ST,                         SAN FRANCISCO, CA  94103-3914","","23-529256","7","","24","3800","1150 HOWARD ST","SAN FRANCISCO","38","94103","","","",""
"648869","PEND ACTIVE","41 | 0","09/25/2023","08/31/2024","DBA: PHO HOANG                        HOANG, LIEN THI                         1390 G ST,                         ARCATA, CA  95521-5821","","","","","28","1201","1390 G ST","ARCATA","12","95521","","","",""
"649078","PEND ACTIVE","20 | 0","09/22/2023","12/31/2023","DBA: SAN GABRIEL MARKET                        SGM-SAN GABRIEL MARKET, INC.                         13126-30 RAMONA BLVD,                         BALDWIN PARK, CA  91706-3805","13126 RAMONA BLVD                              BALDWIN PARK, CA  91706-3805","20-536984","8","","2","1905","13126-30 RAMONA BLVD","BALDWIN PARK","19","91706","13126 RAMONA BLVD","BALDWIN PARK","91706","CA"
"649167","PEND ACTIVE","58 | 1","09/22/2023","08/31/2024","DBA: MAS BELLA                         MADAME PHO BAR & GRILL                         4521 BUENA VISTA RD , STE 200,                         BAKERSFIELD, CA  93311-8786","5145 MING AVE                              BAKERSFIELD, CA  93309-4691","47-597874","7","TICOR TITLE 10000 STOCKDALE HWY #101 BAKERSFIELD, CA  93311","6","1501","4521 BUENA VISTA RD , STE 200","BAKERSFIELD","15","93311","5145 MING AVE","BAKERSFIELD","93309","CA"
"649167","PEND ACTIVE","47 | 1","09/22/2023","08/31/2024","DBA: MAS BELLA                         MADAME PHO BAR & GRILL                         4521 BUENA VISTA RD , STE 200,                         BAKERSFIELD, CA  93311-8786","5145 MING AVE                              BAKERSFIELD, CA  93309-4691","47-597874","7","TICOR TITLE 10000 STOCKDALE HWY #101 BAKERSFIELD, CA  93311","6","1501","4521 BUENA VISTA RD , STE 200","BAKERSFIELD","15","93311","5145 MING AVE","BAKERSFIELD","93309","CA"
"649243","PEND ACTIVE","20 | 0","09/25/2023","08/31/2024","DBA: SALT LAKE MARKET                        MORA, GABRIEL                          3700 LIVE OAK ST,                         CUDAHY, CA  90201-4116","825 N HICKS AVE                              LOS ANGELES, CA  90063-4014","20-632258","","NEW CENTURY ESCROW INC 500 S KRAEMER BLVD STE 275 BREA, CA  92821-1711","2","1971","3700 LIVE OAK ST","CUDAHY","19","90201","825 N HICKS AVE","LOS ANGELES","90063","CA"
"649263","PEND ACTIVE","02 | 0","09/22/2023","06/30/2024","DBA: TRESTLE 31                        TRADEWINDS WINE COMPANY LLC                         1251 TUBBS LN,                         CALISTOGA, CA  94515-1055","PO BOX 1236                              FAIRPORT, NY  14450","","","","27","2800","1251 TUBBS LN","CALISTOGA","28","94515","PO BOX 1236","FAIRPORT","14450","NY"
"649291","PEND ACTIVE","10 | 0","09/22/2023","08/31/2024","DBA: 2 TOWNS CIDERHOUSE                        FORBIDDEN FRUIT CIDERHOUSE LLC                         3262 LOMA ALTA DR,                         SANTA CLARA, CA  95051-4714","3262 LOMA ALTA DR                              SANTA CLARA, CA  95051-4714","","7","","25","4314","3262 LOMA ALTA DR","SANTA CLARA","43","95051","3262 LOMA ALTA DR","SANTA CLARA","95051","CA"
"649324","PEND ACTIVE","20 | 0","09/25/2023","08/31/2024","DBA: GREEN RANCHO MARKET                        JUSTIN GREEN RANCHO MARKET INC                         837 N WILMINGTON BLVD,                         WILMINGTON, CA  90744-4128","","20-607459","7","METRO ESCROW, INC.  3600 WILSHIRE BLVD  STE 326 LOS ANGELES, CA  90010","3","1933","837 N WILMINGTON BLVD","WILMINGTON","19","90744","","","",""
"649371","PEND ACTIVE","20 | 0","09/22/2023","08/31/2024","DBA: LA MICHOACANA MARKET                        GILL, GURMUKH SINGH                         330 COOPER RD,                         OXNARD, CA  93030-5406","","20-406906","","UNITED ESCROW CO 3440 WILSHIRE BLVD #600 LOS ANGELES, CA  90010","12","5603","330 COOPER RD","OXNARD","56","93030","","","",""
"649405","PEND ACTIVE","21 | 0","09/22/2023","08/31/2024","DBA: PREMIER MARKET EXPRESS                        RSDL GAS & LIQUOR INC.                         3940 ROSEDALE HWY,                         BAKERSFIELD, CA  93308-6253","1211 CHESTER AVE                              BAKERSFIELD, CA  93301-5431","21-461515","7","AMERI ESCROW INC 3435 WILSHIRE BLVD #890 LOS ANGELES, CA  90010","6","1500","3940 ROSEDALE HWY","BAKERSFIELD","15","93308","1211 CHESTER AVE","BAKERSFIELD","93301","CA"
"649407","PEND ACTIVE","21 | 0","09/25/2023","08/31/2024","DBA: CLIFF'S LIQUOR                        CLIFF'S LIQUOR INC                         4128 FLORENCE AVE,                         BELL, CA  90201-3406","","21-513471","","UNITY ESCROW INC 3600 WILSHIRE BLVD  #900 LOS ANGELES, CA  90010","2","1906","4128 FLORENCE AVE","BELL","19","90201","","","",""
"649412","PEND ACTIVE","02 | 0","09/25/2023","06/30/2024","DBA: TENERAL CELLARS                        TENERAL CELLARS INC.                         19890 SHENANDOAH SCHOOL RD,                         PLYMOUTH, CA  95669","","","","","23","0304","19890 SHENANDOAH SCHOOL RD","PLYMOUTH","03","95669","","","",""
"649533","PEND ACTIVE","21 | 0","09/25/2023","08/31/2024","DBA: G1 LIQUOR 2                         NIRGS INVESTMENTS INC                         1935 73RD AVE,                         OAKLAND, CA  94621-2815","62 N SIERRA MADRE ST                              MOUNTAIN HOUSE, CA  95391","21-506071","","BUSINESS & ESCROW SERVICE CENTER 3031 TISCH WAY #310 SAN JOSE, CA  95113","22","0109","1935 73RD AVE","OAKLAND","01","94621","62 N SIERRA MADRE ST","MOUNTAIN HOUSE","95391","CA"
"649683","PEND ACTIVE","41 | 0","09/22/2023","08/31/2024","DBA: QUAIL                        ENLINE, INC                         42072 5TH ST, STE 101,                         TEMECULA, CA  92590-2728","","","","","7","3322","42072 5TH ST, STE 101","TEMECULA","33","92590","","","",""
"649771","PEND ACTIVE","02 | 0","09/22/2023","06/30/2024","DBA: JO TEN BEVERAGE                        JO TEN BEVERAGE, LLC                         144 GATEWAY RD E,                         NAPA, CA  94558-7576","630 LINCOLN AVE, APT # 1                              NAPA, CA  94558","","","","27","2800","144 GATEWAY RD E","NAPA","28","94558","630 LINCOLN AVE, APT # 1","NAPA","94558","CA"
"649783","PEND ACTIVE","41 | 0","09/25/2023","08/31/2024","DBA: CRUSCO'S                        QUEVEDO CAMACHO, CONRADO                         1240 S MAIN ST,                         ANGELS CAMP, CA  95222","PO BOX 652                              ANGELS CAMP, CA  95222","41-347197","","","29","0501","1240 S MAIN ST","ANGELS CAMP","05","95222","PO BOX 652","ANGELS CAMP","95222","CA"
"649796","PEND ACTIVE","02 | 0","09/22/2023","06/30/2024","DBA: GARNET CREEK WINERY                        GARNET CREEK WINERY, LLC                         2280 GREENWOOD AVE,                         CALISTOGA, CA  94515-1030","6020 SUNSET LN                              TILGHMAN, MD  21671","","7","","27","2801","2280 GREENWOOD AVE","CALISTOGA","28","94515","6020 SUNSET LN","TILGHMAN","21671","MD"
"649810","PEND ACTIVE","41 | 0","09/25/2023","08/31/2024","DBA: PHULKARI INDIAN CUISINE                        AJOONI ENTERPRISE LLC                         3418 VILLAGE DR,                         CASTRO VALLEY, CA  94546-5616","555 W HOLT AVE                              MOUNTAIN HOUSE, CA  95391","41-467635","7","BAY AREA ESCROW 2817 CROW CANYON RD STE 102 SAN RAMON, CA  94583","22","0100","3418 VILLAGE DR","CASTRO VALLEY","01","94546","555 W HOLT AVE","MOUNTAIN HOUSE","95391","CA"
"649841","PEND ACTIVE","21 | 0","09/25/2023","08/31/2024","DBA: E Z MARKET                        STARDUST WINE & SPIRITS, INC.                         8534 FOOTHILL BLVD,                         SUNLAND, CA  91040-1951","","21-513806","","METRO ESCROW INC  3600 WILSHIRE BLVD STE 326 LOS ANGELES, CA  90010","5","1933","8534 FOOTHILL BLVD","SUNLAND","19","91040","","","",""
"649995","PEND ACTIVE","47 | 1","09/25/2023","08/31/2024","DBA: SAMS PLACE                         JIMMY BS LLC                          155 S PALM CANYON DR , UNIT A6,                         PALM SPRINGS, CA  92262-8305","35381 BEACH RD                               DANA POINT, CA  92624-1707","47-620756","","ESCROW CONNECTION THE 1111 E TAHQUITZ CANYON WAY #101 PALM SPRINGS, CA  92262","8","3310","155 S PALM CANYON DR , UNIT A6","PALM SPRINGS","33","92262","35381 BEACH RD","DANA POINT","92624","CA"
"649995","PEND ACTIVE","58 | 1","09/25/2023","08/31/2024","DBA: SAMS PLACE                         JIMMY BS LLC                          155 S PALM CANYON DR , UNIT A6,                         PALM SPRINGS, CA  92262-8305","35381 BEACH RD                               DANA POINT, CA  92624-1707","47-620756","","ESCROW CONNECTION THE 1111 E TAHQUITZ CANYON WAY #101 PALM SPRINGS, CA  92262","8","3310","155 S PALM CANYON DR , UNIT A6","PALM SPRINGS","33","92262","35381 BEACH RD","DANA POINT","92624","CA"
"650051","PEND ACTIVE","02 | 0","09/22/2023","06/30/2024","DBA: SECOND LINE WINES                        SECOND LINE WINES, LLC                         1721 PARTRICK RD,                         NAPA, CA  94558-6182","20 CASASSA CT                              NAPA, CA  94558-2700","","","","27","2800","1721 PARTRICK RD","NAPA","28","94558","20 CASASSA CT","NAPA","94558","CA"
"650091","PEND ACTIVE","41 | 0","09/25/2023","08/31/2024","DBA: MIYUKI JAPANESE RESTAURANT                        TASHIRO, PAUL KENJI                         452 E LAKE AVE,                         WATSONVILLE, CA  95076","","41-567888","","BUSINESS & ESCROW SERVICE CENTER 3031 TISCH WAY STE 310 SAN JOSE, CA  95128","26","4403","452 E LAKE AVE","WATSONVILLE","44","95076","","","",""
"650208","PEND ACTIVE","21 | 0","09/22/2023","07/31/2024","DBA: SANTA CLARA MARKET                        FUNG CAI INTERNATIONAL LLC                         846 SANTA CLARA AVE,                         ALAMEDA, CA  94501-3418","3197 HALYARD WAY                              ELK GROVE, CA  95758","21-647716","7,8","","22","0101","846 SANTA CLARA AVE","ALAMEDA","01","94501","3197 HALYARD WAY","ELK GROVE","95758","CA"
"650304","PEND ACTIVE","47 | 0","09/25/2023","08/31/2024","DBA: SC NOODLE HOUSE                        NOODLE HOUSE LLC                         648 EL CAMINO REAL,                         SAN CARLOS, CA  94070-3104","","47-507943","","BUSINESS & ESCROW SERVICE CENTER 3031 TISCH WAY 310 SAN JOSE, CA  95128","25","4112","648 EL CAMINO REAL","SAN CARLOS","41","94070","","","",""
"650310","PEND ACTIVE","02 | 0","09/25/2023","06/30/2024","DBA: FORCHINI VINEYARDS & WINERY                        FORCHINI VINEYARDS, LLC                         5141 DRY CREEK RD,                         HEALDSBURG, CA  95448","5141 DRY CREEK RD                              HEALDSBURG, CA  95448","02-317735","","","27","4902","5141 DRY CREEK RD","HEALDSBURG","49","95448","5141 DRY CREEK RD","HEALDSBURG","95448","CA"
"650327","PEND ACTIVE","41 | 0","09/25/2023","08/31/2024","DBA: VINO VINO                        GREEN CHIP BOWL LLC                         199 S MURPHY AVE,                         SUNNYVALE, CA  94086-6113","","41-554032","7","BUSINESS ESCROW SERVICE CENTER 3031 TISCH WAY STE 310 SAN JOSE, CA  95128","25","4316","199 S MURPHY AVE","SUNNYVALE","43","94086","","","",""
"650328","PEND ACTIVE","02 | 0","09/25/2023","06/30/2024","MARCHELLE WINES LLC                         1124 LINCOLN AVE,                         CALISTOGA, CA  94515-1724","337 S GORDON WAY                              LOS ALTOS, CA  94022-3738","","7","","27","2801","1124 LINCOLN AVE","CALISTOGA","28","94515","337 S GORDON WAY","LOS ALTOS","94022","CA"
"650419","PEND ACTIVE","41 | 0","09/25/2023","08/31/2024","DBA: OFF THE 8 CAFE                        VALENZUELA-QUINTERO, ARGELIA JANETH                         1730 ALPINE BLVD, STE 110,                         ALPINE, CA  91901-3877","","","7","","10","3700","1730 ALPINE BLVD, STE 110","ALPINE","37","91901","","","",""
"650574","PEND ACTIVE","20 | 0","09/25/2023","08/31/2024","DBA: TYLER MARKET                        RSSS INC                         4022 TYLER AVE, UNIT C,                         EL MONTE, CA  91731-2040","","20-596617","7","PENN ESCROW, INC. 1818 W BEVERLY BLVD STE 103 MONTEBELLO, CA  90640","2","1918","4022 TYLER AVE, UNIT C","EL MONTE","19","91731","","","",""
"650594","PEND ACTIVE","21 | 0","09/25/2023","08/31/2024","DBA: OASIS LIQUOR                        GEORGE K LIQUOR INC                         5101 GAGE AVE,                         BELL, CA  90201-1528","","21-577521","","UNITY ESCROW, INC 3600 WILSHIRE BLVD  #900 LOS ANGELES, CA  90010","2","1906","5101 GAGE AVE","BELL","19","90201","","","",""
"650611","PEND ACTIVE","41 | 0","09/25/2023","08/31/2024","DBA: UNITED BOWL NATION                        UNITED BOWL NATION LLC                         13900 MARQUESAS WAY,                         MARINA DEL REY, CA  90292-6023","7381 BEVERLY BLVD                              LOS ANGELES, CA  90036","41-632110","7","PARAMOUNT ESCROW SERVICES, INC. 101 E LINCOLN AVE STE 220 ANAHEIM, CA  92805","3","1933","13900 MARQUESAS WAY","MARINA DEL REY","19","90292","7381 BEVERLY BLVD","LOS ANGELES","90036","CA"
"650625","PEND ACTIVE","20 | 0","09/25/2023","08/31/2024","DBA: RAZCO FOODS SUPERMARKET                        RAZCO LINDSAY, INC.                         765 N HARVARD AVE,                         LINDSAY, CA  93247-1712","","20-18952","","PLACER TITLE COMPANY 3900 COFFEE RD STE 7 BAKERSFIELD, CA  93308-5051","21","5403","765 N HARVARD AVE","LINDSAY","54","93247","","","",""
"650668","PEND ACTIVE","20 | 0","09/25/2023","06/30/2024","DBA: 7 ELEVEN #37952B                        7 ELEVEN INC                         4141 ALHAMBRA AVE,                         MARTINEZ, CA  94553-3823","PO BOX 139044, ATTN: LICENSING DEPARTMENT                              DALLAS, TX  75313-9044","20-587230","","7 ELEVEN INC PO BOX 139044 ATTEN: LICENSING DEPARTMENT DALLAS, TX  75313-9044","22","0706","4141 ALHAMBRA AVE","MARTINEZ","07","94553","PO BOX 139044, ATTN: LICENSING DEPARTMENT","DALLAS","75313","TX"
"650771","PEND ACTIVE","02 | 0","09/25/2023","06/30/2024","DBA: QUILT & CO.                        COPPER CANE LLC                         813 MAIN ST,                         NAPA, CA  94559-3046","PO BOX 660                              RUTHERFORD, CA  94573-0660","","","","27","2802","813 MAIN ST","NAPA","28","94559","PO BOX 660","RUTHERFORD","94573","CA"
"650820","PEND ACTIVE","21 | 0","09/25/2023","04/30/2024","DBA: C & C LIQUOR                        JU AND FAMILY INC                         511 N AVALON BLVD,                         WILMINGTON, CA  90744-5805","","21-486857","7,8","","3","1933","511 N AVALON BLVD","WILMINGTON","19","90744","","","",""
"650891","PEND ACTIVE","41 | 0","09/25/2023","08/31/2024","DBA: RARA                        LANGTANG FUSION LLC                         201 S CALIFORNIA AVE,                         PALO ALTO, CA  94306-1912","33009 CARRARA TERRACE                               UNION CITY, CA  94587","41-485081","","OLD REPUBLIC TITLE 1000 BURNETT AVE STE 400 CONCORD, CA  94520-2088","25","4312","201 S CALIFORNIA AVE","PALO ALTO","43","94306","33009 CARRARA TERRACE","UNION CITY","94587","CA"
"651196","PEND ACTIVE","82 | 0","09/22/2023","08/31/2024","DBA: LISKA WINE COMPANY                        LISKA WINE COMPANY LLC                         6905 SPRING VALLEY RD NW,                         SALEM, OR  97304","","","","","75","9999","6905 SPRING VALLEY RD NW","SALEM","","97304","","","",""
"651475","PEND ACTIVE","82 | 0","09/25/2023","08/31/2024","DBA: HUDAK FAMILY VINEYARDS                        HUDAK FAMILY VINEYARDS LLC                         5739 ORCHARD HEIGHTS ROAD NW,                         SALEM, OR  97304","","","","","75","9999","5739 ORCHARD HEIGHTS ROAD NW","SALEM","","97304","","","",""
"652534","PEND WITHDRAWN","47 | 0","","","OJAI PLAYHOUSE, LLC                         ,","PO BOX 97                              OJAI, CA  93023-3209","","","","12","","","","","","PO BOX 97","OJAI","93023","CA"
"652554","PEND WITHDRAWN","21 | 0","","","BINDRA, RUBAL SINGH                         ,","307 TIMBERLINE WAY                              MADERA, CA  93636","","","","29","","","","","","307 TIMBERLINE WAY","MADERA","93636","CA"
"652555","PEND WITHDRAWN","21 | 0","","","CSJS, INC.                         ,","10309 HITE CIR                              ELK GROVE, CA  95757","","","","23","","","","","","10309 HITE CIR","ELK GROVE","95757","CA"
"652557","PEND WITHDRAWN","21 | 0","","","KAUR, JASBIR                         ,","224 HERON CREEK CT                              ROSEVILLE, CA  95661","","","","23","","","","","","224 HERON CREEK CT","ROSEVILLE","95661","CA"
"652567","PEND WITHDRAWN","21 | 0","","","BADWAL, SATNAM SINGH                         ,","903 AUBREE LN                              ROCKLIN, CA  95765","","","","23","","","","","","903 AUBREE LN","ROCKLIN","95765","CA"
"652572","PEND WITHDRAWN","21 | 0","","","NORCAL BOTTLE SHOPS, INC.                         ,","5140 FAWN HOLLOW WY                              ANTELOPE, CA  95843","","","","23","","","","","","5140 FAWN HOLLOW WY","ANTELOPE","95843","CA"
"652581","PEND WITHDRAWN","47 | 0","","","MCDERMOTT, MICHAEL JASON                         ,","3800 LEISURE LN                              PLACERVILLE, CA  95667-8420","","","","23","","","","","","3800 LEISURE LN","PLACERVILLE","95667","CA"
"652590","PEND WITHDRAWN","47 | 0","","","Z A RESTAURANT GROUP LLC                         ,","100 WILSHIRE BLVD , STE 700                              SANTA MONICA, CA  90401-3602","","","","12","","","","","","100 WILSHIRE BLVD , STE 700","SANTA MONICA","90401","CA"
"652591","PEND WITHDRAWN","21 | 0","","","CHAUDHARY, MANJU                         ,","8284 GRAND CRU DR                              SACRAMENTO, CA  95829","","","","23","","","","","","8284 GRAND CRU DR","SACRAMENTO","95829","CA"
"652594","PEND WITHDRAWN","47 | 0","","","CAMP RICHARDSON HOSPITALITY LLC                         ,","6720 W 121ST ST, STE 200                              OVERLAND PARK, KS  66209","","","","23","","","","","","6720 W 121ST ST, STE 200","OVERLAND PARK","66209","KS"
"652601","PEND WITHDRAWN","47 | 0","","","DAVE & BUSTERS OF CALIFORNIA INC                         ,","1221 S BELT LINE RD, STE 500                              COPPELL, TX  75019-4957","","","","23","","","","","","1221 S BELT LINE RD, STE 500","COPPELL","75019","TX"
"652604","PEND WITHDRAWN","21 | 0","","","KUMAR, KRISHAN                          ,","510 N FAIRFIELD AVE                              SUSANVILLE, CA  96130","","","","23","","","","","","510 N FAIRFIELD AVE","SUSANVILLE","96130","CA"
"652606","PEND WITHDRAWN","47 | 0","","","FIERRO CAFE INC                         ,","2248 TAPO ST                              SIMI VALLEY, CA  93063-3022","","","","12","","","","","","2248 TAPO ST","SIMI VALLEY","93063","CA"
"652608","PEND WITHDRAWN","47 | 0","","","NEHER ENTERPRISES INC                         ,","PO BOX 489                              SHINGLE SPRINGS, CA  95682","","","","23","","","","","","PO BOX 489","SHINGLE SPRINGS","95682","CA"
"652609","PEND WITHDRAWN","21 | 0","","","ROCO                         ,","2220 LAKE WASHINGTON BLVD, STE 120                              WEST SACRAMENTO, CA  95691-6417","","","","23","","","","","","2220 LAKE WASHINGTON BLVD, STE 120","WEST SACRAMENTO","95691","CA"
"652611","PEND WITHDRAWN","21 | 0","","","KAUR, SATWINDER                         ,","201 BELLINGHAM CT                              LINCOLN, CA  95648","","","","23","","","","","","201 BELLINGHAM CT","LINCOLN","95648","CA"
"652619","PEND WITHDRAWN","47 | 0","","","SCHMACK SHACK CORP.                         ,","7405 LAGUNA BLVD, STE 170                              ELK GROVE, CA  95758-5067","","","","23","","","","","","7405 LAGUNA BLVD, STE 170","ELK GROVE","95758","CA"
"652641","PEND WITHDRAWN","21 | 0","","","COSTCO WHOLESALE CORPORATION                         ,","999 LAKE DR                              ISSAQUAH, WA  98027-8990","","","","23","","","","","","999 LAKE DR","ISSAQUAH","98027","WA"
"652649","PEND WITHDRAWN","47 | 0","","","JJC 22C 99 SEOUL FRONTIER, INC.                         ,","6130 LANDIS AVE                              CARMICHAEL, CA  95608","","","","23","","","","","","6130 LANDIS AVE","CARMICHAEL","95608","CA"
"652651","PEND WITHDRAWN","47 | 0","","","QUARTER CIRCLE IX FARMS LIMITED LIABILITY CO.                         ,","6140 HAWK HAVEN LANE                              SOMERSET, CA  95684","","","","23","","","","","","6140 HAWK HAVEN LANE","SOMERSET","95684","CA"
"652654","PEND WITHDRAWN","47 | 0","","","CHAMP FAMILY PROPERTIES LLC                         ,","7000 VERNER AVE                              CITRUS HEIGHTS, CA  95621-6642","","","","23","","","","","","7000 VERNER AVE","CITRUS HEIGHTS","95621","CA"
"652671","PEND WITHDRAWN","47 | 0","","","SHRESTHA, LILA KUMARI                         ,","2924 W CREEK LN                              SANTA ROSA, CA  95407","","","","23","","","","","","2924 W CREEK LN","SANTA ROSA","95407","CA"
"652677","PEND WITHDRAWN","21 | 0","","","BHANDAL MARKET INC                         ,","1528 49TH ST                              SACRAMENTO, CA  95819-4403","","","","23","","","","","","1528 49TH ST","SACRAMENTO","95819","CA"
"652678","PEND WITHDRAWN","47 | 0","","","HATTC LLC                         ,","5960 S LAND PARK DR, STE 138                              SACRAMENTO, CA  95822","","","","23","","","","","","5960 S LAND PARK DR, STE 138","SACRAMENTO","95822","CA"
"652679","PEND WITHDRAWN","47 | 0","","","SMITH, ASHLEY                         ,","PO BOX 90                              WILTON, CA  95693-0090","","","","23","","","","","","PO BOX 90","WILTON","95693","CA"
"652685","PEND WITHDRAWN","47 | 0","","","STUBBYS LLC                         ,","1020 NORTHSIDE DR, STE A                              COOL, CA  95614","","","","23","","","","","","1020 NORTHSIDE DR, STE A","COOL","95614","CA"
"652692","PEND WITHDRAWN","47 | 0","","","EH EATS INC.                         ,","2023 VINE ST, STE 201                              EL DORADO HILLS, CA  95762-7124","","","","23","","","","","","2023 VINE ST, STE 201","EL DORADO HILLS","95762","CA"
"652696","PEND WITHDRAWN","21 | 0","","","SINGH , TAJINDER                          ,","10518 GIANNA CT                              STOCKTON, CA  95209","","","","23","","","","","","10518 GIANNA CT","STOCKTON","95209","CA"
"652697","PEND WITHDRAWN","21 | 0","","","GROCERY OUTLET INC                         ,","5650 HOLLIS ST                              EMERYVILLE, CA  94608-2597","","","","23","","","","","","5650 HOLLIS ST","EMERYVILLE","94608","CA"
"652712","PEND WITHDRAWN","21 | 0","","","DHUGGA, GURJIT SINGH                         ,","2082 MANSFIELD CT                              CHICO, CA  95928","","","","23","","","","","","2082 MANSFIELD CT","CHICO","95928","CA"