"License Number","Status Changed From/To","Type| Dup","Original Issue Date","Expir. Date","Primary Owner and Premises Addr.","Mailing Addr.","Transfer-From/To","Conditions","Escrow","District Code","Geo Code","Prem Street","City","County","Zip Code","Mailing Street","Mailing City","Mailing Zip Code","Mailing State"
"137919","REVPEN ACTIVE","17 | 1","05/11/1983","09/30/2024","DBA: TAMA TRADING COMPANY INC                        TAMA TRADING COMPANY INC                         1920 E 20TH ST,                         LOS ANGELES, CA  90058","","","","","4","1933","1920 E 20TH ST","LOS ANGELES","19","90058","","","",""
"137919","REVPEN ACTIVE","17 | 1","05/11/1983","09/30/2024","DBA: TAMA TRADING COMPANY INC                        TAMA TRADING COMPANY INC                         1920 E 20TH ST,                         LOS ANGELES, CA  90058","","","","","4","1933","1920 E 20TH ST","LOS ANGELES","19","90058","","","",""
"137919","REVPEN ACTIVE","09 | 1","05/11/1983","09/30/2024","DBA: TAMA TRADING COMPANY INC                        TAMA TRADING COMPANY INC                         1920 E 20TH ST,                         LOS ANGELES, CA  90058","","","","","4","1933","1920 E 20TH ST","LOS ANGELES","19","90058","","","",""
"137919","REVPEN ACTIVE","09 | 1","05/11/1983","09/30/2024","DBA: TAMA TRADING COMPANY INC                        TAMA TRADING COMPANY INC                         1920 E 20TH ST,                         LOS ANGELES, CA  90058","","","","","4","1933","1920 E 20TH ST","LOS ANGELES","19","90058","","","",""
"234349","ACTIVE CANCEL","40 | 0","08/18/1989","09/30/2024","DBA: LUISAS PLACE                        LEAL, DANIEL GUERRA                         5816 HEREFORD DR,                         LOS ANGELES, CA  90022","5516 LANTO ST                              BELL GARDENS, CA  90201","","","","2","1900","5816 HEREFORD DR","LOS ANGELES","19","90022","5516 LANTO ST","BELL GARDENS","90201","CA"
"249614","SUREND CANCEL","20 | 0","08/17/1990","04/30/2024","DBA: ACS COUNTRY MINI MART                        AUTOMATIC COFFEE SERVICE INC                         3851 N STATE HIGHWAY 59,                         MERCED, CA  95348","3679 LANGTRY AVE                              ATWATER, CA  95301","","","","29","2400","3851 N STATE HIGHWAY 59","MERCED","24","95348","3679 LANGTRY AVE","ATWATER","95301","CA"
"313865","SUSPEN ACTIVE","47 | 0","03/15/1996","05/31/2024","DBA: HAWAII WEST CAFE                        KELLETT, NOLAN                         729 VALLEJO ST,                         SAN FRANCISCO, CA  94133","","47-112105","7","","24","3800","729 VALLEJO ST","SAN FRANCISCO","38","94133","","","",""
"371048","ACTIVE SUSPEN","41 | 0","12/08/2000","11/30/2024","DBA: CASA DEL RIO                        DIAZDEHERNANDEZ, MA TRINIDAD                         1164 S WELLS RD,                         VENTURA, CA  93004","","41-344575","7","","12","5600","1164 S WELLS RD","VENTURA","56","93004","","","",""
"379923","ACTIVE CANCEL","41 | 0","10/16/2001","09/30/2024","DBA: PIZZADILLY                        DORADO, RAYMOND                         194 E VALLEY BLVD,                         COLTON, CA  92324-2936","","41-350272/ 41-654072","","","7","3603","194 E VALLEY BLVD","COLTON","36","92324","","","",""
"407462","PEND ACTIVE","86 | 0","01/17/2024","06/30/2024","DBA: RALPHS 686                        RALPHS GROCERY COMPANY                         33145 TEMECULA PKWY,                         TEMECULA, CA  92592","PO BOX 54143                              LOS ANGELES, CA  90054-0143","","7","","7","3300","33145 TEMECULA PKWY","TEMECULA","33","92592","PO BOX 54143","LOS ANGELES","90054","CA"
"426696","ACTIVE SUREND","21 | 0","10/17/2005","06/30/2024","DBA: RITE AID 6456                        THRIFTY PAYLESS, INC.                         1350 N VASCO RD,                         LIVERMORE, CA  94551","560 MISSION ST STE 1900, C/O HOLLAND & KNIGHT                              ATTN: RUTE CANTOR, SAN FRANCISCO, CA  94105","21-311062","","","22","0107","1350 N VASCO RD","LIVERMORE","01","94551","560 MISSION ST STE 1900, C/O HOLLAND & KNIGHT","SAN FRANCISCO","94105","CA"
"438409","ACTIVE CANCEL","41 | 0","05/31/2006","04/30/2024","DBA: HONG KONG RESTAURANT                        GONG, HUI ZHI                         160 S MADERA AVE,                         KERMAN, CA  93630","","","","","21","1007","160 S MADERA AVE","KERMAN","10","93630","","","",""
"438492","SUSPEN ACTIVE","18 | 1","07/27/2006","01/31/2024","DBA: MAQUEDA FOODS DIST INC                        MAQUEDA FOODS DISTRIBUTOR INC                         18457 E RAILROAD ST,                         CITY OF INDUSTRY, CA  91748-1233","810 CANAL PLACE                               CITY OF INDUSTRY, CA  91746","18-372890","","","2","1926","18457 E RAILROAD ST","CITY OF INDUSTRY","19","91748","810 CANAL PLACE","CITY OF INDUSTRY","91746","CA"
"438492","SUSPEN ACTIVE","18 | 1","07/27/2006","01/31/2024","DBA: MAQUEDA FOODS DIST INC                        MAQUEDA FOODS DISTRIBUTOR INC                         18457 E RAILROAD ST,                         CITY OF INDUSTRY, CA  91748-1233","810 CANAL PLACE                               CITY OF INDUSTRY, CA  91746","18-372890","","","2","1926","18457 E RAILROAD ST","CITY OF INDUSTRY","19","91748","810 CANAL PLACE","CITY OF INDUSTRY","91746","CA"
"438492","SUSPEN ACTIVE","12 | 1","07/27/2006","01/31/2024","DBA: MAQUEDA FOODS DIST INC                        MAQUEDA FOODS DISTRIBUTOR INC                         18457 E RAILROAD ST,                         CITY OF INDUSTRY, CA  91748-1233","810 CANAL PLACE                               CITY OF INDUSTRY, CA  91746","18-372890","","","2","1926","18457 E RAILROAD ST","CITY OF INDUSTRY","19","91748","810 CANAL PLACE","CITY OF INDUSTRY","91746","CA"
"438492","SUSPEN ACTIVE","12 | 1","07/27/2006","01/31/2024","DBA: MAQUEDA FOODS DIST INC                        MAQUEDA FOODS DISTRIBUTOR INC                         18457 E RAILROAD ST,                         CITY OF INDUSTRY, CA  91748-1233","810 CANAL PLACE                               CITY OF INDUSTRY, CA  91746","18-372890","","","2","1926","18457 E RAILROAD ST","CITY OF INDUSTRY","19","91748","810 CANAL PLACE","CITY OF INDUSTRY","91746","CA"
"469399","PEND CANCEL","41 | 0","11/04/2008","10/31/2024","DBA: CHURCH KEY                        KING, JASON ALEXANDER                         1402 GRANT AVE,                         SAN FRANCISCO, CA  94133-3304","","41-427223/ 41-653845","7","","24","3800","1402 GRANT AVE","SAN FRANCISCO","38","94133","","","",""
"473429","ACTIVE SUSPEN","47 | 1","01/08/2009","12/31/2023","DBA: BYBLOS                        WONDER NIGHTS LLC                         1964 WESTWOOD BLVD, STE 100,                         LOS ANGELES, CA  90025-4683","","47-426870","7","","4","1933","1964 WESTWOOD BLVD, STE 100","LOS ANGELES","19","90025","","","",""
"473429","ACTIVE SUSPEN","58 | 1","01/08/2009","12/31/2023","DBA: BYBLOS                        WONDER NIGHTS LLC                         1964 WESTWOOD BLVD, STE 100,                         LOS ANGELES, CA  90025-4683","","47-426870","7","","4","1933","1964 WESTWOOD BLVD, STE 100","LOS ANGELES","19","90025","","","",""
"504881","ACTIVE SUREND","47 | 0","03/18/2011","02/29/2024","DBA: LAS MARGARITAS GRILL                        JUCHITLAN ENTERPRISES INC                         1214 WEST  F ST, STE B1 - B3,                         OAKDALE, CA  95361-3694","304 SHADOW CREEK AVE                              OAKDALE, CA  95361","","5,7","","29","5004","1214 WEST  F ST, STE B1 - B3","OAKDALE","50","95361","304 SHADOW CREEK AVE","OAKDALE","95361","CA"
"505974","ACTIVE CANCEL","48 | 0","01/07/2013","08/31/2024","DBA: TOPE                        CLUB GRANT INC                         1326 GRANT AVE,                         SAN FRANCISCO, CA  94133-3904","3705 HIGHLAND CT                              LAFAYETTE, CA  94549-3506","48-487371/ 48-654532","7","","24","3800","1326 GRANT AVE","SAN FRANCISCO","38","94133","3705 HIGHLAND CT","LAFAYETTE","94549","CA"
"524342","ACTIVE CANCEL","20 | 0","02/14/2013","01/31/2024","DBA: QUIK JACKS                        QUIK JACKS INC                         3611 S MOONEY BLVD,                         VISALIA, CA  93277-8066","2607 W LAKE VAN NESS CIR                              FRESNO, CA  93711-7024","20-406171","","FRESNO ESCROW INC 6760 N WEST AVE STE 102 FRESNO, CA  93711","21","5406","3611 S MOONEY BLVD","VISALIA","54","93277","2607 W LAKE VAN NESS CIR","FRESNO","93711","CA"
"526316","ACTIVE SUSPEN","47 | 1","11/12/2013","09/30/2024","DBA: LOS BALCONES DEL PERU                        SAN CARLOS ENTERPRISES INC                         1358-1360 VINE ST,                         LOS ANGELES, CA  90028-8140","9284 SASSAFRAS CT                              NORTH HILLS, CA  91343-7822","48-401277","2,7","ABC ESCROW COMPANY 12304 SANTA MONICA BLVD STE 100 LOS ANGELES, CA  90025-2586","4","1933","1358-1360 VINE ST","LOS ANGELES","19","90028","9284 SASSAFRAS CT","NORTH HILLS","91343","CA"
"526316","ACTIVE SUSPEN","58 | 1","11/12/2013","09/30/2024","DBA: LOS BALCONES DEL PERU                        SAN CARLOS ENTERPRISES INC                         1358-1360 VINE ST,                         LOS ANGELES, CA  90028-8140","9284 SASSAFRAS CT                              NORTH HILLS, CA  91343-7822","48-401277","2,7","ABC ESCROW COMPANY 12304 SANTA MONICA BLVD STE 100 LOS ANGELES, CA  90025-2586","4","1933","1358-1360 VINE ST","LOS ANGELES","19","90028","9284 SASSAFRAS CT","NORTH HILLS","91343","CA"
"556338","ACTIVE CANCEL","20 | 0","02/17/2016","01/31/2024","DBA: OASIS FUELS INC                        OASIS FUELS, INC.                         8040 STATE HIGHWAY 99,                         LE GRAND, CA  95333-9713","1777 W WARDLOW RD                              LONG BEACH, CA  90810","20-540877/ 20-653654","","CHICAGO TITLE COMPANY","29","2400","8040 STATE HIGHWAY 99","LE GRAND","24","95333","1777 W WARDLOW RD","LONG BEACH","90810","CA"
"556690","ACTIVE CANCEL","20 | 0","06/04/2015","06/30/2024","DBA: 7 ELEVEN STORE 26949B                        7 ELEVEN INC                         830 E GRAND AVE,                         ARROYO GRANDE, CA  93420","PO BOX 139044, ATTN: LICENSING DEPARTMENT                              DALLAS, TX  75313-9044","20-214279/ 20-653521","","7 ELEVEN INC P O BOX 219088 DALLAS, TX  75221-9088","13","4001","830 E GRAND AVE","ARROYO GRANDE","40","93420","PO BOX 139044, ATTN: LICENSING DEPARTMENT","DALLAS","75313","TX"
"556825","ACTIVE CANCEL","20 | 0","06/15/2015","05/31/2024","DBA: CALIFORNIA STOP FOOD BEER & WINE STORE                        NGUYEN, LY NGOC YEN                         600 W 19TH ST, A & B,                         COSTA MESA, CA  92627-5043","","20-350183/ 20-652955","7","CALIFORNIA EAGLE ESCROW INC 9039 BOLSA AVE STE 312 WESTMINSTER, CA  92683","11","3004","600 W 19TH ST, A & B","COSTA MESA","30","92627","","","",""
"562086","ACTIVE SUREND","47 | 0","04/10/2019","03/31/2024","DBA: SUSHI & OYSTERS                        BLACKLEY, JAMES EDWARD                         3715 EVANS ST,                         LOS ANGELES, CA  90027","","47-547863/ 47-639843","2,7","CAPITAL TRUST ESCROW 280 S BEVERLY DR STE 300 BEVERLY HILLS, CA  90212","4","1933","3715 EVANS ST","LOS ANGELES","19","90027","","","",""
"572418","REVPEN ACTIVE","41 | 0","10/07/2016","09/30/2024","AMERICAS HOUSE CORPORATION                         1440 CARY ST,                         SAN MATEO, CA  94401","","41-439100","","","25","4113","1440 CARY ST","SAN MATEO","41","94401","","","",""
"572418","REVPEN ACTIVE","41 | 0","10/07/2016","09/30/2024","AMERICAS HOUSE CORPORATION                         1440 CARY ST,                         SAN MATEO, CA  94401","","41-439100","","","25","4113","1440 CARY ST","SAN MATEO","41","94401","","","",""
"574294","ACTIVE SUSPEN","47 | 0","03/24/2017","02/29/2024","DBA: FOXTAIL                        MAAYAH, FALAH YASIN                         14 E COTA ST,                         SANTA BARBARA, CA  93101-1617","","","5,7","","12","4203","14 E COTA ST","SANTA BARBARA","42","93101","","","",""
"584497","REVPEN ACTIVE","20 | 0","10/13/2017","09/30/2024","STRATUS WINE & SPIRITS LLC                         4441 S DOWNEY RD,                         VERNON, CA  90058-2518","","20-4367","7","FEDERAL ESCROW INC 23734 VALENCIA BLVD STE 100A VALENCIA, CA  91355","2","1959","4441 S DOWNEY RD","VERNON","19","90058","","","",""
"584497","REVPEN ACTIVE","20 | 0","10/13/2017","09/30/2024","STRATUS WINE & SPIRITS LLC                         4441 S DOWNEY RD,                         VERNON, CA  90058-2518","","20-4367","7","FEDERAL ESCROW INC 23734 VALENCIA BLVD STE 100A VALENCIA, CA  91355","2","1959","4441 S DOWNEY RD","VERNON","19","90058","","","",""
"588029","SUREND CANCEL","21 | 0","01/30/2018","12/31/2024","DBA: CASA BLANCA MARKET                        SINGH, PREET SIMRAN                         28809 ROAD 156,                         VISALIA, CA  93292-9223","","21-568884/ 21-638247","","TULARE COUNTY ESCROW CO 308 W OAK AVE VISALIA, CA  93291","21","5400","28809 ROAD 156","VISALIA","54","93292","","","",""
"591383","SUSPEN ACTIVE","41 | 0","04/30/2018","03/31/2024","DBA: EXTREME PIZZA                        SA & RE, INC                         3100 LAKEVILLE HWY, STE E,                         PETALUMA, CA  94954-6959","","41-511338","","BUSINESS & ESCROW SERVICE CENTER INC 3031 TISCH WAY STE 310 SAN JOSE, CA  95128","27","4903","3100 LAKEVILLE HWY, STE E","PETALUMA","49","94954","","","",""
"591383","SUSPEN ACTIVE","41 | 0","04/30/2018","03/31/2024","DBA: EXTREME PIZZA                        SA & RE, INC                         3100 LAKEVILLE HWY, STE E,                         PETALUMA, CA  94954-6959","","41-511338","","BUSINESS & ESCROW SERVICE CENTER INC 3031 TISCH WAY STE 310 SAN JOSE, CA  95128","27","4903","3100 LAKEVILLE HWY, STE E","PETALUMA","49","94954","","","",""
"591543","ACTIVE SUSPEN","47 | 0","07/31/2018","06/30/2024","DBA: EL DIA DE LOS PUERCOS AT THE RIVERSIDE FOOD LAB                        DDLP RFL INC                         3605 MARKET ST, UNIT 11,                         RIVERSIDE, CA  92501-2842","1718 E MARDINA ST                              WEST COVINA, CA  91791-1314","","7,A","","7","3312","3605 MARKET ST, UNIT 11","RIVERSIDE","33","92501","1718 E MARDINA ST","WEST COVINA","91791","CA"
"595060","ACTIVE CANCEL","20 | 0","12/03/2018","11/30/2024","DBA: LOPEZ MARKET                        SUHANI JOY LLC                         39605 LOS ALAMOS RD, STE A & B,                         MURRIETA, CA  92563-5042","","20-461228/ 20-654061","","CALIFORNIA BUSINESS ESCROW INC 1748 MAIN ST ESCALON, CA  95320-1927","7","3323","39605 LOS ALAMOS RD, STE A & B","MURRIETA","33","92563","","","",""
"595131","ACTIVE CANCEL","17 | 1","10/23/2018","08/31/2024","DBA: MONTESQUIEU                        W G BEST WEINKELLEREI INC                         8929 AERO DR, STE C & F,                         SAN DIEGO, CA  92123-2231","8929 AERO DR , STE C                              SAN DIEGO, CA  92123","17-438593/ 17-650178","7","","10","3710","8929 AERO DR, STE C & F","SAN DIEGO","37","92123","8929 AERO DR , STE C","SAN DIEGO","92123","CA"
"595131","ACTIVE CANCEL","20 | 0","10/23/2018","08/31/2024","DBA: MONTESQUIEU                        W G BEST WEINKELLEREI INC                         8929 AERO DR, STE C & F,                         SAN DIEGO, CA  92123-2231","8929 AERO DR , STE C                              SAN DIEGO, CA  92123","20-438593/ 20-650178","7,I","","10","3710","8929 AERO DR, STE C & F","SAN DIEGO","37","92123","8929 AERO DR , STE C","SAN DIEGO","92123","CA"
"595131","ACTIVE CANCEL","02 | 0","10/23/2018","06/30/2024","DBA: MONTESQUIEU                        W G BEST WEINKELLEREI INC                         8929 AERO DR, STE C & F,                         SAN DIEGO, CA  92123-2231","8929 AERO DR , STE C                              SAN DIEGO, CA  92123","02-438593/ 02-650178","7","","10","3710","8929 AERO DR, STE C & F","SAN DIEGO","37","92123","8929 AERO DR , STE C","SAN DIEGO","92123","CA"
"595131","ACTIVE CANCEL","09 | 1","10/23/2018","08/31/2024","DBA: MONTESQUIEU                        W G BEST WEINKELLEREI INC                         8929 AERO DR, STE C & F,                         SAN DIEGO, CA  92123-2231","8929 AERO DR , STE C                              SAN DIEGO, CA  92123","17-438593/ 17-650178","7","","10","3710","8929 AERO DR, STE C & F","SAN DIEGO","37","92123","8929 AERO DR , STE C","SAN DIEGO","92123","CA"
"599858","ACTIVE CANCEL","41 | 1","02/28/2019","01/31/2024","DBA: CHAAT OF INDIA RESTAURANT & SWEET SHOP LLC                        CHAAT OF INDIA RESTAURANT & SWEET SHOP LLC                         6157 MACK RD,                         SACRAMENTO, CA  95823-4654","10064 SHANA WAY                               ELK GROVE, CA  95757","41-560669/ 41-646988","7","","23","3405","6157 MACK RD","SACRAMENTO","34","95823","10064 SHANA WAY","ELK GROVE","95757","CA"
"599858","ACTIVE CANCEL","58 | 1","02/28/2019","01/31/2024","DBA: CHAAT OF INDIA RESTAURANT & SWEET SHOP LLC                        CHAAT OF INDIA RESTAURANT & SWEET SHOP LLC                         6157 MACK RD,                         SACRAMENTO, CA  95823-4654","10064 SHANA WAY                               ELK GROVE, CA  95757","41-560669/ 41-646988","7","","23","3405","6157 MACK RD","SACRAMENTO","34","95823","10064 SHANA WAY","ELK GROVE","95757","CA"
"604698","ACTIVE CANCEL","41 | 0","05/23/2019","04/30/2024","DBA: BIG MOUTH PIZZA                        UNKIE NARKIE, INC.                          33323 AGUA DULCE CANYON RD,                         AGUA DULCE, CA  91390-4548","11861 CARDEENE RD                              AGUA DULCE, CA  91390","41-575188","","FEDERAL ESCROW INC 23734 VALENCIA BLVD STE 100A VALENCIA, CA  91355","5","1900","33323 AGUA DULCE CANYON RD","AGUA DULCE","19","91390","11861 CARDEENE RD","AGUA DULCE","91390","CA"
"605753","ACTIVE CANCEL","41 | 0","06/18/2019","05/31/2024","DBA: MEI DON CHINESE CUISINE                        WONG, LINDA LIN                         6576 OAKMONT DR, STE A,                         SANTA ROSA, CA  95409-5917","","41-542060/ 41-651222","","","27","4904","6576 OAKMONT DR, STE A","SANTA ROSA","49","95409","","","",""
"608581","SUSPEN ACTIVE","47 | 0","09/24/2019","08/31/2024","DBA: ROSÉ                        RSM HOLDINGS LLC                         1701 CALIFORNIA ST, STE B,                         REDDING, CA  96001-1942","865 COMMERCE ST, STE 1                              REDDING, CA  96002","47-509967","7","FIDELITY NATIONAL TITLE 930 EXECUTIVE WAY STE 200 REDDING, CA  96002-0635","31","4502","1701 CALIFORNIA ST, STE B","REDDING","45","96001","865 COMMERCE ST, STE 1","REDDING","96002","CA"
"608581","SUSPEN ACTIVE","47 | 0","09/24/2019","08/31/2024","DBA: ROSÉ                        RSM HOLDINGS LLC                         1701 CALIFORNIA ST, STE B,                         REDDING, CA  96001-1942","865 COMMERCE ST, STE 1                              REDDING, CA  96002","47-509967","7","FIDELITY NATIONAL TITLE 930 EXECUTIVE WAY STE 200 REDDING, CA  96002-0635","31","4502","1701 CALIFORNIA ST, STE B","REDDING","45","96001","865 COMMERCE ST, STE 1","REDDING","96002","CA"
"610113","PEND ACTIVE","47 | 0","01/18/2024","12/31/2024","SUMMER & PO, INC.                         1549 SHATTUCK AVE,                         BERKELEY, CA  94709-1516","710 FLORIDA ST                              SAN FRANCISCO, CA  94110-2026","","5,7","","22","0103","1549 SHATTUCK AVE","BERKELEY","01","94709","710 FLORIDA ST","SAN FRANCISCO","94110","CA"
"612628","ACTIVE SUSPEN","48 | 0","02/11/2020","01/31/2024","DBA: GEARY CLUB THE                        SHOT & A BEER LLC                         768 GEARY ST,                         SAN FRANCISCO, CA  94109-7302","","48-64515","","MCGOVERN ESCROW SERVICES INC 22 BATTERY ST SUITE 914 SAN FRANCISCO, CA  94104","24","3800","768 GEARY ST","SAN FRANCISCO","38","94109","","","",""
"612770","ACTIVE SUREND","64 | 0","01/07/2020","12/31/2023","DBA: LIMELIGHT ACTORS THEATER                        SOUTH VALLEY CIVIC THEATRE                         7341 MONTEREY RD,                         GILROY, CA  95020-6923","PO BOX 1555                              GILROY, CA  95020","","7","","25","4304","7341 MONTEREY RD","GILROY","43","95020","PO BOX 1555","GILROY","95020","CA"
"613090","ACTIVE CANCEL","23 | 0","10/19/2020","09/30/2024","DBA: DUELING DUCKS BREWING CO                        DDBC, INC.                         3150 E LA PALMA AVE, STE G-H,                         ANAHEIM, CA  92806-2806","476 S OLIVE ST                               ORANGE, CA  92866-1938","","","","11","3001","3150 E LA PALMA AVE, STE G-H","ANAHEIM","30","92806","476 S OLIVE ST","ORANGE","92866","CA"
"614007","PEND WITHDRAWN","47 | 0","","","DBA: BAMBOO SUSHI                        BAMBOO SUSHI EMBARCADERO SF LLC                         PIER 3, STE 107,                         SAN FRANCISCO, CA  94105","1900 MAIN ST STE 700, C/O MICHAEL CHO                              IRVINE, CA  92614","","A, 7","","24","3800","PIER 3, STE 107","SAN FRANCISCO","38","94105","1900 MAIN ST STE 700, C/O MICHAEL CHO","IRVINE","92614","CA"
"614007","PEND WITHDRAWN","47 | 0","","","DBA: BAMBOO SUSHI                        BAMBOO SUSHI EMBARCADERO SF LLC                         PIER 3, STE 107,                         SAN FRANCISCO, CA  94105","1900 MAIN ST STE 700, C/O MICHAEL CHO                              IRVINE, CA  92614","","A, 7","","24","3800","PIER 3, STE 107","SAN FRANCISCO","38","94105","1900 MAIN ST STE 700, C/O MICHAEL CHO","IRVINE","92614","CA"
"617549","ACTIVE CANCEL","20 | 0","12/20/2021","06/30/2024","DBA: 7-ELEVEN STORE 38687H                        7 ELEVEN INC                         26695 JEFFERSON AVE ,                         MURRIETA, CA  92562","PO BOX 139044, ATTN: LICENSING DEPARTMENT                              DALLAS, TX  75313-9044","","","","7","3323","26695 JEFFERSON AVE","MURRIETA","33","92562","PO BOX 139044, ATTN: LICENSING DEPARTMENT","DALLAS","75313","TX"
"618307","REVPEN ACTIVE","41 | 0","10/22/2020","09/30/2024","DBA: KOKOLO                        QS ENTERPRISE, LLC                         2237 SHATTUCK AVE,                         BERKELEY, CA  94704-1415","","41-486019","","MCGOVERN ESCROW SERVICES INC 22 BATTERY ST STE 914 SAN FRANCISCO, CA  94111","22","0103","2237 SHATTUCK AVE","BERKELEY","01","94704","","","",""
"618307","REVPEN ACTIVE","41 | 0","10/22/2020","09/30/2024","DBA: KOKOLO                        QS ENTERPRISE, LLC                         2237 SHATTUCK AVE,                         BERKELEY, CA  94704-1415","","41-486019","","MCGOVERN ESCROW SERVICES INC 22 BATTERY ST STE 914 SAN FRANCISCO, CA  94111","22","0103","2237 SHATTUCK AVE","BERKELEY","01","94704","","","",""
"619687","ACTIVE SUSPEN","02 | 1","09/16/2021","06/30/2024","DBA: STRINGER CELLARS                        FULL CELLAR PARTNERS LLC                         1200 AMERICAN WAY,                         WINDSOR, CA  95492-7861","810 SCHOENHAAR DR                              WEST BEND, WI  53090","02-600303","7","","27","4909","1200 AMERICAN WAY","WINDSOR","49","95492","810 SCHOENHAAR DR","WEST BEND","53090","WI"
"619687","ACTIVE SUSPEN","81 | 1","09/16/2021","06/30/2024","DBA: STRINGER CELLARS                        FULL CELLAR PARTNERS LLC                         1200 AMERICAN WAY,                         WINDSOR, CA  95492-7861","810 SCHOENHAAR DR                              WEST BEND, WI  53090","02-600303","7","","27","4909","1200 AMERICAN WAY","WINDSOR","49","95492","810 SCHOENHAAR DR","WEST BEND","53090","WI"
"619995","REVPEN ACTIVE","21 | 0","10/01/2021","09/30/2024","DBA: LITTLE JEWEL OF NEW ORLEANS                        EVANGELINE INC.                          207 ORD ST,                         LOS ANGELES, CA  90012-2831","490 RUSTIC DR                              LOS ANGELES, CA  90065-5036","","5,7","","4","1933","207 ORD ST","LOS ANGELES","19","90012","490 RUSTIC DR","LOS ANGELES","90065","CA"
"619995","REVPEN ACTIVE","21 | 0","10/01/2021","09/30/2024","DBA: LITTLE JEWEL OF NEW ORLEANS                        EVANGELINE INC.                          207 ORD ST,                         LOS ANGELES, CA  90012-2831","490 RUSTIC DR                              LOS ANGELES, CA  90065-5036","","5,7","","4","1933","207 ORD ST","LOS ANGELES","19","90012","490 RUSTIC DR","LOS ANGELES","90065","CA"
"620899","PEND WITHDRAWN","47 | 0","","","DBA: SOCIAL GRILLING                         PIRANI, KARIM ABDUL                         1201 CAMINO DEL MAR, STE 100A & 100B,                         DEL MAR, CA  92014-2569","1205 CAMINO DEL MAR                              DEL MAR, CA  92014","","5, 7","","9","3711","1201 CAMINO DEL MAR, STE 100A & 100B","DEL MAR","37","92014","1205 CAMINO DEL MAR","DEL MAR","92014","CA"
"620949","PEND ACTIVE","47 | 0","01/18/2024","12/31/2024","CAFFE DEGLI ARTISTI LLC                         4621 2ND ST,                         LONG BEACH, CA  90803-5308","11400 W OLYMPIC BLVD  , STE 330                              LOS ANGELES, CA  90064","","5,7","","3","1932","4621 2ND ST","LONG BEACH","19","90803","11400 W OLYMPIC BLVD  , STE 330","LOS ANGELES","90064","CA"
"622647","ACTIVE CANCEL","41 | 0","02/22/2021","01/31/2024","DBA: OLD TOWN PIZZA                        BBC FAMILY EATERIES, INC.                         1273 HIGH ST,                         AUBURN, CA  95603-5016","120 N MCDANIEL DR                              AUBURN, CA  95603-5750","","7","","23","3101","1273 HIGH ST","AUBURN","31","95603","120 N MCDANIEL DR","AUBURN","95603","CA"
"623720","ACTIVE SUREND","20 | 0","04/28/2021","03/31/2024","DBA: FREESTONE STORE                        FREESTONE STORE LLC                         500 BOHEMIAN HWY,                         FREESTONE, CA  95472-9580","","20-318641","","FEDELITY NATIONAL TITLE COMPANY 405 PRIMROSE RD BURLINGAME, CA  94010","27","4900","500 BOHEMIAN HWY","FREESTONE","49","95472","","","",""
"624977","ACTIVE CANCEL","41 | 0","06/10/2021","05/31/2024","DBA: EL BURRITO TACO SHOP                         CASH DONKEY INC                         31900 MISSION TRAIL, #100,                         LAKE ELSINORE, CA  92530-4549","40375 ODESSA DR                              TEMECULA, CA  92591-6169","","","","7","3307","31900 MISSION TRAIL, #100","LAKE ELSINORE","33","92530","40375 ODESSA DR","TEMECULA","92591","CA"
"625303","ACTIVE SUSPEN","07 | 1","07/23/2021","06/30/2024","DBA: SEVEN DAYS COCKTAIL CO.                        SEVEN DAYS COCKTAIL CO. LLC                         1586 SUNLAND LN,                         COSTA MESA, CA  92626-1515","","","","","11","3004","1586 SUNLAND LN","COSTA MESA","30","92626","","","",""
"625303","ACTIVE SUSPEN","12 | 1","07/23/2021","06/30/2024","DBA: SEVEN DAYS COCKTAIL CO.                        SEVEN DAYS COCKTAIL CO. LLC                         1586 SUNLAND LN,                         COSTA MESA, CA  92626-1515","","","","","11","3004","1586 SUNLAND LN","COSTA MESA","30","92626","","","",""
"625652","SUREND CANCEL","47 | 1","06/04/2021","05/31/2024","DBA: EVENTS MANAGEMENT @UNION SQUARE COFFEE                        EVENTS MANAGEMENT INC                         350 POWELL ST,                         SAN FRANCISCO, CA  94102-1813","1798 BRYANT ST                              SAN FRANCISCO, CA  94110-1406","","7,A","","24","3800","350 POWELL ST","SAN FRANCISCO","38","94102","1798 BRYANT ST","SAN FRANCISCO","94110","CA"
"625652","SUREND CANCEL","58 | 1","06/04/2021","05/31/2024","DBA: EVENTS MANAGEMENT @UNION SQUARE COFFEE                        EVENTS MANAGEMENT INC                         350 POWELL ST,                         SAN FRANCISCO, CA  94102-1813","1798 BRYANT ST                              SAN FRANCISCO, CA  94110-1406","","7,A","","24","3800","350 POWELL ST","SAN FRANCISCO","38","94102","1798 BRYANT ST","SAN FRANCISCO","94110","CA"
"625660","SUREND CANCEL","47 | 1","06/04/2021","05/31/2024","DBA: EVENTS MANAGEMENT @ALMA                        EVENTS MANAGEMENT INC                         225 STOCKTON ST,                         SAN FRANCISCO, CA  94108","1798 BRYANT ST                              SAN FRANCISCO, CA  94110-1406","","7,A","","24","3800","225 STOCKTON ST","SAN FRANCISCO","38","94108","1798 BRYANT ST","SAN FRANCISCO","94110","CA"
"625660","SUREND CANCEL","58 | 1","06/04/2021","05/31/2024","DBA: EVENTS MANAGEMENT @ALMA                        EVENTS MANAGEMENT INC                         225 STOCKTON ST,                         SAN FRANCISCO, CA  94108","1798 BRYANT ST                              SAN FRANCISCO, CA  94110-1406","","7,A","","24","3800","225 STOCKTON ST","SAN FRANCISCO","38","94108","1798 BRYANT ST","SAN FRANCISCO","94110","CA"
"628965","ACTIVE SUSPEN","47 | 0","10/29/2021","09/30/2024","DBA: CAPITOLA BAR & GRILL                        CAPITOLA STRONG INC.                         231 ESPLANADE,                         CAPITOLA, CA  95010","4640 HILLTOP RD                              SOQUEL, CA  95073","47-601423","7","BUSINESS & ESCROW SERVICE CENTER INC 3031 TISCH WAY STE 310 SAN JOSE, CA  95128","26","4401","231 ESPLANADE","CAPITOLA","44","95010","4640 HILLTOP RD","SOQUEL","95073","CA"
"629925","ACTIVE SUSPEN","02 | 0","10/25/2021","06/30/2024","DBA: STRINGER CELLARS                        FULL CELLAR PARTNERS LLC                         1124 LINCOLN AVE,                         CALISTOGA, CA  94515-1724","810 SCHOENHAAR DR                              WEST BEND, WI  53090","","7","","27","2801","1124 LINCOLN AVE","CALISTOGA","28","94515","810 SCHOENHAAR DR","WEST BEND","53090","WI"
"633283","PEND ACTIVE","20 | 0","01/17/2024","12/31/2024","JASMEET LLC                         1480 W 16TH ST,                         MERCED, CA  95340","2905 G ST                              MERCED, CA  95340","20-249614","","ROBBINS, BROWNING, GODWIN & MARCHINI LLP 700 LOUGHBOROUGH DR STE D MERCED, CA  95348","29","2406","1480 W 16TH ST","MERCED","24","95340","2905 G ST","MERCED","95340","CA"
"634162","ACTIVE SUSPEN","41 | 0","03/23/2023","02/29/2024","DBA: CHEEBOS EXPRESS                        BYTE TO BITE (CALIFORNIA), LLC                         700 DEEP VALLEY DR,                         ROLLING HILLS ESTATES, CA  90274","7533 SUNSET BLVD                              LOS ANGELES, CA  90274","","7","","3","1948","700 DEEP VALLEY DR","ROLLING HILLS ESTATES","19","90274","7533 SUNSET BLVD","LOS ANGELES","90274","CA"
"634221","ACTIVE CANCEL","20 | 0","01/05/2022","09/30/2024","DBA: BENS MARKET                        SALEH, ADAM SAIF ALI                         845 S LINCOLN ST,                         STOCKTON, CA  95206","","20-628584/ 20-654223","","","29","3905","845 S LINCOLN ST","STOCKTON","39","95206","","","",""
"636049","SUSPEN SUREND","41 | 0","05/24/2022","04/30/2024","DBA: KOTSU RAMEN & GYOZA                        KOTSU RAMEN & GYOZA SANTA CLARITA, INC.                         23740 LYONS AVE,                         SANTA CLARITA, CA  91321-2514","","41-604347","","CAL-WEST ESCROW, INC. 700 S FLOWER ST STE 1000 OFFICE 1058 LOS ANGELES, CA  90017","5","1985","23740 LYONS AVE","SANTA CLARITA","19","91321","","","",""
"636106","PEND ACTIVE","41 | 0","01/17/2024","12/31/2024","DBA: TISZA                        TISZA LLC                         165 HEALDSBURG AVE,                         HEALDSBURG, CA  95448","PO BOX 312                              FULTON, CA  95439","","7","","27","4902","165 HEALDSBURG AVE","HEALDSBURG","49","95448","PO BOX 312","FULTON","95439","CA"
"637397","ACTIVE R64B","47 | 0","01/18/2024","12/31/2024","DBA: ALVARADO'S                        DC FOODSERVICE INC.                         42 RIO RANCHO RD, STE 110,                         POMONA, CA  91766","4685 PIER ENTERPRISES WAY                              JURUPA VALLEY, CA  91752-1410","47-579645","","INNOVATIVE ESCROW 28212 KELLY JOHNSON PKWY STE 110 VALENCIA, CA  91355","2","1945","42 RIO RANCHO RD, STE 110","POMONA","19","91766","4685 PIER ENTERPRISES WAY","JURUPA VALLEY","91752","CA"
"638245","PEND ACTIVE","41 | 0","01/18/2024","12/31/2024","DBA: PIZZALINA                        PIZZALINA WALNUT CREEK LLC                         2064 TREAT BLVD, STE A & B,                         WALNUT CREEK, CA  94598-1537","1556 DENKINGER CT                              CONCORD, CA  94521","","7","","22","0711","2064 TREAT BLVD, STE A & B","WALNUT CREEK","07","94598","1556 DENKINGER CT","CONCORD","94521","CA"
"638247","PEND ACTIVE","21 | 0","01/17/2024","12/31/2024","DBA: SUPERIOR GROCERS                        SUPER CENTER CONCEPTS INC                         2150 E EL MONTE WAY,                         DINUBA, CA  93618-9375","","21-588029","","INNOVATIVE ESCROW, INC. 28212 KELLY JOHNSON PKWY STE 110 VALENCIA, CA  91355","21","5401","2150 E EL MONTE WAY","DINUBA","54","93618","","","",""
"638374","ACTIVE CANCEL","41 | 0","08/01/2022","07/31/2024","DBA: LA SUPER BIRRIA LONG BEACH                        LA SUPER BIRRIA LONG BEACH                         625 E ARTESIA BLVD, UNIT A ,                         LONG BEACH, CA  90805-1408","2340 SKYLINE DR                              FULLERTON, CA  92831-1133","","7","","3","1932","625 E ARTESIA BLVD, UNIT A","LONG BEACH","19","90805","2340 SKYLINE DR","FULLERTON","92831","CA"
"640577","PEND ACTIVE","41 | 0","01/18/2024","12/31/2024","DBA: Q'BOLE TACOS & BEER                        FRIDA ENTERPRISE, INC                          1943 PACIFIC COAST HIGHWAY,                         LOMITA, CA  90717-2647","1379 PARK WESTERN DR , #353                              SAN PEDRO, CA  90731","","7","","3","1976","1943 PACIFIC COAST HIGHWAY","LOMITA","19","90717","1379 PARK WESTERN DR , #353","SAN PEDRO","90731","CA"
"640726","PEND ACTIVE","18 | 0","01/17/2024","12/31/2024","DBA: TIA LINDAS                        CHRISTY CORNER, LLC                         1170 S GUILD AVE,                         LODI, CA  95240","PO BOX 893                              WOODBRIDGE, CA  95258","","","","29","3902","1170 S GUILD AVE","LODI","39","95240","PO BOX 893","WOODBRIDGE","95258","CA"
"641326","ACTIVE SUSPEN","42 | 0","12/02/2022","05/31/2024","DBA: GRAPE NEST THE                        GRAPE NEST LLC THE                          201 TEWKSBURY AVE,                         RICHMOND, CA  94801-3829","","42-623152","7","","22","0709","201 TEWKSBURY AVE","RICHMOND","07","94801","","","",""
"641655","PEND WITHDRAWN","48 | 0","","","DBA: VIXEN'S                         JG CO LLC                         921 19TH ST,                         BAKERSFIELD, CA  93301-4805","2518 HOLLADAY AVE                              BAKERSFIELD, CA  93313","","","","6","1501","921 19TH ST","BAKERSFIELD","15","93301","2518 HOLLADAY AVE","BAKERSFIELD","93313","CA"
"642744","PEND ACTIVE","21 | 0","01/18/2024","12/31/2024","DBA: #0234                        UP2 HOLDINGS, LLC                         4807 LAS VIRGENES RD,                         CALABASAS, CA  91302-1911","4130 COVER ST                              LONG BEACH, CA  90808-1885","","5","","5","1987","4807 LAS VIRGENES RD","CALABASAS","19","91302","4130 COVER ST","LONG BEACH","90808","CA"
"644858","PEND ACTIVE","41 | 1","01/17/2024","02/29/2024","DBA: REGION                        VINESHIFT INC.                         979 MORRO ST,                         SAN LUIS OBISPO, CA  93401","180 MORRIS ST, STE 170                              SEBASTOPOL, CA  95472-3876","42-644858","7","","13","4004","979 MORRO ST","SAN LUIS OBISPO","40","93401","180 MORRIS ST, STE 170","SEBASTOPOL","95472","CA"
"644858","ACTIVE CANCEL","42 | 1","03/30/2023","02/29/2024","DBA: REGION                        VINESHIFT INC.                         979 MORRO ST,                         SAN LUIS OBISPO, CA  93401","180 MORRIS ST, STE 170                              SEBASTOPOL, CA  95472-3876","","7","","13","4004","979 MORRO ST","SAN LUIS OBISPO","40","93401","180 MORRIS ST, STE 170","SEBASTOPOL","95472","CA"
"644858","ACTIVE CANCEL","58 | 1","03/30/2023","02/29/2024","DBA: REGION                        VINESHIFT INC.                         979 MORRO ST,                         SAN LUIS OBISPO, CA  93401","180 MORRIS ST, STE 170                              SEBASTOPOL, CA  95472-3876","","7","","13","4004","979 MORRO ST","SAN LUIS OBISPO","40","93401","180 MORRIS ST, STE 170","SEBASTOPOL","95472","CA"
"644858","PEND ACTIVE","58 | 1","01/17/2024","02/29/2024","DBA: REGION                        VINESHIFT INC.                         979 MORRO ST,                         SAN LUIS OBISPO, CA  93401","180 MORRIS ST, STE 170                              SEBASTOPOL, CA  95472-3876","42-644858","7","","13","4004","979 MORRO ST","SAN LUIS OBISPO","40","93401","180 MORRIS ST, STE 170","SEBASTOPOL","95472","CA"
"646988","PEND ACTIVE","41 | 1","01/17/2024","12/31/2024","CHAAT OF INDIA INC                         6157 MACK RD,                         SACRAMENTO, CA  95823-4654","3214 ZACCARIA WY                              STOCKTON, CA  95823","41-599858","7","","23","3405","6157 MACK RD","SACRAMENTO","34","95823","3214 ZACCARIA WY","STOCKTON","95823","CA"
"646988","PEND ACTIVE","58 | 1","01/17/2024","12/31/2024","CHAAT OF INDIA INC                         6157 MACK RD,                         SACRAMENTO, CA  95823-4654","3214 ZACCARIA WY                              STOCKTON, CA  95823","41-599858","7","","23","3405","6157 MACK RD","SACRAMENTO","34","95823","3214 ZACCARIA WY","STOCKTON","95823","CA"
"647935","ACTIVE CANCEL","41 | 0","06/27/2023","05/31/2024","DBA: THIRTY SEVEN STONES CAFÉ                        37 STONES LLC                         2530 PLEASANT VALLEY RD,                         PLACERVILLE, CA  95667-7824","PO BOX 831                              COLUMBIA, CT  06237","","7","","23","0900","2530 PLEASANT VALLEY RD","PLACERVILLE","09","95667","PO BOX 831","COLUMBIA","06237","CT"
"648245","PEND ACTIVE","40 | 0","01/17/2024","09/30/2024","DBA: LUISA'S PLACE                        LUISA'S PLACE LLC                         5816 HEREFORD DR,                         LOS ANGELES, CA  90022","300 W VALLEY BLVD, STE G83                              ALHAMBRA, CA  91803","40-234349","","","2","1900","5816 HEREFORD DR","LOS ANGELES","19","90022","300 W VALLEY BLVD, STE G83","ALHAMBRA","91803","CA"
"648312","ACTIVE CANCEL","17 | 1","07/13/2023","06/30/2024","DBA: UTK SPIRITCO                        SINGH, PINKI                         777 W ASHLAN AVE, B,                         CLOVIS, CA  93612","1219 PALM AVE                              FOWLER, CA  93625","","","","21","1001","777 W ASHLAN AVE, B","CLOVIS","10","93612","1219 PALM AVE","FOWLER","93625","CA"
"648312","ACTIVE CANCEL","18 | 1","07/13/2023","06/30/2024","DBA: UTK SPIRITCO                        SINGH, PINKI                         777 W ASHLAN AVE, B,                         CLOVIS, CA  93612","1219 PALM AVE                              FOWLER, CA  93625","","","","21","1001","777 W ASHLAN AVE, B","CLOVIS","10","93612","1219 PALM AVE","FOWLER","93625","CA"
"648312","ACTIVE CANCEL","09 | 1","07/13/2023","06/30/2024","DBA: UTK SPIRITCO                        SINGH, PINKI                         777 W ASHLAN AVE, B,                         CLOVIS, CA  93612","1219 PALM AVE                              FOWLER, CA  93625","","","","21","1001","777 W ASHLAN AVE, B","CLOVIS","10","93612","1219 PALM AVE","FOWLER","93625","CA"
"648312","ACTIVE CANCEL","12 | 1","07/13/2023","06/30/2024","DBA: UTK SPIRITCO                        SINGH, PINKI                         777 W ASHLAN AVE, B,                         CLOVIS, CA  93612","1219 PALM AVE                              FOWLER, CA  93625","","","","21","1001","777 W ASHLAN AVE, B","CLOVIS","10","93612","1219 PALM AVE","FOWLER","93625","CA"
"648359","ACTIVE CANCEL","41 | 0","08/28/2023","07/31/2024","DBA: XIAN BISTRO                        XIAN FINE FOODS, LLC                         2543 NORIEGA ST,                         SAN FRANCISCO, CA  94122-4126","","","7","","24","3800","2543 NORIEGA ST","SAN FRANCISCO","38","94122","","","",""
"648521","ACTIVE CANCEL","21 | 0","05/25/2023","02/29/2024","DBA: DINUBA MARKET                        SHOKRY, NADER WAGEEH                         649 W KERN ST,                         DINUBA, CA  93618-2608","2862 E SALEM AVE                              FRESNO, CA  93720-4993","21-574242/ 21-653987","","","21","5401","649 W KERN ST","DINUBA","54","93618","2862 E SALEM AVE","FRESNO","93720","CA"
"648576","PEND ACTIVE","02 | 0","01/18/2024","06/30/2024","DBA: CASSIDY RANCH                        CASSIDY RANCH, LLC                         21301 CASSIDY RANCH RD,                         SONOMA, CA  95476-2833","","","","","27","4900","21301 CASSIDY RANCH RD","SONOMA","49","95476","","","",""
"650081","PEND ACTIVE","66 | 1","01/18/2024","12/31/2024","DBA: HOTEL SAN BUENA                        HISTORIC LODGE DEVELOPMENT, LP                         11 S ASH ST,                         VENTURA, CA  93001-2919","40 S ASH ST                              VENTURA, CA  93001","","7","","12","5606","11 S ASH ST","VENTURA","56","93001","40 S ASH ST","VENTURA","93001","CA"
"650081","PEND ACTIVE","41 | 1","01/18/2024","12/31/2024","DBA: HOTEL SAN BUENA                        HISTORIC LODGE DEVELOPMENT, LP                         11 S ASH ST,                         VENTURA, CA  93001-2919","40 S ASH ST                              VENTURA, CA  93001","","7","","12","5606","11 S ASH ST","VENTURA","56","93001","40 S ASH ST","VENTURA","93001","CA"
"650178","PEND ACTIVE","17 | 1","01/17/2024","08/31/2024","DBA: MONTESQUIEU                        W G BEST WEINKELLEREI INC                         18618 S FERRIS PL,                         RANCHO DOMINGUEZ, CA  90220-6451","8929 AERO DR , STE C                              SAN DIEGO, CA  92123","17-595131","7","","3","1900","18618 S FERRIS PL","RANCHO DOMINGUEZ","19","90220","8929 AERO DR , STE C","SAN DIEGO","92123","CA"
"650178","PEND ACTIVE","20 | 0","01/17/2024","08/31/2024","DBA: MONTESQUIEU                        W G BEST WEINKELLEREI INC                         18618 S FERRIS PL,                         RANCHO DOMINGUEZ, CA  90220-6451","8929 AERO DR , STE C                              SAN DIEGO, CA  92123","20-595131","7,I","","3","1900","18618 S FERRIS PL","RANCHO DOMINGUEZ","19","90220","8929 AERO DR , STE C","SAN DIEGO","92123","CA"
"650178","PEND ACTIVE","02 | 0","01/17/2024","06/30/2020","DBA: MONTESQUIEU                        W G BEST WEINKELLEREI INC                         18618 S FERRIS PL,                         RANCHO DOMINGUEZ, CA  90220-6451","8929 AERO DR , STE C                              SAN DIEGO, CA  92123","02-595131","7","","3","1900","18618 S FERRIS PL","RANCHO DOMINGUEZ","19","90220","8929 AERO DR , STE C","SAN DIEGO","92123","CA"
"650178","PEND ACTIVE","09 | 1","01/17/2024","08/31/2024","DBA: MONTESQUIEU                        W G BEST WEINKELLEREI INC                         18618 S FERRIS PL,                         RANCHO DOMINGUEZ, CA  90220-6451","8929 AERO DR , STE C                              SAN DIEGO, CA  92123","17-595131","7","","3","1900","18618 S FERRIS PL","RANCHO DOMINGUEZ","19","90220","8929 AERO DR , STE C","SAN DIEGO","92123","CA"
"650687","PEND ACTIVE","41 | 0","01/17/2024","12/31/2024","DBA: EL BURRITO TACO                        TACO ISLAND                         31900 MISSION TRAIL, #100,                         LAKE ELSINORE, CA  92530-4549","31644 VINTNERS POINTE CT                              WINCHESTER, CA  92596","41-624977","","SUPREME ESCROW INC 3701 WILSHIRE BLVD STE 535 LOS ANGELES, CA  90010","7","3307","31900 MISSION TRAIL, #100","LAKE ELSINORE","33","92530","31644 VINTNERS POINTE CT","WINCHESTER","92596","CA"
"650854","PEND ACTIVE","23 | 0","01/17/2024","12/31/2024","DBA: PFEIFFERS FAMOUS                        PFEIFFER BREWING COMPANY, INC., THE                         3150 E LA PALMA AVE, STE G-H,                         ANAHEIM, CA  92806-2806","147 W ASH AVE                              FULLERTON, CA  92832-2301","23-613090","","","11","3001","3150 E LA PALMA AVE, STE G-H","ANAHEIM","30","92806","147 W ASH AVE","FULLERTON","92832","CA"
"651222","PEND ACTIVE","41 | 0","01/17/2024","12/31/2024","DBA: EL FOGON TACO SHOP                        EL FOGON TACO SHOP LLC                         6576 OAKMONT DR, STE A,                         SANTA ROSA, CA  95409-5917","623 4TH ST                              SANTA ROSA, CA  95404-4405","41-605753","","THE HERITAGE ESCROW COMPANY 2550 FIFTH AVENUE SUITE 800 SAN DIEGO, CA  92103","27","4904","6576 OAKMONT DR, STE A","SANTA ROSA","49","95409","623 4TH ST","SANTA ROSA","95404","CA"
"651306","PEND ACTIVE","02 | 0","01/17/2024","06/30/2024","DBA: RUAKH                        RUAKH WINES LLC                         480 MARQUITA AVE, A,                         PASO ROBLES, CA  93446-5910","800 6TH ST, #2247                              PASO ROBLES, CA  93446","","","","13","4000","480 MARQUITA AVE, A","PASO ROBLES","40","93446","800 6TH ST, #2247","PASO ROBLES","93446","CA"
"651563","PEND ACTIVE","02 | 0","01/18/2024","06/30/2024","DBA: FARM DAY FAMILY WINERY, LLC                        FARM DAY FAMILY WINERY, LLC                         18157 WAGNER RD,                         LOS GATOS, CA  95032-6619","","","7","","25","4307","18157 WAGNER RD","LOS GATOS","43","95032","","","",""
"651660","NEW WITHDRAWN","47 | 0","","","SALDANA RODRIGUEZ, SALVADOR                          ,","3899 MAIN ST                              OAKLEY, CA  94561-5712","","","","22","","","","","","3899 MAIN ST","OAKLEY","94561","CA"
"651713","NEW WITHDRAWN","47 | 0","","","CALIFORNIA FISH GRILL INVESTMENTS, LLC                         ,","4041 MACARTHUR BLVD, STE 250                              NEWPORT BEACH, CA  92660","","","","22","","","","","","4041 MACARTHUR BLVD, STE 250","NEWPORT BEACH","92660","CA"
"651765","PEND ACTIVE","47 | 0","01/17/2024","12/31/2024","TBC MANAGEMENT, INC.                          3715 EVANS ST,                         LOS ANGELES, CA  90027","","","5,7","","4","1933","3715 EVANS ST","LOS ANGELES","19","90027","","","",""
"651883","NEW WITHDRAWN","47 | 0","","","KUMAR, HARISH                         ,","18260 LEATHER OAK RD                              LATHROP, CA  95330","","","","29","","","","","","18260 LEATHER OAK RD","LATHROP","95330","CA"
"651883","NEW WITHDRAWN","47 | 0","","","KUMAR, HARISH                         ,","18260 LEATHER OAK RD                              LATHROP, CA  95330","","","","29","","","","","","18260 LEATHER OAK RD","LATHROP","95330","CA"
"651890","PEND ACTIVE","87 | 0","01/17/2024","12/31/2024","DBA: XIAN BISTRO                        XIAN FINE FOODS, LLC                         2543 NORIEGA ST,                         SAN FRANCISCO, CA  94122-4126","","","7","","24","3800","2543 NORIEGA ST","SAN FRANCISCO","38","94122","","","",""
"651894","PEND ACTIVE","47 | 0","01/17/2024","12/31/2024","DBA: COURTYYARD BY MARRIOTT                        GREWAL 2012 HOSPITALITY GROUP, LLC                         2955 GREWAL PKWY,                         MODESTO, CA  95356","2901 HEALTHCARE WAY                              MODESTO, CA  95356","","5","","29","5002","2955 GREWAL PKWY","MODESTO","50","95356","2901 HEALTHCARE WAY","MODESTO","95356","CA"
"651983","NEW WITHDRAWN","21 | 0","","","ON Z RUN MARKET INC                         ,","9439 MAGNOLIA AVE                              RIVERSIDE, CA  92503","","","","7","","","","","","9439 MAGNOLIA AVE","RIVERSIDE","92503","CA"
"651983","NEW WITHDRAWN","21 | 0","","","ON Z RUN MARKET INC                         ,","9439 MAGNOLIA AVE                              RIVERSIDE, CA  92503","","","","7","","","","","","9439 MAGNOLIA AVE","RIVERSIDE","92503","CA"
"652013","PEND ACTIVE","47 | 0","01/18/2024","12/31/2024","DBA: DOS BOTELLAS MEXI                        MANRIQUEZ , MARIA ANGELICA                         3427 BROADWAY ST, STE F1,                         AMERICAN CANYON, CA  94503-1260","3427 BROADWAY ST, STE F1                              AMERICAN CANYON, CA  94503-1260","","5,S","","27","2805","3427 BROADWAY ST, STE F1","AMERICAN CANYON","28","94503","3427 BROADWAY ST, STE F1","AMERICAN CANYON","94503","CA"
"652047","PEND ACTIVE","21 | 0","01/18/2024","12/31/2024","DBA: LAS MONTANAS SUPERMARKET                        MANUEL GOMEZ CORPORATION                         2691 MONUMENT BLVD,                         CONCORD, CA  94520-3108","2691 MONUMENT BLVD                              CONCORD, CA  94520-3108","","5","","22","0703","2691 MONUMENT BLVD","CONCORD","07","94520","2691 MONUMENT BLVD","CONCORD","94520","CA"
"652052","NEW WITHDRAWN","47 | 0","","","SIDSON GROUP LLC                         ,","16180 SAND BAR WAY                              LATHROP, CA  95330","","","","29","","","","","","16180 SAND BAR WAY","LATHROP","95330","CA"
"652052","NEW WITHDRAWN","47 | 0","","","SIDSON GROUP LLC                         ,","16180 SAND BAR WAY                              LATHROP, CA  95330","","","","29","","","","","","16180 SAND BAR WAY","LATHROP","95330","CA"
"652222","PEND ACTIVE","41 | 0","01/18/2024","12/31/2024","DBA: PIZZA STORE BY OC LOCAL                        PIZZA STORE BY OC LOCAL, LLC THE                         25610 ALICIA PKWY,                         LAGUNA HILLS, CA  92653-5309","","41-519673","","ABC ESCROW 2222 DAMON STREET  LOS ANGELES, CA  90021","11","3031","25610 ALICIA PKWY","LAGUNA HILLS","30","92653","","","",""
"652252","NEW WITHDRAWN","21 | 0","","","SAMAWI, HEKMAT A                         ,","2633 W LINCOLN AVE                              ANAHEIM, CA  92801-6316","","","","11","","","","","","2633 W LINCOLN AVE","ANAHEIM","92801","CA"
"652252","NEW WITHDRAWN","21 | 0","","","SAMAWI, HEKMAT A                         ,","2633 W LINCOLN AVE                              ANAHEIM, CA  92801-6316","","","","11","","","","","","2633 W LINCOLN AVE","ANAHEIM","92801","CA"
"652325","NEW WITHDRAWN","21 | 0","","","SINGH, KAMALDEEP                         ,","18982 VALLEY CIR, APT #C                              HUNTINGTON BEACH, CA  92646","","","","11","","","","","","18982 VALLEY CIR, APT #C","HUNTINGTON BEACH","92646","CA"
"652325","NEW WITHDRAWN","21 | 0","","","SINGH, KAMALDEEP                         ,","18982 VALLEY CIR, APT #C                              HUNTINGTON BEACH, CA  92646","","","","11","","","","","","18982 VALLEY CIR, APT #C","HUNTINGTON BEACH","92646","CA"
"652400","NEW WITHDRAWN","21 | 0","","","CHANDI, KULTAR                          ,","4906 DANDELION LOOP                              TRACY, CA  95377","","","","22","","","","","","4906 DANDELION LOOP","TRACY","95377","CA"
"652536","PEND ACTIVE","47 | 0","01/18/2024","12/31/2024","DBA: COUNTRY HUB CAFE & BANQUET CENTER                        I LOVE LIVING, INC.                         5020 19 1/2 AVE,                         RIVERDALE, CA  93656-9505","","","5,7","","21","1600","5020 19 1/2 AVE","RIVERDALE","16","93656","","","",""
"652669","NEW WITHDRAWN","47 | 0","","","GARNICA, GABRIEL HERNANDEZ                         ,","7721 COTTON LN                              ELK GROVE, CA  95758","","","","23","","","","","","7721 COTTON LN","ELK GROVE","95758","CA"
"652669","NEW WITHDRAWN","47 | 0","","","GARNICA, GABRIEL HERNANDEZ                         ,","7721 COTTON LN                              ELK GROVE, CA  95758","","","","23","","","","","","7721 COTTON LN","ELK GROVE","95758","CA"
"652726","PEND ACTIVE","47 | 0","01/18/2024","12/31/2024","DBA: TANDOORI FLAME                        RISING STAR INCORPORATION                         907 10TH ST,                         MODESTO, CA  95354-2305","1352 HENLEY PARKWAY                               PATTERSON, CA  95363","","5,7","","29","5002","907 10TH ST","MODESTO","50","95354","1352 HENLEY PARKWAY","PATTERSON","95363","CA"
"652729","NEW WITHDRAWN","47 | 0","","","SAAVEDRA ESPINOSA, JOSE GUADALUPE                          ,","801 NORDIC PL                              MANTECA, CA  95336","","","","29","","","","","","801 NORDIC PL","MANTECA","95336","CA"
"652729","NEW WITHDRAWN","47 | 0","","","SAAVEDRA ESPINOSA, JOSE GUADALUPE                          ,","801 NORDIC PL                              MANTECA, CA  95336","","","","29","","","","","","801 NORDIC PL","MANTECA","95336","CA"
"652730","NEW WITHDRAWN","47 | 0","","","ESPINOSA, JOSE GUADALUPE SAAVEDRA                         ,","801 NORDIC PL                              MANTECA, CA  95336","","","","29","","","","","","801 NORDIC PL","MANTECA","95336","CA"
"652730","NEW WITHDRAWN","47 | 0","","","ESPINOSA, JOSE GUADALUPE SAAVEDRA                         ,","801 NORDIC PL                              MANTECA, CA  95336","","","","29","","","","","","801 NORDIC PL","MANTECA","95336","CA"
"652768","NEW WITHDRAWN","21 | 0","","","BADAL, BIJAYA                         ,","6221 CYPRESS AVE. APT 1                              EL CERRITO, CA  94530","","","","22","","","","","","6221 CYPRESS AVE. APT 1","EL CERRITO","94530","CA"
"652791","NEW WITHDRAWN","21 | 0","","","SHIWAKOTI, TEJ                         ,","4914 WALL AVE                              RICHMOND, CA  94804","","","","22","","","","","","4914 WALL AVE","RICHMOND","94804","CA"
"652803","PEND ACTIVE","48 | 0","01/18/2024","12/31/2024","DBA: PHILOSOPHERS CLUB                        NEW PHILOSOPHERS INC.                         824 ULLOA ST,                         SAN FRANCISCO, CA  94127-1117","1815 42ND AVE                              SAN FRANCISCO, CA  94122-4007","48-415072","","INNOVATIVE ESCROW INC 28212 KELLY JOHNSON PKWY  STE 110 VALENCIA, CA  91355","24","3800","824 ULLOA ST","SAN FRANCISCO","38","94127","1815 42ND AVE","SAN FRANCISCO","94122","CA"
"652841","NEW WITHDRAWN","21 | 0","","","KANG, GARMANJIT  SINGH                          ,","13 KEARSTI CT                              OAKLEY, CA  94561","","","","22","","","","","","13 KEARSTI CT","OAKLEY","94561","CA"
"652871","NEW WITHDRAWN","47 | 0","","","HATTC LLC                         ,","5960 SOUTH LAND PARK DR, # 138                              SACRAMENTO, CA  95822","","","","22","","","","","","5960 SOUTH LAND PARK DR, # 138","SACRAMENTO","95822","CA"
"652911","NEW WITHDRAWN","47 | 0","","","GODFREY, TEDRA                          ,","271 CHERRY ST                              VACAVILLE, CA  95688","","","","22","","","","","","271 CHERRY ST","VACAVILLE","95688","CA"
"652917","NEW WITHDRAWN","47 | 0","","","SENOR SISIG                         ,","2277 SHAFTER AVE                              SAN FRANCISCO, CA  94124-1918","","","","22","","","","","","2277 SHAFTER AVE","SAN FRANCISCO","94124","CA"
"652925","NEW WITHDRAWN","21 | 0","","","SINGH, SOHRAB                         ,","35205 NOEL PLACE                              FREMONT, CA  94536","","","","22","","","","","","35205 NOEL PLACE","FREMONT","94536","CA"
"652955","PEND ACTIVE","20 | 0","01/17/2024","12/31/2024","DBA: CALIFORNIA STOP FOOD BEER & WINE                        PATTON, LISA ANDREA                         600 W 19TH ST, A & B,                         COSTA MESA, CA  92627-5043","","20-556825","7","ESCROW WORLD INC 416 S SPRING ST STE 408 LOS ANGELES, CA  90013","11","3004","600 W 19TH ST, A & B","COSTA MESA","30","92627","","","",""
"653012","PEND ACTIVE","47 | 0","01/18/2024","12/31/2024","DBA: MANHATTAN IN THE DESERT                        ATOLINGA, INC.                         2665 E PALM CANYON DR,                         PALM SPRINGS, CA  92264-4827","","","5","","8","3310","2665 E PALM CANYON DR","PALM SPRINGS","33","92264","","","",""
"653074","NEW WITHDRAWN","47 | 0","","","NEWMAN HOSPITALITY GROUP LLC                         ,","28721 OLD TOWN FRONT ST                              TEMECULA, CA  92590","","","","7","","","","","","28721 OLD TOWN FRONT ST","TEMECULA","92590","CA"
"653074","NEW WITHDRAWN","47 | 0","","","NEWMAN HOSPITALITY GROUP LLC                         ,","28721 OLD TOWN FRONT ST                              TEMECULA, CA  92590","","","","7","","","","","","28721 OLD TOWN FRONT ST","TEMECULA","92590","CA"
"653201","NEW WITHDRAWN","21 | 0","","","GROCERY OUTLET INC                         ,","5650 HOLLIS ST                              EMERYVILLE, CA  94608-2597","","","","11","","","","","","5650 HOLLIS ST","EMERYVILLE","94608","CA"
"653201","NEW WITHDRAWN","21 | 0","","","GROCERY OUTLET INC                         ,","5650 HOLLIS ST                              EMERYVILLE, CA  94608-2597","","","","11","","","","","","5650 HOLLIS ST","EMERYVILLE","94608","CA"
"653369","NEW WITHDRAWN","21 | 0","","","CALIFORNIA FINE WINE & SPIRITS LLC                         ,","6600 ROCKLEDGE DR, STE 150                              BETHESDA, MD  20817-1806","","","","25","","","","","","6600 ROCKLEDGE DR, STE 150","BETHESDA","20817","MD"
"653397","PEND ACTIVE","02 | 0","01/18/2024","06/30/2024","DBA: LORENZI ESTATE VINEYARDS & WINERY                        LORENZI ESTATE WINES, INC.                          1408 2ND ST,                         NAPA, CA  94559-2824","36095 MONTE DE ORO RD                              TEMECULA, CA  92592","","7","","27","2802","1408 2ND ST","NAPA","28","94559","36095 MONTE DE ORO RD","TEMECULA","92592","CA"
"653409","PEND ACTIVE","21 | 0","01/18/2024","12/31/2024","DBA: CORDIAL LIQUOR MARKET                        VERY COOL LIQUOR MARKET INC                         3916 GAGE AVE,                         BELL, CA  90201-1126","","21-364483","","HANA ESCROW 3580 WILSHIRE BLVD STE 1170 LOS ANGELES, CA  90010","2","1906","3916 GAGE AVE","BELL","19","90201","","","",""
"653437","PEND ACTIVE","41 | 0","01/17/2024","12/31/2024","DBA: SAVOR CAFE                        ABOGHANEM, MOHAMED MOHASEN                         401 IRVING ST,                         SAN FRANCISCO, CA  94122-2511","","","7","","24","3800","401 IRVING ST","SAN FRANCISCO","38","94122","","","",""
"653438","PEND ACTIVE","41 | 0","01/18/2024","12/31/2024","DBA: SLICE HOUSE                         SHSH INC.                         3210 E BIDWELL ST, STE 120,                         FOLSOM, CA  95630-6037","4026 DAVENPORT CT                              ROSEVILLE, CA  95747-6373","","7","","23","3401","3210 E BIDWELL ST, STE 120","FOLSOM","34","95630","4026 DAVENPORT CT","ROSEVILLE","95747","CA"
"653521","PEND ACTIVE","20 | 0","01/17/2024","06/30/2024","DBA: 7 ELEVEN STORE 26949C                        7 ELEVEN INC                         830 E GRAND AVE,                         ARROYO GRANDE, CA  93420","PO BOX 139044, ATTEN: LICENSING DEPARTMENT                              DALLAS, TX  75313-9044","20-556690","8","","13","4001","830 E GRAND AVE","ARROYO GRANDE","40","93420","PO BOX 139044, ATTEN: LICENSING DEPARTMENT","DALLAS","75313","TX"
"653531","PEND ACTIVE","20 | 0","01/18/2024","12/31/2024","DBA: LUCKY MARKET                        SALEH, MOHAMMED ALI                         335 MOSSWOOD AVE,                         STOCKTON, CA  95206","","20-475907","","","29","3905","335 MOSSWOOD AVE","STOCKTON","39","95206","","","",""
"653654","PEND ACTIVE","20 | 0","01/17/2024","12/31/2024","PETROLEUM FUEL COMPANY LLC                         8040 STATE HIGHWAY 99,                         LE GRAND, CA  95333-9713","20021 VENTURA BLVD                              WOODLAND HILLS, CA  91364-2638","20-556338","","CAPITAL TRUST ESCROW 280 S BEVERLY DR STE 300 BEVERLY HILLS, CA  90212","29","2400","8040 STATE HIGHWAY 99","LE GRAND","24","95333","20021 VENTURA BLVD","WOODLAND HILLS","91364","CA"
"653845","PEND ACTIVE","41 | 0","01/17/2024","12/31/2024","DBA: OTHERWISE BREWING                        OWB HOLDINGS INC.                         1402 GRANT AVE,                         SAN FRANCISCO, CA  94133-3304","368 CLORINDA AVE                              SAN RAFAEL, CA  94901-3613","41-469399","7","CRESCENT LAND TITLE COMPANY 890 3RD ST CRESCENT CITY, CA  95531","24","3800","1402 GRANT AVE","SAN FRANCISCO","38","94133","368 CLORINDA AVE","SAN RAFAEL","94901","CA"
"653930","PEND ACTIVE","41 | 0","01/18/2024","12/31/2024","DBA: CAPLES LAKE RESORT                        NICCOLI, GWENDOLINE IRIS                         1111 CA HWY 88,                         KIRKWOOD, CA  95646","PO BOX 88 1111 HWY 88                              KIRKWOOD, CA  95646","41-129124","","","23","0200","1111 CA HWY 88","KIRKWOOD","02","95646","PO BOX 88 1111 HWY 88","KIRKWOOD","95646","CA"
"653963","PEND ACTIVE","17 | 1","01/17/2024","12/31/2024","DBA: TAM & CO LLC                        TAM & CO LLC                         551 ECCLES AVE,                         SOUTH SAN FRANCISCO, CA  94080-1906","","","","","25","4114","551 ECCLES AVE","SOUTH SAN FRANCISCO","41","94080","","","",""
"653963","PEND ACTIVE","09 | 1","01/17/2024","12/31/2024","DBA: TAM & CO LLC                        TAM & CO LLC                         551 ECCLES AVE,                         SOUTH SAN FRANCISCO, CA  94080-1906","","","","","25","4114","551 ECCLES AVE","SOUTH SAN FRANCISCO","41","94080","","","",""
"653987","PEND ACTIVE","21 | 0","01/17/2024","12/31/2024","DBA: QUIK JACKS FOOD STORE                        QUIK JACKS INC                         3611 S MOONEY BLVD,                         VISALIA, CA  93277-8066","2607 W LAKE VAN NESS CIR                              FRESNO, CA  93711-7024","21-648521","","ABC ESCROW 2222 DAMON STREET  LOS ANGELES, CA  90021","21","5406","3611 S MOONEY BLVD","VISALIA","54","93277","2607 W LAKE VAN NESS CIR","FRESNO","93711","CA"
"654061","PEND ACTIVE","20 | 0","01/17/2024","12/31/2024","BATUOL LLC                         39605 LOS ALAMOS RD, STE A & B,                         MURRIETA, CA  92563-5042","39400 MURRIETA HOT SPRINGS RD, STE 112                              MURRIETA, CA  92563-7708","20-595060","","DETAIL ESCROW INC 13737 ARTESIA BLVD  STE 105 CERRITOS, CA  90703","7","3323","39605 LOS ALAMOS RD, STE A & B","MURRIETA","33","92563","39400 MURRIETA HOT SPRINGS RD, STE 112","MURRIETA","92563","CA"
"654072","PEND ACTIVE","41 | 0","01/17/2024","12/31/2024","DBA: PIZZADILLY                        MARIANO, SHERWIN RAMOLETE                         194 E VALLEY BLVD,                         COLTON, CA  92324-2936","","41-379923","","STEWART TITLE OF CALIFORNIA INC 1200 CALIFORNIA STREET STE 120 REDLANDS, CA  92374","7","3603","194 E VALLEY BLVD","COLTON","36","92324","","","",""
"654165","PEND ACTIVE","47 | 1","01/17/2024","12/31/2024","DBA: MILLER & LUX PROVISIONS                        TGO4, LLC                         225 STOCKTON ST,                         SAN FRANCISCO, CA  94108","690 MANZANITA AVE, #1                              CORTE MADERA, CA  94925","47-625660","7,A","CALIFORNIA BUSINESS ESCROW INC 1748 MAIN ST ESCALON, CA  95320-1927","24","3800","225 STOCKTON ST","SAN FRANCISCO","38","94108","690 MANZANITA AVE, #1","CORTE MADERA","94925","CA"
"654165","PEND ACTIVE","58 | 1","01/17/2024","12/31/2024","DBA: MILLER & LUX PROVISIONS                        TGO4, LLC                         225 STOCKTON ST,                         SAN FRANCISCO, CA  94108","690 MANZANITA AVE, #1                              CORTE MADERA, CA  94925","47-625660","7,A","CALIFORNIA BUSINESS ESCROW INC 1748 MAIN ST ESCALON, CA  95320-1927","24","3800","225 STOCKTON ST","SAN FRANCISCO","38","94108","690 MANZANITA AVE, #1","CORTE MADERA","94925","CA"
"654178","PEND ACTIVE","47 | 1","01/17/2024","12/31/2024","DBA: MILLER & LUX PROVISIONS                        TGO4, LLC                         350 POWELL ST,                         SAN FRANCISCO, CA  94102-1813","690 MANZANITA AVE, #1                              CORTE MADERA, CA  94925","47-625652","7,A","CALIFORNIA BUSINESS ESCROW INC 1748 MAIN ST ESCALON, CA  95320-1927","24","3800","350 POWELL ST","SAN FRANCISCO","38","94102","690 MANZANITA AVE, #1","CORTE MADERA","94925","CA"
"654178","PEND ACTIVE","58 | 1","01/17/2024","12/31/2024","DBA: MILLER & LUX PROVISIONS                        TGO4, LLC                         350 POWELL ST,                         SAN FRANCISCO, CA  94102-1813","690 MANZANITA AVE, #1                              CORTE MADERA, CA  94925","47-625652","7,A","CALIFORNIA BUSINESS ESCROW INC 1748 MAIN ST ESCALON, CA  95320-1927","24","3800","350 POWELL ST","SAN FRANCISCO","38","94102","690 MANZANITA AVE, #1","CORTE MADERA","94925","CA"
"654223","PEND ACTIVE","20 | 0","01/17/2024","12/31/2024","DBA: BEN'S MARKET                        AMER, AZIZ  SAEED                          845 S LINCOLN ST,                         STOCKTON, CA  95206","","20-634221","","","29","3905","845 S LINCOLN ST","STOCKTON","39","95206","","","",""
"654237","PEND ACTIVE","41 | 0","01/18/2024","12/31/2024","DBA: KOTOBUKI JAPANESE RESTAURANT                        AG IMAGE, INC.                          24321 AVENIDA DE LA CARLOTA, STE H5,                         LAGUNA HILLS, CA  92653-3681","57 GROVESIDE DR                              ALISO VIEJO, CA  92656-7070","41-542254","","TEAM ESCROW, INC. 30 CORPORATE PARK STE 210 IRVINE, CA  92606","11","3031","24321 AVENIDA DE LA CARLOTA, STE H5","LAGUNA HILLS","30","92653","57 GROVESIDE DR","ALISO VIEJO","92656","CA"
"654250","PEND ACTIVE","47 | 0","01/18/2024","12/31/2024","DBA: DOHENYS  TARTAN ROOM                        MADIDON ENTERPRISES LLC                         13062 CHAPMAN AVE,                         GARDEN GROVE, CA  92840-4349","","47-636657","","ABC ESCROW 2222 DAMON STREET  LOS ANGELES, CA  90021","11","3009","13062 CHAPMAN AVE","GARDEN GROVE","30","92840","","","",""
"654263","PEND ACTIVE","41 | 0","01/17/2024","12/31/2024","DBA: LA CASA DE LA BALEADA                        LA CASA DE LA BALEADA INC.                         625 E ARTESIA BLVD, UNIT A ,                         LONG BEACH, CA  90805-1408","","41-638374","7","","3","1932","625 E ARTESIA BLVD, UNIT A","LONG BEACH","19","90805","","","",""
"654334","PEND ACTIVE","77 | 2","01/18/2024","12/31/2024","DBA: SONY'S BAR AND GRILL                        OZ PS, LLC                         214 E ARENAS RD,                         PALM SPRINGS, CA  92262-6632","37621 BANKSIDE DR                              CATHEDRAL CITY, CA  92234-7817","48-591241","7","THE ESCROW CONNECTION 1111 E TAHQUITZ CANYON WY STE 101 PALM SPRINGS, CA  92262","8","3310","214 E ARENAS RD","PALM SPRINGS","33","92262","37621 BANKSIDE DR","CATHEDRAL CITY","92234","CA"
"654334","PEND ACTIVE","58 | 2","01/18/2024","12/31/2024","DBA: SONY'S BAR AND GRILL                        OZ PS, LLC                         214 E ARENAS RD,                         PALM SPRINGS, CA  92262-6632","37621 BANKSIDE DR                              CATHEDRAL CITY, CA  92234-7817","48-591241","7","THE ESCROW CONNECTION 1111 E TAHQUITZ CANYON WY STE 101 PALM SPRINGS, CA  92262","8","3310","214 E ARENAS RD","PALM SPRINGS","33","92262","37621 BANKSIDE DR","CATHEDRAL CITY","92234","CA"
"654334","PEND ACTIVE","47 | 2","01/18/2024","12/31/2024","DBA: SONY'S BAR AND GRILL                        OZ PS, LLC                         214 E ARENAS RD,                         PALM SPRINGS, CA  92262-6632","37621 BANKSIDE DR                              CATHEDRAL CITY, CA  92234-7817","48-591241","7","THE ESCROW CONNECTION 1111 E TAHQUITZ CANYON WY STE 101 PALM SPRINGS, CA  92262","8","3310","214 E ARENAS RD","PALM SPRINGS","33","92262","37621 BANKSIDE DR","CATHEDRAL CITY","92234","CA"
"654360","PEND ACTIVE","17 | 1","01/17/2024","12/31/2024","DBA: UTK SPRITCO LLC                        UTK SPRITCO, LLC                         777 W ASHLAN AVE, B,                         CLOVIS, CA  93612","","17-648312","","","21","1001","777 W ASHLAN AVE, B","CLOVIS","10","93612","","","",""
"654360","PEND ACTIVE","18 | 1","01/17/2024","12/31/2024","DBA: UTK SPRITCO LLC                        UTK SPRITCO, LLC                         777 W ASHLAN AVE, B,                         CLOVIS, CA  93612","","18-648312","","","21","1001","777 W ASHLAN AVE, B","CLOVIS","10","93612","","","",""
"654360","PEND ACTIVE","09 | 1","01/17/2024","12/31/2024","DBA: UTK SPRITCO LLC                        UTK SPRITCO, LLC                         777 W ASHLAN AVE, B,                         CLOVIS, CA  93612","","17-648312","","","21","1001","777 W ASHLAN AVE, B","CLOVIS","10","93612","","","",""
"654360","PEND ACTIVE","12 | 1","01/17/2024","12/31/2024","DBA: UTK SPRITCO LLC                        UTK SPRITCO, LLC                         777 W ASHLAN AVE, B,                         CLOVIS, CA  93612","","18-648312","","","21","1001","777 W ASHLAN AVE, B","CLOVIS","10","93612","","","",""
"654436","PEND ACTIVE","41 | 0","01/18/2024","12/31/2024","DBA: FUKUMI                         FUKUMI LLC                         5410 SUNRISE BLVD, STE 2,                         CITRUS HEIGHTS, CA  95610-7849","","41-622189","7","","23","3406","5410 SUNRISE BLVD, STE 2","CITRUS HEIGHTS","34","95610","","","",""
"654532","PEND ACTIVE","48 | 1","01/17/2024","12/31/2024","DBA: LEGACY NORTH BEACH BAR                        SUGAR MACK INC                         1326 GRANT AVE,                         SAN FRANCISCO, CA  94133-3904","27 FLOOD AVE                              SAN FRANCISCO, CA  94131-3122","48-505974","7","OLD REPUBLIC TITLE 1000 BURNETT AVE STE 400 CONCORD, CA  94520-2088","24","3800","1326 GRANT AVE","SAN FRANCISCO","38","94133","27 FLOOD AVE","SAN FRANCISCO","94131","CA"
"654532","PEND ACTIVE","58 | 1","01/17/2024","12/31/2024","DBA: LEGACY NORTH BEACH BAR                        SUGAR MACK INC                         1326 GRANT AVE,                         SAN FRANCISCO, CA  94133-3904","27 FLOOD AVE                              SAN FRANCISCO, CA  94131-3122","48-505974","7","OLD REPUBLIC TITLE 1000 BURNETT AVE STE 400 CONCORD, CA  94520-2088","24","3800","1326 GRANT AVE","SAN FRANCISCO","38","94133","27 FLOOD AVE","SAN FRANCISCO","94131","CA"
"654533","PEND ACTIVE","85 | 0","01/17/2024","12/31/2024","DBA: HARMONY COMMUNITIES                        HARMONY COMMUNITES, INC.                         6653 EMBARCADERO DR, STE C,                         STOCKTON, CA  95219-3397","","","7","","29","3905","6653 EMBARCADERO DR, STE C","STOCKTON","39","95219","","","",""
"654578","PEND ACTIVE","41 | 0","01/18/2024","12/31/2024","DBA: OC PIZZA MISSION VIEJO                        OCMAYA LLC                         25102 MARGUERITE PKWY, STE A,                         MISSION VIEJO, CA  92692-2465","","41-627532","","ACT ONE ESCROW 17316 EDWARDS ROAD  STE B160  CERRITOS, CA  90703","11","3027","25102 MARGUERITE PKWY, STE A","MISSION VIEJO","30","92692","","","",""
"654632","PEND ACTIVE","41 | 0","01/18/2024","12/31/2024","DBA: PIZZA FACTORY                        QUATTRO FRANCHISE GROUP LLC                         29424 AUBERRY RD, STE 115,                         PRATHER, CA  93651","1654 LESTER AVE                              CLOVIS, CA  93619-7713","41-540026","","OLD REPUBLIC TITLE COMPANY 1000 BURNETT AVE STE 400 CONCORD, CA  94520-2088","21","1000","29424 AUBERRY RD, STE 115","PRATHER","10","93651","1654 LESTER AVE","CLOVIS","93619","CA"
"654665","PEND ACTIVE","41 | 0","01/17/2024","12/31/2024","DBA: NICK'S BISTRO                        3MCRC3, LLC                         36200 DATE PALM DRIVE,                         CATHEDRAL CITY, CA  92234-1506","","","","","8","3319","36200 DATE PALM DRIVE","CATHEDRAL CITY","33","92234","","","",""
"654683","PEND ACTIVE","41 | 0","01/18/2024","12/31/2024","DBA: CLEMENTES                        CITTONI, CLEMENTE AMBROGIO                         1335 W IMOLA AVE,                         NAPA, CA  94559-4724","3170 PIEDMONT AVE                              NAPA, CA  94558","41-594825","","FIDELITY NATIONAL TITLE 265 N FIRST ST DIXON, CA  95620","27","2802","1335 W IMOLA AVE","NAPA","28","94559","3170 PIEDMONT AVE","NAPA","94558","CA"
"654713","PEND ACTIVE","47 | 0","01/18/2024","12/31/2024","DBA: CORNER BAR                        CORNER BARTNERS, L.P.                         106 THROCKMORTON AVE,                         MILL VALLEY, CA  94941-1910","107 CALEDONIA ST, STE P                              SAUSALITO, CA  94965-1910","47-634550","","OLD REPUBLIC TITLE 1000 BURNETT AVE STE 400 CONCORD, CA  94520-2088","27","2105","106 THROCKMORTON AVE","MILL VALLEY","21","94941","107 CALEDONIA ST, STE P","SAUSALITO","94965","CA"
"654713","PEND ACTIVE","47 | 0","01/18/2024","12/31/2024","DBA: CORNER BAR                        CORNER BARTNERS, L.P.                         106 THROCKMORTON AVE,                         MILL VALLEY, CA  94941-1910","107 CALEDONIA ST, STE P                              SAUSALITO, CA  94965-1910","47-634550","","OLD REPUBLIC TITLE 1000 BURNETT AVE STE 400 CONCORD, CA  94520-2088","27","2105","106 THROCKMORTON AVE","MILL VALLEY","21","94941","107 CALEDONIA ST, STE P","SAUSALITO","94965","CA"
"654860","PEND ACTIVE","20 | 0","01/17/2024","06/30/2024","DBA: 7 ELEVEN STORE 38687A                        7 ELEVEN INC                         26695 JEFFERSON AVE ,                         MURRIETA, CA  92562","PO BOX 139044, ATTEN: LICENSING DEPARTMENT                              DALLAS, TX  75313-9044","20-617549","","7 ELEVEN INC 330 E LAMBERT RD STE 150 BREA, CA  92821-4128","7","3323","26695 JEFFERSON AVE","MURRIETA","33","92562","PO BOX 139044, ATTEN: LICENSING DEPARTMENT","DALLAS","75313","TX"
"655907","PEND ACTIVE","28 | 0","01/18/2024","06/30/2024","JAYDED AF COCKTAILS, LLC                         7571 COUNTY RD 8 SW ,                         WAVERLY, MN  55390","14202 SPRING LAKE RD                              MINNETONKA, MN  55345","","","","75","9999","7571 COUNTY RD 8 SW","WAVERLY","","55390","14202 SPRING LAKE RD","MINNETONKA","55345","MN"