"License Number","Status Changed From/To","Type| Dup","Original Issue Date","Expir. Date","Primary Owner and Premises Addr.","Mailing Addr.","Transfer-From/To","Conditions","Escrow","District Code","Geo Code","Prem Street","City","County","Zip Code","Mailing Street","Mailing City","Mailing Zip Code","Mailing State"
"264477","ACTIVE CANCEL","20 | 0","12/10/1991","07/31/2024","DBA: WORLD OIL 45                        PAN PACIFIC PETROLEUM COMPANY INC                         8250 SEPULVEDA BLVD,                         VAN NUYS, CA  91402-4307","9302 S GARFIELD AVE                              SOUTH GATE, CA  90280-3805","","7","","5","1933","8250 SEPULVEDA BLVD","VAN NUYS","19","91402","9302 S GARFIELD AVE","SOUTH GATE","90280","CA"
"389554","AUTREV ACTIVE","02 | 0","09/23/2002","06/30/2024","DBA: PALUMBO FAMILY VINEYARDS & WINERY                        PALUMBO, NICHOLAS PAUL                         40150 BARKSDALE LN, # A,                         TEMECULA, CA  92592","40150 BARKSDALE LN                              TEMECULA, CA  92592","","","","7","3300","40150 BARKSDALE LN, # A","TEMECULA","33","92592","40150 BARKSDALE LN","TEMECULA","92592","CA"
"389554","AUTREV ACTIVE","02 | 0","09/23/2002","06/30/2024","DBA: PALUMBO FAMILY VINEYARDS & WINERY                        PALUMBO, NICHOLAS PAUL                         40150 BARKSDALE LN, # A,                         TEMECULA, CA  92592","40150 BARKSDALE LN                              TEMECULA, CA  92592","","","","7","3300","40150 BARKSDALE LN, # A","TEMECULA","33","92592","40150 BARKSDALE LN","TEMECULA","92592","CA"
"391555","ACTIVE SUSPEN","47 | 0","09/25/2002","08/31/2024","DBA: RISTORANTE ITALIANO                        PARTNERS THREE INC                         555 SOQUEL AVE, STE 150,                         SANTA CRUZ, CA  95062","","47-257480","","","26","4402","555 SOQUEL AVE, STE 150","SANTA CRUZ","44","95062","","","",""
"419727","ACTIVE SUSPEN","47 | 1","02/15/2005","01/31/2024","DBA: OOLA RESTAURANT AND BAR                        860 RESTAURANT LLC                         860 FOLSOM ST, STE A,                         SAN FRANCISCO, CA  94107","330 FIRST ST                              SAN FRANCISCO, CA  94105","47-383623","","","24","3800","860 FOLSOM ST, STE A","SAN FRANCISCO","38","94107","330 FIRST ST","SAN FRANCISCO","94105","CA"
"419727","ACTIVE SUSPEN","58 | 1","02/15/2005","01/31/2024","DBA: OOLA RESTAURANT AND BAR                        860 RESTAURANT LLC                         860 FOLSOM ST, STE A,                         SAN FRANCISCO, CA  94107","330 FIRST ST                              SAN FRANCISCO, CA  94105","47-383623","","","24","3800","860 FOLSOM ST, STE A","SAN FRANCISCO","38","94107","330 FIRST ST","SAN FRANCISCO","94105","CA"
"465868","SUREND SUSPEN","48 | 1","08/28/2008","07/31/2024","DBA: BAY APES THE                        BMGV LLC                         447-459 BROADWAY ST,                         SAN FRANCISCO, CA  94133-4513","","48-401206","7","","24","3800","447-459 BROADWAY ST","SAN FRANCISCO","38","94133","","","",""
"465868","SUREND SUSPEN","68 | 1","08/28/2008","07/31/2024","DBA: BAY APES THE                        BMGV LLC                         447-459 BROADWAY ST,                         SAN FRANCISCO, CA  94133-4513","","48-401206","7","","24","3800","447-459 BROADWAY ST","SAN FRANCISCO","38","94133","","","",""
"482261","REVPEN ACTIVE","41 | 0","10/15/2009","09/30/2024","DBA: KOKKO                        HANAMARU LLC                         509 2ND AVE,                         SAN MATEO, CA  94401-3214","","41-460716","","","25","4113","509 2ND AVE","SAN MATEO","41","94401","","","",""
"482261","REVPEN ACTIVE","41 | 0","10/15/2009","09/30/2024","DBA: KOKKO                        HANAMARU LLC                         509 2ND AVE,                         SAN MATEO, CA  94401-3214","","41-460716","","","25","4113","509 2ND AVE","SAN MATEO","41","94401","","","",""
"484684","ACTIVE CANCEL","41 | 0","12/28/2009","01/31/2024","DBA: MIAS RESTAURANT                        MACN LLC                         30040 HIGHWAY 108,                         COLD SPRINGS, CA  95335-9702","","41-446450/ 41-653725","8","","29","5500","30040 HIGHWAY 108","COLD SPRINGS","55","95335","","","",""
"502827","ACTIVE SUSPEN","47 | 1","03/22/2011","02/29/2024","DBA: LOCAL KITCHEN & WINE MERCHANT                        FISHER BAKER & FARMER LLC                         330 1ST ST,                         SAN FRANCISCO, CA  94105-2602","","47-441958","7","ABC ESCROW 17383 SUNSET BLVD STE A310 PACIFIC PALISADES, CA  90272","24","3800","330 1ST ST","SAN FRANCISCO","38","94105","","","",""
"502827","ACTIVE SUSPEN","58 | 1","03/22/2011","02/29/2024","DBA: LOCAL KITCHEN & WINE MERCHANT                        FISHER BAKER & FARMER LLC                         330 1ST ST,                         SAN FRANCISCO, CA  94105-2602","","47-441958","7","ABC ESCROW 17383 SUNSET BLVD STE A310 PACIFIC PALISADES, CA  90272","24","3800","330 1ST ST","SAN FRANCISCO","38","94105","","","",""
"522393","SUSPEN ACTIVE","47 | 1","06/28/2013","05/31/2024","DBA: LOCK AND KEY                        DRINK EAT SOCIAL INC.                         11033 DOWNEY AVE,                         DOWNEY, CA  90241-3710","","47-460528/ 47-653629","","ABC ESCROW 2222 DAMON STREET  LOS ANGELES, CA  90021","2","1916","11033 DOWNEY AVE","DOWNEY","19","90241","","","",""
"522393","SUSPEN ACTIVE","58 | 1","06/28/2013","05/31/2024","DBA: LOCK AND KEY                        DRINK EAT SOCIAL INC.                         11033 DOWNEY AVE,                         DOWNEY, CA  90241-3710","","47-460528/ 47-653629","","ABC ESCROW 2222 DAMON STREET  LOS ANGELES, CA  90021","2","1916","11033 DOWNEY AVE","DOWNEY","19","90241","","","",""
"527003","ACTIVE SUSPEN","41 | 0","12/11/2012","11/30/2024","DBA: P J MARKET                        FLORES REYES, JUANA                         570 S GREENWOOD AVE,                         MONTEBELLO, CA  90640-5157","","41-466106","7","METRO ESCROW INC 3600 WILSHIRE BLVD  STE 336 LOS ANGELES, CA  90010","2","1938","570 S GREENWOOD AVE","MONTEBELLO","19","90640","","","",""
"541302","SUSPEN CANCEL","41 | 0","03/20/2014","02/28/2015","DBA: BELLA SERA TRATTORIA                        BELLA SERA TRATTORIA, INC.                         422 S MYRTLE AVE,                         MONROVIA, CA  91016-2812","","41-430455","7","","2","1937","422 S MYRTLE AVE","MONROVIA","19","91016","","","",""
"541302","ACTIVE SUSPEN","47 | 2","09/29/2014","08/31/2024","DBA: BELLA SERA TRATTORIA                        BELLA SERA TRATTORIA, INC.                         422 S MYRTLE AVE,                         MONROVIA, CA  91016-2812","","47-449527","7","","2","1937","422 S MYRTLE AVE","MONROVIA","19","91016","","","",""
"541302","ACTIVE SUSPEN","58 | 2","09/29/2014","08/31/2024","DBA: BELLA SERA TRATTORIA                        BELLA SERA TRATTORIA, INC.                         422 S MYRTLE AVE,                         MONROVIA, CA  91016-2812","","47-449527","7","","2","1937","422 S MYRTLE AVE","MONROVIA","19","91016","","","",""
"541302","ACTIVE SUSPEN","77 | 2","09/29/2014","08/31/2024","DBA: BELLA SERA TRATTORIA                        BELLA SERA TRATTORIA, INC.                         422 S MYRTLE AVE,                         MONROVIA, CA  91016-2812","","47-449527","7","","2","1937","422 S MYRTLE AVE","MONROVIA","19","91016","","","",""
"543673","ACTIVE CANCEL","41 | 0","02/04/2015","01/31/2024","DBA: LE PAIN QUOTIDIEN                        PQ STUDIO CITY INC                         13045 VENTURA BLVD,                         STUDIO CITY, CA  91604-2237","50 BROAD ST, 12TH FL                              NEW YORK, NY  10004-2790","","7","","5","1933","13045 VENTURA BLVD","STUDIO CITY","19","91604","50 BROAD ST, 12TH FL","NEW YORK","10004","NY"
"543980","ACTIVE SUSPEN","47 | 1","06/13/2014","05/31/2024","DBA: RED DOG                        MINISTRY OF TASTE LLC                         303 2ND ST, #S138,                         SAN FRANCISCO, CA  94107-1366","","47-388496","7","ABC ESCROW 2222 DAMON STREET  LOS ANGELES, CA  90021","24","3800","303 2ND ST, #S138","SAN FRANCISCO","38","94107","","","",""
"543980","ACTIVE SUSPEN","58 | 1","06/13/2014","05/31/2024","DBA: RED DOG                        MINISTRY OF TASTE LLC                         303 2ND ST, #S138,                         SAN FRANCISCO, CA  94107-1366","","47-388496","7","ABC ESCROW 2222 DAMON STREET  LOS ANGELES, CA  90021","24","3800","303 2ND ST, #S138","SAN FRANCISCO","38","94107","","","",""
"546007","REVPEN ACTIVE","41 | 0","09/05/2014","08/31/2024","DBA: CINCO DE MAYO RESTAURANT                        BARAJAS, JOSE DE JESUS                         514 CENTER AVE,                         MARTINEZ, CA  94553-4600","","","","","22","0706","514 CENTER AVE","MARTINEZ","07","94553","","","",""
"546007","REVPEN ACTIVE","41 | 0","09/05/2014","08/31/2024","DBA: CINCO DE MAYO RESTAURANT                        BARAJAS, JOSE DE JESUS                         514 CENTER AVE,                         MARTINEZ, CA  94553-4600","","","","","22","0706","514 CENTER AVE","MARTINEZ","07","94553","","","",""
"548693","REVPEN ACTIVE","41 | 0","10/10/2014","09/30/2024","DBA: BLAZE PIZZA                        TEAM BLAZE                         103 W IMPERIAL HWY, STE A,                         BREA, CA  92821-7903","3136 E ABBEY LN                               ORANGE, CA  92867-2009","","","","11","3002","103 W IMPERIAL HWY, STE A","BREA","30","92821","3136 E ABBEY LN","ORANGE","92867","CA"
"548693","REVPEN ACTIVE","41 | 0","10/10/2014","09/30/2024","DBA: BLAZE PIZZA                        TEAM BLAZE                         103 W IMPERIAL HWY, STE A,                         BREA, CA  92821-7903","3136 E ABBEY LN                               ORANGE, CA  92867-2009","","","","11","3002","103 W IMPERIAL HWY, STE A","BREA","30","92821","3136 E ABBEY LN","ORANGE","92867","CA"
"549174","ACTIVE CANCEL","48 | 0","11/17/2014","10/31/2024","DBA: RUNAROUND SUE'S                         RUNAROUND SUE'S LLC                         1419 MITCHELL RD,                         CERES, CA  95307-2152","1419 MITCHELL RD                              MODESTO, CA  95351","48-452639/ 48-651311","","","29","5001","1419 MITCHELL RD","CERES","50","95307","1419 MITCHELL RD","MODESTO","95351","CA"
"550903","ACTIVE SUSPEN","20 | 0","08/23/2016","07/31/2024","DBA: ALVARADO MARKET                        LEON, BLANCA ESTELA                         140 S 5TH ST,                         MONTEBELLO, CA  90640-5206","","","7","","2","1938","140 S 5TH ST","MONTEBELLO","19","90640","","","",""
"557513","ACTIVE CANCEL","21 | 0","07/08/2015","06/30/2024","DBA: PARTY HOUSE LIQUOR                        FEDAIL, GHAZI                         4060 CHINO HILLS PKWY,                         CHINO HILLS, CA  91709","","21-177104/ 21-654245","","","7","3623","4060 CHINO HILLS PKWY","CHINO HILLS","36","91709","","","",""
"565156","ACTIVE SUSPEN","41 | 0","03/21/2016","02/29/2024","YOSHIO SUSHI INC                         10889 SAN PABLO AVE,                         EL CERRITO, CA  94530","","","7","","22","0704","10889 SAN PABLO AVE","EL CERRITO","07","94530","","","",""
"574766","ACTIVE SUSPEN","47 | 1","03/23/2018","02/29/2024","DBA: STOUT BURGERS AND BEERS SC                        11262 VENTURA LLC                         11262 VENTURA BLVD,                         STUDIO CITY, CA  91604-3135","11262 VENTURA BLVD                              STUDIO CITY, CA  91604-3135","","5,7","","5","1933","11262 VENTURA BLVD","STUDIO CITY","19","91604","11262 VENTURA BLVD","STUDIO CITY","91604","CA"
"574766","ACTIVE SUSPEN","77 | 1","03/23/2018","02/29/2024","DBA: STOUT BURGERS AND BEERS SC                        11262 VENTURA LLC                         11262 VENTURA BLVD,                         STUDIO CITY, CA  91604-3135","11262 VENTURA BLVD                              STUDIO CITY, CA  91604-3135","","5,7","","5","1933","11262 VENTURA BLVD","STUDIO CITY","19","91604","11262 VENTURA BLVD","STUDIO CITY","91604","CA"
"580041","ACTIVE CANCEL","41 | 0","08/23/2017","07/31/2024","DBA: MALCOLMS STEAKHOUSE                        VALLADARES, EARL WILLIAM JR                         12746 E PEARBLOSSOM HWY,                         PEARBLOSSOM, CA  93553","2611 E CARSON MESA RD                              PALMDALE, CA  93550-9734","","7","","5","1900","12746 E PEARBLOSSOM HWY","PEARBLOSSOM","19","93553","2611 E CARSON MESA RD","PALMDALE","93550","CA"
"580878","ACTIVE CANCEL","48 | 0","06/16/2017","11/30/2024","DBA: JUNEBUGS                        ANDREWS, JUNE BETH                          117 PHOENIX AVE,                         MODESTO, CA  95354","","48-545004/ 48-653698","","","29","5002","117 PHOENIX AVE","MODESTO","50","95354","","","",""
"582251","AUTREV ACTIVE","41 | 0","09/14/2017","08/31/2024","DBA: TAKE 3 BURGERS                        WASHINGTON, BRIAN                         1230 FULTON ST,                         FRESNO, CA  93721-1916","3748 E HUNTINGTON BLVD                              FRESNO, CA  93702","","","","21","1005","1230 FULTON ST","FRESNO","10","93721","3748 E HUNTINGTON BLVD","FRESNO","93702","CA"
"582251","AUTREV ACTIVE","41 | 0","09/14/2017","08/31/2024","DBA: TAKE 3 BURGERS                        WASHINGTON, BRIAN                         1230 FULTON ST,                         FRESNO, CA  93721-1916","3748 E HUNTINGTON BLVD                              FRESNO, CA  93702","","","","21","1005","1230 FULTON ST","FRESNO","10","93721","3748 E HUNTINGTON BLVD","FRESNO","93702","CA"
"590368","ACTIVE SUSPEN","41 | 0","03/20/2018","02/29/2024","DBA: DHAT ISLAND                         NISSAN GROUP, INC.                          308 W STATE ST, 1A,                         REDLANDS, CA  92373-4653","PO BOX 11413                              SAN BERNARDINO, CA  92423","","","","7","3608","308 W STATE ST, 1A","REDLANDS","36","92373","PO BOX 11413","SAN BERNARDINO","92423","CA"
"598019","REVPEN ACTIVE","47 | 0","10/26/2018","09/30/2024","DBA: GEN KOREAN BBQ HOUSE                        GEN MOUNTAIN VIEW L-PSHIP                         2540 W EL CAMINO REAL,                         MOUNTAIN VIEW, CA  94040-1307","11480 SOUTH STREET, #205                              CERRITOS, CA  90703","47-237377","","ABC ESCROW 2222 DAMON STREET  LOS ANGELES, CA  90021","25","4311","2540 W EL CAMINO REAL","MOUNTAIN VIEW","43","94040","11480 SOUTH STREET, #205","CERRITOS","90703","CA"
"598019","REVPEN ACTIVE","47 | 0","10/26/2018","09/30/2024","DBA: GEN KOREAN BBQ HOUSE                        GEN MOUNTAIN VIEW L-PSHIP                         2540 W EL CAMINO REAL,                         MOUNTAIN VIEW, CA  94040-1307","11480 SOUTH STREET, #205                              CERRITOS, CA  90703","47-237377","","ABC ESCROW 2222 DAMON STREET  LOS ANGELES, CA  90021","25","4311","2540 W EL CAMINO REAL","MOUNTAIN VIEW","43","94040","11480 SOUTH STREET, #205","CERRITOS","90703","CA"
"602223","ACTIVE CANCEL","47 | 0","05/06/2019","04/30/2024","DBA: FOUR POINTS SAN RAFAEL                        247 HOTELS BEVERAGE LLC                         1010 NORTHGATE DR,                         SAN RAFAEL, CA  94903-2502","520 NEWPORT CENTER DR, STE 250                              NEWPORT BEACH, CA  92660-7020","47-547145/ 47-649394","","CALIFORNIA BUSINESS ESCROW 1748 MAIN ST ESCALON, CA  95320-1927","27","2108","1010 NORTHGATE DR","SAN RAFAEL","21","94903","520 NEWPORT CENTER DR, STE 250","NEWPORT BEACH","92660","CA"
"609268","REVPEN ACTIVE","41 | 0","10/13/2020","09/30/2024","DBA: CULICHI'S URBAN KITCHEN                        MORE BURGERS INC.                         8155 ARROYO CIR, UNIT A011B,                         GILROY, CA  95020","164 LUSITANO WY                              GILROY, CA  95020","","","","25","4304","8155 ARROYO CIR, UNIT A011B","GILROY","43","95020","164 LUSITANO WY","GILROY","95020","CA"
"609268","REVPEN ACTIVE","41 | 0","10/13/2020","09/30/2024","DBA: CULICHI'S URBAN KITCHEN                        MORE BURGERS INC.                         8155 ARROYO CIR, UNIT A011B,                         GILROY, CA  95020","164 LUSITANO WY                              GILROY, CA  95020","","","","25","4304","8155 ARROYO CIR, UNIT A011B","GILROY","43","95020","164 LUSITANO WY","GILROY","95020","CA"
"610672","ACTIVE SUSPEN","41 | 0","12/11/2020","11/30/2024","DBA: MAHRAJA CUISINE OF INDIA                        AUJLA BROTHERS INC                         1321 WESTWOOD BLVD,                         LOS ANGELES, CA  90024-4968","","","7","","4","1933","1321 WESTWOOD BLVD","LOS ANGELES","19","90024","","","",""
"611639","ACTIVE SUSPEN","41 | 0","11/04/2019","02/29/2024","DBA: EL GALLO                        EL GALLO TAQUERIA CORPORATION                         1367 N MCDOWELL BLVD, STE 140,                         PETALUMA, CA  94954","125 PRINCE ALBERT ST                              PETALUMA, CA  94954","41-428948","8","","27","4903","1367 N MCDOWELL BLVD, STE 140","PETALUMA","49","94954","125 PRINCE ALBERT ST","PETALUMA","94954","CA"
"612492","ACTIVE CANCEL","41 | 0","03/04/2020","02/29/2024","DBA: MARISCOS MI LINDO APATZINGAN                        TORRES, ISABEL                         10529-31 HOLE AVE,                         RIVERSIDE, CA  92505-1619","","41-594563/ 41-654220","7","EMERALD ESCROW INC. 2275 S MAIN ST, STE 101A CORONA, CA  92882","7","3312","10529-31 HOLE AVE","RIVERSIDE","33","92505","","","",""
"614459","REVPEN ACTIVE","41 | 0","10/13/2020","09/30/2024","DBA: TAQUIZA LIMON                        TAQUIZA LIMON                         3101 BALFOUR RD, STE F,                         BRENTWOOD, CA  94513-2998","","","","","22","0702","3101 BALFOUR RD, STE F","BRENTWOOD","07","94513","","","",""
"614459","REVPEN ACTIVE","41 | 0","10/13/2020","09/30/2024","DBA: TAQUIZA LIMON                        TAQUIZA LIMON                         3101 BALFOUR RD, STE F,                         BRENTWOOD, CA  94513-2998","","","","","22","0702","3101 BALFOUR RD, STE F","BRENTWOOD","07","94513","","","",""
"616834","AUTREV ACTIVE","41 | 1","08/04/2020","07/31/2024","DBA: BEER 40 COMMUNITY TAP HOUSE                        THEBEAU, MELODY H                         400 E MONTE VISTA AVE,                         VACAVILLE, CA  95688","1536 35TH ST                              SACRAMENTO, CA  95816","","","","22","4806","400 E MONTE VISTA AVE","VACAVILLE","48","95688","1536 35TH ST","SACRAMENTO","95816","CA"
"616834","AUTREV ACTIVE","41 | 1","08/04/2020","07/31/2024","DBA: BEER 40 COMMUNITY TAP HOUSE                        THEBEAU, MELODY H                         400 E MONTE VISTA AVE,                         VACAVILLE, CA  95688","1536 35TH ST                              SACRAMENTO, CA  95816","","","","22","4806","400 E MONTE VISTA AVE","VACAVILLE","48","95688","1536 35TH ST","SACRAMENTO","95816","CA"
"616834","AUTREV ACTIVE","58 | 1","08/04/2020","07/31/2024","DBA: BEER 40 COMMUNITY TAP HOUSE                        THEBEAU, MELODY H                         400 E MONTE VISTA AVE,                         VACAVILLE, CA  95688","1536 35TH ST                              SACRAMENTO, CA  95816","","","","22","4806","400 E MONTE VISTA AVE","VACAVILLE","48","95688","1536 35TH ST","SACRAMENTO","95816","CA"
"616834","AUTREV ACTIVE","58 | 1","08/04/2020","07/31/2024","DBA: BEER 40 COMMUNITY TAP HOUSE                        THEBEAU, MELODY H                         400 E MONTE VISTA AVE,                         VACAVILLE, CA  95688","1536 35TH ST                              SACRAMENTO, CA  95816","","","","22","4806","400 E MONTE VISTA AVE","VACAVILLE","48","95688","1536 35TH ST","SACRAMENTO","95816","CA"
"624044","ACTIVE SUSPEN","47 | 0","09/06/2022","08/31/2024","DBA: MARTINA'S CANTINA & GRILL                        DEL BEL FOOD GROUP INC.                         481 WOOLLOMES AVE STE 103-106,                         DELANO, CA  93215-9230","","47-429228","","ABC ESCROW 2222 DAMON STREET  LOS ANGELES, CA  90021","6","1502","481 WOOLLOMES AVE STE 103-106","DELANO","15","93215","","","",""
"624999","REVPEN ACTIVE","20 | 0","09/29/2021","08/31/2024","DBA: LA MANO TORTILLERIA                        LAS PALMAS, INC.                         4027 SLAUSON AVE,                         MAYWOOD, CA  90270-2739","","20-505600","7","PENN ESCROW INC 1818 W BEVERLY BLVD STE 103 MONTEBELLO, CA  90640","2","1936","4027 SLAUSON AVE","MAYWOOD","19","90270","","","",""
"624999","REVPEN ACTIVE","20 | 0","09/29/2021","08/31/2024","DBA: LA MANO TORTILLERIA                        LAS PALMAS, INC.                         4027 SLAUSON AVE,                         MAYWOOD, CA  90270-2739","","20-505600","7","PENN ESCROW INC 1818 W BEVERLY BLVD STE 103 MONTEBELLO, CA  90640","2","1936","4027 SLAUSON AVE","MAYWOOD","19","90270","","","",""
"625636","AUTREV ACTIVE","41 | 0","08/17/2021","07/31/2024","DBA: Z GARDEN MEDITERRANEAN RESTAURANT                        ANCA, INC.                         2350 PICO BLVD,                         SANTA MONICA, CA  90704-1755","","","7","","3","1953","2350 PICO BLVD","SANTA MONICA","19","90704","","","",""
"625636","AUTREV ACTIVE","41 | 0","08/17/2021","07/31/2024","DBA: Z GARDEN MEDITERRANEAN RESTAURANT                        ANCA, INC.                         2350 PICO BLVD,                         SANTA MONICA, CA  90704-1755","","","7","","3","1953","2350 PICO BLVD","SANTA MONICA","19","90704","","","",""
"626151","ACTIVE SUSPEN","10 | 0","12/23/2021","11/30/2023","DBA: UNIVERSAL BRANDS                        UNIVERSAL BRANDS COMPANY INC.                         8609 PRODUCTION AVE,                         SAN DIEGO, CA  92121-2206","100 WILSHIRE BLVD , STE 700                              SANTA MONICA, CA  90401-3602","","","","9","3710","8609 PRODUCTION AVE","SAN DIEGO","37","92121","100 WILSHIRE BLVD , STE 700","SANTA MONICA","90401","CA"
"626151","ACTIVE SUSPEN","13 | 0","12/23/2021","11/30/2023","DBA: UNIVERSAL BRANDS                        UNIVERSAL BRANDS COMPANY INC.                         8609 PRODUCTION AVE,                         SAN DIEGO, CA  92121-2206","100 WILSHIRE BLVD , STE 700                              SANTA MONICA, CA  90401-3602","","","","9","3710","8609 PRODUCTION AVE","SAN DIEGO","37","92121","100 WILSHIRE BLVD , STE 700","SANTA MONICA","90401","CA"
"626760","REVPEN ACTIVE","41 | 0","10/18/2021","09/30/2024","DBA: HOT C POT                        HOT C                         11095 WARNER AVE,                         FOUNTAIN VALLEY, CA  92708-4007","1737 LIME AVE                               LONG BEACH, CA  90805-1047","","","","11","3007","11095 WARNER AVE","FOUNTAIN VALLEY","30","92708","1737 LIME AVE","LONG BEACH","90805","CA"
"626760","REVPEN ACTIVE","41 | 0","10/18/2021","09/30/2024","DBA: HOT C POT                        HOT C                         11095 WARNER AVE,                         FOUNTAIN VALLEY, CA  92708-4007","1737 LIME AVE                               LONG BEACH, CA  90805-1047","","","","11","3007","11095 WARNER AVE","FOUNTAIN VALLEY","30","92708","1737 LIME AVE","LONG BEACH","90805","CA"
"627942","ACTIVE SUSPEN","18 | 1","02/28/2022","01/31/2024","DBA: SWEET POISON SPIRITS                        SWEET POISON SPIRITS LLC                         8380 MIRAMAR MALL, STE 222,                         SAN DIEGO, CA  92121-2550","8380 MIRAMAR MALL, STE 222                              ATT: MMBA FINANCIAL INC, SAN DIEGO, CA  92121","","","","9","3710","8380 MIRAMAR MALL, STE 222","SAN DIEGO","37","92121","8380 MIRAMAR MALL, STE 222","SAN DIEGO","92121","CA"
"627942","ACTIVE SUSPEN","12 | 1","02/28/2022","01/31/2024","DBA: SWEET POISON SPIRITS                        SWEET POISON SPIRITS LLC                         8380 MIRAMAR MALL, STE 222,                         SAN DIEGO, CA  92121-2550","8380 MIRAMAR MALL, STE 222                              ATT: MMBA FINANCIAL INC, SAN DIEGO, CA  92121","","","","9","3710","8380 MIRAMAR MALL, STE 222","SAN DIEGO","37","92121","8380 MIRAMAR MALL, STE 222","SAN DIEGO","92121","CA"
"628086","ACTIVE SUSPEN","47 | 0","09/14/2021","08/31/2024","DBA: TOP SPOT SPORTS PUB AND COUNTRY KITCHEN                        BUTEO COMPANIES, LLC                         711 PACIFIC AVE,                         SANTA CRUZ, CA  95060","320 PARK ST                              CONCORD, CA  94520","47-528151","7","CHICAGO TITLE COMPANY 12156 SARATOGA SUNNYVALE RD SARATOGA, CA  95070","26","4402","711 PACIFIC AVE","SANTA CRUZ","44","95060","320 PARK ST","CONCORD","94520","CA"
"628245","ACTIVE CANCEL","47 | 0","10/15/2021","03/31/2024","DBA: WHARF, THE                        RAAHAUGE, JOHN ERIC                         295 MARE ISLAND WAY,                         VALLEJO, CA  94590-5805","PO BOX 1167                              VALLEJO, CA  94590","47-446983/ 47-650165","A","","22","4807","295 MARE ISLAND WAY","VALLEJO","48","94590","PO BOX 1167","VALLEJO","94590","CA"
"629506","PEND ACTIVE","41 | 0","12/21/2023","11/30/2024","DBA: LE PAIN QUOTIDIEN                        APQ WESTLAKE CA, LLC                          2728 TOWNSGATE RD, STE 2,                         THOUSAND OAKS, CA  91361","50 W 23RD STE 700                              NEW YORK , NY  10010-5274","41-563876","7","","12","5607","2728 TOWNSGATE RD, STE 2","THOUSAND OAKS","56","91361","50 W 23RD STE 700","NEW YORK","10010","NY"
"633722","PEND ACTIVE","41 | 0","12/20/2023","11/30/2024","DBA: LE PAIN QUOTIDIEN                        APQ STUDIO CITY CA, LLC                         13045 VENTURA BLVD,                         STUDIO CITY, CA  91604-2237","149 FIFTH AVENUE, 3RD FLOOR                              NEW YORK, NY  10010","41-543673","7","","5","1933","13045 VENTURA BLVD","STUDIO CITY","19","91604","149 FIFTH AVENUE, 3RD FLOOR","NEW YORK","10010","NY"
"633752","AUTREV ACTIVE","02 | 0","04/22/2022","06/30/2024","DBA: MAD MARVLUS WINE                         MAD MARVLUS WINE LLC                          1160 HOPPER AVE,                         SANTA ROSA, CA  95403-1651","824 VINEYARD CREEK DR, APT 379                              SANTA ROSA, CA  95403","","","","27","4904","1160 HOPPER AVE","SANTA ROSA","49","95403","824 VINEYARD CREEK DR, APT 379","SANTA ROSA","95403","CA"
"633752","AUTREV ACTIVE","02 | 0","04/22/2022","06/30/2024","DBA: MAD MARVLUS WINE                         MAD MARVLUS WINE LLC                          1160 HOPPER AVE,                         SANTA ROSA, CA  95403-1651","824 VINEYARD CREEK DR, APT 379                              SANTA ROSA, CA  95403","","","","27","4904","1160 HOPPER AVE","SANTA ROSA","49","95403","824 VINEYARD CREEK DR, APT 379","SANTA ROSA","95403","CA"
"635915","PEND ACTIVE","70 | 0","12/21/2023","11/30/2024","DBA: WOLF CREEK HOTEL AND RESORT                        TRAVILL HOLDINGS, LLC                         41421 BIG BEAR BLVD,                         BIG BEAR LAKE, CA  92315","PO BOX 1589                              BIG BEAR LAKE, CA  92315-1589","","7","","7","3617","41421 BIG BEAR BLVD","BIG BEAR LAKE","36","92315","PO BOX 1589","BIG BEAR LAKE","92315","CA"
"636171","CANCEL ACTIVE","42 | 0","06/10/2022","05/31/2024","DBA: VINICOLA VARGA                        VINICOLA VARGA LLC                         789 W HARBOR DR, #B2,                         SAN DIEGO, CA  92101-7710","","","7","","10","3710","789 W HARBOR DR, #B2","SAN DIEGO","37","92101","","","",""
"636322","ACTIVE SUSPEN","41 | 0","05/03/2022","04/30/2024","DBA: GRAZE                        SEXTON, CHERIE NICOLE                         4444 WOOD RD,                         GUERNEVILLE, CA  95446-8018","","41-596203","","","27","4900","4444 WOOD RD","GUERNEVILLE","49","95446","","","",""
"636352","ACTIVE SUSPEN","41 | 0","01/27/2023","12/31/2023","DBA: CHEEBOS EXPRESS                        BYTE TO BITE (CALIFORNIA), LLC                         271 E ORANGE GROVE AVE,                         BURBANK, CA  91502-1219","7533 SUNSET BLVD                              LOS ANGELES, CA  90274","","7","","5","1910","271 E ORANGE GROVE AVE","BURBANK","19","91502","7533 SUNSET BLVD","LOS ANGELES","90274","CA"
"638166","AUTREV ACTIVE","41 | 0","08/10/2022","07/31/2024","DBA: CAULIFLOWER                        MCGEM LLC                         3147 16TH ST,                         SAN FRANCISCO, CA  94103-3334","2443 25TH AVENUE                              SAN FRANCISCO, CA  94116","","","","24","3800","3147 16TH ST","SAN FRANCISCO","38","94103","2443 25TH AVENUE","SAN FRANCISCO","94116","CA"
"638166","AUTREV ACTIVE","41 | 0","08/10/2022","07/31/2024","DBA: CAULIFLOWER                        MCGEM LLC                         3147 16TH ST,                         SAN FRANCISCO, CA  94103-3334","2443 25TH AVENUE                              SAN FRANCISCO, CA  94116","","","","24","3800","3147 16TH ST","SAN FRANCISCO","38","94103","2443 25TH AVENUE","SAN FRANCISCO","94116","CA"
"641522","ACTIVE SUSPEN","41 | 0","01/18/2023","12/31/2023","DBA: OCEANOS                        DIAMOND INDUSTRY GROUP INC                         6377 FLORENCE AVE,                         BELL GARDENS, CA  90201-4842","6312 HOME AVE                              BELL, CA  90201-1513","41-609461","","PENN ESCROW INC 1818 W BEVERLY BLVD STE 103 MONTEBELLO, CA  90640","2","1972","6377 FLORENCE AVE","BELL GARDENS","19","90201","6312 HOME AVE","BELL","90201","CA"
"641953","PEND ACTIVE","87 | 1","12/20/2023","11/30/2024","LAWRENCE, CHRISTOPHER JAMES                         2636 SAN BRUNO AVE,                         SAN FRANCISCO, CA  94134-1507","1033 TEXAS ST                              SAN FRANCISCO, CA  94107-3311","","7","","24","3800","2636 SAN BRUNO AVE","SAN FRANCISCO","38","94134","1033 TEXAS ST","SAN FRANCISCO","94107","CA"
"641953","PEND ACTIVE","58 | 1","12/20/2023","11/30/2024","LAWRENCE, CHRISTOPHER JAMES                         2636 SAN BRUNO AVE,                         SAN FRANCISCO, CA  94134-1507","1033 TEXAS ST                              SAN FRANCISCO, CA  94107-3311","","7","","24","3800","2636 SAN BRUNO AVE","SAN FRANCISCO","38","94134","1033 TEXAS ST","SAN FRANCISCO","94107","CA"
"642052","PEND ACTIVE","87 | 0","12/20/2023","11/30/2024","DBA: CLUB HALFWAY THE                        QUINN, GREGORY MICHAEL                         1166 GENEVA AVE,                         SAN FRANCISCO, CA  94112-3822","421 LOCUST ST                              SAN FRANCISCO, CA  94118-1844","","7","","24","3800","1166 GENEVA AVE","SAN FRANCISCO","38","94112","421 LOCUST ST","SAN FRANCISCO","94118","CA"
"644253","AUTREV ACTIVE","02 | 0","05/19/2023","06/30/2024","DBA: QQ VINEYARDS                        QQ VINEYARDS LLC                         39850 KAPALUA WAY,                         TEMECULA, CA  92592-8319","13300 CROSSROADS PKWY N, #170                              CITY OF INDUSTRY, CA  91746","02-434728","","NO ESCROW","7","3300","39850 KAPALUA WAY","TEMECULA","33","92592","13300 CROSSROADS PKWY N, #170","CITY OF INDUSTRY","91746","CA"
"644253","AUTREV ACTIVE","02 | 0","05/19/2023","06/30/2024","DBA: QQ VINEYARDS                        QQ VINEYARDS LLC                         39850 KAPALUA WAY,                         TEMECULA, CA  92592-8319","13300 CROSSROADS PKWY N, #170                              CITY OF INDUSTRY, CA  91746","02-434728","","NO ESCROW","7","3300","39850 KAPALUA WAY","TEMECULA","33","92592","13300 CROSSROADS PKWY N, #170","CITY OF INDUSTRY","91746","CA"
"645431","PEND ACTIVE","40 | 0","12/20/2023","11/30/2024","DBA: BACKYARD SOCIAL CLUB                        BEERDED LADY, INC.                         1542 CLOVIS AVE,                         CLOVIS, CA  93612-2703","","","7","","21","1001","1542 CLOVIS AVE","CLOVIS","10","93612","","","",""
"645468","PEND WITHDRAWN","21 | 0","","","DBA: CTS MARKET                        CT MARKET INC.                         7155 GRAVENSTEIN HIGHWAY,                         COTATI, CA  94931","6475 SODA BAY RD                              KELSEYVILLE, CA  95451-9135","554641","7","CAPITAL CITY ESCROW INC 3838 WATT AVE #F610 SACRAMENTO, CA  95821","27","4908","7155 GRAVENSTEIN HIGHWAY","COTATI","49","94931","6475 SODA BAY RD","KELSEYVILLE","95451","CA"
"647213","PEND WITHDRAWN","41 | 0","","","DBA: MURILLOS TACOS Y MARISCOS                        EDVALSON, JESSICA KARINA                         7850 STOCKTON BLVD, STE 130,                         SACRAMENTO, CA  95823-4385","","","7","","23","3405","7850 STOCKTON BLVD, STE 130","SACRAMENTO","34","95823","","","",""
"647408","PEND ACTIVE","17 | 0","12/20/2023","11/30/2024","KOTUKU, INC.                         6980 KNOTT AVE STE G,                         BUENA PARK, CA  90621-4623","","","","","11","3003","6980 KNOTT AVE STE G","BUENA PARK","30","90621","","","",""
"647408","PEND ACTIVE","18 | 0","12/20/2023","11/30/2024","KOTUKU, INC.                         6980 KNOTT AVE STE G,                         BUENA PARK, CA  90621-4623","","","","","11","3003","6980 KNOTT AVE STE G","BUENA PARK","30","90621","","","",""
"647583","PEND ACTIVE","41 | 0","12/21/2023","11/30/2024","DBA: MI TIERRA                        RESTAURANTE MI TIERRA, CORP.                         13762 ROSCOE BLVD ,                         PANORAMA CITY, CA  91402-3840","","","","","5","1933","13762 ROSCOE BLVD","PANORAMA CITY","19","91402","","","",""
"648322","PEND ACTIVE","20 | 0","12/20/2023","11/30/2024","DBA: RFALCO, LLC & SKY MARKETING INC (045)                        RFALCO LLC                         8250 SEPULVEDA BLVD,                         VAN NUYS, CA  91402-4307","9302 GARFIELD AVE                              SOUTH GATE, CA  90280-3805","20-264477","7","INNOVATIVE ESCROW 28212 KELLY JOHNSON PKWY STE 110 VALENCIA, CA  91355","5","1933","8250 SEPULVEDA BLVD","VAN NUYS","19","91402","9302 GARFIELD AVE","SOUTH GATE","90280","CA"
"649152","PEND ACTIVE","41 | 0","12/21/2023","11/30/2024","DBA: KONTENSU JAPANESE RESTAURANT                        MODAN ARTISANAL RAMEN INC.                         700 FAIR OAKS AVE STE G-H,                         SOUTH PASADENA, CA  91030-2680","2529 FOOTHILL BLVD , STE 101                              LA CRESCENTA, CA  91214-3522","","","","2","1957","700 FAIR OAKS AVE STE G-H","SOUTH PASADENA","19","91030","2529 FOOTHILL BLVD , STE 101","LA CRESCENTA","91214","CA"
"649394","PEND ACTIVE","47 | 0","12/20/2023","11/30/2024","DBA: FOUR POINTS SAN RAFAEL                        EQUINOX SAN RAFAEL, LLC                         1010 NORTHGATE DR,                         SAN RAFAEL, CA  94903-2502","400 SPEAR ST, SUITE 103                              SAN FRANCISCO, CA  94105","47-602223","","CALIFORNIA BUSINESS ESCROW INC 1748 MAIN ST ESCALON, CA  95320-1927","27","2108","1010 NORTHGATE DR","SAN RAFAEL","21","94903","400 SPEAR ST, SUITE 103","SAN FRANCISCO","94105","CA"
"649500","PEND ACTIVE","54 | 0","12/20/2023","11/30/2024","PRAIRIEVIEW, LLC                         1030 MARINA VILLIAGE PKWY, T-34,                         ALAMEDA, CA  94501-1041","2709 FINLANDIA AVE                              MODESTO, CA  95358","","7","","22","0101","1030 MARINA VILLIAGE PKWY, T-34","ALAMEDA","01","94501","2709 FINLANDIA AVE","MODESTO","95358","CA"
"649566","PEND ACTIVE","18 | 0","12/20/2023","11/30/2024","DBA: HEXNOVA                        HEXNOVA CORPORATION                         1641 E SAINT ANDREW PL,                         SANTA ANA, CA  92705-4932","1472 MILLBROOK                              SANTA ANA, CA  92705-3036","","","","11","3017","1641 E SAINT ANDREW PL","SANTA ANA","30","92705","1472 MILLBROOK","SANTA ANA","92705","CA"
"650008","PEND ACTIVE","41 | 0","12/20/2023","11/30/2024","DBA: MENDOCINO FARMS SANDWICH MARKET                        MENDOCINO FARMS LLC                         24250 VALENCIA BLVD,                         SANTA CLARITA, CA  91355-5391","2004 PARK PL, STE H                              EL SEGUNDO, CA  90245-6100","","","","5","1985","24250 VALENCIA BLVD","SANTA CLARITA","19","91355","2004 PARK PL, STE H","EL SEGUNDO","90245","CA"
"650090","PEND ACTIVE","41 | 0","12/21/2023","11/30/2024","DBA: JADE FOUNTAIN CHINESE RESTAURANT                        HUANG, CHANGRONG                         2401 TURNER RD,                         LODI, CA  95242-2182","2401 W TURNER RD, STE 260                              LODI, CA  95242-2182","41-646378","","JAMES B MACY, LAW OFFICES OF 7309 STOCKTON BLVD STE B SACRAMENTO, CA  95823","29","3902","2401 TURNER RD","LODI","39","95242","2401 W TURNER RD, STE 260","LODI","95242","CA"
"650165","PEND ACTIVE","47 | 0","12/20/2023","11/30/2024","DBA: MANNYS STEAKHOUSE                        RODRIGUEZ, MANUEL ANTONIO                         295 MARE ISLAND WAY,                         VALLEJO, CA  94590-5805","101 VIA PESCARA                              AMERICAN CANYON, CA  94503","47-628245","A","FIDELITY NATIONAL TITLE  265 N 1ST ST DIXON, CA  95620-3027","22","4807","295 MARE ISLAND WAY","VALLEJO","48","94590","101 VIA PESCARA","AMERICAN CANYON","94503","CA"
"650342","PEND ACTIVE","41 | 0","12/20/2023","11/30/2024","DBA: CELINDAS COCINA MEXICANA                        BAAKLEEN CAPITAL                         29870 SANTA MARGARITA PKWY,                         RANCHO SANTA MARGARITA, CA  92688-3608","","","","","11","3033","29870 SANTA MARGARITA PKWY","RANCHO SANTA MARGARITA","30","92688","","","",""
"650547","PEND ACTIVE","40 | 0","12/20/2023","11/30/2024","DBA: BACK IN TIME ARCADE                        GRANADOS, DAMIEN  EDDY                         819 5TH ST,                         MARYSVILLE, CA  95901","1728 RIVER RUN DR                              MARYSVILLE, CA  95901","","","","23","5801","819 5TH ST","MARYSVILLE","58","95901","1728 RIVER RUN DR","MARYSVILLE","95901","CA"
"650777","PEND ACTIVE","47 | 0","12/21/2023","11/30/2024","DBA: AGAPE 1928                        PUBLIK HOUSE, LLC THE                         1531 N EL CAMINO REAL,                         SAN CLEMENTE, CA  92672-4962","","47-610520","7","ABC ESCROW 2222 DAMON STREET  LOS ANGELES, CA  90021","11","3016","1531 N EL CAMINO REAL","SAN CLEMENTE","30","92672","","","",""
"650816","PEND ACTIVE","41 | 0","12/21/2023","12/31/2024","DBA: EL PALENQUE GRILL                        EL PALENQUE GRILL, LLC                         1439 23RD ST, UNIT A,                         SAN PABLO, CA  94806-4822","","41-599133","7,8","","22","0710","1439 23RD ST, UNIT A","SAN PABLO","07","94806","","","",""
"650957","PEND ACTIVE","20 | 0","12/21/2023","11/30/2024","DBA: GEOS MEAT MARKET                        GEOS MEAT MARKET LLC                         800 UNION AVE,                         BAKERSFIELD, CA  93307-1045","","20-552979","7","","6","1501","800 UNION AVE","BAKERSFIELD","15","93307","","","",""
"650965","PEND ACTIVE","42 | 0","12/20/2023","11/30/2024","DBA: HEALDSBURG BUBBLE BAR                        HEALDSBURG BUBBLE CLUB LLC                         134 NORTH ST,                         HEALDSBURG, CA  95448-3822","1037 LUPINE RD                              HEALDSBURG, CA  95448","","","","27","4902","134 NORTH ST","HEALDSBURG","49","95448","1037 LUPINE RD","HEALDSBURG","95448","CA"
"651024","PEND ACTIVE","41 | 1","12/20/2023","11/30/2024","DBA: LA CRUDA MARISCOS                        LA CRUDA MARISCOS INC.                         12746 E PEARBLOSSOM HWY,                         PEARBLOSSOM, CA  93553","6733 INDIANA AVE                              RIVERSIDE, CA  92506-4263","41-580041","7","GLEN OAKS ESCROW 24018 LYONS AVE SANTA CLARITA, CA  91321","5","1900","12746 E PEARBLOSSOM HWY","PEARBLOSSOM","19","93553","6733 INDIANA AVE","RIVERSIDE","92506","CA"
"651024","PEND ACTIVE","58 | 1","12/20/2023","11/30/2024","DBA: LA CRUDA MARISCOS                        LA CRUDA MARISCOS INC.                         12746 E PEARBLOSSOM HWY,                         PEARBLOSSOM, CA  93553","6733 INDIANA AVE                              RIVERSIDE, CA  92506-4263","41-580041","7","GLEN OAKS ESCROW 24018 LYONS AVE SANTA CLARITA, CA  91321","5","1900","12746 E PEARBLOSSOM HWY","PEARBLOSSOM","19","93553","6733 INDIANA AVE","RIVERSIDE","92506","CA"
"651155","ACTIVE R64B","47 | 0","12/21/2023","11/30/2024","DBA: TOKYO KITCHEN #2                        HOLY GRAIL HOSPITALITY GROUP, THE                         730 N LA CIENEGA BLVD,                         LOS ANGELES, CA  90069-5204","PO BOX 434                              ETIWANDA, CA  91739-0434","47-616525","7","INNOVATIVE ESCROW 28212 KELLY JOHNSON PKWY STE 110 VALENCIA, CA  91355","4","1933","730 N LA CIENEGA BLVD","LOS ANGELES","19","90069","PO BOX 434","ETIWANDA","91739","CA"
"651311","PEND ACTIVE","48 | 0","12/20/2023","11/30/2024","DBA: REEF CANTINA                        REEF CERES, LLC                         1419 MITCHELL RD,                         CERES, CA  95307-2152","1509 K ST, STE 197                              MODESTO, CA  95354","48-549174","","INNOVATIVE ESCROW 28212 KELLY JOHNSON PKWY STE 110 VALENCIA, CA  91355","29","5001","1419 MITCHELL RD","CERES","50","95307","1509 K ST, STE 197","MODESTO","95354","CA"
"651505","PEND ACTIVE","02 | 0","12/21/2023","06/30/2024","DBA: LOS PAISANOS                        LOS PAISANOS, INC                         1387 MARINA WAY S, STE 500,                         RICHMOND, CA  94804-3718","P O BOX 747                              EL VERANO, CA  95433","","","","22","0709","1387 MARINA WAY S, STE 500","RICHMOND","07","94804","P O BOX 747","EL VERANO","95433","CA"
"651571","PEND ACTIVE","58 | 1","12/21/2023","03/31/2024","DBA: EL ZARAPE                         MARTIN RESTAURANTS, INC.                         5247 KATELLA AVE, STE 130,                         CYPRESS, CA  90720-2835","4197 BALL RD                              CYPRESS, CA  90630-3465","47-604323","","","11","3005","5247 KATELLA AVE, STE 130","CYPRESS","30","90720","4197 BALL RD","CYPRESS","90630","CA"
"651571","PEND ACTIVE","47 | 1","12/21/2023","03/31/2024","DBA: EL ZARAPE                         MARTIN RESTAURANTS, INC.                         5247 KATELLA AVE, STE 130,                         CYPRESS, CA  90720-2835","4197 BALL RD                              CYPRESS, CA  90630-3465","47-604323","","","11","3005","5247 KATELLA AVE, STE 130","CYPRESS","30","90720","4197 BALL RD","CYPRESS","90630","CA"
"651596","PEND ACTIVE","13 | 0","12/20/2023","11/30/2024","LUCKYLIQUOR LLC                         845 LINCOLN BLVD, UNIT 7,                         LOS ANGELES, CA  90291-2846","","","","","3","1933","845 LINCOLN BLVD, UNIT 7","LOS ANGELES","19","90291","","","",""
"651772","PEND WITHDRAWN","47 | 0","","","2000 COLDWATER LTD                         ,","147 W CHANNEL RD                              SANTA MONICA, CA  90402-1103","","","","4","","","","","","147 W CHANNEL RD","SANTA MONICA","90402","CA"
"651787","PEND ACTIVE","09 | 1","12/21/2023","10/31/2024","DBA: BUONOCORE DISTRIBUTING                        BUONOCORE, GREGORY F                         1598 CARROLL AVE,                         SAN FRANCISCO, CA  94124-3218","PO BOX 24356                              SAN FRANCISCO, CA  94124-0356","17-289060","","","24","3800","1598 CARROLL AVE","SAN FRANCISCO","38","94124","PO BOX 24356","SAN FRANCISCO","94124","CA"
"651787","PEND ACTIVE","12 | 1","12/21/2023","10/31/2024","DBA: BUONOCORE DISTRIBUTING                        BUONOCORE, GREGORY F                         1598 CARROLL AVE,                         SAN FRANCISCO, CA  94124-3218","PO BOX 24356                              SAN FRANCISCO, CA  94124-0356","18-289060","","","24","3800","1598 CARROLL AVE","SAN FRANCISCO","38","94124","PO BOX 24356","SAN FRANCISCO","94124","CA"
"651787","PEND ACTIVE","17 | 1","12/21/2023","10/31/2024","DBA: BUONOCORE DISTRIBUTING                        BUONOCORE, GREGORY F                         1598 CARROLL AVE,                         SAN FRANCISCO, CA  94124-3218","PO BOX 24356                              SAN FRANCISCO, CA  94124-0356","17-289060","","","24","3800","1598 CARROLL AVE","SAN FRANCISCO","38","94124","PO BOX 24356","SAN FRANCISCO","94124","CA"
"651787","PEND ACTIVE","18 | 1","12/21/2023","10/31/2024","DBA: BUONOCORE DISTRIBUTING                        BUONOCORE, GREGORY F                         1598 CARROLL AVE,                         SAN FRANCISCO, CA  94124-3218","PO BOX 24356                              SAN FRANCISCO, CA  94124-0356","18-289060","","","24","3800","1598 CARROLL AVE","SAN FRANCISCO","38","94124","PO BOX 24356","SAN FRANCISCO","94124","CA"
"651869","PEND WITHDRAWN","21 | 0","","","PRIMO FOOD INC                         ,","1535 W VISTA WY                              VISTA, CA  92083","","","","10","","","","","","1535 W VISTA WY","VISTA","92083","CA"
"651896","PEND WITHDRAWN","47 | 0","","","72 COOKIES, INC                         ,","2120 ROCKLEDGE ROAD                              LOS ANGELES, CA  90068-3136","","","","5","","","","","","2120 ROCKLEDGE ROAD","LOS ANGELES","90068","CA"
"651915","PEND ACTIVE","41 | 0","12/20/2023","11/30/2024","DBA: MINI POTSTICKERS                        FLOUR COOKING INC                         1639 POLK ST,                         SAN FRANCISCO, CA  94109-3614","248 DELLBROOK AVE                              SAN FRANCISCO, CA  94131-1211","","7","","24","3800","1639 POLK ST","SAN FRANCISCO","38","94109","248 DELLBROOK AVE","SAN FRANCISCO","94131","CA"
"652016","PEND WITHDRAWN","47 | 0","","","YU'S FAMILY KITCHEN, INC                         ,","5502 ALESSANDRO AVE                              TEMPLE CITY, CA  91780","","","","2","","","","","","5502 ALESSANDRO AVE","TEMPLE CITY","91780","CA"
"652027","PEND WITHDRAWN","21 | 0","","","JABRO, MATTHEW HIKMAT                         ,","28960 LILAC RD                              VALLEY CENTER, CA  92082-4020","","","","10","","","","","","28960 LILAC RD","VALLEY CENTER","92082","CA"
"652048","PEND WITHDRAWN","21 | 0","","","TOOMA, JESSY                         ,","PO BOX 489                              EL CAJON, CA  92022","","","","10","","","","","","PO BOX 489","EL CAJON","92022","CA"
"652049","PEND WITHDRAWN","47 | 0","","","WOLDEMARIAM, YODIT KURUBIEL                         ,","4390 CASA GRANDE CIRCLE, STE 247                              CYPRESS, CA  90630","","","","4","","","","","","4390 CASA GRANDE CIRCLE, STE 247","CYPRESS","90630","CA"
"652079","PEND WITHDRAWN","21 | 0","","","FBLMSSM INC                         ,","2332 PERCUSSION CT                              EL CAJON, CA  92019","","","","10","","","","","","2332 PERCUSSION CT","EL CAJON","92019","CA"
"652085","PEND WITHDRAWN","21 | 0","","","SAN DIEGO BEER & WINE INC                         ,","4249 CRESTVIEW DR                              LA MESA, CA  91941","","","","10","","","","","","4249 CRESTVIEW DR","LA MESA","91941","CA"
"652086","PEND WITHDRAWN","21 | 0","","","GINO & GIANNI ENTERPRISES INC                         ,","4852 SUNRISE HILLS DR                              EL CAJON, CA  92020","","","","10","","","","","","4852 SUNRISE HILLS DR","EL CAJON","92020","CA"
"652142","PEND WITHDRAWN","21 | 0","","","SHAO, ADEL YALDA                         ,","5464 GROSSMONT CENTER DRIVE, SUITE 300                              LA MESA, CA  91942","","","","10","","","","","","5464 GROSSMONT CENTER DRIVE, SUITE 300","LA MESA","91942","CA"
"652200","PEND ACTIVE","58 | 1","12/21/2023","11/30/2024","DBA: NORTH ITALIA                        NORTH RESTAURANTS LLC                         840 S SEPULVEDA BLVD, STE 110,                         EL SEGUNDO, CA  90245","26901 MALIBU HILLS RD                              CALABASAS, CA  91301-5354","47-584813","","","3","1919","840 S SEPULVEDA BLVD, STE 110","EL SEGUNDO","19","90245","26901 MALIBU HILLS RD","CALABASAS","91301","CA"
"652200","PEND ACTIVE","47 | 1","12/21/2023","11/30/2024","DBA: NORTH ITALIA                        NORTH RESTAURANTS LLC                         840 S SEPULVEDA BLVD, STE 110,                         EL SEGUNDO, CA  90245","26901 MALIBU HILLS RD                              CALABASAS, CA  91301-5354","47-584813","","","3","1919","840 S SEPULVEDA BLVD, STE 110","EL SEGUNDO","19","90245","26901 MALIBU HILLS RD","CALABASAS","91301","CA"
"652217","PEND ACTIVE","20 | 0","12/21/2023","11/30/2024","DBA: AMIGOS SEAFOOD MARKET                        S&G AMIGOS                         17341 VALLEY BLVD,                         LA PUENTE, CA  91744-5653","","20-482974","7","CENTRAL ESCROW GROUP, INC. 515 W GARVEY AVENUE  STE 118 MONTEREY PARK, CA  91754","2","1930","17341 VALLEY BLVD","LA PUENTE","19","91744","","","",""
"652331","PEND WITHDRAWN","47 | 0","","","VACA NO. II, LLC                         ,","1900 MAIN ST , STE 700                              MICHAEL CHO / PALMIERI TYLER , IRVINE, CA  92614-7328","","","","4","","","","","","1900 MAIN ST , STE 700","IRVINE","92614","CA"
"652332","PEND WITHDRAWN","47 | 0","","","WHAT'S CRACKIN LLC                         ,","5894 E NAPLES PLZ                              LONG BEACH, CA  90803","","","","3","","","","","","5894 E NAPLES PLZ","LONG BEACH","90803","CA"
"652347","PEND WITHDRAWN","21 | 0","","","KIANI HOLDINGS INC                         ,","2201 E COAST HWY                              CORONA DEL MAR, CA  92625-1923","","","","10","","","","","","2201 E COAST HWY","CORONA DEL MAR","92625","CA"
"652364","PEND WITHDRAWN","21 | 0","","","BRAKE PROS INC                         ,","12764 POWAY RD                              POWAY, CA  92064","","","","10","","","","","","12764 POWAY RD","POWAY","92064","CA"
"652370","PEND WITHDRAWN","21 | 0","","","APRO LLC                         ,","4130 COVER ST                              LONG BEACH, CA  90808-1885","","","","10","","","","","","4130 COVER ST","LONG BEACH","90808","CA"
"652377","PEND WITHDRAWN","47 | 0","","","1705 PARTNERS LLC                         ,","31 MEADOW HILL DR                              AUBURN, CA  94920","","","","4","","","","","","31 MEADOW HILL DR","AUBURN","94920","CA"
"652390","PEND WITHDRAWN","21 | 0","","","NELLYS MARKET INC                         ,","2304 SAN DIEGO AVE, STE A                              SAN DIEGO, CA  92110","","","","10","","","","","","2304 SAN DIEGO AVE, STE A","SAN DIEGO","92110","CA"
"652391","PEND WITHDRAWN","47 | 0","","","3275 DEL MAR HEIGHTS RD LLC                         ,","3443 N CENTRAL AVE, NORTH ROTUNDA                              PHOENIX, AZ  85012","","","","4","","","","","","3443 N CENTRAL AVE, NORTH ROTUNDA","PHOENIX","85012","AZ"
"652392","PEND WITHDRAWN","47 | 0","","","VALERI, SAM                         ,","9741 SHOSHONE AVE                              NORTHRIDGE, CA  91325","","","","5","","","","","","9741 SHOSHONE AVE","NORTHRIDGE","91325","CA"
"652397","PEND WITHDRAWN","21 | 0","","","FRESH START MARKET INC                         ,","242 W MISSION AVE , STE E                              ESCONDIDO, CA  92025","","","","10","","","","","","242 W MISSION AVE , STE E","ESCONDIDO","92025","CA"
"652403","PEND WITHDRAWN","21 | 0","","","MANSOUR, JIVAN MAZIN                         ,","10270 FUERTE DR                              LA MESA, CA  91941","","","","10","","","","","","10270 FUERTE DR","LA MESA","91941","CA"
"652408","PEND WITHDRAWN","21 | 0","","","MANSOUR, JOSEPH MAZIN                         ,","10270 FUERTE DR                              LA MESA, CA  91941","","","","10","","","","","","10270 FUERTE DR","LA MESA","91941","CA"
"652409","PEND WITHDRAWN","21 | 0","","","HEAVENLY SMOKESHOP LLC                         ,","2454 4TH AVE                              SAN DIEGO, CA  92101","","","","10","","","","","","2454 4TH AVE","SAN DIEGO","92101","CA"
"652411","PEND WITHDRAWN","21 | 0","","","MANDAE CORP                         ,","301 20TH ST                              SAN DIEGO, CA  92102","","","","10","","","","","","301 20TH ST","SAN DIEGO","92102","CA"
"652415","PEND WITHDRAWN","21 | 0","","","KACHI, KHALID                         ,","3105 FAIRMOUNT AVE                              SAN DIEGO, CA  92105-4603","","","","10","","","","","","3105 FAIRMOUNT AVE","SAN DIEGO","92105","CA"
"652428","PEND WITHDRAWN","21 | 0","","","CALIFORNIA FINE WINE & SPIRITS LLC                         ,","6600 ROCKLEDGE DR, STE 150                              BETHESDA, MD  20817-1806","","","","10","","","","","","6600 ROCKLEDGE DR, STE 150","BETHESDA","20817","MD"
"652457","PEND WITHDRAWN","47 | 0","","","37 WAFFLES DEVELOPMENT CO LLC                         ,","730 W DORAN ST, UNIT 213                              GLENDALE, CA  91203","","","","4","","","","","","730 W DORAN ST, UNIT 213","GLENDALE","91203","CA"
"652471","PEND WITHDRAWN","47 | 0","","","YI, SARAH  MI                         ,","121 S MANHATTAN PL, APT 106                              LOS ANGELES, CA  90004","","","","4","","","","","","121 S MANHATTAN PL, APT 106","LOS ANGELES","90004","CA"
"652477","PEND WITHDRAWN","47 | 0","","","YK HOLLYWOOD DINING INC                         ,","5608 VAN NUYS BLVD                               VAN NUYS, CA  91401-4602","","","","4","","","","","","5608 VAN NUYS BLVD","VAN NUYS","91401","CA"
"652499","PEND WITHDRAWN","47 | 0","","","3RD PLACE LLC                         ,","10866 WILSHIRE BLVD, STE 1650                              LOS ANGELES, CA  90024-4300","","","","5","","","","","","10866 WILSHIRE BLVD, STE 1650","LOS ANGELES","90024","CA"
"652510","PEND WITHDRAWN","47 | 0","","","WALKING WITH GIANTS LLC                         ,","3020 CASTLE HEIGHTS AVE                              LOS ANGELES, CA  90034-2753","","","","5","","","","","","3020 CASTLE HEIGHTS AVE","LOS ANGELES","90034","CA"
"652515","PEND WITHDRAWN","47 | 0","","","VENICE V, INC.                          ,","2 BREEZE AVE, SUITE 101                              VENICE, CA  90291","","","","4","","","","","","2 BREEZE AVE, SUITE 101","VENICE","90291","CA"
"652524","PEND WITHDRAWN","47 | 0","","","1520-1541 WC, LLC                          ,","1541 N CAHUENGA BLVD                              LOS ANGELES, CA  90028","","","","4","","","","","","1541 N CAHUENGA BLVD","LOS ANGELES","90028","CA"
"652535","PEND WITHDRAWN","47 | 0","","","VAMPIRE COSMETICS INCORPORATED                         ,","939 MANZANITA ST                              LOS ANGELES, CA  90029","","","","5","","","","","","939 MANZANITA ST","LOS ANGELES","90029","CA"
"652541","PEND WITHDRAWN","21 | 0","","","SPRING VALLEY PETROLEUM INC                         ,","9065 CAMPO RD                              SPRING VALLEY, CA  91977-1114","","","","10","","","","","","9065 CAMPO RD","SPRING VALLEY","91977","CA"
"652542","PEND WITHDRAWN","21 | 0","","","CHULA VISTA MARKET INC                         ,","646 E ST                              CHULA VISTA, CA  91910","","","","10","","","","","","646 E ST","CHULA VISTA","91910","CA"
"652551","PEND WITHDRAWN","21 | 0","","","MAZARA PIZZA INC                         ,","2302 30TH ST                              SAN DIEGO, CA  92104","","","","10","","","","","","2302 30TH ST","SAN DIEGO","92104","CA"
"652556","PEND WITHDRAWN","21 | 0","","","MRJ MARKET INC                         ,","1897 NATIONAL AVE                              SAN DIEGO, CA  92113-2113","","","","10","","","","","","1897 NATIONAL AVE","SAN DIEGO","92113","CA"
"652562","PEND WITHDRAWN","21 | 0","","","CDK BUSINESS ENTERPRISE INC                         ,","11005 VIA MERIDA                              LA MESA, CA  91941","","","","10","","","","","","11005 VIA MERIDA","LA MESA","91941","CA"
"652566","PEND WITHDRAWN","21 | 0","","","SUPER DISCOUNT STORE INC                         ,","9537 OAKFIELD CT                              SPRING VALLEY, CA  91977","","","","10","","","","","","9537 OAKFIELD CT","SPRING VALLEY","91977","CA"
"652571","PEND WITHDRAWN","21 | 0","","","KASAWDISH, PAUL JOSEPH                         ,","2117 MONARCH RIDGE CIR                              SAN DIEGO, CA  92019","","","","10","","","","","","2117 MONARCH RIDGE CIR","SAN DIEGO","92019","CA"
"652596","PEND WITHDRAWN","21 | 0","","","FULL GLASS ENTERPRISES INC                         ,","77 HALF MOON BEND                              CORONADO, CA  92118","","","","10","","","","","","77 HALF MOON BEND","CORONADO","92118","CA"
"652599","PEND WITHDRAWN","21 | 0","","","MISSION TRAILS ENTERPRISES INC                         ,","6156 CAMINO LARGO                               SAN DIEGO, CA  92119","","","","10","","","","","","6156 CAMINO LARGO","SAN DIEGO","92119","CA"
"652602","PEND WITHDRAWN","21 | 0","","","ZORA & ZOORA INVESTMENTS                         ,","1033 ELKELTON BLVD                              SPRING VALLEY, CA  91977","","","","10","","","","","","1033 ELKELTON BLVD","SPRING VALLEY","91977","CA"
"652626","PEND WITHDRAWN","47 | 0","","","WHEAT LOVE LLC                         ,","11400 W OLYMPIC BLVD  , STE 330                              LOS ANGELES, CA  90064","","","","4","","","","","","11400 W OLYMPIC BLVD  , STE 330","LOS ANGELES","90064","CA"
"652632","PEND WITHDRAWN","47 | 0","","","WEISS, STEVEN BRUCE                         ,","5820 ZUMIREZ DR                              MALIBU, CA  90265","","","","4","","","","","","5820 ZUMIREZ DR","MALIBU","90265","CA"
"652673","PEND WITHDRAWN","21 | 0","","","FMMT INC                         ,","4600 CHEROKEE AVE                              SAN DIEGO, CA  92116-3647","","","","10","","","","","","4600 CHEROKEE AVE","SAN DIEGO","92116","CA"
"652710","PEND WITHDRAWN","21 | 0","","","SF MARKETS LLC                         ,","5455 E HIGH ST , STE 111                              PHOENIX, AZ  85054-5464","","","","10","","","","","","5455 E HIGH ST , STE 111","PHOENIX","85054","AZ"
"652741","PEND WITHDRAWN","21 | 0","","","7 ELEVEN INC                         ,","PO BOX 139044, ATTN: LICENSING DEPARTMENT                              DALLAS, TX  75313-9044","","","","10","","","","","","PO BOX 139044, ATTN: LICENSING DEPARTMENT","DALLAS","75313","TX"
"652782","PEND WITHDRAWN","47 | 0","","","6835 HOLDING LLC                          ,","22 SIERRA VISTA                               LAGUNA NIGUEL, CA  92677","","","","4","","","","","","22 SIERRA VISTA","LAGUNA NIGUEL","92677","CA"
"652834","PEND WITHDRAWN","47 | 0","","","VEGAS BUFFET GLENDALE, INC.                         ,","879 W ASHIYA RD                              MONTEBELLO, CA  90640","","","","2","","","","","","879 W ASHIYA RD","MONTEBELLO","90640","CA"
"652863","PEND WITHDRAWN","47 | 0","","","V.R.A.M., INC.                         ,","5142 VAN NUYS BLVD                              SHERMAN OAKS, CA  91403-1401","","","","5","","","","","","5142 VAN NUYS BLVD","SHERMAN OAKS","91403","CA"
"652922","PEND WITHDRAWN","47 | 0","","","YXTA COCINA MEXICANA LLC                         ,","8737 VENICE BLVD STE#105                              LOS ANGELES, CA  90034","","","","4","","","","","","8737 VENICE BLVD STE#105","LOS ANGELES","90034","CA"
"652929","PEND WITHDRAWN","47 | 0","","","XUNTOS LLC                         ,","21907 PROVIDENCIA ST                              WOODLAND HILLS, CA  91364","","","","5","","","","","","21907 PROVIDENCIA ST","WOODLAND HILLS","91364","CA"
"652971","PEND WITHDRAWN","47 | 0","","","WONDE HARBOR RESTAURANT LLC                          ,","879 W ASHIYA RD                              MONTEBELLO, CA  90640","","","","2","","","","","","879 W ASHIYA RD","MONTEBELLO","90640","CA"
"653010","PEND WITHDRAWN","47 | 0","","","23 JEREZ FOOD INC.                         ,","24014 BRIDGEPORT LN, UNIT 42                              VALENCIA, CA  91355","","","","5","","","","","","24014 BRIDGEPORT LN, UNIT 42","VALENCIA","91355","CA"
"653032","PEND WITHDRAWN","47 | 0","","","VIVA LA FIESTA, INC.                         ,","21409 DEVONSHIRE ST                              CHATSWORTH, CA  91311","","","","5","","","","","","21409 DEVONSHIRE ST","CHATSWORTH","91311","CA"
"653040","PEND WITHDRAWN","47 | 0","","","WE VINO LLC                         ,","8760 WHITE OAK AVE                              NORTHRIDGE, CA  91325","","","","5","","","","","","8760 WHITE OAK AVE","NORTHRIDGE","91325","CA"
"653186","PEND ACTIVE","10 | 0","12/21/2023","11/30/2024","DBA: CROWN IMPORTS                        CROWN IMPORTS LLC                         3413 MANITOU COURT,                         JURUPA VALLEY, CA  91752-3207","207 HIGH POINT DR, BLDG 100                              VICTOR, NY  14564-1061","","","","7","3329","3413 MANITOU COURT","JURUPA VALLEY","33","91752","207 HIGH POINT DR, BLDG 100","VICTOR","14564","NY"
"653224","PEND WITHDRAWN","47 | 0","","","24300 MAIN, LLC                         ,","23890 COPPER HILL DR, #426                              VALENCIA, CA  91354","","","","3","","","","","","23890 COPPER HILL DR, #426","VALENCIA","91354","CA"
"653275","PEND ACTIVE","41 | 0","12/21/2023","11/30/2024","DBA: TIERRA CALIENTE TACOS AND BEER                        TIERRA CALIENTE TACOS AND BEER INC                          18515 ROSCOE BLVD,                         NORTHRIDGE, CA  91324-4632","19609 SHERMAN WAY #258                              RESEDA, CA  91335-7921","41-646259","","GLEN OAKS ESCROW 8447 WILSHIRE BLVD STE 450 BEVERLY HILLS, CA  90211","5","1933","18515 ROSCOE BLVD","NORTHRIDGE","19","91324","19609 SHERMAN WAY #258","RESEDA","91335","CA"
"653310","PEND ACTIVE","02 | 0","12/21/2023","06/30/2024","DBA: CASTIEL ESTATE                        CASTIEL ESTATE, LLC                         1299 MAIN ST, STE A,                         SAINT HELENA, CA  94574-1957","5 WHITE PINE CANYON RD                              PARK CITY, UT  84060","","7","","27","2803","1299 MAIN ST, STE A","SAINT HELENA","28","94574","5 WHITE PINE CANYON RD","PARK CITY","84060","UT"
"653417","PEND ACTIVE","41 | 0","12/21/2023","11/30/2024","MEZZELUNA INTERNATIONAL CONCEPT, LLC                         8099 LA PLAZA, STE A,                         COTATI, CA  94931-4253","8696 NINA CT                              COTATI, CA  94931","","","","27","4908","8099 LA PLAZA, STE A","COTATI","49","94931","8696 NINA CT","COTATI","94931","CA"
"653431","PEND ACTIVE","41 | 0","12/21/2023","02/29/2024","DBA: LA LIBERTAD RESTAURANTE #3                        ERIKMEGAN INC                         21628 SHERMAN WAY,                         CANOGA PARK, CA  91303-1538","","41-613567","","","5","1933","21628 SHERMAN WAY","CANOGA PARK","19","91303","","","",""
"653509","PEND ACTIVE","09 | 1","12/20/2023","11/30/2024","DBA: RUNA RARE WINES LLC                         RUNA RARE WINES LLC                         2225 CAMINO VIDA ROBLE , STE 100,                         CARLSBAD, CA  92011-1552","PO BOX 5000 PMB 296                              RANCHO SANTA FE, CA  92067","","","","9","3701","2225 CAMINO VIDA ROBLE , STE 100","CARLSBAD","37","92011","PO BOX 5000 PMB 296","RANCHO SANTA FE","92067","CA"
"653509","PEND ACTIVE","12 | 1","12/20/2023","11/30/2024","DBA: RUNA RARE WINES LLC                         RUNA RARE WINES LLC                         2225 CAMINO VIDA ROBLE , STE 100,                         CARLSBAD, CA  92011-1552","PO BOX 5000 PMB 296                              RANCHO SANTA FE, CA  92067","","","","9","3701","2225 CAMINO VIDA ROBLE , STE 100","CARLSBAD","37","92011","PO BOX 5000 PMB 296","RANCHO SANTA FE","92067","CA"
"653509","PEND ACTIVE","17 | 1","12/20/2023","11/30/2024","DBA: RUNA RARE WINES LLC                         RUNA RARE WINES LLC                         2225 CAMINO VIDA ROBLE , STE 100,                         CARLSBAD, CA  92011-1552","PO BOX 5000 PMB 296                              RANCHO SANTA FE, CA  92067","","","","9","3701","2225 CAMINO VIDA ROBLE , STE 100","CARLSBAD","37","92011","PO BOX 5000 PMB 296","RANCHO SANTA FE","92067","CA"
"653509","PEND ACTIVE","18 | 1","12/20/2023","11/30/2024","DBA: RUNA RARE WINES LLC                         RUNA RARE WINES LLC                         2225 CAMINO VIDA ROBLE , STE 100,                         CARLSBAD, CA  92011-1552","PO BOX 5000 PMB 296                              RANCHO SANTA FE, CA  92067","","","","9","3701","2225 CAMINO VIDA ROBLE , STE 100","CARLSBAD","37","92011","PO BOX 5000 PMB 296","RANCHO SANTA FE","92067","CA"
"653530","PEND WITHDRAWN","41 | 0","","","DBA: AIDEN BY BEST WESTERN @BERKELEY                        BERKELEY HOSPITALITY, LLC                         1499 UNIVERSITY AVE,                         BERKELEY, CA  94702","","","","","22","0103","1499 UNIVERSITY AVE","BERKELEY","01","94702","","","",""
"653624","PEND ACTIVE","21 | 0","12/21/2023","11/30/2024","DBA: DONS MARKET & LIQUOR                        LOPCHAN, INC.                         1589 SIR FRANCIS DRAKE BLVD,                         FAIRFAX, CA  94930-1213","625 31ST ST                              RICHMOND, CA  94804","21-580731","","OLD REPUBLIC TITLE COMPANY 1000 BURNETT AVE #400 CONCORD, CA  94520","27","2103","1589 SIR FRANCIS DRAKE BLVD","FAIRFAX","21","94930","625 31ST ST","RICHMOND","94804","CA"
"653698","PEND ACTIVE","48 | 0","12/20/2023","11/30/2024","JUNEBUG BAR CORPORATION                         117 PHOENIX AVE,                         MODESTO, CA  95354","5622 DALE RD                              MODESTO, CA  95356","48-580878","","CALIFORNIA BUSINESS ESCROW 1748 MAIN ST ESCALON, CA  95320-1927","29","5002","117 PHOENIX AVE","MODESTO","50","95354","5622 DALE RD","MODESTO","95356","CA"
"653725","PEND ACTIVE","41 | 0","12/20/2023","11/30/2024","DBA: MIAS BRICK OVEN PIZZA & SPECIALTIES                        MOUNTAIN HIGH FIRE & FLOUR, LLC                         30040 HIGHWAY 108,                         COLD SPRINGS, CA  95335-9702","","41-484684","","FIDELITY NATIONAL TITLE COMPANY 2099 GATEWAY PL STE 500 SAN JOSE, CA  95110","29","5500","30040 HIGHWAY 108","COLD SPRINGS","55","95335","","","",""
"653873","PEND ACTIVE","41 | 0","12/20/2023","11/30/2024","DBA: OFF SPRING PIZZA                        B R H ASSOCIATES INC                         14111 HIGHWAY 128, STE 3,                         BOONVILLE, CA  95415","PO BOX 326                              BOONVILLE, CA  95415","","7","","27","2300","14111 HIGHWAY 128, STE 3","BOONVILLE","23","95415","PO BOX 326","BOONVILLE","95415","CA"
"654104","PEND ACTIVE","41 | 0","12/21/2023","11/30/2024","DBA: EL OASIS MARISCOS                        EL OASIS MARISCOS, INC.                         14551 TEMPLE AVE, STE A & B,                         LA PUENTE, CA  91744-3491","","","","","2","1930","14551 TEMPLE AVE, STE A & B","LA PUENTE","19","91744","","","",""
"654150","PEND ACTIVE","41 | 0","12/20/2023","11/30/2024","DBA: THE GURKHA KITCHEN                        AAYAN FOODS LLC                         855 B STREET,                         HAYWARD, CA  94541-5107","","","7","","22","0106","855 B STREET","HAYWARD","01","94541","","","",""
"654220","PEND ACTIVE","41 | 0","12/20/2023","11/30/2024","DBA: MARISCOS MI LINDO APATZINGAN INC                         MARISCOS MI LINDO APATZINGAN INC                         10529-31 HOLE AVE,                         RIVERSIDE, CA  92505-1619","","41-612492","7","","7","3312","10529-31 HOLE AVE","RIVERSIDE","33","92505","","","",""
"654245","PEND ACTIVE","21 | 0","12/20/2023","11/30/2024","DBA: PARTY HOUSE                         FEDAIL INC                         4060 CHINO HILLS PKWY,                         CHINO HILLS, CA  91709","","21-557513","","","7","3623","4060 CHINO HILLS PKWY","CHINO HILLS","36","91709","","","",""
"654292","PEND ACTIVE","41 | 0","12/21/2023","12/31/2024","DBA: MIDWAY, THE                        MWKS LLC, THE                         1209 SOQUEL AVE,                         SANTA CRUZ, CA  95062-2107","132 SUNNYSIDE AVE                              SANTA CRUZ, CA  95062","41-643463","7,8","","26","4402","1209 SOQUEL AVE","SANTA CRUZ","44","95062","132 SUNNYSIDE AVE","SANTA CRUZ","95062","CA"
"655061","PEND ACTIVE","82 | 0","12/20/2023","11/30/2024","DBA: X NOVO                        X NOVO LLC                         6655 SPRING VALLEY ROAD NW,                         SALEM, OR  97304","2265 BOYSON LANE                              HELENA, CA  94574","","","","75","9999","6655 SPRING VALLEY ROAD NW","SALEM","","97304","2265 BOYSON LANE","HELENA","94574","CA"
"655156","PEND ACTIVE","28 | 0","12/20/2023","06/30/2024","DARK ARTS WHISKEY HOUSE, LLC                         203 LISLE INDUSTRIAL AVE, UNIT 160,                         LEXINGTON, KY  40511","","","","","75","9999","203 LISLE INDUSTRIAL AVE, UNIT 160","LEXINGTON","","40511","","","",""
"655291","PEND ACTIVE","28 | 0","12/20/2023","06/30/2024","G&I SPIRIT GROUP USA IMPORTATION LLC                         4600 140TH AVE N,                         CLEARWATER, FL  33762","","","","","75","9999","4600 140TH AVE N","CLEARWATER","","33762","","","",""