"License Number","Status Changed From/To","Type| Dup","Original Issue Date","Expir. Date","Primary Owner and Premises Addr.","Mailing Addr.","Transfer-From/To","Conditions","Escrow","District Code","Geo Code","Prem Street","City","County","Zip Code","Mailing Street","Mailing City","Mailing Zip Code","Mailing State"
"260730","SUREND CANCEL","02 | 0","08/08/1991","06/30/2023","DBA: MIETZ CELLARS                        MIETZ, KEITH ALLAN                         602 LIMERICK LN,                         HEALDSBURG, CA  95448-9585","1375 W DRY CREEK RD                              HEALDSBURG, CA  95448","","7","","27","4900","602 LIMERICK LN","HEALDSBURG","49","95448","1375 W DRY CREEK RD","HEALDSBURG","95448","CA"
"260730","SUREND CANCEL","02 | 0","08/08/1991","06/30/2023","DBA: MIETZ CELLARS                        MIETZ, KEITH ALLAN                         602 LIMERICK LN,                         HEALDSBURG, CA  95448-9585","1375 W DRY CREEK RD                              HEALDSBURG, CA  95448","","7","","27","4900","602 LIMERICK LN","HEALDSBURG","49","95448","1375 W DRY CREEK RD","HEALDSBURG","95448","CA"
"260730","SUREND CANCEL","02 | 0","08/08/1991","06/30/2023","DBA: MIETZ CELLARS                        MIETZ, KEITH ALLAN                         602 LIMERICK LN,                         HEALDSBURG, CA  95448-9585","1375 W DRY CREEK RD                              HEALDSBURG, CA  95448","","7","","27","4900","602 LIMERICK LN","HEALDSBURG","49","95448","1375 W DRY CREEK RD","HEALDSBURG","95448","CA"
"423078","ACTIVE NREN","26 | 0","02/04/2005","06/30/2023","DBA: BJS RESTAURANT & BREWERY                        BJS RESTAURANTS INC                         3155 CHANDLER BLVD, STE 1,                         CHANDLER, AZ  85226","7755 CENTER AVE, STE 300                              HUNTINGTON BEACH, CA  92647-3084","","","","50","9999","3155 CHANDLER BLVD, STE 1","CHANDLER","","85226","7755 CENTER AVE, STE 300","HUNTINGTON BEACH","92647","CA"
"424653","SUREND CANCEL","02 | 0","04/12/2005","06/30/2023","DBA: MIETZ CELLARS                        MIETZ, KEITH ALLAN                         1375 W DRY CREEK RD,                         HEALDSBURG, CA  95448","","","7","","27","4902","1375 W DRY CREEK RD","HEALDSBURG","49","95448","","","",""
"424653","SUREND CANCEL","02 | 0","04/12/2005","06/30/2023","DBA: MIETZ CELLARS                        MIETZ, KEITH ALLAN                         1375 W DRY CREEK RD,                         HEALDSBURG, CA  95448","","","7","","27","4902","1375 W DRY CREEK RD","HEALDSBURG","49","95448","","","",""
"468655","ACTIVE CANCEL","20 | 0","12/24/2008","11/30/2023","DBA: ONE STOP FOOD & WATER                        AUDISH, HAZIM                         4583-85 LA SIERRA AVE, STE 1 & 2,                         RIVERSIDE, CA  92505","4585 LA SIERRA AVE                              RIVERSIDE, CA  92505","20-343063/ 20-648293","7","","7","3312","4583-85 LA SIERRA AVE, STE 1 & 2","RIVERSIDE","33","92505","4585 LA SIERRA AVE","RIVERSIDE","92505","CA"
"469036","ACTIVE CANCEL","20 | 0","11/10/2008","10/31/2023","DBA: ARCO AM PM                        SUNRISE RANCHO GAS INC                         2295 SUNRISE BLVD,                         RANCHO CORDOVA, CA  95670-4341","","20-386266/ 20-612205","","","23","3400","2295 SUNRISE BLVD","RANCHO CORDOVA","34","95670","","","",""
"486281","ACTIVE CANCEL","02 | 1","04/13/2010","06/30/2024","DBA: MASSICAN                        MASSICAN LLC                         1518 FILMORE ST,                         CALISTOGA, CA  94515-1310","PO BOX 86                              SAINT HELENA, CA  94574","","7","","27","2801","1518 FILMORE ST","CALISTOGA","28","94515","PO BOX 86","SAINT HELENA","94574","CA"
"486281","ACTIVE CANCEL","09 | 1","04/13/2010","06/30/2024","DBA: MASSICAN                        MASSICAN LLC                         1518 FILMORE ST,                         CALISTOGA, CA  94515-1310","PO BOX 86                              SAINT HELENA, CA  94574","","7","","27","2801","1518 FILMORE ST","CALISTOGA","28","94515","PO BOX 86","SAINT HELENA","94574","CA"
"512730","SUREND ACTIVE","47 | 0","09/15/2011","08/31/2024","DBA: TRATTORIA 25                        LOPIA                         2501 S SANTA FE AVE,                         VERNON, CA  90058-1115","","47-400053","7","","2","1959","2501 S SANTA FE AVE","VERNON","19","90058","","","",""
"512730","WTHDRN ACTIVE","47 | 0","","","DBA: TRATTORIA 25                        LOPIA                         2501 S SANTA FE AVE,                         VERNON, CA  90058-1115","","","7","","2","1959","2501 S SANTA FE AVE","VERNON","19","90058","","","",""
"525413","SUSPEN ACTIVE","47 | 0","02/12/2013","01/31/2024","DBA: JOHNNYS TACOS & SPORTS                        LAZZARINI, MARCOGINO KENNETH                         1756 E LUGONIA AVE, # 106-108,                         REDLANDS, CA  92374-2735","1752 E LUGONIA AVE , STE 117                              BOX 420, REDLANDS, CA  92374-2731","","5,7","","7","3608","1756 E LUGONIA AVE, # 106-108","REDLANDS","36","92374","1752 E LUGONIA AVE , STE 117","REDLANDS","92374","CA"
"540358","ACTIVE CANCEL","20 | 0","05/15/2014","04/30/2024","DBA: SAN MIGUEL MARKET & DELI                        ROMAN, PABLO                         1299 MISSION ST UT 2,                         SAN MIGUEL, CA  93451","PO BOX 428                              SAN MIGUEL, CA  93451-0428","20-378514/ 20-645785","7","FIRST AMERICAN TITLE COMPANY 899 PACIFIC STREET SAN LUIS OBISPO, CA  93401","13","4000","1299 MISSION ST UT 2","SAN MIGUEL","40","93451","PO BOX 428","SAN MIGUEL","93451","CA"
"544965","ACTIVE CANCEL","41 | 1","08/19/2014","07/31/2023","DBA: WEST COAST WINE AND CHEESE                        WANNER WINES LLC                         2165 UNION ST,                         SAN FRANCISCO, CA  94123-4003","","41-523382/ 41-648215","7","FIDELITY NATIONAL TITLE COMPANY 1 DANIEL BURNHAM CT STE 218C SAN FRANCISCO, CA  94109","24","3800","2165 UNION ST","SAN FRANCISCO","38","94123","","","",""
"544965","ACTIVE CANCEL","58 | 1","08/19/2014","07/31/2023","DBA: WEST COAST WINE AND CHEESE                        WANNER WINES LLC                         2165 UNION ST,                         SAN FRANCISCO, CA  94123-4003","","41-523382/ 41-648215","7","FIDELITY NATIONAL TITLE COMPANY 1 DANIEL BURNHAM CT STE 218C SAN FRANCISCO, CA  94109","24","3800","2165 UNION ST","SAN FRANCISCO","38","94123","","","",""
"565731","PEND ACTIVE","12 | 1","07/18/2023","06/30/2024","DBA: THE JACK EDWARDS COLLECTION                         J.A.E. WINE IMPORTS, LLC                         18 HARVARD LN,                         NAPA, CA  94558-4118","","","7","","27","2802","18 HARVARD LN","NAPA","28","94558","","","",""
"565731","PEND ACTIVE","18 | 1","07/18/2023","06/30/2024","DBA: THE JACK EDWARDS COLLECTION                         J.A.E. WINE IMPORTS, LLC                         18 HARVARD LN,                         NAPA, CA  94558-4118","","","7","","27","2802","18 HARVARD LN","NAPA","28","94558","","","",""
"566334","ACTIVE CANCEL","02 | 0","09/19/2017","06/30/2023","DBA: FAIRCHILD NAPA VALLEY                        FAIRCHILD NAPA VALLEY LLC                         1377 MAIN ST, STE 4,                         SAINT HELENA, CA  94574-1942","PO BOX 2000                              SAINT HELENA, CA  94574-2099","","","","27","2803","1377 MAIN ST, STE 4","SAINT HELENA","28","94574","PO BOX 2000","SAINT HELENA","94574","CA"
"572936","ACTIVE NREN","02 | 0","05/16/2017","06/30/2023","DBA: KANDARIAN WINE CELLARS                        KANDARIAN WINE CELLARS LLC                         2545 NAPA VALLEY CORPORATE DR, STE C,                         NAPA, CA  94558-6202","1707 LATIGO LN                              HEALDSBURG, CA  95448","","","","27","2802","2545 NAPA VALLEY CORPORATE DR, STE C","NAPA","28","94558","1707 LATIGO LN","HEALDSBURG","95448","CA"
"580387","ACTIVE CANCEL","41 | 0","11/30/2017","10/31/2023","DBA: NAUTICAL COWBOY                        MORRO ROCK, LLC                         6005 EL CAMINO REAL,                         ATASCADERO, CA  93422-4210","PO BOX 628                              TEMPLETON, CA  93465-0628","","7","","13","4007","6005 EL CAMINO REAL","ATASCADERO","40","93422","PO BOX 628","TEMPLETON","93465","CA"
"598555","PEND ACTIVE","02 | 0","07/18/2023","06/30/2024","DBA: UNWRITTEN WINES                        LOST CELLARS, LLC                         70 TRIPP CT,                         WOODSIDE, CA  94062-4232","","","","","25","4115","70 TRIPP CT","WOODSIDE","41","94062","","","",""
"599219","ACTIVE CANCEL","41 | 0","12/27/2018","11/30/2023","DBA: PREETHI INDIAN CUISINE                        PREETHI INDIAN CUISINE                         1905 & 1907 CAPITOL AVE,                         SACRAMENTO, CA  95811-4212","715 2ND ST                              DAVIS, CA  95616-4622","","7","","23","3405","1905 & 1907 CAPITOL AVE","SACRAMENTO","34","95811","715 2ND ST","DAVIS","95616","CA"
"600504","ACTIVE CANCEL","17 | 1","12/07/2018","07/31/2023","DBA: SW DISTRIBUTION LLC                        SW WINE DISTRIBUTION, LLC                         12781 WESTERN AVE, STE U,                         GARDEN GROVE, CA  92841-4024","5415 OLD PIRATE DR                              HUNTINGTON BEACH, CA  92649-3608","17-582221","7","","11","3009","12781 WESTERN AVE, STE U","GARDEN GROVE","30","92841","5415 OLD PIRATE DR","HUNTINGTON BEACH","92649","CA"
"600504","ACTIVE CANCEL","20 | 0","12/07/2018","07/31/2022","DBA: SW DISTRIBUTION LLC                        SW WINE DISTRIBUTION, LLC                         12781 WESTERN AVE, STE U,                         GARDEN GROVE, CA  92841-4024","5415 OLD PIRATE DR                              HUNTINGTON BEACH, CA  92649-3608","20-582221","7,I","","11","3009","12781 WESTERN AVE, STE U","GARDEN GROVE","30","92841","5415 OLD PIRATE DR","HUNTINGTON BEACH","92649","CA"
"600504","ACTIVE CANCEL","09 | 1","12/07/2018","07/31/2023","DBA: SW DISTRIBUTION LLC                        SW WINE DISTRIBUTION, LLC                         12781 WESTERN AVE, STE U,                         GARDEN GROVE, CA  92841-4024","5415 OLD PIRATE DR                              HUNTINGTON BEACH, CA  92649-3608","17-582221","7","","11","3009","12781 WESTERN AVE, STE U","GARDEN GROVE","30","92841","5415 OLD PIRATE DR","HUNTINGTON BEACH","92649","CA"
"608744","ACTIVE CANCEL","41 | 0","10/07/2019","09/30/2023","DBA: LOS SINALOENSES MEXICAN RESTAURANT                        LEYVA IBANEZ, MARIA ALEJANDRA                         1134 5TH ST,                         EUREKA, CA  95501-1125","","","","","28","1203","1134 5TH ST","EUREKA","12","95501","","","",""
"609682","ACTIVE CANCEL","47 | 0","11/03/2020","10/31/2023","DBA: SAMS FISH CAMP                        SAMS FISH CAMP LLC                         16600 PACIFIC COAST HWY,                         HUNTINGTON BEACH, CA  92649-1826","3185 AIRWAY AVE, BLDG J                              COSTA MESA, CA  92626-4601","","5,7","","11","3010","16600 PACIFIC COAST HWY","HUNTINGTON BEACH","30","92649","3185 AIRWAY AVE, BLDG J","COSTA MESA","92626","CA"
"610100","ACTIVE CANCEL","47 | 0","04/21/2020","03/31/2024","DBA: BACARO LA                        BACARI MC INCORPORATED                         2308 S UNION AVE,                         LOS ANGELES, CA  90007-1843","","47-561403/ 47-647186","2,7","FEDERAL ESCROW , INC 23734 VALENCIA BLVD STE 100A VALENCIA, CA  91355","4","1933","2308 S UNION AVE","LOS ANGELES","19","90007","","","",""
"612205","PEND ACTIVE","20 | 0","07/18/2023","10/31/2024","DBA: ARCO AM/PM                        SUNRISE RANCHO GAS INC                         2295 SUNRISE BLVD,                         RANCHO CORDOVA, CA  95670-4341","","20-469036","7","","23","3400","2295 SUNRISE BLVD","RANCHO CORDOVA","34","95670","","","",""
"613317","REVPEN ACTIVE","41 | 0","04/10/2020","03/31/2024","DBA: ROOSTER & RICE                        ROOSTER & RICE BROKAW LLC                         1078 E BROKAW RD, STE 40,                         SAN JOSE, CA  95131-2309","3723 HAVEN AVE, STE 110                              MENLO PARK, CA  94025","","","","25","4313","1078 E BROKAW RD, STE 40","SAN JOSE","43","95131","3723 HAVEN AVE, STE 110","MENLO PARK","94025","CA"
"613317","REVPEN ACTIVE","41 | 0","04/10/2020","03/31/2024","DBA: ROOSTER & RICE                        ROOSTER & RICE BROKAW LLC                         1078 E BROKAW RD, STE 40,                         SAN JOSE, CA  95131-2309","3723 HAVEN AVE, STE 110                              MENLO PARK, CA  94025","","","","25","4313","1078 E BROKAW RD, STE 40","SAN JOSE","43","95131","3723 HAVEN AVE, STE 110","MENLO PARK","94025","CA"
"614904","ACTIVE CANCEL","41 | 0","04/24/2020","03/31/2024","DBA: JARRITOS Y MARISCOS LOS JUANES Y MEXICAN FOOD                        PEREZ, VERONICA                         373 BEAR MOUNTAIN BLVD,                         ARVIN, CA  93203-1507","","","7","","6","1509","373 BEAR MOUNTAIN BLVD","ARVIN","15","93203","","","",""
"619774","PEND ACTIVE","47 | 0","07/19/2023","06/30/2024","DBA: KINJA SUSHI                        MJKANG, INC                         357 GRAND AVE,                         OAKLAND, CA  94610-4827","110 SHERIDAN RD                              OAKLAND, CA  94618","","5","","22","0109","357 GRAND AVE","OAKLAND","01","94610","110 SHERIDAN RD","OAKLAND","94618","CA"
"625354","ACTIVE CANCEL","58 | 1","11/10/2021","10/31/2023","DBA: FARM TABLE                        ECHO TANGO INC                         311 MAIN ST,                         PLACERVILLE, CA  95667-5605","","41-565509/ 41-644921","7","OLD REPUBLIC TITLE COMPANY 1000 BURNETT AVE STE 400 CONCORD, CA  94520-2088","23","0901","311 MAIN ST","PLACERVILLE","09","95667","","","",""
"625354","ACTIVE CANCEL","41 | 1","11/10/2021","10/31/2023","DBA: FARM TABLE                        ECHO TANGO INC                         311 MAIN ST,                         PLACERVILLE, CA  95667-5605","","41-565509/ 41-644921","7","OLD REPUBLIC TITLE COMPANY 1000 BURNETT AVE STE 400 CONCORD, CA  94520-2088","23","0901","311 MAIN ST","PLACERVILLE","09","95667","","","",""
"630104","PEND ACTIVE","47 | 0","07/19/2023","06/30/2024","DBA: WAWA THAI FOOD                        WAWA THAI FOOD LLC                         3009 MACARTHUR BLVD,                         OAKLAND, CA  94602-3211","40 CATHY LANE                              OAKLAND, CA  94619","","5","","22","0109","3009 MACARTHUR BLVD","OAKLAND","01","94602","40 CATHY LANE","OAKLAND","94619","CA"
"630857","PEND WITHDRAWN","41 | 0","","","DBA: EAT FANTASTIC                        EAT FANTASTIC #4, INC.                         4466 E LIVE OAK AVE,                         ARCADIA, CA  91006-5508","735 N DOUGLAS ST                              EL SEGUNDO, CA  90245-2830","","","","2","1900","4466 E LIVE OAK AVE","ARCADIA","19","91006","735 N DOUGLAS ST","EL SEGUNDO","90245","CA"
"632024","PEND WITHDRAWN","20 | 0","","","7 ELEVEN INC                         500 N 2ND ST,                         EL CAJON, CA  92021-6448","PO BOX 139044, ATTEN: LICENSING DEPARTMENT                              DALLAS, TX  75313-9044","596420","7","7 ELEVEN INC PO BOX 219088 DALLAS, TX  75221-9088","10","3704","500 N 2ND ST","EL CAJON","37","92021","PO BOX 139044, ATTEN: LICENSING DEPARTMENT","DALLAS","75313","TX"
"633725","ACTIVE SUREND","21 | 0","02/22/2022","01/31/2024","DBA: ARCO #66569                        VEER PUMP PARTNERS INC                         14914 PACIFIC AVE,                         BALDWIN PARK, CA  91706-5666","110 E LONGDEN AVE, STE A                              IRWINDALE, CA  91706-1356","21-486889/ 21-650578","","DYNASTY ESCROW CORPORATION 205 S CHAPEL AVE STE D ALHAMBRA, CA  91801","2","1905","14914 PACIFIC AVE","BALDWIN PARK","19","91706","110 E LONGDEN AVE, STE A","IRWINDALE","91706","CA"
"635084","PEND WITHDRAWN","41 | 0","","","DBA: EL PASTOR DEL RICA TAQUERIA                         EPDR TAQUERIA I LLC                         645 BROADWAY,                         CHULA VISTA, CA  91910-5309","1625 SANTA VENETIA , APT 1111                              CHULA VISTA, CA  91913","","7","","10","3702","645 BROADWAY","CHULA VISTA","37","91910","1625 SANTA VENETIA , APT 1111","CHULA VISTA","91913","CA"
"638794","PEND WITHDRAWN","02 | 0","","","DBA: TERAH WINE CO                        TERAH WINE COMPANY LLC                         11775 WATSONVILLE RD,                         GILROY, CA  95020-9434","18600 GRAYSTONE LANE                              SAN JOSE, CA  95120","617701","7","","25","4304","11775 WATSONVILLE RD","GILROY","43","95020","18600 GRAYSTONE LANE","SAN JOSE","95120","CA"
"639711","PEND ACTIVE","18 | 1","07/19/2023","06/30/2024","MI GENTE SPIRITS LLC                         175 VILLANOVA DR,                         OAKLAND, CA  94611","","","7","","22","0109","175 VILLANOVA DR","OAKLAND","01","94611","","","",""
"639711","PEND ACTIVE","12 | 1","07/19/2023","06/30/2024","MI GENTE SPIRITS LLC                         175 VILLANOVA DR,                         OAKLAND, CA  94611","","","7","","22","0109","175 VILLANOVA DR","OAKLAND","01","94611","","","",""
"641144","PEND ACTIVE","41 | 0","07/19/2023","06/30/2024","DBA: MAS CHINGON TACOS                         MASCHINGONTACOS LLC                          9322 LONG BEACH BLVD ,                         SOUTH GATE, CA  90280-4678","PO BOX 39773                              DOWNEY, CA  90239-0773","","","","2","1956","9322 LONG BEACH BLVD","SOUTH GATE","19","90280","PO BOX 39773","DOWNEY","90239","CA"
"641809","PEND ACTIVE","21 | 0","07/19/2023","06/30/2024","DBA: CLUB HOUSE LIQUOR                         KOUSA, GHADA ELIAS                         1143 E ALOSTA AVE,                         AZUSA, CA  91702-2740","6408 COUNTRY CLUB DR                               LA VERNE, CA  91750","21-514572","","PALOMARES ESCROW 140 S EUCLID AVE UPLAND, CA  91786","2","1904","1143 E ALOSTA AVE","AZUSA","19","91702","6408 COUNTRY CLUB DR","LA VERNE","91750","CA"
"642048","PEND ACTIVE","47 | 0","07/19/2023","06/30/2024","MANAGER WATER LLC                         1500 1ST ST, STE 140,                         NAPA, CA  94559-2871","","","5","","27","2802","1500 1ST ST, STE 140","NAPA","28","94559","","","",""
"642380","WTHDRN PENDING","21 | 0","","","DBA: GOLD STAR MART                        GOLD STAR FAMILY LLC                         930 S ST,                         SACRAMENTO, CA  95811-7025","","","","","23","3405","930 S ST","SACRAMENTO","34","95811","","","",""
"643206","PEND ACTIVE","21 | 0","07/19/2023","06/30/2024","DBA: LUCKY CALIFORNIA 740                        LUCKY STORES (SAVE MART) LLC                          939 LAKEVILLE ST,                         PETALUMA, CA  94952-3329","PO BOX 4664                              MODESTO, CA  95352-4664","21-449773","","","27","4903","939 LAKEVILLE ST","PETALUMA","49","94952","PO BOX 4664","MODESTO","95352","CA"
"643206","PEND ACTIVE","86 | 0","07/19/2023","06/30/2024","DBA: LUCKY CALIFORNIA 740                        LUCKY STORES (SAVE MART) LLC                          939 LAKEVILLE ST,                         PETALUMA, CA  94952-3329","PO BOX 4664                              MODESTO, CA  95352-4664","86-449773","","","27","4903","939 LAKEVILLE ST","PETALUMA","49","94952","PO BOX 4664","MODESTO","95352","CA"
"643208","PEND ACTIVE","21 | 0","07/19/2023","06/30/2024","DBA: LUCKYS 775                        LUCKY STORES (SAVE MART) LLC                          150 BICENTENNIAL WAY,                         SANTA ROSA, CA  95403-1789","PO BOX 4664                              MODESTO, CA  95352-4664","21-449817","","","27","4904","150 BICENTENNIAL WAY","SANTA ROSA","49","95403","PO BOX 4664","MODESTO","95352","CA"
"643209","PEND ACTIVE","21 | 0","07/19/2023","06/30/2024","DBA: LUCKYS 776                        LUCKY STORES (SAVE MART) LLC                          915 VILLAGE CT,                         SANTA ROSA, CA  95405-6759","PO BOX 4664                              MODESTO, CA  95352-4664","21-449775","","","27","4904","915 VILLAGE CT","SANTA ROSA","49","95405","PO BOX 4664","MODESTO","95352","CA"
"643212","PEND ACTIVE","21 | 0","07/19/2023","06/30/2024","DBA: LUCKYS 778                        LUCKY STORES (SAVE MART) LLC                          19181 SONOMA HWY,                         SONOMA, CA  95476-5449","PO BOX 4664                              MODESTO, CA  95352-4664","21-449774","","","27","4900","19181 SONOMA HWY","SONOMA","49","95476","PO BOX 4664","MODESTO","95352","CA"
"643212","PEND ACTIVE","86 | 0","07/19/2023","06/30/2024","DBA: LUCKYS 778                        LUCKY STORES (SAVE MART) LLC                          19181 SONOMA HWY,                         SONOMA, CA  95476-5449","PO BOX 4664                              MODESTO, CA  95352-4664","86-449774","","","27","4900","19181 SONOMA HWY","SONOMA","49","95476","PO BOX 4664","MODESTO","95352","CA"
"643301","PEND ACTIVE","21 | 0","07/19/2023","06/30/2024","DBA: 7-ELEVEN #33163                        7 ELEVEN INC                         7100 DOUGHERTY RD,                         DUBLIN, CA  94568-3124","PO BOX 139044, ATTN: LICENSING DEPARTMENT                              DALLAS, TX  75313-9044","21-42933","","INNOVATIVE ESCROW 28212 KELLY JOHNSON PKWY STE. 100 VALENCIA, CA  91355","22","0114","7100 DOUGHERTY RD","DUBLIN","01","94568","PO BOX 139044, ATTN: LICENSING DEPARTMENT","DALLAS","75313","TX"
"643629","PEND ACTIVE","23 | 0","07/19/2023","06/30/2024","DBA: 3 CHIEFS BREWING                        3 CHIEFS BREWING, LLC                         2698 SAINT LOUIS AVE, UNIT A,                         SIGNAL HILL, CA  90755-2024","","","","","3","1955","2698 SAINT LOUIS AVE, UNIT A","SIGNAL HILL","19","90755","","","",""
"644297","PEND ACTIVE","47 | 0","07/18/2023","06/30/2024","DBA: CALICO FISH HOUSE                        CALICO HB, LLC                         16600 PACIFIC COAST HWY,                         HUNTINGTON BEACH, CA  92649-1826","10661 ELLIS AVE, STE F                              FOUNTAIN VALLEY, CA  92708-6914","47-609682","7","JEAN ALLEN ESCROW CO INC 3341 CERRITOS AVE LOS ALAMITOS, CA  90720-2105","11","3010","16600 PACIFIC COAST HWY","HUNTINGTON BEACH","30","92649","10661 ELLIS AVE, STE F","FOUNTAIN VALLEY","92708","CA"
"644473","PEND ACTIVE","74 | 0","07/18/2023","06/30/2024","DBA: KROBAR CRAFT DISTILLERY                        KROBAR CRAFT DISTILLERY, LLC                         1701 MONTEREY ST,                         SAN LUIS OBISPO, CA  93401-2931","310 SAGE ST                              SAN LUIS OBISPO, CA  93401-6803","","7","","13","4004","1701 MONTEREY ST","SAN LUIS OBISPO","40","93401","310 SAGE ST","SAN LUIS OBISPO","93401","CA"
"644473","PEND ACTIVE","06 | 0","07/18/2023","06/30/2024","DBA: KROBAR CRAFT DISTILLERY                        KROBAR CRAFT DISTILLERY, LLC                         1701 MONTEREY ST,                         SAN LUIS OBISPO, CA  93401-2931","310 SAGE ST                              SAN LUIS OBISPO, CA  93401-6803","","7","","13","4004","1701 MONTEREY ST","SAN LUIS OBISPO","40","93401","310 SAGE ST","SAN LUIS OBISPO","93401","CA"
"644496","PEND WITHDRAWN","20 | 0","","","DBA: ARCO AMPM#47008                        950 BEAR MOUNTAIN ARVIN, OPERATING, INC.                         950 BEAR MOUNTAIN BLVD,                         ARVIN, CA  93203","3633 INLAND EMPIRE BLVD, STE 500                              ONTARIO, CA  91764","571084","","STEWART TITLE 1200 CALIFORNIA ST STE 120 REDLANDS, CA  92374","6","1509","950 BEAR MOUNTAIN BLVD","ARVIN","15","93203","3633 INLAND EMPIRE BLVD, STE 500","ONTARIO","91764","CA"
"644889","PEND ACTIVE","41 | 0","07/19/2023","06/30/2024","DBA: MENDOCINO FARMS SANDWICH MARKET                        MENDOCINO FARMS LLC                         1895 YGNACIO VALLEY RD #28,                         WALNUT CREEK, CA  94598-3214","2004 E PARK PL, STE H                              EL SEGUNDO, CA  90245-6100","","7","","22","0711","1895 YGNACIO VALLEY RD #28","WALNUT CREEK","07","94598","2004 E PARK PL, STE H","EL SEGUNDO","90245","CA"
"644921","PEND ACTIVE","58 | 1","07/18/2023","06/30/2024","DBA: FRANNY'S FARM TABLE                        CEJA INCORPORATED                         311 MAIN ST,                         PLACERVILLE, CA  95667-5605","","41-625354","7","TYLER Q. DAHL 701 UNIVERSITY AVE STE 108 SACRAMENTO, CA  95825","23","0901","311 MAIN ST","PLACERVILLE","09","95667","","","",""
"644921","PEND ACTIVE","41 | 1","07/18/2023","06/30/2024","DBA: FRANNY'S FARM TABLE                        CEJA INCORPORATED                         311 MAIN ST,                         PLACERVILLE, CA  95667-5605","","41-625354","7","TYLER Q. DAHL 701 UNIVERSITY AVE STE 108 SACRAMENTO, CA  95825","23","0901","311 MAIN ST","PLACERVILLE","09","95667","","","",""
"645144","PEND ACTIVE","47 | 0","07/19/2023","06/30/2024","DBA: CRAFTSMAN, THE                        SMOKE AND FIRE SOCIAL EATERY LLC                         549 S ANAHEIM BLVD,                         ANAHEIM, CA  92805-4753","11731 GRAYSTONE AVE                              NORWALK, CA  90650-7805","47-576292","7","ABC ESCROW COMPANY 2222 DAMON STREET LOS ANGELES, CA  90021","11","3001","549 S ANAHEIM BLVD","ANAHEIM","30","92805","11731 GRAYSTONE AVE","NORWALK","90650","CA"
"645428","PEND ACTIVE","02 | 0","07/18/2023","06/30/2024","DBA: BLACK OAK RIDGE                        BLACK OAK RIDGE RANCH LLC                         10295 WESTSIDE RD,                         HEALDSBURG, CA  95448-8346","BLACK OAK RIDGE RANCH LLC, C/O LUDOVIC LACOURTE                               BOONVILLE, CA  95415-0585","","","","27","4900","10295 WESTSIDE RD","HEALDSBURG","49","95448","BLACK OAK RIDGE RANCH LLC, C/O LUDOVIC LACOURTE","BOONVILLE","95415","CA"
"645518","PEND ACTIVE","41 | 0","07/19/2023","06/30/2024","DBA: CHAMPAGNE FRENCH BAKERY CAFE                        SOURDOUGH RESTAURANT HOLDINGS INC                         11925 CARMEL MOUNTAIN RD 801,                         SAN DIEGO, CA  92128","50 FRANCISCO ST., STE 235                              SAN FRANCISCO, CA  94133","","7","","9","3710","11925 CARMEL MOUNTAIN RD 801","SAN DIEGO","37","92128","50 FRANCISCO ST., STE 235","SAN FRANCISCO","94133","CA"
"645785","PEND ACTIVE","20 | 0","07/18/2023","04/30/2024","DBA: SAN MIGUEL MARKET & DELI                        TAQUERIA SAN MIGUEL AND MARKETS, INC.                         1299 MISSION ST UT 2,                         SAN MIGUEL, CA  93451","13777 SAN MIGUEL RD                               ATASCADERO, CA  93422-1611","20-540358","7,8","","13","4000","1299 MISSION ST UT 2","SAN MIGUEL","40","93451","13777 SAN MIGUEL RD","ATASCADERO","93422","CA"
"645973","PEND ACTIVE","09 | 1","07/18/2023","06/30/2024","DBA: MASSICAN WINERY                        MASSICAN LLC                         110-122 CAMINO ORUGA,                         NAPA, CA  94558-6214","1428 ALLYN AVE                              SAINT HELENA, CA  94574","02-486281","","","27","2800","110-122 CAMINO ORUGA","NAPA","28","94558","1428 ALLYN AVE","SAINT HELENA","94574","CA"
"645973","PEND ACTIVE","02 | 1","07/18/2023","06/30/2024","DBA: MASSICAN WINERY                        MASSICAN LLC                         110-122 CAMINO ORUGA,                         NAPA, CA  94558-6214","1428 ALLYN AVE                              SAINT HELENA, CA  94574","02-486281","","","27","2800","110-122 CAMINO ORUGA","NAPA","28","94558","1428 ALLYN AVE","SAINT HELENA","94574","CA"
"646379","PEND ACTIVE","90 | 0","07/19/2023","06/30/2024","DBA: INDEPENDENT THE                        INDEPENDENT LLC THE                         628 DIVISADERO ST,                         SAN FRANCISCO, CA  94117","","","7","","24","3800","628 DIVISADERO ST","SAN FRANCISCO","38","94117","","","",""
"646514","PEND ACTIVE","47 | 0","07/19/2023","06/30/2024","DBA: LOS AMORES DE JULIA                        LOS AMORES DE JULIA                         8800 WASHINGTON BLVD, STE A,                         PICO RIVERA, CA  90660-3792","1500 S MILIKEN AVE , UNIT A                              ONTARIO, CA  91761","47-563492","","ABC ESCROW 2222 DAMON STREET  LOS ANGELES, CA  90021","2","1944","8800 WASHINGTON BLVD, STE A","PICO RIVERA","19","90660","1500 S MILIKEN AVE , UNIT A","ONTARIO","91761","CA"
"646692","PEND ACTIVE","02 | 0","07/18/2023","06/30/2024","DBA: AZUR WINES                        AZUR WINES LLC                         4105 CHILES POPE VALLEY RD,                         SAINT HELENA, CA  94574-9589","C/O ANCORA BUSINESS SOLUTIONS, PO BOX 884                              NAPA, CA  94559-0884","","","","27","2800","4105 CHILES POPE VALLEY RD","SAINT HELENA","28","94574","C/O ANCORA BUSINESS SOLUTIONS, PO BOX 884","NAPA","94559","CA"
"646864","PEND ACTIVE","02 | 0","07/18/2023","06/30/2024","DBA: DONLEY ESTATE                        DONLEYFAMILYWINES LLC                         410 COLD SPRINGS RD,                         ANGWIN, CA  94508-9657","","","7","","27","2800","410 COLD SPRINGS RD","ANGWIN","28","94508","","","",""
"647085","PEND ACTIVE","41 | 0","07/18/2023","06/30/2024","DBA: INDIA GATE CUISINE                        INDIA GATE CUISINE                         1905 & 1907 CAPITOL AVE,                         SACRAMENTO, CA  95811-4212","9219 LAMPREY DR                              ELK GROVE, CA  95624","41-599219","7","","23","3405","1905 & 1907 CAPITOL AVE","SACRAMENTO","34","95811","9219 LAMPREY DR","ELK GROVE","95624","CA"
"647186","PEND ACTIVE","47 | 0","07/18/2023","06/30/2024","DBA: BACARO LA                        BACARI OPERATIONS, LLC                          2308 S UNION AVE,                         LOS ANGELES, CA  90007-1843","1926 E 7TH ST, UNIT B                              LOS ANGELES, CA  90021","47-610100","7","","4","1933","2308 S UNION AVE","LOS ANGELES","19","90007","1926 E 7TH ST, UNIT B","LOS ANGELES","90021","CA"
"647352","PEND WITHDRAWN","47 | 0","","","DBA: HAVANA MANIA                        HYPERMIND CORP.                         3615 INGLEWOOD AVE,                         REDONDO BEACH, CA  90278","6532 HICKORY STREET                              PALMDALE, CA  93551","384741","","","3","1946","3615 INGLEWOOD AVE","REDONDO BEACH","19","90278","6532 HICKORY STREET","PALMDALE","93551","CA"
"647541","PEND ACTIVE","41 | 0","07/19/2023","06/30/2024","DBA: TAQUERIA LOS CUENROS                        SFC FOOD CORP                         6286 MISSION ST,                         DALY CITY, CA  94014","","","","","25","4105","6286 MISSION ST","DALY CITY","41","94014","","","",""
"647546","PEND ACTIVE","02 | 0","07/18/2023","06/30/2024","DBA: LATIGO RIDGE                        BALLARD CANYON PEAK LLC                         5069 PRESQUILE DR,                         SANTA MARIA, CA  93455-5807","2653 TAPADERO RD                              SOLVANG, CA  93463-9737","","","","13","4200","5069 PRESQUILE DR","SANTA MARIA","42","93455","2653 TAPADERO RD","SOLVANG","93463","CA"
"647570","PEND ACTIVE","41 | 0","07/19/2023","06/30/2024","DBA: BB.Q CHICKEN GARDEN GROVE                        BBQ GG, INC                         9672 GARDEN GROVE BLVD,                         GARDEN GROVE, CA  92844-1516","","","","","11","3009","9672 GARDEN GROVE BLVD","GARDEN GROVE","30","92844","","","",""
"647628","PEND ACTIVE","02 | 0","07/18/2023","06/30/2024","DBA: ROB LAWSON WINES                        PAVI WINES LLC                         865 SILVERADO TRL,                         CALISTOGA, CA  94515-1126","211 KNOLL PL                              SAINT HELENA, CA  94574-9401","","7","","27","2801","865 SILVERADO TRL","CALISTOGA","28","94515","211 KNOLL PL","SAINT HELENA","94574","CA"
"647849","PEND ACTIVE","41 | 0","07/18/2023","06/30/2024","DBA: LOS JUANES MARISCOS & MEXICAN FOOD                        ESPINOZA DE JESUS, MARIA VERONICA                         373 BEAR MOUNTAIN BLVD,                         ARVIN, CA  93203-1507","","41-614904","7","","6","1509","373 BEAR MOUNTAIN BLVD","ARVIN","15","93203","","","",""
"647995","PEND ACTIVE","47 | 0","07/19/2023","07/31/2024","DBA: CHIQUITA ROSITAS                        ROSITAS RESTAURANT INC                         760  E MAIN ST ,                         BARSTOW, CA  92311-2354","27922 SIDERITE RD                              BARSTOW, CA  92311","47-60837","","","7","3601","760  E MAIN ST","BARSTOW","36","92311","27922 SIDERITE RD","BARSTOW","92311","CA"
"648040","PEND ACTIVE","21 | 0","07/19/2023","06/30/2024","DBA: HOPPY WINE & SPIRITS                        AMT LIQUOR INC                         9353 CLAIREMONT MESA BLVD, SPC E,                         SAN DIEGO, CA  92123-1220","","21-599603","","HERITAGE ESCROW 2550 5TH AVE STE 800 SAN DIEGO, CA  92103","10","3710","9353 CLAIREMONT MESA BLVD, SPC E","SAN DIEGO","37","92123","","","",""
"648175","PEND ACTIVE","17 | 0","07/18/2023","06/30/2024","DBA: NAPA WITH ATTITUDE                        NAPA WITH ATTITUDE, INC.                         479 SEMINARY ST,                         NAPA, CA  94559-3213","","","7","","27","2802","479 SEMINARY ST","NAPA","28","94559","","","",""
"648175","PEND ACTIVE","20 | 0","07/18/2023","06/30/2024","DBA: NAPA WITH ATTITUDE                        NAPA WITH ATTITUDE, INC.                         479 SEMINARY ST,                         NAPA, CA  94559-3213","","","7,I","","27","2802","479 SEMINARY ST","NAPA","28","94559","","","",""
"648177","PEND ACTIVE","47 | 0","07/19/2023","06/30/2024","DBA: EL BUEN COMER                        EL BUEN COMER, LLC                         3435 MISSION ST,                         SAN FRANCISCO, CA  94110-5419","","48-562152","7","CALIFORNIA BUSINESS ESCROW","24","3800","3435 MISSION ST","SAN FRANCISCO","38","94110","","","",""
"648215","PEND ACTIVE","41 | 0","07/18/2023","06/30/2024","DBA: WEST COAST WINE AND CHEESE                        PEPPERCORN LLC                         2165 UNION ST,                         SAN FRANCISCO, CA  94123-4003","22 EUCLID AVE                              LOS GATOS, CA  95030-7012","41-544965","7","OLD REPUBLIC TITLE COMPANY 1000 BURNETT AVE STE 400 CONCORD, CA  94520-2088","24","3800","2165 UNION ST","SAN FRANCISCO","38","94123","22 EUCLID AVE","LOS GATOS","95030","CA"
"648288","PEND ACTIVE","41 | 0","07/18/2023","06/30/2024","DBA: LOS REYES MEXICAN FOOD                        EQUIHUA AGUIRRE, BENICIO                         24992 ALESSANDRO BLVD, #Q & R ,                         MORENO VALLEY, CA  92553-5715","2368 HONEYSUCKLE WY                              HEMET, CA  92545-4796","","","","7","3321","24992 ALESSANDRO BLVD, #Q & R","MORENO VALLEY","33","92553","2368 HONEYSUCKLE WY","HEMET","92545","CA"
"648293","PEND ACTIVE","20 | 0","07/18/2023","11/30/2023","DBA: ONE STOP FOOD & WATER                        ONE STOP FOOD & WATER                         4583-85 LA SIERRA AVE, STE 1 & 2,                         RIVERSIDE, CA  92505","4585 LA SIERRA AVE                              RIVERSIDE, CA  92505","20-468655","7,8","","7","3312","4583-85 LA SIERRA AVE, STE 1 & 2","RIVERSIDE","33","92505","4585 LA SIERRA AVE","RIVERSIDE","92505","CA"
"648341","PEND ACTIVE","41 | 0","07/18/2023","06/30/2024","DBA: PAISLEYS CRESTLINE CAFE                         CRUBAUGH , AMBER  MARIE                          23943 LAKE DR ,                         CRESTLINE, CA  92325","PO BOX 3262                              CRESTLINE, CA  92325","","","","7","3600","23943 LAKE DR","CRESTLINE","36","92325","PO BOX 3262","CRESTLINE","92325","CA"
"648518","PEND ACTIVE","02 | 0","07/19/2023","06/30/2024","DBA: RACK & RIDDLE                        RB WINE ASSOCIATES, LLC                         22280 GEYSERVILLE AVE,                         GEYSERVILLE, CA  95441-9510","PO BOX 2400                              HEALDSBURG, CA  95448-2400","02-633501","","","27","4900","22280 GEYSERVILLE AVE","GEYSERVILLE","49","95441","PO BOX 2400","HEALDSBURG","95448","CA"
"648594","PEND ACTIVE","20 | 0","07/18/2023","06/30/2024","DBA: MURRIETA VIP FLORIST                         MURRIETA V.I.P. FLORIST, INC.                          25030 HANCOCK AVE , STE 110,                         MURRIETA, CA  92562-5940","","","","","7","3323","25030 HANCOCK AVE , STE 110","MURRIETA","33","92562","","","",""
"648655","PEND ACTIVE","47 | 0","07/19/2023","06/30/2024","DBA: ENCINA                        MHBAR CORP                         1295 E DUNNE AVE, STE 100,                         MORGAN HILL, CA  95037-7066","1525 KENNEDY DR                              MILPITAS, CA  95035","47-534785","7","BUSINESS & ESCROW SERVICE CENTER INC 3031 TISCH WAY STE 310 SAN JOSE, CA  95128","25","4310","1295 E DUNNE AVE, STE 100","MORGAN HILL","43","95037","1525 KENNEDY DR","MILPITAS","95035","CA"
"648713","PEND ACTIVE","41 | 0","07/19/2023","06/30/2024","DBA: SHOWA                        AZASU KITCHEN LLC                         1550 HOWARD ST,                         SAN FRANCISCO, CA  94103-2528","18 MELROSE CT                              PACIFICA, CA  94044-1548","41-601782","","BUSINESS & ESCROW SERVICE CENTER 3031 TISCH WAY #310 SAN JOSE, CA  95113","24","3800","1550 HOWARD ST","SAN FRANCISCO","38","94103","18 MELROSE CT","PACIFICA","94044","CA"
"648740","PEND ACTIVE","17 | 0","07/18/2023","06/30/2024","DBA: AMERICAN TAILORED WINES                        AMERICAN TAILORED WINES LLC                         3558 ROUND BARN BLVD, STE 200 RM 227,                         SANTA ROSA, CA  95403-0991","1014 HOPPER AVE, #205                              SANTA ROSA, CA  95403","","","","27","4904","3558 ROUND BARN BLVD, STE 200 RM 227","SANTA ROSA","49","95403","1014 HOPPER AVE, #205","SANTA ROSA","95403","CA"
"649001","PEND ACTIVE","21 | 0","07/19/2023","12/31/2023","DBA: S AND H FUEL 5, INC.                        S & H FUEL STOP 5, INC.                         21000 GOLDEN HILLS BLVD,                         TEHACHAPI, CA  93561-8761","","21-586329","8","","6","1500","21000 GOLDEN HILLS BLVD","TEHACHAPI","15","93561","","","",""
"649211","PEND ACTIVE","41 | 0","07/19/2023","06/30/2024","DBA: LITTLE SKEWER                        ZHE YANG INC                         1220 S DIAMOND BAR BLVD, STE D,                         DIAMOND BAR, CA  91765-4120","14530 TERRACE HILL LN                              CHINO HILLS, CA  91709-4394","","7","","2","1986","1220 S DIAMOND BAR BLVD, STE D","DIAMOND BAR","19","91765","14530 TERRACE HILL LN","CHINO HILLS","91709","CA"
"649272","PEND WITHDRAWN","41 | 0","","","DBA: ESTERO GARDENS                        CENTRAL COAST MANAGEMENT LLC                         1188 LOS OSOS VALLEY RD,                         LOS OSOS, CA  93402","","422370","","PLACER TITLE COMPANY 3900 COFFEE RD STE 7 BAKERSFIELD, CA  93308-5051","13","4000","1188 LOS OSOS VALLEY RD","LOS OSOS","40","93402","","","",""
"649509","PEND ACTIVE","82 | 0","07/19/2023","06/30/2024","NEXTERRA WINE COMPANY LLC                         9016 MURPHY ROAD,                         WOODRIDGE, IL  60517","1901 BUTTERFIELD ROAD, SUITE 900                              DOWNERS GROVE, IL  60515","","","","75","9999","9016 MURPHY ROAD","WOODRIDGE","","60517","1901 BUTTERFIELD ROAD, SUITE 900","DOWNERS GROVE","60515","IL"
"649977","PEND ACTIVE","82 | 0","07/19/2023","06/30/2024","DBA: SEQUITUR                        SEQUITUR INC                         14865 NE NORTH VALLEY ROAD,                         NEWBERG, OR  97132","","","","","75","9999","14865 NE NORTH VALLEY ROAD","NEWBERG","","97132","","","",""
"650106","PEND ACTIVE","28 | 0","07/19/2023","06/30/2024","DBA: ARE CONCEPTS                        EGGHEAD TOO, LLC                         33 MEADOW BROOKE LANE,                         ORMOND BEACH, FL  32174","","","","","75","9999","33 MEADOW BROOKE LANE","ORMOND BEACH","","32174","","","",""
"650213","PEND WITHDRAWN","47 | 1","","","DBA: 533 VIET FUSION                        LA CONDESA BISTRO LLC                         1775 E PALM CANYON DR, STE 110,                         PALM SPRINGS, CA  92264-1651","591 S DESERT VIEW DR, APT 4                              PALM SPRINGS, CA  92264-1060","555481","","THE ESCROW CONNECTION 1111 E. TAHQUITZ CANYON WAY #101 PALM SPRINGS, CA  92262","8","3310","1775 E PALM CANYON DR, STE 110","PALM SPRINGS","33","92264","591 S DESERT VIEW DR, APT 4","PALM SPRINGS","92264","CA"
"650213","PEND WITHDRAWN","58 | 1","","","DBA: 533 VIET FUSION                        LA CONDESA BISTRO LLC                         1775 E PALM CANYON DR, STE 110,                         PALM SPRINGS, CA  92264-1651","591 S DESERT VIEW DR, APT 4                              PALM SPRINGS, CA  92264-1060","555481","","THE ESCROW CONNECTION 1111 E. TAHQUITZ CANYON WAY #101 PALM SPRINGS, CA  92262","8","3310","1775 E PALM CANYON DR, STE 110","PALM SPRINGS","33","92264","591 S DESERT VIEW DR, APT 4","PALM SPRINGS","92264","CA"
"650216","PEND WITHDRAWN","41 | 0","","","DBA: ESTRELLA TAQUERIA LOUNGE                        ESTRELLA 664 INC                         3635 UNIVERSITY AVE,                         RIVERSIDE, CA  92501-3330","3230 VINE ST, STE 200                              RIVERSIDE, CA  92507","635813","","NONE","7","3312","3635 UNIVERSITY AVE","RIVERSIDE","33","92501","3230 VINE ST, STE 200","RIVERSIDE","92507","CA"
"650223","PEND WITHDRAWN","41 | 0","","","DBA: MANCORA PERUVIAN CUISINE                        MANCORA PERUVIAN CUISINE INC.                         2855 FOOTHILL BLVD, STE B101,                         LA VERNE, CA  91750-3185","632 N STONEMAN AVE, UNIT B                              ALHAMBRA, CA  91801-0416","600646","7","","2","1931","2855 FOOTHILL BLVD, STE B101","LA VERNE","19","91750","632 N STONEMAN AVE, UNIT B","ALHAMBRA","91801","CA"
"650241","PEND WITHDRAWN","09 | 1","","","DBA: 8 VINI, INC                        8 VINI, INC.                         8201-8383 CAPWELL DR,                         OAKLAND, CA  94621","1250 BUSINESS CENTER DR                              SAN LEANDRO, CA  94577-2241","562748","","","22","0109","8201-8383 CAPWELL DR","OAKLAND","01","94621","1250 BUSINESS CENTER DR","SAN LEANDRO","94577","CA"
"650241","PEND WITHDRAWN","17 | 1","","","DBA: 8 VINI, INC                        8 VINI, INC.                         8201-8383 CAPWELL DR,                         OAKLAND, CA  94621","1250 BUSINESS CENTER DR                              SAN LEANDRO, CA  94577-2241","562748","","","22","0109","8201-8383 CAPWELL DR","OAKLAND","01","94621","1250 BUSINESS CENTER DR","SAN LEANDRO","94577","CA"
"650241","PEND WITHDRAWN","12 | 1","","","DBA: 8 VINI, INC                        8 VINI, INC.                         8201-8383 CAPWELL DR,                         OAKLAND, CA  94621","1250 BUSINESS CENTER DR                              SAN LEANDRO, CA  94577-2241","562748","","","22","0109","8201-8383 CAPWELL DR","OAKLAND","01","94621","1250 BUSINESS CENTER DR","SAN LEANDRO","94577","CA"
"650241","PEND WITHDRAWN","18 | 1","","","DBA: 8 VINI, INC                        8 VINI, INC.                         8201-8383 CAPWELL DR,                         OAKLAND, CA  94621","1250 BUSINESS CENTER DR                              SAN LEANDRO, CA  94577-2241","562748","","","22","0109","8201-8383 CAPWELL DR","OAKLAND","01","94621","1250 BUSINESS CENTER DR","SAN LEANDRO","94577","CA"