"License Number","Status Changed From/To","Type| Dup","Original Issue Date","Expir. Date","Primary Owner and Premises Addr.","Mailing Addr.","Transfer-From/To","Conditions","Escrow","District Code","Geo Code","Prem Street","City","County","Zip Code","Mailing Street","Mailing City","Mailing Zip Code","Mailing State"
"282407","ACTIVE CANCEL","02 | 0","10/13/1993","06/30/2024","DBA: SPRING MOUNTAIN VINEYARD                        SPRING MOUNTAIN VINEYARD INC                         2805 SPRING MOUNTAIN RD,                         SAINT HELENA, CA  94574-1775","","","7","","27","2800","2805 SPRING MOUNTAIN RD","SAINT HELENA","28","94574","","","",""
"283613","ACTIVE CANCEL","02 | 0","10/14/1993","06/30/2024","SPRING MOUNTAIN VINEYARD INC                         1150 DOWDELL LN,                         SAINT HELENA, CA  94574-1456","2805 SPRING MOUNTAIN RD                              SAINT HELENA, CA  94574-1775","","7","","27","2803","1150 DOWDELL LN","SAINT HELENA","28","94574","2805 SPRING MOUNTAIN RD","SAINT HELENA","94574","CA"
"301520","ACTIVE CANCEL","41 | 0","11/28/1994","10/31/2023","DBA: JASPERS GIANT HAMBURGERS                        MYONG, TAE HUNG                         2342 SUNRISE BLVD, STE 38,                         GOLD RIVER, CA  95670","","41-286889/ 41-651004","","","23","3400","2342 SUNRISE BLVD, STE 38","GOLD RIVER","34","95670","","","",""
"331663","ACTIVE CANCEL","47 | 1","04/15/1998","07/31/2024","DBA: CLUBHOUSE SPORTS BAR & GRILL THE                        BROWN, DOUGLAS M                         369 ARNEILL RD,                         CAMARILLO, CA  93010","","47-294048/ 47-643767","","","12","5608","369 ARNEILL RD","CAMARILLO","56","93010","","","",""
"331663","ACTIVE CANCEL","58 | 1","04/15/1998","07/31/2024","DBA: CLUBHOUSE SPORTS BAR & GRILL THE                        BROWN, DOUGLAS M                         369 ARNEILL RD,                         CAMARILLO, CA  93010","","47-294048/ 47-643767","","","12","5608","369 ARNEILL RD","CAMARILLO","56","93010","","","",""
"399782","ACTIVE CANCEL","48 | 1","07/07/2003","06/30/2024","DBA: GOODYS TAVERN                        BEACH BUMS ENTERPRISES INC                         206 S EL CAMINO REAL,                         SAN CLEMENTE, CA  92672-4045","","48-320194/ 48-651231","","","11","3016","206 S EL CAMINO REAL","SAN CLEMENTE","30","92672","","","",""
"399782","ACTIVE CANCEL","58 | 1","07/07/2003","06/30/2024","DBA: GOODYS TAVERN                        BEACH BUMS ENTERPRISES INC                         206 S EL CAMINO REAL,                         SAN CLEMENTE, CA  92672-4045","","48-320194/ 48-651231","","","11","3016","206 S EL CAMINO REAL","SAN CLEMENTE","30","92672","","","",""
"415082","ACTIVE CANCEL","21 | 0","02/07/2005","01/31/2024","DBA: OXXO MINI MART                        KHATRA, PARMATMA SINGH                         3416 N BUHACH RD,                         ATWATER, CA  95301-5614","1512 WESTMORE CT                              ATWATER, CA  95301","","7","","29","2400","3416 N BUHACH RD","ATWATER","24","95301","1512 WESTMORE CT","ATWATER","95301","CA"
"431019","CANCEL SUREND","20 | 0","11/29/2005","10/31/2006","DBA: SONORA MARKET                        MUBARKEH, YASSER BARKAT                         414 E KERN AVE,                         MCFARLAND, CA  93250-1424","18201 SHANNON RIDGE PL                              CANYON COUNTRY, CA  91387","20-404050","7","","6","1504","414 E KERN AVE","MCFARLAND","15","93250","18201 SHANNON RIDGE PL","CANYON COUNTRY","91387","CA"
"512279","ACTIVE CANCEL","20 | 0","09/13/2011","08/31/2024","DBA: CHEROKEE MARKET                        BRFS INVESTMENT INC                         4600 CHEROKEE AVE,                         SAN DIEGO, CA  92116-3647","","20-505026/ 20-648185","","","10","3710","4600 CHEROKEE AVE","SAN DIEGO","37","92116","","","",""
"512279","ACTIVE CANCEL","86 | 0","12/28/2021","08/31/2024","DBA: CHEROKEE MARKET                        BRFS INVESTMENT INC                         4600 CHEROKEE AVE,                         SAN DIEGO, CA  92116-3647","","","","","10","3710","4600 CHEROKEE AVE","SAN DIEGO","37","92116","","","",""
"515031","ACTIVE CANCEL","47 | 0","05/04/2012","04/30/2024","DBA: DARABAR SECRET THAI CUISINE                        SEESOD, PRAKOPSUP                         5112 HOLLYWOOD BLVD, #108-109,                         LOS ANGELES, CA  90027-6124","847 N HOBART BLVD                              LOS ANGELES, CA  90029","47-401725/ 47-650564","2,7","ABC ESCROW COMPANY 12304 SANTA MONICA BLVD STE 100 LOS ANGELES, CA  90025-2586","4","1933","5112 HOLLYWOOD BLVD, #108-109","LOS ANGELES","19","90027","847 N HOBART BLVD","LOS ANGELES","90029","CA"
"526517","ACTIVE CANCEL","41 | 0","01/16/2013","08/31/2024","DBA: SUSHIKO                        JSJ EVERGREEN INC                         6265 COMMERCE BLVD, STE 174,                         ROHNERT PARK, CA  94928-6300","","41-512140/ 41-651283","","","27","4907","6265 COMMERCE BLVD, STE 174","ROHNERT PARK","49","94928","","","",""
"541021","SUREND CANCEL","20 | 0","03/24/2014","02/29/2024","DBA: ESPERANZA FOOD & MARKET                        ESPERANZA FOOD AND MARKET INC                         204 W KERN AVE,                         MCFARLAND, CA  93250","18201 SHANNON RIDGE PL                              CANYON COUNTRY, CA  91387","20-344066/ 20-637838","7","CENTRAL CALIFORNIA ESCROW 1100 MOHAWK ST STE 190 BAKERSFIELD, CA  93309","6","1504","204 W KERN AVE","MCFARLAND","15","93250","18201 SHANNON RIDGE PL","CANYON COUNTRY","91387","CA"
"543500","SUREND CANCEL","47 | 0","05/30/2014","04/30/2024","DBA: SANTINO'S PIZZA                        ROMO-ZOLOTAS, SABINA TERESA                         4231 TELEGRAPH RD,                         VENTURA, CA  93003-3705","6238 MOCKINGBIRD ST                              VENTURA, CA  93003","47-128679/ 47-649478","","ALISO ESCROW INC 4522 MARKET ST VENTURA, CA  93003","12","5606","4231 TELEGRAPH RD","VENTURA","56","93003","6238 MOCKINGBIRD ST","VENTURA","93003","CA"
"559991","ACTIVE CANCEL","41 | 0","09/25/2015","11/30/2023","DBA: RED APPLE CAFE                        RED APPLE APTOS, INC                         783 RIO DEL MAR BLVD, # 15 UPSTAIRS,                         APTOS, CA  95003","","41-483436/ 41-651866","7","","26","4400","783 RIO DEL MAR BLVD, # 15 UPSTAIRS","APTOS","44","95003","","","",""
"573075","ACTIVE CANCEL","21 | 0","02/10/2017","01/31/2024","DBA: CHEVRON                        101 GAS STATION INC                         32655 SILLIMAN RD,                         SOLEDAD, CA  93960-9612","","","5","","26","2700","32655 SILLIMAN RD","SOLEDAD","27","93960","","","",""
"581905","ACTIVE CANCEL","48 | 0","08/29/2017","07/31/2024","DBA: SPIRITS BAR AND LOUNGE                        NEBIOLINI VENTURES LLC                         5827 DUNSMUIR AVE,                         DUNSMUIR, CA  96025-2329","PO BOX 2                              DUNSMUIR, CA  96025-0002","48-513977/ 48-649657","","LAW OFFICE OF DARRIN MERCIER 409 W CENTER ST YREKA, CA  96097","31","4702","5827 DUNSMUIR AVE","DUNSMUIR","47","96025","PO BOX 2","DUNSMUIR","96025","CA"
"592300","ACTIVE CANCEL","47 | 0","09/05/2018","08/31/2024","DBA:  LIMON É SAL TAQUERIA BAR                         LIMON É SAL TAQUERIA BAR, LLC                         6693 FOLSOM AUBURN RD, A, B, C, & D,                         FOLSOM, CA  95630-2130","","47-530297/ 47-651045","7","ABC ESCROW 2222 DAMON STREET  LOS ANGELES, CA  90021","23","3401","6693 FOLSOM AUBURN RD, A, B, C, & D","FOLSOM","34","95630","","","",""
"592300","ACTIVE CANCEL","47 | 0","09/05/2018","08/31/2024","DBA:  LIMON É SAL TAQUERIA BAR                         LIMON É SAL TAQUERIA BAR, LLC                         6693 FOLSOM AUBURN RD, A, B, C, & D,                         FOLSOM, CA  95630-2130","","47-530297/ 47-651045","7","ABC ESCROW 2222 DAMON STREET  LOS ANGELES, CA  90021","23","3401","6693 FOLSOM AUBURN RD, A, B, C, & D","FOLSOM","34","95630","","","",""
"600476","ACTIVE CANCEL","21 | 0","12/18/2018","11/30/2023","DBA: TYLER MARKET                        DHAMI, TATWINDER                         4773 TYLER ST, STE 1A & 1B,                         RIVERSIDE, CA  92503-2805","12195 TIERRA LINDA LN                              OAK HILLS, CA  92345","21-363493/ 21-651266","7","BENNETT ESCROW SERVICES INC 332 N RIVERSIDE AVENUE RIALTO, CA  92376-5926","7","3312","4773 TYLER ST, STE 1A & 1B","RIVERSIDE","33","92503","12195 TIERRA LINDA LN","OAK HILLS","92345","CA"
"600498","ACTIVE CANCEL","21 | 0","10/31/2019","09/30/2024","DBA: MEGA MART                        PATEL, NIRAV  MAGANBHAI                         10582 GARDEN GROVE BLVD,                         GARDEN GROVE, CA  92843-1163","","21-559315/ 21-651065","7","LUCKY TEAM ESCROW INC 13305 BROOKHURST ST GARDEN GROVE, CA  92843-3117","11","3009","10582 GARDEN GROVE BLVD","GARDEN GROVE","30","92843","","","",""
"614068","ACTIVE CANCEL","21 | 0","04/15/2020","03/31/2024","DBA: SAMS 7 LIQUOR INC                         SAMS 7 LIQUOR INC                          536 E CROSS AVE,                         TULARE, CA  93274-2858","","21-469454/ 21-652690","","FIRST AMERICAN TITLE 1001 W TEHACHAPI BLVD B300 TEHACHAPI, CA  93561","21","5405","536 E CROSS AVE","TULARE","54","93274","","","",""
"614103","SUREND CANCEL","47 | 0","04/22/2020","03/31/2024","DBA: BL DANCEHALL AND SALOON                        HYNES & HALE, INC.                         29020 AGOURA RD, STE A14,                         AGOURA HILLS, CA  91301-2550","3537 OLD CONEJO ROAD , UNIT 111                              NEWBURY PARK, CA  91320-6186","47-593294/ 47-648068","7","ESCROW MATTERS INC 20300 VENTURA BLVD STE 325 WOODLAND HILLS, CA  91364","5","1982","29020 AGOURA RD, STE A14","AGOURA HILLS","19","91301","3537 OLD CONEJO ROAD , UNIT 111","NEWBURY PARK","91320","CA"
"617824","ACTIVE CANCEL","58 | 1","02/18/2021","01/31/2024","DBA: QUIOTE                        HIPPIE & HAZEL LLC                         112 MAPLE ST,                         LIVERMORE, CA  94550-3232","1154 MADISON AVE                              LIVERMORE, CA  94550","47-525960/ 47-647424","7","STEWART TITLE GUARANTY CAMPANY 1200 CALIFORNIA ST #120 REDLANDS, CA  92373","22","0107","112 MAPLE ST","LIVERMORE","01","94550","1154 MADISON AVE","LIVERMORE","94550","CA"
"617824","ACTIVE CANCEL","47 | 1","02/18/2021","01/31/2024","DBA: QUIOTE                        HIPPIE & HAZEL LLC                         112 MAPLE ST,                         LIVERMORE, CA  94550-3232","1154 MADISON AVE                              LIVERMORE, CA  94550","47-525960/ 47-647424","7","STEWART TITLE GUARANTY CAMPANY 1200 CALIFORNIA ST #120 REDLANDS, CA  92373","22","0107","112 MAPLE ST","LIVERMORE","01","94550","1154 MADISON AVE","LIVERMORE","94550","CA"
"620032","ACTIVE CANCEL","21 | 0","12/01/2022","11/30/2023","MURADYAN, KARAPET KARO                         13646 VANOWEN ST,                         VAN NUYS, CA  91405-4265","","","5","","5","1933","13646 VANOWEN ST","VAN NUYS","19","91405","","","",""
"629619","AUTREV ACTIVE","20 | 0","07/14/2022","06/30/2024","DBA: ROOTS & VINES WINE                        ROOTS & VINES TRADING COMPANY, LLC                         318 WELLING WAY,                         SAN DIEGO, CA  92114-5948","","","7,I","","10","3710","318 WELLING WAY","SAN DIEGO","37","92114","","","",""
"629619","AUTREV ACTIVE","20 | 0","07/14/2022","06/30/2024","DBA: ROOTS & VINES WINE                        ROOTS & VINES TRADING COMPANY, LLC                         318 WELLING WAY,                         SAN DIEGO, CA  92114-5948","","","7,I","","10","3710","318 WELLING WAY","SAN DIEGO","37","92114","","","",""
"636412","PEND ACTIVE","02 | 0","11/01/2023","06/30/2024","DBA: TWO TRACKS CELLARS                        TWO TRACKS BREWING COMPANY LLC                         2330 MALL LOOP RD STE 108,                         LANCASTER, CA  93536-7258","3715 SOLEDAD CANYON RD                              ACTON, CA  93510-2453","","","","5","1980","2330 MALL LOOP RD STE 108","LANCASTER","19","93536","3715 SOLEDAD CANYON RD","ACTON","93510","CA"
"636412","PEND ACTIVE","23 | 0","11/01/2023","10/31/2024","DBA: TWO TRACKS CELLARS                        TWO TRACKS BREWING COMPANY LLC                         2330 MALL LOOP RD STE 108,                         LANCASTER, CA  93536-7258","3715 SOLEDAD CANYON RD                              ACTON, CA  93510-2453","","","","5","1980","2330 MALL LOOP RD STE 108","LANCASTER","19","93536","3715 SOLEDAD CANYON RD","ACTON","93510","CA"
"637568","PEND ACTIVE","23 | 0","11/01/2023","10/31/2024","DBA: GOLDEN STATE CIDER                        APPLE CART CIDER, LLC                         180 MORRIS ST, STE 140 & 150,                         SEBASTOPOL, CA  95472-3875","421 AVIATION BLVD                              SANTA ROSA, CA  95403-1069","","","","27","4905","180 MORRIS ST, STE 140 & 150","SEBASTOPOL","49","95472","421 AVIATION BLVD","SANTA ROSA","95403","CA"
"637838","PEND ACTIVE","20 | 0","10/31/2023","09/30/2024","DBA: MCFARLAND FOOD MARKET INC                        MCFARLAND FOOD MARKET INC.                         414 E KERN AVE,                         MCFARLAND, CA  93250-1424","18201 SHANNON RIDGE PL                              CANYON COUNTRY, CA  91387","20-541021","7","","6","1504","414 E KERN AVE","MCFARLAND","15","93250","18201 SHANNON RIDGE PL","CANYON COUNTRY","91387","CA"
"638591","PEND ACTIVE","81 | 1","11/01/2023","06/30/2024","DBA: RUVANGO WINERY                        EGO ONE LLC                         1285 DEALY LN,                         NAPA, CA  94559-9706","9191 WESTMINSTER BLVD                              GARDEN GROVE, CA  92844","02-546011","7","COMMONWEALTH LAND TITLE INSURANCE CO 4100 NEWPORT PLACE # 120 NEWPORT BEACH, CA  92660","27","2800","1285 DEALY LN","NAPA","28","94559","9191 WESTMINSTER BLVD","GARDEN GROVE","92844","CA"
"638591","PEND ACTIVE","17 | 0","11/01/2023","10/31/2024","DBA: RUVANGO WINERY                        EGO ONE LLC                         1285 DEALY LN,                         NAPA, CA  94559-9706","9191 WESTMINSTER BLVD                              GARDEN GROVE, CA  92844","17-546011","7","COMMONWEALTH LAND TITLE INSURANCE CO 4100 NEWPORT PLACE # 120 NEWPORT BEACH, CA  92660","27","2800","1285 DEALY LN","NAPA","28","94559","9191 WESTMINSTER BLVD","GARDEN GROVE","92844","CA"
"638591","PEND ACTIVE","20 | 0","11/01/2023","10/31/2024","DBA: RUVANGO WINERY                        EGO ONE LLC                         1285 DEALY LN,                         NAPA, CA  94559-9706","9191 WESTMINSTER BLVD                              GARDEN GROVE, CA  92844","20-546011","7,I","COMMONWEALTH LAND TITLE INSURANCE CO 4100 NEWPORT PLACE # 120 NEWPORT BEACH, CA  92660","27","2800","1285 DEALY LN","NAPA","28","94559","9191 WESTMINSTER BLVD","GARDEN GROVE","92844","CA"
"638591","PEND ACTIVE","02 | 1","11/01/2023","06/30/2024","DBA: RUVANGO WINERY                        EGO ONE LLC                         1285 DEALY LN,                         NAPA, CA  94559-9706","9191 WESTMINSTER BLVD                              GARDEN GROVE, CA  92844","02-546011","7","COMMONWEALTH LAND TITLE INSURANCE CO 4100 NEWPORT PLACE # 120 NEWPORT BEACH, CA  92660","27","2800","1285 DEALY LN","NAPA","28","94559","9191 WESTMINSTER BLVD","GARDEN GROVE","92844","CA"
"638615","PEND ACTIVE","02 | 0","11/01/2023","06/30/2024","DBA: RUVANGO WINERY                        EGO ONE LLC                         3851 SPRING MOUNTAIN RD,                         SAINT HELENA, CA  94574-9678","9191 WESTMINSTER BLVD                              GARDEN GROVE, CA  92844","02-548275","","COMMONWEALTH LAND TITLE INSURANCE CO 4100 NEWPORT PLACE # 120 NEWPORT BEACH, CA  92660","27","2800","3851 SPRING MOUNTAIN RD","SAINT HELENA","28","94574","9191 WESTMINSTER BLVD","GARDEN GROVE","92844","CA"
"640993","PEND ACTIVE","02 | 0","11/01/2023","06/30/2024","DBA: MARGINS WINE CUBBY                        MARGINS WINE LLC                         402 INGALLS ST, STE 18,                         SANTA CRUZ, CA  95060-5800","PO BOX 107                              DAVENPORT, CA  95017-0107","","","","26","4402","402 INGALLS ST, STE 18","SANTA CRUZ","44","95060","PO BOX 107","DAVENPORT","95017","CA"
"642176","PEND ACTIVE","41 | 0","11/01/2023","10/31/2024","GREEN SILVERS RESTAURANT GROUP, LLC                         224 HELENA AVE,                         SANTA BARBARA, CA  93101-2320","5662 CALLE REAL, #361                              GOLETA, CA  93117","","7","","12","4203","224 HELENA AVE","SANTA BARBARA","42","93101","5662 CALLE REAL, #361","GOLETA","93117","CA"
"642998","PEND ACTIVE","47 | 0","11/01/2023","10/31/2024","DBA: SAVE MART #001                        SAVE MART SUPERMARKETS LLC                         3401 OAKDALE RD,                         MODESTO, CA  95357","PO BOX 4664                              MODESTO, CA  95352-4664","47-610494","","","29","5002","3401 OAKDALE RD","MODESTO","50","95357","PO BOX 4664","MODESTO","95352","CA"
"643767","PEND ACTIVE","47 | 0","10/31/2023","09/30/2024","KEARNS BROTHERS INC.                         369 ARNEILL RD,                         CAMARILLO, CA  93010","","47-331663","","JEAN ALLEN ESCROW CO INC 3341 CERRITOS AVE LOS ALAMITOS, CA  90720-2105","12","5608","369 ARNEILL RD","CAMARILLO","56","93010","","","",""
"643977","PEND ACTIVE","02 | 0","11/01/2023","06/30/2024","DBA: ETTORE                        QUINTET MANAGEMENT CORP.                         14200 MOUNTAIN HOUSE RD,                         HOPLAND, CA  95449-9783","C/O REINHARDT SAVIC FOLEY LLP, 100 LIBERTY ST                              27TH FLOOR, NEW YORK, NY  10281","","","","27","2300","14200 MOUNTAIN HOUSE RD","HOPLAND","23","95449","C/O REINHARDT SAVIC FOLEY LLP, 100 LIBERTY ST","NEW YORK","10281","NY"
"644300","PEND ACTIVE","20 | 0","11/01/2023","10/31/2024","DBA: ROGERS GARDENS                        ROGER'S GARDENS NEWPORT BEACH                         2301 SAN JOAQUIN HILLS RD,                         NEWPORT BEACH, CA  92625-1113","","","","","11","3013","2301 SAN JOAQUIN HILLS RD","NEWPORT BEACH","30","92625","","","",""
"644300","PEND ACTIVE","86 | 0","11/01/2023","10/31/2024","DBA: ROGERS GARDENS                        ROGER'S GARDENS NEWPORT BEACH                         2301 SAN JOAQUIN HILLS RD,                         NEWPORT BEACH, CA  92625-1113","","","","","11","3013","2301 SAN JOAQUIN HILLS RD","NEWPORT BEACH","30","92625","","","",""
"644474","PEND ACTIVE","41 | 0","11/01/2023","10/31/2024","DBA: CHOI'S                        CHOI'S LLC                         100 PARK PLAZA, STE 161,                         SAN DIEGO, CA  92101-6695","","","7","","10","3710","100 PARK PLAZA, STE 161","SAN DIEGO","37","92101","","","",""
"644975","PEND ACTIVE","41 | 0","11/01/2023","10/31/2024","DBA: ETRA                        ETRA LLC                          737 N WESTERN AVE , STE B,                         LOS ANGELES, CA  90029-3725","6755 WEDGEWOOD PL                              LOS ANGELES, CA  90068-3218","","7","","4","1933","737 N WESTERN AVE , STE B","LOS ANGELES","19","90029","6755 WEDGEWOOD PL","LOS ANGELES","90068","CA"
"645736","PEND ACTIVE","41 | 0","10/31/2023","09/30/2024","DBA: FABULOUS BURGERS                        FABULOUS FOOD GROUP, INC.                         3004 AIRPORT DR,                         BAKERSFIELD, CA  93308-1602","","","","","6","1500","3004 AIRPORT DR","BAKERSFIELD","15","93308","","","",""
"646237","PEND ACTIVE","42 | 0","10/31/2023","09/30/2024","DBA: WINENOW! TASTING ROM, STORE, AND LOUNGE                        WINE NOW! LLC                         8419 HAVEN AVE,                         RANCHO CUCAMONGA, CA  91730-3893","10808 FOOTHILL BLVD, #160-814                              RANCHO CUCAMONGA, CA  91730-3889","","","","7","3615","8419 HAVEN AVE","RANCHO CUCAMONGA","36","91730","10808 FOOTHILL BLVD, #160-814","RANCHO CUCAMONGA","91730","CA"
"647424","PEND ACTIVE","47 | 0","10/31/2023","09/30/2024","DBA: MAPLE STREET EATERY                        MAPLE STREET EATERY                          112 MAPLE ST,                         LIVERMORE, CA  94550-3232","186 MAPLE ST                              LIVERMORE, CA  94550-3232","47-617824","7","BAY AREA ESCROW 2817 CROW CANYON RD STE 102 SAN RAMON, CA  94583","22","0107","112 MAPLE ST","LIVERMORE","01","94550","186 MAPLE ST","LIVERMORE","94550","CA"
"647689","PEND ACTIVE","41 | 0","11/01/2023","10/31/2024","DBA: INDOOR ADVENTURES                        INDOOR ADVENTURES LLC                         552 W BENJAMIN HOLT DR,                         STOCKTON, CA  95207","","","7","","29","3905","552 W BENJAMIN HOLT DR","STOCKTON","39","95207","","","",""
"647864","R64B ACTIVE","47 | 0","10/17/2023","09/30/2024","DBA: SNOOZE, AN A.M. EATERY                        SNOOZETOWN LLC                         7511 EDINGER AVE, STE 101,                         HUNTINGTON BEACH, CA  92647-3587","","47-612482","","INNOVATIVE ESCROW, INC 28212 KELLY JOHNSON PKWY STE 110 VALENCIA, CA  91355","11","3010","7511 EDINGER AVE, STE 101","HUNTINGTON BEACH","30","92647","","","",""
"647986","PEND ACTIVE","02 | 0","11/01/2023","06/30/2024","ADRUNI VINEYARDS LLC                         24505 CHIANTI RD,                         CLOVERDALE, CA  95425-9782","257 E MAIN ST, STE 200                              BARRINGTON, IL  60010","","","","27","4900","24505 CHIANTI RD","CLOVERDALE","49","95425","257 E MAIN ST, STE 200","BARRINGTON","60010","IL"
"648068","PEND ACTIVE","47 | 0","10/31/2023","09/30/2024","DBA: LA POPULAR                        EUREKA RESTAURANT GROUP, LLC                         20065 RINALDI ST , STE 110,                         PORTER RANCH, CA  91326-4917","12101 S CRENSHAW BLVD, STE 400                              HAWTHORNE, CA  90250-3469","47-614103","","INNOVATIVE ESCROW, INC 28212 KELLY JOHNSON PKWY STE 110 VALENCIA, CA  91355","5","1933","20065 RINALDI ST , STE 110","PORTER RANCH","19","91326","12101 S CRENSHAW BLVD, STE 400","HAWTHORNE","90250","CA"
"648179","ISSUED PENDING","41 | 0","","","DBA: POSTINO WINE BAR                        3275 DEL MAR HEIGHTS RD LLC                         3745 PASEO PL , STE 800,                         SAN DIEGO, CA  92130-2954","3443 N CENTRAL AVE, NORTH ROTUNDA                              PHOENIX, AZ  85012","","7","","9","3710","3745 PASEO PL , STE 800","SAN DIEGO","37","92130","3443 N CENTRAL AVE, NORTH ROTUNDA","PHOENIX","85012","AZ"
"648179","ISSUED PENDING","41 | 0","","","DBA: POSTINO WINE BAR                        3275 DEL MAR HEIGHTS RD LLC                         3745 PASEO PL , STE 800,                         SAN DIEGO, CA  92130-2954","3443 N CENTRAL AVE, NORTH ROTUNDA                              PHOENIX, AZ  85012","","7","","9","3710","3745 PASEO PL , STE 800","SAN DIEGO","37","92130","3443 N CENTRAL AVE, NORTH ROTUNDA","PHOENIX","85012","AZ"
"648185","PEND ACTIVE","20 | 0","10/31/2023","09/30/2024","DBA: CHEROKEE MARKET                        FMMT INC                         4600 CHEROKEE AVE,                         SAN DIEGO, CA  92116-3647","","20-512279","","","10","3710","4600 CHEROKEE AVE","SAN DIEGO","37","92116","","","",""
"648185","PEND ACTIVE","86 | 0","10/31/2023","09/30/2024","DBA: CHEROKEE MARKET                        FMMT INC                         4600 CHEROKEE AVE,                         SAN DIEGO, CA  92116-3647","","86-512279","","","10","3710","4600 CHEROKEE AVE","SAN DIEGO","37","92116","","","",""
"648541","PEND ACTIVE","09 | 1","11/01/2023","10/31/2024","DBA: DON TOMAS                        Y & R FASHION INC                         6935 CAMINO MAQUILADORA, STE C,                         SAN DIEGO, CA  92154-7505","","","7","","10","3710","6935 CAMINO MAQUILADORA, STE C","SAN DIEGO","37","92154","","","",""
"648541","PEND ACTIVE","20 | 0","11/01/2023","10/31/2024","DBA: DON TOMAS                        Y & R FASHION INC                         6935 CAMINO MAQUILADORA, STE C,                         SAN DIEGO, CA  92154-7505","","","7,I","","10","3710","6935 CAMINO MAQUILADORA, STE C","SAN DIEGO","37","92154","","","",""
"648541","PEND ACTIVE","17 | 1","11/01/2023","10/31/2024","DBA: DON TOMAS                        Y & R FASHION INC                         6935 CAMINO MAQUILADORA, STE C,                         SAN DIEGO, CA  92154-7505","","","7","","10","3710","6935 CAMINO MAQUILADORA, STE C","SAN DIEGO","37","92154","","","",""
"648725","PEND ACTIVE","41 | 0","10/31/2023","09/30/2024","DBA: THAI BURGER COMPANY                        THITATHAN, PARIPON JR                         3280 MAIN ST, STE 8,                         SAN DIEGO, CA  92113-3736","4655 MAIN ST, STE 8                              SAN DIEGO, CA  92102","","7","","10","3710","3280 MAIN ST, STE 8","SAN DIEGO","37","92113","4655 MAIN ST, STE 8","SAN DIEGO","92102","CA"
"648968","PEND ACTIVE","42 | 0","11/01/2023","10/31/2024","DBA: DNA WINE LOUNGE                        DNA WINES LLC                         9719 VILLAGE CENTER DR, STE 100,                         GRANITE BAY, CA  95746","3169 SPAHN RANCH RD                              ROSEVILLE, CA  95661","","7","","23","3100","9719 VILLAGE CENTER DR, STE 100","GRANITE BAY","31","95746","3169 SPAHN RANCH RD","ROSEVILLE","95661","CA"
"649008","PEND ACTIVE","21 | 0","10/31/2023","09/30/2024","DBA: OXXO MINI MART                        SPK MANAGEMENT, INC.                         3416 N BUHACH RD,                         ATWATER, CA  95301-5614","1512 WESTMORE CT                              ATWATER, CA  95301","21-415082","7","","29","2400","3416 N BUHACH RD","ATWATER","24","95301","1512 WESTMORE CT","ATWATER","95301","CA"
"649051","PEND ACTIVE","09 | 1","11/01/2023","10/31/2024","DBA: Q.Q.D. CORPORATION                        Q.Q.D. CORPORATION                         2829 ALAMITOS RD,                         BREA, CA  92821-7417","","","7","","11","3002","2829 ALAMITOS RD","BREA","30","92821","","","",""
"649051","PEND ACTIVE","17 | 1","11/01/2023","10/31/2024","DBA: Q.Q.D. CORPORATION                        Q.Q.D. CORPORATION                         2829 ALAMITOS RD,                         BREA, CA  92821-7417","","","7","","11","3002","2829 ALAMITOS RD","BREA","30","92821","","","",""
"649190","PEND ACTIVE","02 | 0","11/01/2023","06/30/2024","DBA: AMES FAMILY CELLARS                        ZINFANDEL CONCEPTS INC                         281 PAMELA WAY , STE 104-107,                         BUELLTON, CA  93427-9594","33542 SPIN DRIFT CT                              DANA POINT, CA  92629-1910","02-532688","","","13","4207","281 PAMELA WAY , STE 104-107","BUELLTON","42","93427","33542 SPIN DRIFT CT","DANA POINT","92629","CA"
"649226","PEND ACTIVE","41 | 0","11/01/2023","10/31/2024","DBA: CHICAGO'S PIZZA WITH A TWIST EL SOBRANTE                        PIZZA TWIST SAN PABLO                          3716 SAN PABLO DAM RD, STE A,                         EL SOBRANTE, CA  94803-2801","1252 MARIONOLA WAY                              PINOLE, CA  94564","41-593032","","CAPITAL CITY ESCROW 3838 WATT AVE #F610 SACRAMENTO, CA  95821","22","0700","3716 SAN PABLO DAM RD, STE A","EL SOBRANTE","07","94803","1252 MARIONOLA WAY","PINOLE","94564","CA"
"649233","PEND ACTIVE","02 | 0","10/31/2023","06/30/2024","DBA: GRANDS JOUEURS VIGNERONS                        GRANDS JOUEURS VIGNERONS, LLC                         3450 SAGE CANYON RD,                         SAINT HELENA, CA  94574-9598","1130 MAIN ST                              NAPA, CA  94559-2639","","","","27","2800","3450 SAGE CANYON RD","SAINT HELENA","28","94574","1130 MAIN ST","NAPA","94559","CA"
"649478","PEND ACTIVE","47 | 0","10/31/2023","09/30/2024","DBA: LALO'S MEXICAN RESTAURANT                        LALO'S MEXICAN RESTAURANT INC                          2611 E THOMPSON BLVD, STE 101,                         VENTURA, CA  93003-2743","","47-543500","7","ABC ESCROW 2222 DAMON ST  LOS ANGELES, CA  90021","12","5606","2611 E THOMPSON BLVD, STE 101","VENTURA","56","93003","","","",""
"649561","PEND ACTIVE","70 | 0","11/01/2023","10/31/2024","DBA: RIVIERA BEACH HOUSE                        SUNSHINE BEACH HOUSE LLC                          121 STATE ST,                         SANTA BARBARA, CA  93101-3529","9400 CULVER BLVD                              CULVER CITY, CA  90232-2617","","","","12","4203","121 STATE ST","SANTA BARBARA","42","93101","9400 CULVER BLVD","CULVER CITY","90232","CA"
"649592","PEND ACTIVE","02 | 0","11/01/2023","06/30/2024","DBA: MAISON THOMAS LLC                        MAISON THOMAS LLC                         2121 ALISOS RD,                         SANTA YNEZ, CA  93460","927 S SANTA FE AVE                              LOS ANGELES, CA  90021","02-629444","","","13","4200","2121 ALISOS RD","SANTA YNEZ","42","93460","927 S SANTA FE AVE","LOS ANGELES","90021","CA"
"649657","PEND ACTIVE","48 | 0","10/31/2023","09/30/2024","DBA: FLAMINGO, THE                        LA PERLA LIQUOR LLC                         5841 DUNSMUIR AVE,                         DUNSMUIR, CA  96025","903 S MOUNT SHASTA BLVD                              MOUNT SHASTA, CA  96067","48-581905","7","CAPITAL CITY ESCROW 3838 WATT AVE #F610 SACRAMENTO, CA  95821","31","4702","5841 DUNSMUIR AVE","DUNSMUIR","47","96025","903 S MOUNT SHASTA BLVD","MOUNT SHASTA","96067","CA"
"649972","PEND ACTIVE","02 | 0","10/31/2023","06/30/2024","DBA: SPRING MOUNTAIN VINEYARDS                        DNAW SPV CA VINEYARD LLC                         2805 SPRING MOUNTAIN RD,                         SAINT HELENA, CA  94574-1775","ONE PENN PLZ, STE 5320                              NEW YORK, NY  10119-5300","02-282407","","","27","2800","2805 SPRING MOUNTAIN RD","SAINT HELENA","28","94574","ONE PENN PLZ, STE 5320","NEW YORK","10119","NY"
"650018","PEND ACTIVE","02 | 0","10/31/2023","06/30/2024","DBA: HEITZ CELLAR                        HEITZ CELLAR LLC                         7830-40 ST HELENA HWY,                         OAKVILLE, CA  94562","","","","","27","2800","7830-40 ST HELENA HWY","OAKVILLE","28","94562","","","",""
"650114","PEND ACTIVE","02 | 0","11/01/2023","06/30/2024","DBA: TERAH WINE CO                        TERAH WINE COMPANY LLC                         425 S 3RD ST,                         RICHMOND, CA  94804-2123","18600 GRAYSTONE LN                              SAN JOSE, CA  95120","02-617701","7","","22","0709","425 S 3RD ST","RICHMOND","07","94804","18600 GRAYSTONE LN","SAN JOSE","95120","CA"
"650161","PEND ACTIVE","47 | 1","11/01/2023","10/31/2024","DBA: LIFE HOUSE                        PS OPCO LLC                         1700 S PALM CANYON DR,                         PALM SPRINGS, CA  92264-8937","","47-588688","7","CALIFORNIA BUSINESS ESCROW, INC.   1748 MAIN ST  ESCALON, CA  95320","8","3310","1700 S PALM CANYON DR","PALM SPRINGS","33","92264","","","",""
"650161","PEND ACTIVE","66 | 1","11/01/2023","10/31/2024","DBA: LIFE HOUSE                        PS OPCO LLC                         1700 S PALM CANYON DR,                         PALM SPRINGS, CA  92264-8937","","47-588688","7","CALIFORNIA BUSINESS ESCROW, INC.   1748 MAIN ST  ESCALON, CA  95320","8","3310","1700 S PALM CANYON DR","PALM SPRINGS","33","92264","","","",""
"650161","PEND ACTIVE","47 | 1","11/01/2023","10/31/2024","DBA: LIFE HOUSE                        PS OPCO LLC                         1700 S PALM CANYON DR,                         PALM SPRINGS, CA  92264-8937","","47-588688","7","CALIFORNIA BUSINESS ESCROW, INC.   1748 MAIN ST  ESCALON, CA  95320","8","3310","1700 S PALM CANYON DR","PALM SPRINGS","33","92264","","","",""
"650370","PEND ACTIVE","21 | 0","11/01/2023","10/31/2024","DBA: MARATHON, THE                         PANJAB INVESTMENTS CORP                         99 PLACERVILLE DR,                         PLACERVILLE, CA  95667-3901","","21-582036","7","CALIFORNIA BUSINESS ESCROW 1748 MAIN ST ESCALON, CA  95320-1927","23","0901","99 PLACERVILLE DR","PLACERVILLE","09","95667","","","",""
"650661","PEND ACTIVE","47 | 0","11/01/2023","10/31/2024","DBA: LOCANDA CAPRI                        AMORE ITALIA FOODS, INC.                         301 OAK ST,                         BRENTWOOD, CA  94513","1250 GREENBROOK DR                              DANVILLE, CA  94526-5016","47-609129","7","CHICAGO TITLE LAFAYETTE COMMERCIAL SERVICES 3620 HAPPY VALLEY RD STE 100 LAFAYETTE, CA  94549","22","0702","301 OAK ST","BRENTWOOD","07","94513","1250 GREENBROOK DR","DANVILLE","94526","CA"
"650661","PEND ACTIVE","47 | 0","11/01/2023","10/31/2024","DBA: LOCANDA CAPRI                        AMORE ITALIA FOODS, INC.                         301 OAK ST,                         BRENTWOOD, CA  94513","1250 GREENBROOK DR                              DANVILLE, CA  94526-5016","47-609129","7","CHICAGO TITLE LAFAYETTE COMMERCIAL SERVICES 3620 HAPPY VALLEY RD STE 100 LAFAYETTE, CA  94549","22","0702","301 OAK ST","BRENTWOOD","07","94513","1250 GREENBROOK DR","DANVILLE","94526","CA"
"650762","PEND ACTIVE","02 | 0","11/01/2023","06/30/2024","DBA: ALAMAR WINES                        BP WINES LLC                         815 12TH ST, UNIT B SUITE 104,                         PASO ROBLES, CA  93446-2217","9976 FLYROD DR                              PASO ROBLES, CA  93446","02-611863","7","","13","4002","815 12TH ST, UNIT B SUITE 104","PASO ROBLES","40","93446","9976 FLYROD DR","PASO ROBLES","93446","CA"
"650835","PEND ACTIVE","21 | 0","10/31/2023","11/30/2023","DBA: YEREVAN MARKETPLACE INC.                        YEREVAN MARKETPLACE INC.                         13646 VANOWEN ST,                         VAN NUYS, CA  91405-4265","1815 N CAHUENGA BLVD                              LOS ANGELES, CA  90028-5001","21-620032","5,8","","5","1933","13646 VANOWEN ST","VAN NUYS","19","91405","1815 N CAHUENGA BLVD","LOS ANGELES","90028","CA"
"650929","PEND ACTIVE","47 | 0","11/01/2023","10/31/2024","DBA: ESCALA K-TOWN                        WOOLEE, INC.                         3451-53 W 6TH ST,                         LOS ANGELES, CA  90020-2539","3451 W 6TH ST                              LOS ANGELES, CA  90020","47-536439","7","","4","1933","3451-53 W 6TH ST","LOS ANGELES","19","90020","3451 W 6TH ST","LOS ANGELES","90020","CA"
"651004","PEND ACTIVE","41 | 0","10/31/2023","09/30/2024","DBA: JASPER'S GIANT HAMBURGERS                        SANCHEZ VILLALOBOS, SELENE                         2342 SUNRISE BLVD, STE 38,                         GOLD RIVER, CA  95670","","41-301520","","CAPITAL CITY ESCROW 3838 WATT AVE STE F610 SACRAMENTO, CA  95821","23","3400","2342 SUNRISE BLVD, STE 38","GOLD RIVER","34","95670","","","",""
"651021","PEND ACTIVE","21 | 0","10/31/2023","09/30/2024","DBA: JAY'S FOOD & GAS                        AVTAR PETROLEUM INC                         32655 SILLIMAN RD,                         SOLEDAD, CA  93960-9612","16 WIMBLEDON CIR                              SALINAS, CA  93906","21-573075","","CITYWIDE ESCROW 12501 SEAL BEACH BLVD #130 SEAL BEACH, CA  90740","26","2700","32655 SILLIMAN RD","SOLEDAD","27","93960","16 WIMBLEDON CIR","SALINAS","93906","CA"
"651045","PEND ACTIVE","47 | 0","10/31/2023","09/30/2024","DBA: MARIOS EARLY TOAST                        MAJOR 25 INC                         6693 FOLSOM AUBURN RD, A, B, C, & D,                         FOLSOM, CA  95630-2130","8425 SIERRA COLLEGE BLVD                              ROSEVILLE, CA  95661","47-592300","7","","23","3401","6693 FOLSOM AUBURN RD, A, B, C, & D","FOLSOM","34","95630","8425 SIERRA COLLEGE BLVD","ROSEVILLE","95661","CA"
"651045","PEND ACTIVE","47 | 0","10/31/2023","09/30/2024","DBA: MARIOS EARLY TOAST                        MAJOR 25 INC                         6693 FOLSOM AUBURN RD, A, B, C, & D,                         FOLSOM, CA  95630-2130","8425 SIERRA COLLEGE BLVD                              ROSEVILLE, CA  95661","47-592300","7","","23","3401","6693 FOLSOM AUBURN RD, A, B, C, & D","FOLSOM","34","95630","8425 SIERRA COLLEGE BLVD","ROSEVILLE","95661","CA"
"651065","PEND ACTIVE","21 | 0","10/31/2023","09/30/2024","DBA: CRAZY LIQUOR #2                        CRAZY LIQUOR, INC                         10582 GARDEN GROVE BLVD,                         GARDEN GROVE, CA  92843-1163","8604 GARDEN GROVE BLVD                              GARDEN GROVE, CA  92844-1143","21-600498","7","LUCKY TEAM ESCROW INC 13305 BROOKHURST ST GARDEN GROVE, CA  92843-3117","11","3009","10582 GARDEN GROVE BLVD","GARDEN GROVE","30","92843","8604 GARDEN GROVE BLVD","GARDEN GROVE","92844","CA"
"651202","PEND ACTIVE","23 | 0","11/01/2023","10/31/2024","DBA: FREEWHEEL BREWING                        HOPPY HEAVEN INC                         3736 FLORENCE ST,                         REDWOOD CITY, CA  94063-4418","5602 TRUMAN PL                              FREMONT, CA  94063","23-520464","7","OLD REPUBLIC TITLE 1000 BURNETT AVE STE 400 CONCORD, CA  94520-2088","25","4110","3736 FLORENCE ST","REDWOOD CITY","41","94063","5602 TRUMAN PL","FREMONT","94063","CA"
"651231","PEND ACTIVE","48 | 0","10/31/2023","09/30/2024","DBA: GOODYS TAVERN                        MERICAS TAP ROOM LLC                         206 S EL CAMINO REAL,                         SAN CLEMENTE, CA  92672-4045","100 OCEANGATE, 1100                              LONG BEACH, CA  90802","48-399782","","ALL BROKERS ESCROW INC 2924 W MAGNOLIA BLVD BURBANK, CA  91505","11","3016","206 S EL CAMINO REAL","SAN CLEMENTE","30","92672","100 OCEANGATE, 1100","LONG BEACH","90802","CA"
"651246","PEND ACTIVE","41 | 0","11/01/2023","10/31/2024","DBA: FUEGO                        MUDGE, JAMES  FERRIS                         1187 W GRAND AVE,                         GROVER BEACH, CA  93433","","","7","","13","4005","1187 W GRAND AVE","GROVER BEACH","40","93433","","","",""
"651266","PEND ACTIVE","21 | 0","10/31/2023","09/30/2024","DBA: LUCKY 1 LIQUOR                        LUCKY GROUP INC                         4773 TYLER ST, STE 1A & 1B,                         RIVERSIDE, CA  92503-2805","","21-600476","7","INLAND EMPIRE ESCROW INC 12794 CENTRAL AVE CHINO, CA  91710","7","3312","4773 TYLER ST, STE 1A & 1B","RIVERSIDE","33","92503","","","",""
"651283","PEND ACTIVE","41 | 0","10/31/2023","09/30/2024","DBA: SUSHIKO                         SK 2023 USA, INC                         6265 COMMERCE BLVD, STE 174,                         ROHNERT PARK, CA  94928-6300","","41-526517","","CRESCENT LAND TITLE COMPANY 890 3RD ST CRESCENT CITY, CA  95531","27","4907","6265 COMMERCE BLVD, STE 174","ROHNERT PARK","49","94928","","","",""
"651303","PEND ACTIVE","41 | 0","11/01/2023","10/31/2024","DBA: MENDOCINO FARMS SANDWICH MARKET                        MENDOCINO FARMS LLC                         24420 ALICIA PKWY, STE A,                         MISSION VIEJO, CA  92691","2004 E PARK PL, STE H                              EL SEGUNDO, CA  90245-6100","","","","11","3027","24420 ALICIA PKWY, STE A","MISSION VIEJO","30","92691","2004 E PARK PL, STE H","EL SEGUNDO","90245","CA"
"651435","PEND ACTIVE","41 | 0","11/01/2023","10/31/2024","DBA: EPICURIOUS                        BORREGO SOCIAL CLUB                         665 PALM CANYON DR,                         BORREGO SPRINGS, CA  92004","PO BOX 1033                               BORREGO SPRINGS, CA  92004","","","","9","3700","665 PALM CANYON DR","BORREGO SPRINGS","37","92004","PO BOX 1033","BORREGO SPRINGS","92004","CA"
"651719","PEND ACTIVE","20 | 0","11/01/2023","06/30/2024","DBA: 7 ELEVEN STORE 26766D                        7 ELEVEN INC                         13541 BEACH BLVD,                         WESTMINSTER, CA  92683","PO BOX 139044, ATTN: LICENSING DEPARTMENT                              DALLAS, TX  75313-9044","20-424311","","7-ELEVEN INC 330 E LAMBERT RD STE 150 BREA, CA  92821-4128","11","3021","13541 BEACH BLVD","WESTMINSTER","30","92683","PO BOX 139044, ATTN: LICENSING DEPARTMENT","DALLAS","75313","TX"
"651786","PEND WITHDRAWN","47 | 0","","","K2 MARKET STREET DEVELOPMENT, LLC                         ,","1011 PARKVIEW AVE, STE A                              REDDING, CA  96001","","","","31","","","","","","1011 PARKVIEW AVE, STE A","REDDING","96001","CA"
"651789","PEND WITHDRAWN","47 | 0","","","BLACK DIAMOND LOUNGE LLC                         ,","5910 BALLS FERRY RD                              ANDERSON, CA  96007","","","","31","","","","","","5910 BALLS FERRY RD","ANDERSON","96007","CA"
"651866","PEND ACTIVE","41 | 0","10/31/2023","09/30/2024","DBA: RED APPLE CAFE                        LAJ HOSPITALITY 1                         783 RIO DEL MAR BLVD, # 15 UPSTAIRS,                         APTOS, CA  95003","1750 COMMODORE DR                              SAN JOSE, CA  95133","41-559991","7","BAY AREA ESCROW SERVICES 2817 CROW CANYON RD STE 102 SAN RAMON, CA  94583","26","4400","783 RIO DEL MAR BLVD, # 15 UPSTAIRS","APTOS","44","95003","1750 COMMODORE DR","SAN JOSE","95133","CA"
"651925","PEND ACTIVE","41 | 0","11/01/2023","10/31/2024","DBA: KOKORO RAMEN AND ROLL                        KOKORORAMEN LLC                         880 BROADWAY AVE, STE C-5,                         SEASIDE, CA  93955-4308","1058 TYLER ST                              SALINAS, CA  93906","41-623749","","FIDEA LAW CORPORATION 2445 AUGUSTINE DR STE 150 SANTA CLARA, CA  95054","26","2709","880 BROADWAY AVE, STE C-5","SEASIDE","27","93955","1058 TYLER ST","SALINAS","93906","CA"
"651982","PEND WITHDRAWN","47 | 0","","","VASUDEVA, RAJEEV KUMAR                         ,","2233 ESPLANADE                              CHICO, CA  95926-2203","","","","31","","","","","","2233 ESPLANADE","CHICO","95926","CA"
"652030","PEND WITHDRAWN","47 | 0","","","COLUMBIA ROADSIDE LLC                         ,","10017 OLD OREGON TRL                              REDDING, CA  96003-7994","","","","31","","","","","","10017 OLD OREGON TRL","REDDING","96003","CA"
"652032","PEND WITHDRAWN","47 | 0","","","OLD MERC, INC., THE                         ,","PO BOX 85                              MCARTHUR, CA  96056","","","","31","","","","","","PO BOX 85","MCARTHUR","96056","CA"
"652300","PEND ACTIVE","41 | 0","11/01/2023","10/31/2024","DBA: MASON'S JAR & GRILL                        MAYCLIN, ROSANNE G                         1342 MAIN ST, STE 1D,                         NEWMAN, CA  95360-1313","550 FLOUR MILL DR                              NEWMAN, CA  95360-9654","41-636782","7","","29","5003","1342 MAIN ST, STE 1D","NEWMAN","50","95360","550 FLOUR MILL DR","NEWMAN","95360","CA"
"652407","PEND WITHDRAWN","47 | 0","","","SDOC, INC.                         ,","1222 SUTTER ST                              SAN FRANCISCO, CA  94109","","","","31","","","","","","1222 SUTTER ST","SAN FRANCISCO","94109","CA"
"652529","PEND ACTIVE","41 | 0","11/01/2023","10/31/2024","DBA: MAC PHO                        MAC FAMILY BUSINESS INC                         3322 E HAMMER LANE , STE J,                         STOCKTON, CA  95212","","","","","29","3905","3322 E HAMMER LANE , STE J","STOCKTON","39","95212","","","",""
"652690","PEND ACTIVE","21 | 0","10/31/2023","09/30/2024","DBA: SAMS 7 LIQUOR                        NGE ENTERPRISE INC                         536 E CROSS AVE,                         TULARE, CA  93274-2858","1408 DUNAIRE DR                              BAKERSFIELD, CA  93312","21-614068","","PLACER TITLE 3900 COFFEE ROAD BAKERSFIELD, CA  93309","21","5405","536 E CROSS AVE","TULARE","54","93274","1408 DUNAIRE DR","BAKERSFIELD","93312","CA"
"652887","PEND WITHDRAWN","47 | 0","","","DAFFODIL VENTURES, LLC                         ,","800 SHASTA VIEW DR                              REDDING, CA  96003","","","","31","","","","","","800 SHASTA VIEW DR","REDDING","96003","CA"
"653213","PEND WITHDRAWN","47 | 0","","","PARKER LLC                         ,","13488 MOONFLOWER MEADOWS TRAIL                              SAN DIEGO, CA  92130","","","","31","","","","","","13488 MOONFLOWER MEADOWS TRAIL","SAN DIEGO","92130","CA"
"654093","PEND ACTIVE","28 | 0","10/31/2023","06/30/2024","LAIKA IMPORTS LLC                         1806 INDUSTRIAL RD,                         LAS VEGAS, NV  89102","","","","","75","9999","1806 INDUSTRIAL RD","LAS VEGAS","","89102","","","",""
"654095","PEND ACTIVE","28 | 0","10/31/2023","06/30/2024","HIGH ROAD WINE & SPIRITS OF IL LLC                         2211 N ELSTON AVE, SUITE 303,                         CHICAGO, IL  60614","","","","","75","9999","2211 N ELSTON AVE, SUITE 303","CHICAGO","","60614","","","",""