"License Number","Status Changed From/To","Type| Dup","Original Issue Date","Expir. Date","Primary Owner and Premises Addr.","Mailing Addr.","Transfer-From/To","Conditions","Escrow","District Code","Geo Code","Prem Street","City","County","Zip Code","Mailing Street","Mailing City","Mailing Zip Code","Mailing State"
"67501","ACTIVE CANCEL","21 | 0","07/01/1965","06/30/2024","DBA: SAVE MART 8                        SAVE MART SUPERMARKETS                         130 W STOCKTON ST,                         SONORA, CA  95370-4952","PO BOX 4278, ATTN:  NIKKI BORUP                              MODESTO, CA  95352-4278","","7","","29","5501","130 W STOCKTON ST","SONORA","55","95370","PO BOX 4278, ATTN:  NIKKI BORUP","MODESTO","95352","CA"
"125153","ACTIVE CANCEL","21 | 0","07/12/1982","06/30/2024","DBA: SAVE MART 39                        SAVE MART SUPERMARKETS                         4725 QUAIL LAKES DR,                         STOCKTON, CA  95207-5243","PO BOX 4278, ATTN:  NIKKI BORUP                              MODESTO, CA  95352-4278","","7","","29","3905","4725 QUAIL LAKES DR","STOCKTON","39","95207","PO BOX 4278, ATTN:  NIKKI BORUP","MODESTO","95352","CA"
"125153","ACTIVE CANCEL","86 | 0","11/06/2014","06/30/2024","DBA: SAVE MART 39                        SAVE MART SUPERMARKETS                         4725 QUAIL LAKES DR,                         STOCKTON, CA  95207-5243","PO BOX 4278, ATTN:  NIKKI BORUP                              MODESTO, CA  95352-4278","","","","29","3905","4725 QUAIL LAKES DR","STOCKTON","39","95207","PO BOX 4278, ATTN:  NIKKI BORUP","MODESTO","95352","CA"
"163305","ACTIVE CANCEL","21 | 0","11/26/1984","06/30/2024","DBA: SAVE MART 53                        SAVE MART SUPERMARKETS                         150 W OLIVE AVE,                         MERCED, CA  95348-3135","PO BOX 4278, ATTN:  NIKKI BORUP                              MODESTO, CA  95352-4278","","7","","29","2406","150 W OLIVE AVE","MERCED","24","95348","PO BOX 4278, ATTN:  NIKKI BORUP","MODESTO","95352","CA"
"339010","ACTIVE SUREND","47 | 1","05/26/1998","04/30/2024","DBA: SOUTH OF THE BORDER                        GUERRERO, ANGEL FERNANDO                         11719 PALM DR,                         DESERT HOT SPRINGS, CA  92240","64991 LEITH AVE                               DESERT HOT SPRINGS, CA  92240","47-293917","7","","8","3314","11719 PALM DR","DESERT HOT SPRINGS","33","92240","64991 LEITH AVE","DESERT HOT SPRINGS","92240","CA"
"339010","ACTIVE SUREND","47 | 1","05/26/1998","04/30/2024","DBA: SOUTH OF THE BORDER                        GUERRERO, ANGEL FERNANDO                         11719 PALM DR,                         DESERT HOT SPRINGS, CA  92240","64991 LEITH AVE                               DESERT HOT SPRINGS, CA  92240","47-293917","7","","8","3314","11719 PALM DR","DESERT HOT SPRINGS","33","92240","64991 LEITH AVE","DESERT HOT SPRINGS","92240","CA"
"339010","ACTIVE SUREND","58 | 1","05/26/1998","04/30/2024","DBA: SOUTH OF THE BORDER                        GUERRERO, ANGEL FERNANDO                         11719 PALM DR,                         DESERT HOT SPRINGS, CA  92240","64991 LEITH AVE                               DESERT HOT SPRINGS, CA  92240","47-293917","7","","8","3314","11719 PALM DR","DESERT HOT SPRINGS","33","92240","64991 LEITH AVE","DESERT HOT SPRINGS","92240","CA"
"339010","ACTIVE SUREND","58 | 1","05/26/1998","04/30/2024","DBA: SOUTH OF THE BORDER                        GUERRERO, ANGEL FERNANDO                         11719 PALM DR,                         DESERT HOT SPRINGS, CA  92240","64991 LEITH AVE                               DESERT HOT SPRINGS, CA  92240","47-293917","7","","8","3314","11719 PALM DR","DESERT HOT SPRINGS","33","92240","64991 LEITH AVE","DESERT HOT SPRINGS","92240","CA"
"394094","ACTIVE CANCEL","41 | 0","09/16/2003","08/31/2023","DBA: ST FRANCIS FOUNTAIN                        CONFUSION BOREDOM LLC                         2801 24TH ST,                         SAN FRANCISCO, CA  94110-4213","10 VILLA PLACE                              NOVATO, CA  94945","","7","","24","3800","2801 24TH ST","SAN FRANCISCO","38","94110","10 VILLA PLACE","NOVATO","94945","CA"
"423514","ACTIVE SUREND","47 | 0","05/31/2005","04/30/2024","DBA: MILANO RESTAURANT                        LE, JAMES MAI                         394 S 2ND ST,                         SAN JOSE, CA  95113","","47-420940","7","","25","4313","394 S 2ND ST","SAN JOSE","43","95113","","","",""
"433243","ACTIVE CANCEL","21 | 0","12/01/2005","11/30/2023","DBA: JUG SHOP LIQUORS                        MALANI, MANJU                         1630 CONTRA COSTA BLVD, STE E,                         PLEASANT HILL, CA  94523","","21-220992/ 21-648795","","","22","0712","1630 CONTRA COSTA BLVD, STE E","PLEASANT HILL","07","94523","","","",""
"465417","SUREND CANCEL","20 | 0","05/19/2008","04/30/2024","DBA: NORCO FUELING                        WASEF, REDA ATTALLA                         2740 HAMNER AVE,                         NORCO, CA  92860-1926","","20-376586/ 20-648080","7","","7","3315","2740 HAMNER AVE","NORCO","33","92860","","","",""
"477936","SUREND CANCEL","21 | 0","06/22/2009","05/31/2024","DBA: CVS PHARMACY STORE 9546                        GARFIELD BEACH CVS LLC                         3251 STANFORD RANCH RD,                         ROCKLIN, CA  95765-5553","1 CVS DR, MC# 1160                              WOONSOCKET, RI  02895-6146","21-363053/ 21-648225","7","","23","3104","3251 STANFORD RANCH RD","ROCKLIN","31","95765","1 CVS DR, MC# 1160","WOONSOCKET","02895","RI"
"484496","PEND WITHDRAWN","48 | 0","","","DBA: RIO NILO CLUB                        RIO NILO CLUBS INC                         7466 MONTEREY ST,                         GILROY, CA  95020-5824","","330735","7","","25","4304","7466 MONTEREY ST","GILROY","43","95020","","","",""
"506771","ACTIVE CANCEL","47 | 0","02/25/2011","01/31/2024","DBA: SUNFLOWER GARDEN                        WONG, MIKE                         436 FERRY ST,                         MARTINEZ, CA  94553","","47-470912/ 47-649350","7","CALIFORNIA BUSINESS ESCROW INC 1748 MAIN ST ESCALON, CA  95320-1927","22","0706","436 FERRY ST","MARTINEZ","07","94553","","","",""
"515031","ACTIVE CANCEL","47 | 0","05/04/2012","04/30/2024","DBA: DARABAR SECRET THAI CUISINE                        SEESOD, PRAKOPSUP                         5112 HOLLYWOOD BLVD, #108-109,                         LOS ANGELES, CA  90027-6124","847 N HOBART BLVD                              LOS ANGELES, CA  90029","47-401725/ 47-650564","2,7","ABC ESCROW COMPANY 12304 SANTA MONICA BLVD STE 100 LOS ANGELES, CA  90025-2586","4","1933","5112 HOLLYWOOD BLVD, #108-109","LOS ANGELES","19","90027","847 N HOBART BLVD","LOS ANGELES","90029","CA"
"515031","ACTIVE CANCEL","47 | 0","05/04/2012","04/30/2024","DBA: DARABAR SECRET THAI CUISINE                        SEESOD, PRAKOPSUP                         5112 HOLLYWOOD BLVD, #108-109,                         LOS ANGELES, CA  90027-6124","847 N HOBART BLVD                              LOS ANGELES, CA  90029","47-401725/ 47-650564","2,7","ABC ESCROW COMPANY 12304 SANTA MONICA BLVD STE 100 LOS ANGELES, CA  90025-2586","4","1933","5112 HOLLYWOOD BLVD, #108-109","LOS ANGELES","19","90027","847 N HOBART BLVD","LOS ANGELES","90029","CA"
"518657","ACTIVE CANCEL","47 | 0","05/02/2012","04/30/2024","DBA: PICCOLO PARADISO                        GD ASSOCIATES LLC                         150 S BEVERLY DR,                         BEVERLY HILLS, CA  90212-3003","9405 BRIGHTON WY, STE 20                              BEVERLY HILLS, CA  90210-4727","47-382791/ 47-646468","7","BUSINESS TITLE ESCROW INC 25152 SPRINGFIELD CT #285 VALENCIA, CA  91355","4","1908","150 S BEVERLY DR","BEVERLY HILLS","19","90212","9405 BRIGHTON WY, STE 20","BEVERLY HILLS","90210","CA"
"520728","ACTIVE CANCEL","21 | 0","07/05/2012","06/30/2024","DBA: MAXS LIQUORS                        GARCHA, SANGEETA                         865 SAN PABLO AVE,                         ALBANY, CA  94706-1602","","21-443807/ 21-647057","","CALIFORNIA BUSINESS ESCROW INC 1748 MAIN STREET ESCALON, CA  95320","22","0102","865 SAN PABLO AVE","ALBANY","01","94706","","","",""
"524189","ACTIVE CANCEL","21 | 0","09/12/2012","08/31/2023","DBA: JAY VEE LIQUORS                        GARCHA, SANGEETA                         759 SAN PABLO AVE,                         ALBANY, CA  94706-1130","","21-458202/ 21-647054","","CALIFORNIA BUSINESS ESCROW INC 1748 MAIN STREET ESCALON, CA  95320","22","0102","759 SAN PABLO AVE","ALBANY","01","94706","","","",""
"538954","AUTREV ACTIVE","17 | 0","03/25/2014","02/29/2024","DBA: TRAIL MARKER WINE COMPANY                        TRAIL MARKER WINE COMPANY, LLC                         654 63RD ST,                         OAKLAND, CA  94609-1218","","","7","","22","0109","654 63RD ST","OAKLAND","01","94609","","","",""
"538954","AUTREV ACTIVE","17 | 0","03/25/2014","02/29/2024","DBA: TRAIL MARKER WINE COMPANY                        TRAIL MARKER WINE COMPANY, LLC                         654 63RD ST,                         OAKLAND, CA  94609-1218","","","7","","22","0109","654 63RD ST","OAKLAND","01","94609","","","",""
"538954","AUTREV ACTIVE","20 | 0","03/25/2014","02/29/2024","DBA: TRAIL MARKER WINE COMPANY                        TRAIL MARKER WINE COMPANY, LLC                         654 63RD ST,                         OAKLAND, CA  94609-1218","","","7,I","","22","0109","654 63RD ST","OAKLAND","01","94609","","","",""
"538954","AUTREV ACTIVE","20 | 0","03/25/2014","02/29/2024","DBA: TRAIL MARKER WINE COMPANY                        TRAIL MARKER WINE COMPANY, LLC                         654 63RD ST,                         OAKLAND, CA  94609-1218","","","7,I","","22","0109","654 63RD ST","OAKLAND","01","94609","","","",""
"541341","ACTIVE SUREND","47 | 1","04/29/2014","03/31/2024","DBA: COURTESY COFFEE SHOP                        ALONSO, JOSEFINA                         800 W HOBSONWAY,                         BLYTHE, CA  92225-1416","","47-335278","","STEWART TITLE 1200 CALIFORNIA ST. STE 120 REDLANDS, CA  92374","8","3303","800 W HOBSONWAY","BLYTHE","33","92225","","","",""
"541341","ACTIVE SUREND","58 | 1","04/29/2014","03/31/2024","DBA: COURTESY COFFEE SHOP                        ALONSO, JOSEFINA                         800 W HOBSONWAY,                         BLYTHE, CA  92225-1416","","47-335278","","STEWART TITLE 1200 CALIFORNIA ST. STE 120 REDLANDS, CA  92374","8","3303","800 W HOBSONWAY","BLYTHE","33","92225","","","",""
"543341","ACTIVE CANCEL","41 | 0","06/18/2014","05/31/2024","DBA: BLAZE PIZZA                        AP FRANCHISE GROUP, LLC                         48650 SEMINOLE DR., #1108,                         CABAZON, CA  92230-2161","5101 SANTA MONICA BLVD STE PM B 110                              LOS ANGELES, CA  90029","","","","8","3300","48650 SEMINOLE DR., #1108","CABAZON","33","92230","5101 SANTA MONICA BLVD STE PM B 110","LOS ANGELES","90029","CA"
"547407","ACTIVE CANCEL","47 | 0","03/19/2015","12/31/2023","DBA: RED LOBSTER #6367                        RED LOBSTER HOSPITALITY LLC                         2471 VISTA WAY,                         OCEANSIDE, CA  92054-6168","PO BOX 6508, ATTN: LICENSING DEPARTMENT                               ORLANDO, FL  32802-6508","47-500914/ 47-648378","7","","9","3709","2471 VISTA WAY","OCEANSIDE","37","92054","PO BOX 6508, ATTN: LICENSING DEPARTMENT","ORLANDO","32802","FL"
"563854","ACTIVE CANCEL","47 | 0","02/02/2016","01/31/2024","DBA: LEFTYS GRILL                        LEFTYS RESTAURANT INC                         101 BROAD ST,                         NEVADA CITY, CA  95959-2623","","47-503476/ 47-647014","7","ABC ESCROW 2222 DAMON STREET  LOS ANGELES, CA  90021","23","2902","101 BROAD ST","NEVADA CITY","29","95959","","","",""
"564371","ACTIVE CANCEL","20 | 0","03/10/2016","02/29/2024","DBA: BILLS PLACE                        KHOURI, MICHAEL                         16374 SIERRA HWY,                         CANYON COUNTRY, CA  91351-1412","16374 SIERRA HWY                              CANYON COUNTRY, CA  91351-1412","20-375064/ 20-649046","7","UNITED ESCROW 3440 WILSHIRE BLVD # 600 LOS ANGELES, CA  90036","5","1900","16374 SIERRA HWY","CANYON COUNTRY","19","91351","16374 SIERRA HWY","CANYON COUNTRY","91351","CA"
"565559","ACTIVE CANCEL","47 | 1","03/07/2016","02/29/2024","DBA: CATS THE                        CRITES, AARON ANDREW                         17533 SANTA CRUZ HWY,                         LOS GATOS, CA  95033-9101","","47-465660/ 47-647130","","BUSINESS & ESCROW SERVICE CENTER 3031 TISCH WAY 310 SAN JOSE, CA  95128","25","4300","17533 SANTA CRUZ HWY","LOS GATOS","43","95033","","","",""
"565559","ACTIVE CANCEL","58 | 1","03/07/2016","02/29/2024","DBA: CATS THE                        CRITES, AARON ANDREW                         17533 SANTA CRUZ HWY,                         LOS GATOS, CA  95033-9101","","47-465660/ 47-647130","","BUSINESS & ESCROW SERVICE CENTER 3031 TISCH WAY 310 SAN JOSE, CA  95128","25","4300","17533 SANTA CRUZ HWY","LOS GATOS","43","95033","","","",""
"568123","REVPEN ACTIVE","41 | 0","05/12/2016","04/30/2024","DBA: WILD WEST PIZZA & GRILL                        GOLDY, DAVID LAWRENCE                         1137 N H ST, STES U & W,                         LOMPOC, CA  93436-8134","","","","","13","4202","1137 N H ST, STES U & W","LOMPOC","42","93436","","","",""
"568123","REVPEN ACTIVE","41 | 0","05/12/2016","04/30/2024","DBA: WILD WEST PIZZA & GRILL                        GOLDY, DAVID LAWRENCE                         1137 N H ST, STES U & W,                         LOMPOC, CA  93436-8134","","","","","13","4202","1137 N H ST, STES U & W","LOMPOC","42","93436","","","",""
"571678","ACTIVE CANCEL","70 | 0","09/13/2016","08/31/2023","DBA: RESIDENCE INN BAKERSFIELD                        INTERSTATE MANAGEMENT COMPANY LLC                         4241 CHESTER LN,                         BAKERSFIELD, CA  93309-1082","5301 HEADQUARTERS DRIVE                              PLANO, TX  75024-6187","","","","6","1501","4241 CHESTER LN","BAKERSFIELD","15","93309","5301 HEADQUARTERS DRIVE","PLANO","75024","TX"
"573174","ACTIVE CANCEL","47 | 0","10/17/2017","09/30/2023","DBA: SLICE OF ITALY                        BRAR BUSINESS ENTERPRISES                         10524 HAGEMAN RD, SUITE C1-C3,                         BAKERSFIELD, CA  93312-9106","","","5,7","","6","1501","10524 HAGEMAN RD, SUITE C1-C3","BAKERSFIELD","15","93312","","","",""
"578333","ACTIVE CANCEL","41 | 0","03/24/2017","02/29/2024","DBA: SWAGAT INDIAN CUISINE                        REDDY, DUMPA VENKATESWARA                         265 CALIFORNIA ST,                         WOODLAND, CA  95695-2910","24 PERKINS CT                              OAKLEY, CA  94561","","","","23","5703","265 CALIFORNIA ST","WOODLAND","57","95695","24 PERKINS CT","OAKLEY","94561","CA"
"584081","ACTIVE CANCEL","18 | 1","10/30/2017","09/30/2023","DBA: RUISENOR                        VELAZQUEZ-MARTIN, PABLO ANTONIO                         120 S VIGNES ST, UNIT 303,                         LOS ANGELES, CA  90012-4336","","18-505542/ 18-640505","","","4","1933","120 S VIGNES ST, UNIT 303","LOS ANGELES","19","90012","","","",""
"584081","ACTIVE CANCEL","12 | 1","10/30/2017","09/30/2023","DBA: RUISENOR                        VELAZQUEZ-MARTIN, PABLO ANTONIO                         120 S VIGNES ST, UNIT 303,                         LOS ANGELES, CA  90012-4336","","18-505542/ 18-640505","","","4","1933","120 S VIGNES ST, UNIT 303","LOS ANGELES","19","90012","","","",""
"584806","ACTIVE CANCEL","48 | 0","10/19/2017","09/30/2023","DBA: SEEVAS                        GOMEZ, DANIEL                         6093 LINCOLN BLVD,                         OROVILLE, CA  95966-9562","","48-542984/ 48-648052","","ABC ESCROW 10621 CALLE LEE #141 LOS ALAMITOS, CA  90720-6798","31","0400","6093 LINCOLN BLVD","OROVILLE","04","95966","","","",""
"596555","ACTIVE CANCEL","20 | 0","10/08/2018","09/30/2023","DBA: GAS 'N' STUFF                        PARMAR PETROLEUM INC                         33127 ROAD 222,                         NORTH FORK, CA  93643","PO BOX 1074                              NORTH FORK, CA  93643","20-479873/ 20-647132","7","NORTH AMERICAN TITLE CO 7555 N PALM AVE STE 210 FRESNO, CA  93711","21","2000","33127 ROAD 222","NORTH FORK","20","93643","PO BOX 1074","NORTH FORK","93643","CA"
"600160","REVPEN ACTIVE","41 | 0","12/05/2018","04/30/2024","DBA: KIYO SUSHI AND SAKE                        YELLOW FLOWERFIELD CORPORATION                         3957 IRVINE BLVD,                         IRVINE, CA  92602-2400","","41-591809","7,8","","11","3026","3957 IRVINE BLVD","IRVINE","30","92602","","","",""
"600160","REVPEN ACTIVE","41 | 0","12/05/2018","04/30/2024","DBA: KIYO SUSHI AND SAKE                        YELLOW FLOWERFIELD CORPORATION                         3957 IRVINE BLVD,                         IRVINE, CA  92602-2400","","41-591809","7,8","","11","3026","3957 IRVINE BLVD","IRVINE","30","92602","","","",""
"604071","REVPEN SUSPEN","47 | 0","05/30/2019","04/30/2024","DBA: CANTON RESTAURANT                        PLEASURE POINT CANTON RESTAURANT, INC.                         900 41ST AVE,                         SANTA CRUZ, CA  95062-4457","36 CASA WAY                              SCOTTS VALLEY, CA  95066","47-530933/ 47-627324","7","","26","4400","900 41ST AVE","SANTA CRUZ","44","95062","36 CASA WAY","SCOTTS VALLEY","95066","CA"
"604071","REVPEN SUSPEN","47 | 0","05/30/2019","04/30/2024","DBA: CANTON RESTAURANT                        PLEASURE POINT CANTON RESTAURANT, INC.                         900 41ST AVE,                         SANTA CRUZ, CA  95062-4457","36 CASA WAY                              SCOTTS VALLEY, CA  95066","47-530933/ 47-627324","7","","26","4400","900 41ST AVE","SANTA CRUZ","44","95062","36 CASA WAY","SCOTTS VALLEY","95066","CA"
"606040","ACTIVE CANCEL","14 | 0","07/09/2019","06/30/2024","DBA: BIG RED NAPA                        AMG NAPA LLC                         1901 N KELLY RD,                         NAPA, CA  94558-6221","","","","","27","2800","1901 N KELLY RD","NAPA","28","94558","","","",""
"607509","ACTIVE SUREND","47 | 0","11/19/2019","10/31/2024","DBA: TU MADRES GRILL & CANTINA                        EMERSON PAIGE LLC                         49990 JEFFERSON ST, STE 110 & 120,                         INDIO, CA  92201-8812","49121 CONSTITUTION DR                              INDIO, CA  92201-8872","47-551891/ 48-653573","","THE ESCROW CONNECTION 1111 E TAHQUITZ CANYON WAY #101 PALM SPRINGS, CA  92262","8","3309","49990 JEFFERSON ST, STE 110 & 120","INDIO","33","92201","49121 CONSTITUTION DR","INDIO","92201","CA"
"607657","REVPEN SUSPEN","47 | 0","04/09/2020","03/31/2024","DBA: BETTER THAN SEX                         CATITUDE, INC.                         7166 MELROSE AVE,                         LOS ANGELES, CA  90046-7626","7927 WINSFORD AVE                              LOS ANGELES, CA  90045","47-575606","7","CALIFORNIA BUSINESS ESCROW 1748 MAIN ST ESCALON, CA  95320-1927","4","1933","7166 MELROSE AVE","LOS ANGELES","19","90046","7927 WINSFORD AVE","LOS ANGELES","90045","CA"
"607657","REVPEN SUSPEN","47 | 0","04/09/2020","03/31/2024","DBA: BETTER THAN SEX                         CATITUDE, INC.                         7166 MELROSE AVE,                         LOS ANGELES, CA  90046-7626","7927 WINSFORD AVE                              LOS ANGELES, CA  90045","47-575606","7","CALIFORNIA BUSINESS ESCROW 1748 MAIN ST ESCALON, CA  95320-1927","4","1933","7166 MELROSE AVE","LOS ANGELES","19","90046","7927 WINSFORD AVE","LOS ANGELES","90045","CA"
"609291","REVPEN CANCEL","02 | 0","11/12/2019","06/30/2023","ALIXIR COMPANY, THE                         72 WINDWARD AVE,                         VENICE, CA  90291-4102","255 S KING ST, STE 1800                              SEATTLE, WA  98104","","","","3","1933","72 WINDWARD AVE","VENICE","19","90291","255 S KING ST, STE 1800","SEATTLE","98104","WA"
"611640","ACTIVE CANCEL","75 | 0","02/27/2020","01/31/2024","DBA: MUNICIPAL                        TACO 101 LLC                         2002 S COAST HWY,                         OCEANSIDE, CA  92054-6535","PO BOX 600                              SOLANA BEACH, CA  92075-0600","75-550983/ 75-643154","7","CENTENNIAL ESCROW 600 LA TERRAZA SUITE 100 ESCONDIDO, CA  92025","9","3709","2002 S COAST HWY","OCEANSIDE","37","92054","PO BOX 600","SOLANA BEACH","92075","CA"
"611640","ACTIVE CANCEL","75 | 0","02/27/2020","01/31/2024","DBA: MUNICIPAL                        TACO 101 LLC                         2002 S COAST HWY,                         OCEANSIDE, CA  92054-6535","PO BOX 600                              SOLANA BEACH, CA  92075-0600","75-550983/ 75-643154","7","CENTENNIAL ESCROW 600 LA TERRAZA SUITE 100 ESCONDIDO, CA  92025","9","3709","2002 S COAST HWY","OCEANSIDE","37","92054","PO BOX 600","SOLANA BEACH","92075","CA"
"611924","AUTREV ACTIVE","41 | 0","02/07/2020","01/31/2024","DBA: KOBUNGA KOREAN GRILL                        KOBUNGA LLC                          2837 W SUNSET BLVD,                         LOS ANGELES, CA  90026-2125","5202 GOULD AVE                              LA CANADA FLINTRIDGE, CA  91011","41-579067","7","MIDWAY ESCROW INC 3731 WILSHIRE BLVD STE 506 LOS ANGELES, CA  90010","4","1933","2837 W SUNSET BLVD","LOS ANGELES","19","90026","5202 GOULD AVE","LA CANADA FLINTRIDGE","91011","CA"
"611924","AUTREV ACTIVE","41 | 0","02/07/2020","01/31/2024","DBA: KOBUNGA KOREAN GRILL                        KOBUNGA LLC                          2837 W SUNSET BLVD,                         LOS ANGELES, CA  90026-2125","5202 GOULD AVE                              LA CANADA FLINTRIDGE, CA  91011","41-579067","7","MIDWAY ESCROW INC 3731 WILSHIRE BLVD STE 506 LOS ANGELES, CA  90010","4","1933","2837 W SUNSET BLVD","LOS ANGELES","19","90026","5202 GOULD AVE","LA CANADA FLINTRIDGE","91011","CA"
"612026","ACTIVE CANCEL","41 | 0","05/29/2020","04/30/2024","DBA: BURGER IM                        AVI'S BURGER INC.                         7893 WALERGA RD, STE 102,                         ANTELOPE, CA  95843-9000","8905 AMBERJACK WAY                              SACRAMENTO, CA  95828","","7","","23","3400","7893 WALERGA RD, STE 102","ANTELOPE","34","95843","8905 AMBERJACK WAY","SACRAMENTO","95828","CA"
"613364","ACTIVE CANCEL","41 | 0","05/06/2020","04/30/2024","DBA: BO KE RESTAURANT                        BFIRST LLC                         12921 FERN ST, STE A-C,                         STANTON, CA  90680","14291 EUCLID ST, STE D101                              GARDEN GROVE, CA  92843-4980","","7","","11","3019","12921 FERN ST, STE A-C","STANTON","30","90680","14291 EUCLID ST, STE D101","GARDEN GROVE","92843","CA"
"614158","ACTIVE CANCEL","28 | 0","01/13/2020","06/30/2024","PENELOPE BOURBON LLC                         288 12TH AVE, STE 200,                         ROSELLE, NJ  07203","","","","","75","9999","288 12TH AVE, STE 200","ROSELLE","","07203","","","",""
"618607","ACTIVE CANCEL","05 | 1","10/27/2020","09/30/2023","DBA: GREENFIELD GLOBAL USA INC                        GREENFIELD GLOBAL USA INC.                          3121 MICHELSON DR, STE 110,                         IRVINE, CA  92612-5679","58 VALE RD                              BROOKFIELD, CT  06804-3984","","","","11","3026","3121 MICHELSON DR, STE 110","IRVINE","30","92612","58 VALE RD","BROOKFIELD","06804","CT"
"618607","ACTIVE CANCEL","19 | 0","10/27/2020","09/30/2023","DBA: GREENFIELD GLOBAL USA INC                        GREENFIELD GLOBAL USA INC.                          3121 MICHELSON DR, STE 110,                         IRVINE, CA  92612-5679","58 VALE RD                              BROOKFIELD, CT  06804-3984","","","","11","3026","3121 MICHELSON DR, STE 110","IRVINE","30","92612","58 VALE RD","BROOKFIELD","06804","CT"
"618607","ACTIVE CANCEL","12 | 1","10/27/2020","09/30/2023","DBA: GREENFIELD GLOBAL USA INC                        GREENFIELD GLOBAL USA INC.                          3121 MICHELSON DR, STE 110,                         IRVINE, CA  92612-5679","58 VALE RD                              BROOKFIELD, CT  06804-3984","","","","11","3026","3121 MICHELSON DR, STE 110","IRVINE","30","92612","58 VALE RD","BROOKFIELD","06804","CT"
"620498","ACTIVE CANCEL","47 | 0","05/03/2021","04/30/2024","DBA: BARI BAR                        MOSS PIGLET INC                         388 MAIN ST,                         LOS ALTOS, CA  94022-2805","388 MAIN ST                              LOS ALTOS, CA  94022-2805","","5","","25","4305","388 MAIN ST","LOS ALTOS","43","94022","388 MAIN ST","LOS ALTOS","94022","CA"
"622360","ACTIVE CANCEL","41 | 0","01/19/2021","12/31/2023","DBA: CAFE ZOCALO                         CAFE ZOCALO LLC                         136 S GLASSELL ST,                         ORANGE, CA  92866-1422","362 S TUSTIN ST                              ORANGE, CA  92866","","7","","11","3014","136 S GLASSELL ST","ORANGE","30","92866","362 S TUSTIN ST","ORANGE","92866","CA"
"625236","ACTIVE CANCEL","02 | 0","05/25/2021","06/30/2023","DBA: PERCHANCE ESTATES                        PERCHANCE ESTATES, LLC                         7633 SILVERADO TRL,                         NAPA, CA  94558-9745","3021 GREGORY AVE                              WILMETTE, IL  60091","","","","27","2800","7633 SILVERADO TRL","NAPA","28","94558","3021 GREGORY AVE","WILMETTE","60091","IL"
"625731","PEND WITHDRAWN","41 | 0","","","DBA: SURFAS INC.                        SURFAS, INCORPORATED                         3225 W WASHINGTON BLVD,                         LOS ANGELES, CA  90018-1249","3975 LANDMARK ST                              CULVER CITY, CA  90232","","","","4","1933","3225 W WASHINGTON BLVD","LOS ANGELES","19","90018","3975 LANDMARK ST","CULVER CITY","90232","CA"
"625731","PEND WITHDRAWN","20 | 0","","","DBA: SURFAS INC.                        SURFAS, INCORPORATED                         3225 W WASHINGTON BLVD,                         LOS ANGELES, CA  90018-1249","3975 LANDMARK ST                              CULVER CITY, CA  90232","","","","4","1933","3225 W WASHINGTON BLVD","LOS ANGELES","19","90018","3975 LANDMARK ST","CULVER CITY","90232","CA"
"627545","ACTIVE CANCEL","41 | 0","10/07/2021","09/30/2023","DBA: HULA'S CHINESE BAR-B-Q                        HILL, LEASA MARIE                         1937 E 20TH ST, STE B10,                         CHICO, CA  95928","4269 KEITH LN                              CHICO, CA  95973","","7","","31","0402","1937 E 20TH ST, STE B10","CHICO","04","95928","4269 KEITH LN","CHICO","95973","CA"
"632415","PEND ACTIVE","20 | 0","07/31/2023","06/30/2024","DBA: SPROUTS FARMERS MARKET #450                        SF MARKETS LLC                         1524 S RIVERSIDE AVE,                         RIALTO, CA  92376","5455 E HIGH ST , STE 111                              PHOENIX, AZ  85054-5464","","","","7","3609","1524 S RIVERSIDE AVE","RIALTO","36","92376","5455 E HIGH ST , STE 111","PHOENIX","85054","AZ"
"635521","PEND ACTIVE","17 | 0","07/28/2023","06/30/2024","DBA: HQ THINK TANK LLC                        H.Q. THINK TANK LLC                         8265 TOLOSO RD,                         ATASCADERO, CA  93422-4811","PO BOX 1336                              PASO ROBLES, CA  93447-1336","","7","","13","4007","8265 TOLOSO RD","ATASCADERO","40","93422","PO BOX 1336","PASO ROBLES","93447","CA"
"635521","PEND ACTIVE","20 | 0","07/28/2023","06/30/2024","DBA: HQ THINK TANK LLC                        H.Q. THINK TANK LLC                         8265 TOLOSO RD,                         ATASCADERO, CA  93422-4811","PO BOX 1336                              PASO ROBLES, CA  93447-1336","","7,I","","13","4007","8265 TOLOSO RD","ATASCADERO","40","93422","PO BOX 1336","PASO ROBLES","93447","CA"
"636077","PEND WITHDRAWN","41 | 0","","","DBA: TAQUERIA CALIFORNIA                        TAQUERIA CALIFORNIA LLC                         750 STONY POINT RD, STE A-155,                         SANTA ROSA, CA  95407-6882","1338 GORDAN LN                              SANTA ROSA, CA  95404","580825","","","27","4904","750 STONY POINT RD, STE A-155","SANTA ROSA","49","95407","1338 GORDAN LN","SANTA ROSA","95404","CA"
"636092","PEND ACTIVE","02 | 0","07/28/2023","06/30/2024","DBA: BELLA LUCY                        WILSON, DEAN ALAN                         4286 SUISUN VALLEY RD,                         FAIRFIELD, CA  94534-3159","149 E D ST                              BENICIA, CA  94510","","","","22","4800","4286 SUISUN VALLEY RD","FAIRFIELD","48","94534","149 E D ST","BENICIA","94510","CA"
"636479","ACTIVE CANCEL","47 | 0","06/03/2022","05/31/2024","DBA: LOS PABLOS                         DELATORRE, GENOVEVA                         42425 JACKSON ST, STE C-113,                         INDIO, CA  92203-9678","","47-529497/ 47-647604","","ESCROW CONNECTION THE 1111 E TAHQUITZ CANYON WAY #101 PALM SPRINGS, CA  92262","8","3309","42425 JACKSON ST, STE C-113","INDIO","33","92203","","","",""
"636549","PEND WITHDRAWN","21 | 0","","","CARBAJAL, NORBERTO                          403 COOPER RD,                         OXNARD, CA  93030-5407","","529220","7","CHICAGO TITLE CO 475 W CHANNEL ISLANDS BLVD STE 108 PORT HUENEME, CA  93041","12","5603","403 COOPER RD","OXNARD","56","93030","","","",""
"639675","SUREND ACTIVE","42 | 0","01/03/2023","12/31/2023","DBA: CENTENARIO BAR & GRILL                        CENTENARIO BAR & GRILL LLC                         955 FRONT ST,                         SOLEDAD, CA  93960-3019","877 COMMERCIAL STREET                              SAN JOSE, CA  95112","","7","","26","2710","955 FRONT ST","SOLEDAD","27","93960","877 COMMERCIAL STREET","SAN JOSE","95112","CA"
"639959","PEND ACTIVE","21 | 0","07/31/2023","08/31/2024","DBA: VIC'S LIQUOR                        AMER&LINDA KHAZAAL LLC                         3714 PECK RD,                         EL MONTE, CA  91731-3531","","21-402447","8","","2","1918","3714 PECK RD","EL MONTE","19","91731","","","",""
"640505","PEND ACTIVE","12 | 1","07/28/2023","09/30/2023","DBA: RUISENOR                        VELAZQUEZ-MARTIN, PABLO ANTONIO                         120 S VIGNES ST, APT 102,                         LOS ANGELES, CA  90012-4336","","18-584081","7","","4","1933","120 S VIGNES ST, APT 102","LOS ANGELES","19","90012","","","",""
"640505","PEND ACTIVE","18 | 1","07/28/2023","09/30/2023","DBA: RUISENOR                        VELAZQUEZ-MARTIN, PABLO ANTONIO                         120 S VIGNES ST, APT 102,                         LOS ANGELES, CA  90012-4336","","18-584081","7","","4","1933","120 S VIGNES ST, APT 102","LOS ANGELES","19","90012","","","",""
"641685","PEND ACTIVE","47 | 0","07/28/2023","06/30/2024","DBA: FUJISAN SUSHI                        FUJISAN LLC                         1560 OCOTILLO DR, STE O,                         EL CENTRO, CA  92243-4237","1120 S 14TH ST                              EL CENTRO, CA  92243-3811","","5","","8","1304","1560 OCOTILLO DR, STE O","EL CENTRO","13","92243","1120 S 14TH ST","EL CENTRO","92243","CA"
"641779","PEND WITHDRAWN","21 | 0","","","MARTINEZ, GUADALUPE                          2201 NORTHGATE BLVD, STE A & B,                         SACRAMENTO, CA  95833-2540","1824 YELLOWWOOD AVE                              SACRAMENTO, CA  95834","","7","","23","3405","2201 NORTHGATE BLVD, STE A & B","SACRAMENTO","34","95833","1824 YELLOWWOOD AVE","SACRAMENTO","95834","CA"
"642133","PEND ACTIVE","21 | 0","07/28/2023","06/30/2024","DBA: ARCO VICTOR RD                        MARKS FUEL & FOOD, INC.                         880 E VICTOR RD,                         LODI, CA  95240-0721","880 E VICTOR RD                              LODI, CA  95240-0721","","5","","29","3902","880 E VICTOR RD","LODI","39","95240","880 E VICTOR RD","LODI","95240","CA"
"642568","SUREND CANCEL","21 | 0","11/22/2022","10/31/2023","DBA: FOOD MAXX 415                        SAVE MART SUPERMARKETS LLC                         1833 N TEXAS ST,                         FAIRFIELD, CA  94533-3817","PO BOX 4664                              MODESTO, CA  95352-4664","21-332168/ 21-648632","","","22","4803","1833 N TEXAS ST","FAIRFIELD","48","94533","PO BOX 4664","MODESTO","95352","CA"
"643032","PEND ACTIVE","21 | 0","07/28/2023","06/30/2024","DBA: SAVE MART 8                        SAVE MART SUPERMARKETS LLC                         130 W STOCKTON ST,                         SONORA, CA  95370-4952","PO BOX 4664                              MODESTO, CA  95352-4664","21-67501","","","29","5501","130 W STOCKTON ST","SONORA","55","95370","PO BOX 4664","MODESTO","95352","CA"
"643041","PEND ACTIVE","21 | 0","07/28/2023","06/30/2024","DBA: SAVE MART 39                        SAVE MART SUPERMARKETS LLC                         4725 QUAIL LAKES DR,                         STOCKTON, CA  95207-5243","PO BOX 4664                              MODESTO, CA  95352-4664","21-125153","","","29","3905","4725 QUAIL LAKES DR","STOCKTON","39","95207","PO BOX 4664","MODESTO","95352","CA"
"643041","PEND ACTIVE","86 | 0","07/28/2023","06/30/2024","DBA: SAVE MART 39                        SAVE MART SUPERMARKETS LLC                         4725 QUAIL LAKES DR,                         STOCKTON, CA  95207-5243","PO BOX 4664                              MODESTO, CA  95352-4664","86-125153","","","29","3905","4725 QUAIL LAKES DR","STOCKTON","39","95207","PO BOX 4664","MODESTO","95352","CA"
"643054","PEND ACTIVE","86 | 0","07/28/2023","06/30/2024","DBA: SAVE MART 53                        SAVE MART SUPERMARKETS LLC                         150 W OLIVE AVE,                         MERCED, CA  95348-3135","PO BOX 4664                              MODESTO, CA  95352-4664","","","","29","2406","150 W OLIVE AVE","MERCED","24","95348","PO BOX 4664","MODESTO","95352","CA"
"643054","PEND ACTIVE","21 | 0","07/28/2023","06/30/2024","DBA: SAVE MART 53                        SAVE MART SUPERMARKETS LLC                         150 W OLIVE AVE,                         MERCED, CA  95348-3135","PO BOX 4664                              MODESTO, CA  95352-4664","21-163305","","","29","2406","150 W OLIVE AVE","MERCED","24","95348","PO BOX 4664","MODESTO","95352","CA"
"643154","PEND ACTIVE","75 | 0","07/28/2023","06/30/2024","DBA: HERITAGE BARBECUE                        HERITAGE OCEANSIDE LLC                         2002 S COAST HWY,                         OCEANSIDE, CA  92054-6535","31721 CAMINO CAPISTRANO                              SAN JUAN CAPISTRANO, CA  92675-2653","75-611640","7","HERITAGE ESCROW COMPANY THE 2550 FIFTH AVE  STE 800  SAN DIEGO, CA  92103","9","3709","2002 S COAST HWY","OCEANSIDE","37","92054","31721 CAMINO CAPISTRANO","SAN JUAN CAPISTRANO","92675","CA"
"643154","PEND ACTIVE","75 | 0","07/28/2023","06/30/2024","DBA: HERITAGE BARBECUE                        HERITAGE OCEANSIDE LLC                         2002 S COAST HWY,                         OCEANSIDE, CA  92054-6535","31721 CAMINO CAPISTRANO                              SAN JUAN CAPISTRANO, CA  92675-2653","75-611640","7","HERITAGE ESCROW COMPANY THE 2550 FIFTH AVE  STE 800  SAN DIEGO, CA  92103","9","3709","2002 S COAST HWY","OCEANSIDE","37","92054","31721 CAMINO CAPISTRANO","SAN JUAN CAPISTRANO","92675","CA"
"643407","PEND WITHDRAWN","42 | 0","","","DBA: TACOS LA REVANCHA KITCHEN & BEER, LLC                        TACOS LA REVANCHA KITCHEN & BEER LLC                         2634 E ANAHEIM ST,                         LONG BEACH, CA  90804","","173847","","PRIMETIME ESCROW, INC. 18121 IRVINE BLVD TUSTIN, CA  92780","3","1932","2634 E ANAHEIM ST","LONG BEACH","19","90804","","","",""
"643482","PEND ACTIVE","41 | 0","07/28/2023","06/30/2024","DBA: CECE RESTAURANT                        NGUYEN, VICTOR                         12921 FERN ST, STE A-C,                         STANTON, CA  90680","","41-613364","7","LUCKY TEAM ESCROW INC 13305 BROOKHURST ST GARDEN GROVE, CA  92843-3117","11","3019","12921 FERN ST, STE A-C","STANTON","30","90680","","","",""
"645086","R64B ACTIVE","47 | 1","07/31/2023","06/30/2024","DBA: GREAT MAPLE PIXAR PLACE                        ANAHEIM GM RESTAURANT VENTURE LLC                         1717 S DISNEYLAND DR, STE 101,                         ANAHEIM, CA  92802-2308","19700 FAIRCHILD RD, STE 130                              IRVINE, CA  92612-2527","47-564665","","CALIFORNIA BUSINESS ESCROW 1748 MAIN ST ESCALON, CA  95320-1927","11","3001","1717 S DISNEYLAND DR, STE 101","ANAHEIM","30","92802","19700 FAIRCHILD RD, STE 130","IRVINE","92612","CA"
"645086","R64B ACTIVE","68 | 1","07/31/2023","06/30/2024","DBA: GREAT MAPLE PIXAR PLACE                        ANAHEIM GM RESTAURANT VENTURE LLC                         1717 S DISNEYLAND DR, STE 101,                         ANAHEIM, CA  92802-2308","19700 FAIRCHILD RD, STE 130                              IRVINE, CA  92612-2527","47-564665","","CALIFORNIA BUSINESS ESCROW 1748 MAIN ST ESCALON, CA  95320-1927","11","3001","1717 S DISNEYLAND DR, STE 101","ANAHEIM","30","92802","19700 FAIRCHILD RD, STE 130","IRVINE","92612","CA"
"645086","R64B ACTIVE","47 | 1","07/31/2023","06/30/2024","DBA: GREAT MAPLE PIXAR PLACE                        ANAHEIM GM RESTAURANT VENTURE LLC                         1717 S DISNEYLAND DR, STE 101,                         ANAHEIM, CA  92802-2308","19700 FAIRCHILD RD, STE 130                              IRVINE, CA  92612-2527","47-564665","","CALIFORNIA BUSINESS ESCROW 1748 MAIN ST ESCALON, CA  95320-1927","11","3001","1717 S DISNEYLAND DR, STE 101","ANAHEIM","30","92802","19700 FAIRCHILD RD, STE 130","IRVINE","92612","CA"
"645390","PEND ACTIVE","02 | 0","07/28/2023","06/30/2024","DBA: JEFF BRANCO CELLARS                        BRANCO, JEFFREY MICHAEL JR                         3230 RIVERSIDE AVE, STE 190,                         PASO ROBLES, CA  93446-6000","1375 E GRAND AVE , STE 103 PMB 544                              ARROYO GRANDE, CA  93420-2421","","7","","13","4002","3230 RIVERSIDE AVE, STE 190","PASO ROBLES","40","93446","1375 E GRAND AVE , STE 103 PMB 544","ARROYO GRANDE","93420","CA"
"645508","PEND ACTIVE","41 | 0","07/28/2023","06/30/2024","AV SUSHI & MORE                          2728 E PALMDALE BLVD, STE 116 - 117,                         PALMDALE, CA  93550-4931","","","","","5","1974","2728 E PALMDALE BLVD, STE 116 - 117","PALMDALE","19","93550","","","",""
"645541","PEND ACTIVE","02 | 0","07/31/2023","06/30/2024","DBA: SCHRADER CELLARS                        SCHRADER CELLARS LLC                         930 3RD ST,                         NAPA, CA  94559-3005","207 HIGH POINT DR, BLDG 100                              VICTOR, NY  14564-1061","","7","","27","2802","930 3RD ST","NAPA","28","94559","207 HIGH POINT DR, BLDG 100","VICTOR","14564","NY"
"646012","PEND ACTIVE","41 | 0","07/28/2023","06/30/2024","DBA: LOS PERICOS BAR AND GRILL                        TACOS LOS PERICOS, LLC                         6100 S MOONEY BLVD,                         VISALIA, CA  93277-9394","1348 E PROSPERITY AVE                              TULARE, CA  93274-8052","","7","","21","5406","6100 S MOONEY BLVD","VISALIA","54","93277","1348 E PROSPERITY AVE","TULARE","93274","CA"
"646165","PEND ACTIVE","41 | 0","07/31/2023","06/30/2024","DBA: DEL ORO TAQUERIA MEXICAN GRILL                        DEL ORO TAQUERIA MEXICAN GRILL                         127 W 25TH AVE,                         SAN MATEO, CA  94403-2259","","","","","25","4113","127 W 25TH AVE","SAN MATEO","41","94403","","","",""
"646333","PEND ACTIVE","41 | 0","07/31/2023","06/30/2024","DBA: TAQUERIA LA UNICA                        TAQUERIA LA UNICA, LLC                         3771 STATE ST,                         SANTA BARBARA, CA  93105-3116","2905 DE LA VINA ST                              SANTA BARBARA, CA  93105","","7","","12","4203","3771 STATE ST","SANTA BARBARA","42","93105","2905 DE LA VINA ST","SANTA BARBARA","93105","CA"
"646385","PEND ACTIVE","02 | 0","07/31/2023","06/30/2024","DBA: ROBERT MONDAVI WINERY                        CONSTELLATION BRANDS U S OPERATIONS INC                         930 3RD ST,                         NAPA, CA  94559-3005","207 HIGH POINT DR, BLDG 100                              VICTOR, NY  14564-1061","","7","","27","2802","930 3RD ST","NAPA","28","94559","207 HIGH POINT DR, BLDG 100","VICTOR","14564","NY"
"646398","PEND ACTIVE","02 | 0","07/31/2023","06/30/2024","DBA: MT. VEEDER WINERY                        TPWC, INC.                         930 3RD ST,                         NAPA, CA  94559-3005","207 HIGH POINT DR, BLDG 100                              VICTOR, NY  14564-1061","","7","","27","2802","930 3RD ST","NAPA","28","94559","207 HIGH POINT DR, BLDG 100","VICTOR","14564","NY"
"646423","PEND ACTIVE","41 | 0","07/31/2023","06/30/2024","DBA: ROKU SUSHI                        ROKU SUSHI LLC                         4200 THRIVE DR, STE 100,                         ROSEVILLE, CA  95678-6318","","","","","23","3105","4200 THRIVE DR, STE 100","ROSEVILLE","31","95678","","","",""
"646468","PEND ACTIVE","47 | 0","07/28/2023","04/30/2024","DBA: PICCOLO PARADISO                        GD ASSOCIATES LLC                         150-152 S BEVERLY DR ,                         BEVERLY HILLS, CA  90212-3003","9405 BRIGHTON WY, STE 20                              BEVERLY HILLS, CA  90210-4727","47-518657","7","","4","1908","150-152 S BEVERLY DR","BEVERLY HILLS","19","90212","9405 BRIGHTON WY, STE 20","BEVERLY HILLS","90210","CA"
"646506","PEND ACTIVE","47 | 0","07/28/2023","06/30/2024","DBA: SLICE OF ITALY ROSEDALE                        SIDHU'S CUISINE INC                         10524 HAGEMAN RD, SUITE C1-C3,                         BAKERSFIELD, CA  93312-9106","6900 SAVANAH FALLS DR                              BAKERSFIELD, CA  93312","47-573174","7","TICOR TITLE COMPANY OF CALIFORNIA 10000 STOCKDALE HWY STE 101 BAKERSFIELD, CA  93311","6","1501","10524 HAGEMAN RD, SUITE C1-C3","BAKERSFIELD","15","93312","6900 SAVANAH FALLS DR","BAKERSFIELD","93312","CA"
"646537","PEND ACTIVE","41 | 0","07/31/2023","06/30/2024","DBA: BLOOM                        WARRIOR PIZZA INC                         1917 SAN PABLO AVE,                         OAKLAND, CA  94612-1305","","","","","22","0109","1917 SAN PABLO AVE","OAKLAND","01","94612","","","",""
"646555","PEND ACTIVE","02 | 0","07/28/2023","06/30/2024","DBA: SAMPL                        VINESHIFT INC.                         21945 CARNEROS LAKE LN, STE 1,                         SONOMA, CA  95476-2842","180 MORRIS ST, STE 170                              SEBASTOPOL, CA  95472-3876","","","","27","4900","21945 CARNEROS LAKE LN, STE 1","SONOMA","49","95476","180 MORRIS ST, STE 170","SEBASTOPOL","95472","CA"
"646653","PEND ACTIVE","41 | 0","07/31/2023","06/30/2024","DBA: UOVO                        PASTA UOVO LLC                         146 S LAKE AVE, STE 103,                         PASADENA, CA  91101-2637","11507 W PICO BLVD                              LOS ANGELES, CA  90064-1519","","","","2","1943","146 S LAKE AVE, STE 103","PASADENA","19","91101","11507 W PICO BLVD","LOS ANGELES","90064","CA"
"646830","PEND ACTIVE","20 | 0","07/31/2023","06/30/2024","DBA: CHANNEL ISLAND DAIRY                        MECHIEL, WASFY GABER HNEIN                         1420 W CHANNEL ISLANDS BLVD,                         OXNARD, CA  93033-4202","","20-524694","7","CONTACT ESCROW 2301 S VICTORIA AVE #B VENTURA, CA  93003","12","5603","1420 W CHANNEL ISLANDS BLVD","OXNARD","56","93033","","","",""
"646861","PEND ACTIVE","02 | 0","07/28/2023","06/30/2024","ARH ENTERPRISES LLC                         3730 SILVERADO TRL N,                         SAINT HELENA, CA  94574-9810","PO BOX 754                              OCEAN SHORES, WA  98569","","","","27","2800","3730 SILVERADO TRL N","SAINT HELENA","28","94574","PO BOX 754","OCEAN SHORES","98569","WA"
"646957","PEND ACTIVE","41 | 0","07/31/2023","06/30/2024","DBA: TAQUERIA Y MARISCOS DON ELIAS LLC                        TAQUERIA Y MARISCOS DON ELIAS LLC                         31 3RD ST,                         GONZALES, CA  93926","962 NANTUCKET BLVD, APT 203                              SALINAS, CA  93906","41-592108","7","","26","2703","31 3RD ST","GONZALES","27","93926","962 NANTUCKET BLVD, APT 203","SALINAS","93906","CA"
"647014","PEND ACTIVE","47 | 0","07/28/2023","06/30/2024","DBA: TJ'S ROADHOUSE                        TJ'S ROADHOUSE OF NEVADA CITY LLC                         101 BROAD ST,                         NEVADA CITY, CA  95959-2623","101 BROAD ST, STE. A                              NEVADA CITY, CA  95959-2623","47-563854","7","CAPITOL CITY ESCROW INC 3838 WATT AVE STE F610 SACRAMENTO, CA  95821","23","2902","101 BROAD ST","NEVADA CITY","29","95959","101 BROAD ST, STE. A","NEVADA CITY","95959","CA"
"647024","PEND ACTIVE","21 | 0","07/31/2023","12/31/2023","DBA: BILLS SPORT & BAIT SHOP                        RAVINDER PETROLEUM GROUP INC.                         2001 CROWS LANDING RD,                         MODESTO, CA  95358","","21-576246","7,8","","29","5002","2001 CROWS LANDING RD","MODESTO","50","95358","","","",""
"647054","PEND ACTIVE","21 | 0","07/28/2023","06/30/2024","DBA: KTM LIQUORS & BAZAAR                        KTM INVESTMENT, LLC                         759 SAN PABLO AVE,                         ALBANY, CA  94706-1130","2518 SAN PABLO AVE                              PINOLE, CA  94564","21-524189","","OLD REPUBLIC TITLE 1000 BURNETT AVE STE 400 CONCORD, CA  94520-2088","22","0102","759 SAN PABLO AVE","ALBANY","01","94706","2518 SAN PABLO AVE","PINOLE","94564","CA"
"647057","PEND ACTIVE","21 | 0","07/28/2023","06/30/2024","DBA: MAX'S LIQUORS                        KTM INVESTMENT, LLC                         865 SAN PABLO AVE,                         ALBANY, CA  94706-1602","2518 SAN PABLO AVE                              PINOLE, CA  94564","21-520728","","OLD REPUBLIC TITLE 1000 BURNETT AVE STE 400 CONCORD, CA  94520-2088","22","0102","865 SAN PABLO AVE","ALBANY","01","94706","2518 SAN PABLO AVE","PINOLE","94564","CA"
"647130","PEND ACTIVE","58 | 1","07/28/2023","06/30/2024","DBA: CATS RESTAURANT THE                        CHEF CENTURY INC                         17533 SANTA CRUZ HWY,                         LOS GATOS, CA  95033-9101","","47-565559","","BUSINESS ESCROW SERVICE CENTER 3031 TISCH WY STE 310 SAN JOSE, CA  95128","25","4300","17533 SANTA CRUZ HWY","LOS GATOS","43","95033","","","",""
"647130","PEND ACTIVE","47 | 1","07/28/2023","06/30/2024","DBA: CATS RESTAURANT THE                        CHEF CENTURY INC                         17533 SANTA CRUZ HWY,                         LOS GATOS, CA  95033-9101","","47-565559","","BUSINESS ESCROW SERVICE CENTER 3031 TISCH WY STE 310 SAN JOSE, CA  95128","25","4300","17533 SANTA CRUZ HWY","LOS GATOS","43","95033","","","",""
"647132","PEND ACTIVE","20 | 0","07/28/2023","06/30/2024","DBA: GAS 'N' STUFF                        FOOD & FUEL INC                         33127 ROAD 222,                         NORTH FORK, CA  93643","","20-596555","7","ORANGE COAST TITLE COMPANY 7580 N INGRAM AVE STE 112 FRESNO, CA  93711","21","2000","33127 ROAD 222","NORTH FORK","20","93643","","","",""
"647387","PEND ACTIVE","41 | 0","07/28/2023","06/30/2024","DBA: QUE CHULADA MEXICAN RESTAURANT                        QUE CHULADA RESTAURANT LLC                         5850 GEARY BLVD,                         SAN FRANCISCO, CA  94121-2005","","","","","24","3800","5850 GEARY BLVD","SAN FRANCISCO","38","94121","","","",""
"647393","PEND ACTIVE","02 | 0","07/31/2023","06/30/2024","DBA: NAPA 94558 WINERY                        TUCKER FAMILY VINEYARDS LLC                         1721 PARTRICK RD,                         NAPA, CA  94558-6182","4290 SILVER MEADOW CT                              DANVILLE, CA  94558","","","","27","2800","1721 PARTRICK RD","NAPA","28","94558","4290 SILVER MEADOW CT","DANVILLE","94558","CA"
"647449","PEND ACTIVE","02 | 0","07/31/2023","06/30/2024","DBA: LONGHOUSE MEADERY                        ACKERMAN, LUCAS SAMUEL                         311 E AVE K8, STE 125 & 127,                         LANCASTER, CA  93535-4523","","","7","","5","1980","311 E AVE K8, STE 125 & 127","LANCASTER","19","93535","","","",""
"647484","PEND ACTIVE","12 | 1","07/31/2023","06/30/2024","DBA: OLD STATE BOURBON                        OLD STATE DISTILLING LLC                         4400 ASHE RD, STE 207,                         BAKERSFIELD, CA  93313-2036","15644 CALABRIA CT                              BAKERSFIELD, CA  93314","","","","6","1501","4400 ASHE RD, STE 207","BAKERSFIELD","15","93313","15644 CALABRIA CT","BAKERSFIELD","93314","CA"
"647484","PEND ACTIVE","07 | 1","07/31/2023","06/30/2024","DBA: OLD STATE BOURBON                        OLD STATE DISTILLING LLC                         4400 ASHE RD, STE 207,                         BAKERSFIELD, CA  93313-2036","15644 CALABRIA CT                              BAKERSFIELD, CA  93314","","","","6","1501","4400 ASHE RD, STE 207","BAKERSFIELD","15","93313","15644 CALABRIA CT","BAKERSFIELD","93314","CA"
"647604","PEND ACTIVE","47 | 0","07/28/2023","06/30/2024","DBA: LOS PABLOS TAQUERIA & BIRRIERIA                        PILLOS POLLOS LLC                          42425 JACKSON ST, STE C-113,                         INDIO, CA  92203-9678","45901 CAPISTRANO ST                               INDIO, CA  92201-3864","47-636479","","ESCROW CONNECTION THE 1111 E TAHQUITZ CANYON WAY #101 PALM SPRINGS, CA  92262","8","3309","42425 JACKSON ST, STE C-113","INDIO","33","92203","45901 CAPISTRANO ST","INDIO","92201","CA"
"647685","PEND ACTIVE","17 | 0","07/28/2023","06/30/2024","DBA: TWENTY TWENTY WINES                        ZEITER, SIERRA MARIE                         9011 LLOYD LN,                         STOCKTON, CA  95212-1500","","","7","","29","3900","9011 LLOYD LN","STOCKTON","39","95212","","","",""
"647702","PEND ACTIVE","42 | 0","07/31/2023","06/30/2024","DBA: TASTE OF SANTA RITA HILLS                        GLORIAVINA, INC.                         2923 GRAND AVE, STE B,                         LOS OLIVOS, CA  93441-0000","PO BOX 781                              LOS OLIVOS, CA  93441-0781","42-606223","","SUPREME ESCROW INC 3701 WILSHIRE BLVD STE 535 LOS ANGELES, CA  90010","13","4200","2923 GRAND AVE, STE B","LOS OLIVOS","42","93441","PO BOX 781","LOS OLIVOS","93441","CA"
"647733","PEND ACTIVE","17 | 0","07/31/2023","06/30/2024","DBA: BELNAVIS CELLARS                        BELNAVIS DISTILLED SPIRITS AND WINE LLC                         221 DEVLIN RD,                         NAPA, CA  94558-6280","523 MANCHESTER TER, UNIT 3                              INGLEWOOD, CA  90301-9274","","7","","27","2800","221 DEVLIN RD","NAPA","28","94558","523 MANCHESTER TER, UNIT 3","INGLEWOOD","90301","CA"
"647733","PEND ACTIVE","20 | 0","07/31/2023","06/30/2024","DBA: BELNAVIS CELLARS                        BELNAVIS DISTILLED SPIRITS AND WINE LLC                         221 DEVLIN RD,                         NAPA, CA  94558-6280","523 MANCHESTER TER, UNIT 3                              INGLEWOOD, CA  90301-9274","","7,I","","27","2800","221 DEVLIN RD","NAPA","28","94558","523 MANCHESTER TER, UNIT 3","INGLEWOOD","90301","CA"
"647869","PEND ACTIVE","70 | 0","07/28/2023","06/30/2024","IHRTRST CONCESSIONS LLC                         4241 CHESTER LN,                         BAKERSFIELD, CA  93309-1082","5301 HEADQUARTERS DR                              PLANO, TX  75024","70-571678","","","6","1501","4241 CHESTER LN","BAKERSFIELD","15","93309","5301 HEADQUARTERS DR","PLANO","75024","TX"
"647885","PEND ACTIVE","41 | 0","07/31/2023","06/30/2024","ISLITAS SANTA MARIA LLC                         1651 N BROADWAY,                         SANTA MARIA, CA  93454","","41-466077","","","13","4204","1651 N BROADWAY","SANTA MARIA","42","93454","","","",""
"647992","PEND ACTIVE","41 | 0","07/31/2023","06/30/2024","DBA: AY PAPA QUE RICO PALMDALE                        TRLS MANAGEMENT GROUP LLC                         2200 E PALMDALE BLVD,                         PALMDALE, CA  93550-4947","2200 E PALMDALE BLVD                              PALMDALE, CA  93550-4947","","","","5","1974","2200 E PALMDALE BLVD","PALMDALE","19","93550","2200 E PALMDALE BLVD","PALMDALE","93550","CA"
"648052","PEND ACTIVE","48 | 0","07/28/2023","06/30/2024","DBA: GYM SALOON, THE                        MARTIN, DAVID WAYNE II                         6093 LINCOLN BLVD,                         OROVILLE, CA  95966-9562","","48-584806","","HERITAGE ESCROW 2550 5TH AVE STE 800 SAN DIEGO, CA  92103","31","0400","6093 LINCOLN BLVD","OROVILLE","04","95966","","","",""
"648080","PEND ACTIVE","20 | 0","07/28/2023","06/30/2024","DBA: A & G MART                        A & G MART INC                         66425 PIERSON BLVD,                         DESERT HOT SPRINGS, CA  92240-3600","PO BOX 734                              PALM SPRINGS, CA  92263-0734","20-465417","","ABC ESCROW 2222 DAMON ST  LOS ANGELES, CA  90021","8","3314","66425 PIERSON BLVD","DESERT HOT SPRINGS","33","92240","PO BOX 734","PALM SPRINGS","92263","CA"
"648105","PEND ACTIVE","02 | 0","07/28/2023","06/30/2024","DBA: MALONEY VINEYARDS                        MALONEY VINEYARDS, LLC                         1850 TEMPLETON RD,                         TEMPLETON, CA  93465-8310","1261 AVENIDA SEVILLA , 1B                              WALNUT CREEK, CA  94595","","","","13","4000","1850 TEMPLETON RD","TEMPLETON","40","93465","1261 AVENIDA SEVILLA , 1B","WALNUT CREEK","94595","CA"
"648126","PEND ACTIVE","41 | 0","07/31/2023","06/30/2024","DBA: MARINA SUSHI BAR                        AHOUSE INC                         2020 LOMBARD ST,                         SAN FRANCISCO, CA  94123-2809","","41-502714","7","OLD REPUBLIC TITLE 1000 BURNETT AVE STE 400 CONCORD, CA  94520-2088","24","3800","2020 LOMBARD ST","SAN FRANCISCO","38","94123","","","",""
"648171","PEND ACTIVE","02 | 0","07/28/2023","06/30/2024","DBA: PERCHANCE ESTATES                        PERCHANCE ESTATES, LLC                         144 GATEWAY RD E,                         NAPA, CA  94558-7576","3021 GREGORY AVE                              WILMETTE, IL  60091","02-625236","","","27","2800","144 GATEWAY RD E","NAPA","28","94558","3021 GREGORY AVE","WILMETTE","60091","IL"
"648225","PEND ACTIVE","21 | 0","07/28/2023","06/30/2024","DBA: BARREL LIQUOR & MORE                        SINGH, HARDEV                         2340 SUNSET BLVD., #150,                         ROCKLIN, CA  95765","11879 AUTUMN SUNSET WAY                              RANCHO CORDOVA, CA  95742-8009","21-477936","","CALIFORNIA BUSINESS ESCROW INC 1748 MAIN STREET  ESCALON, CA  95320","23","3104","2340 SUNSET BLVD., #150","ROCKLIN","31","95765","11879 AUTUMN SUNSET WAY","RANCHO CORDOVA","95742","CA"
"648329","PEND ACTIVE","47 | 0","07/31/2023","06/30/2024","DBA: GEMA'S                        GEMA'S HOSPITALITY INC                          360 VIA LAS BRISAS, STE 110,                         THOUSAND OAKS, CA  91320-7047","","47-541496","7","FIDELITY NATIONAL TITLE COMPANY 950 HAMPSHIRE RD WESTLAKE VILLAGE, CA  91361","12","5607","360 VIA LAS BRISAS, STE 110","THOUSAND OAKS","56","91320","","","",""
"648333","ACTIVE PEND","41 | 0","","","DBA: ROLL EM UP TAQUITOS                        JSR RESTAURANT GROUP LLC                         5001 CANDLEWOOD ST,                         LAKEWOOD, CA  90712-1835","1448 SUNNYCREST DR                              FULLERTON, CA  92835","","7","","3","1929","5001 CANDLEWOOD ST","LAKEWOOD","19","90712","1448 SUNNYCREST DR","FULLERTON","92835","CA"
"648333","ACTIVE PEND","41 | 0","","","DBA: ROLL EM UP TAQUITOS                        JSR RESTAURANT GROUP LLC                         5001 CANDLEWOOD ST,                         LAKEWOOD, CA  90712-1835","1448 SUNNYCREST DR                              FULLERTON, CA  92835","","7","","3","1929","5001 CANDLEWOOD ST","LAKEWOOD","19","90712","1448 SUNNYCREST DR","FULLERTON","92835","CA"
"648333","ISSUED PENDING","41 | 0","","","DBA: ROLL EM UP TAQUITOS                        JSR RESTAURANT GROUP LLC                         5001 CANDLEWOOD ST,                         LAKEWOOD, CA  90712-1835","1448 SUNNYCREST DR                              FULLERTON, CA  92835","","7","","3","1929","5001 CANDLEWOOD ST","LAKEWOOD","19","90712","1448 SUNNYCREST DR","FULLERTON","92835","CA"
"648340","PEND ACTIVE","41 | 0","07/28/2023","09/30/2024","DBA: HULA'S CHINESE BAR-B-Q                        HULA'S CHINESE BAR-B-Q                         1937 E 20TH ST, STE B10,                         CHICO, CA  95928","4269 KEITH LN                              CHICO, CA  95973","41-627545","7,8","NONE","31","0402","1937 E 20TH ST, STE B10","CHICO","04","95928","4269 KEITH LN","CHICO","95973","CA"
"648378","PEND ACTIVE","47 | 0","07/28/2023","06/30/2024","DBA: CRAFT HOUSE                        CRAFT HAUS FASHION VALLEY, LLC                         7007 FRIARS RD, STE 347,                         SAN DIEGO, CA  92108-5102","3200 PASEO VILLAGE WAY, #2646                              SAN DIEGO, CA  92130","47-547407","7","ABC ESCROW 2222 DAMON ST  LOS ANGELES, CA  90021","10","3710","7007 FRIARS RD, STE 347","SAN DIEGO","37","92108","3200 PASEO VILLAGE WAY, #2646","SAN DIEGO","92130","CA"
"648402","PEND ACTIVE","12 | 1","07/28/2023","06/30/2024","DBA: CONCURRENT PARTNERS LLC                        CONCURRENT PARTNERS LLC                         5307 & 5325 INDUSTRIAL WY,                         BENICIA, CA  94510-1026","407 N PACIFIC COAST HWY, #591                              REDONDO BEACH, CA  90277","","","","22","4801","5307 & 5325 INDUSTRIAL WY","BENICIA","48","94510","407 N PACIFIC COAST HWY, #591","REDONDO BEACH","90277","CA"
"648402","PEND ACTIVE","18 | 1","07/28/2023","06/30/2024","DBA: CONCURRENT PARTNERS LLC                        CONCURRENT PARTNERS LLC                         5307 & 5325 INDUSTRIAL WY,                         BENICIA, CA  94510-1026","407 N PACIFIC COAST HWY, #591                              REDONDO BEACH, CA  90277","","","","22","4801","5307 & 5325 INDUSTRIAL WY","BENICIA","48","94510","407 N PACIFIC COAST HWY, #591","REDONDO BEACH","90277","CA"
"648461","PEND ACTIVE","09 | 1","07/31/2023","07/31/2024","PYRAMID VALLEY VINEYARDS USA, LLC                         551 TECHNOLOGY WAY,                         NAPA, CA  94558-7589","235 MONTGOMERY ST, 30TH FLR                              SAN FRANCISCO, CA  94104-3117","17-636718","7","","27","2800","551 TECHNOLOGY WAY","NAPA","28","94558","235 MONTGOMERY ST, 30TH FLR","SAN FRANCISCO","94104","CA"
"648461","PEND ACTIVE","17 | 1","07/31/2023","07/31/2024","PYRAMID VALLEY VINEYARDS USA, LLC                         551 TECHNOLOGY WAY,                         NAPA, CA  94558-7589","235 MONTGOMERY ST, 30TH FLR                              SAN FRANCISCO, CA  94104-3117","17-636718","7","","27","2800","551 TECHNOLOGY WAY","NAPA","28","94558","235 MONTGOMERY ST, 30TH FLR","SAN FRANCISCO","94104","CA"
"648461","PEND ACTIVE","20 | 0","07/31/2023","07/31/2024","PYRAMID VALLEY VINEYARDS USA, LLC                         551 TECHNOLOGY WAY,                         NAPA, CA  94558-7589","235 MONTGOMERY ST, 30TH FLR                              SAN FRANCISCO, CA  94104-3117","20-636718","7,I","","27","2800","551 TECHNOLOGY WAY","NAPA","28","94558","235 MONTGOMERY ST, 30TH FLR","SAN FRANCISCO","94104","CA"
"648499","PEND ACTIVE","17 | 0","07/31/2023","06/30/2024","DBA: FOUR DOORS WINE                        JAR ENTERPRISES, LLC                         5584 SILVERADO TRL,                         NAPA, CA  94558-9411","","","7","","27","2800","5584 SILVERADO TRL","NAPA","28","94558","","","",""
"648499","PEND ACTIVE","20 | 0","07/31/2023","06/30/2024","DBA: FOUR DOORS WINE                        JAR ENTERPRISES, LLC                         5584 SILVERADO TRL,                         NAPA, CA  94558-9411","","","7,I","","27","2800","5584 SILVERADO TRL","NAPA","28","94558","","","",""
"648583","PEND ACTIVE","41 | 0","07/31/2023","06/30/2024","DBA: 946 BILLARDS                         946 BILLIARDS INC                         946 W EL CAMINO REAL,                         SUNNYVALE, CA  94087-1155","1425 WALNUT GROVE AVE                              SAN JOSE, CA  95126","","","","25","4316","946 W EL CAMINO REAL","SUNNYVALE","43","94087","1425 WALNUT GROVE AVE","SAN JOSE","95126","CA"
"648632","PEND ACTIVE","21 | 0","07/28/2023","06/30/2024","DBA: CHEVRON                        IJK OIL, INC.                         970 MERCHANT ST,                         VACAVILLE, CA  95688-5341","","21-642568","","CALIFORNIA BUSINESS ESCROW INC 1748 MAIN ST ESCALON, CA  95320-1927","22","4806","970 MERCHANT ST","VACAVILLE","48","95688","","","",""
"648662","PEND ACTIVE","41 | 0","07/31/2023","06/30/2024","DBA: BOLT HERMOSA BEACH                        BOLT BROTHERS LLC                         170-190 HERMOSA AVE,                         HERMOSA BEACH, CA  90254-5021","5648 HOLLYWOOD BLVD                              LOS ANGELES, CA  90028-6810","","7","","3","1924","170-190 HERMOSA AVE","HERMOSA BEACH","19","90254","5648 HOLLYWOOD BLVD","LOS ANGELES","90028","CA"
"648697","PEND ACTIVE","47 | 0","07/31/2023","06/30/2024","DBA: HOLDERS COUNTRY INN                        DE ANZA COUNTRY LLC                         134 MAIN ST,                         LOS ALTOS, CA  94022-2905","","47-606430","","","25","4305","134 MAIN ST","LOS ALTOS","43","94022","","","",""
"648771","PEND ACTIVE","47 | 0","07/28/2023","06/30/2024","MDBA GREEK LLC                         388 MAIN ST,                         LOS ALTOS, CA  94022-2805","","47-620498","","OLD REPUBLIC TITLE 1000 BURNETT AVE STE 400 CONCORD, CA  94520-2088","25","4305","388 MAIN ST","LOS ALTOS","43","94022","","","",""
"648795","PEND ACTIVE","21 | 0","07/28/2023","06/30/2024","OM NAMAHA LLC                         1630 CONTRA COSTA BLVD, STE E,                         PLEASANT HILL, CA  94523","","21-433243","","BAY AREA ESCROW COMPANY 2817 CROW CANYON RD STE 102 SAN RAMON, CA  94583","22","0712","1630 CONTRA COSTA BLVD, STE E","PLEASANT HILL","07","94523","","","",""
"648812","PEND ACTIVE","41 | 0","07/31/2023","06/30/2024","DBA: WEST COAST TACO BAR                        WEST COAST TACO BAR LLC                         8791 ELK GROVE BLVD,                         ELK GROVE, CA  95624","","","","","23","3407","8791 ELK GROVE BLVD","ELK GROVE","34","95624","","","",""
"648821","PEND ACTIVE","41 | 0","07/28/2023","06/30/2024","DBA: SAINT FRANCIS FOUNTAIN                        SEENIN, MANTAKARN                         2801 24TH ST,                         SAN FRANCISCO, CA  94110-4213","","41-394094/ 41-651853","7","OLD REPUBLIC TITLE CO 1000 BURNETT AVE STE 400 CONCORD, CA  94520-2088","24","3800","2801 24TH ST","SAN FRANCISCO","38","94110","","","",""
"648878","PEND ACTIVE","41 | 0","07/31/2023","06/30/2024","DBA: MARMALADE CAFE                         MARMALADE LLC                         525 SANTA MONICA BLVD, STE 120,                         SANTA MONICA, CA  90401-3608","16530 VENTURA BLVD , STE 611                              ENCINO, CA  91436","","7","","3","1953","525 SANTA MONICA BLVD, STE 120","SANTA MONICA","19","90401","16530 VENTURA BLVD , STE 611","ENCINO","91436","CA"
"648901","PEND ACTIVE","41 | 0","07/31/2023","06/30/2024","DBA: YUNNAN STYLE RICE NOODLE                        YUNNAN STYLE RICE NOODLE                         10675 SAN PABLO AVE,                         EL CERRITO, CA  94530","","","","","22","0704","10675 SAN PABLO AVE","EL CERRITO","07","94530","","","",""
"648930","PEND WITHDRAWN","41 | 0","","","DBA: URBAN AIR                        GOLDEN EAGLE INVESTMENTS LLC                         1700 ARDEN WAY,                         SACRAMENTO, CA  95815-5008","2250 MORLEY WY                              SACRAMENTO, CA  95864","599416","7","LENNAR TITLE, INC.  7555 N PALM AVENUE SUITE 210 FRESNO, CA  93711","23","3405","1700 ARDEN WAY","SACRAMENTO","34","95815","2250 MORLEY WY","SACRAMENTO","95864","CA"
"649036","PEND ACTIVE","41 | 0","07/28/2023","06/30/2024","DBA: CHICAGO'S  PIZZA WITH A TWIST                        JD PIZZA LLC                         159 E LATHROP RD,                         LATHROP, CA  95330","","","","","29","3907","159 E LATHROP RD","LATHROP","39","95330","","","",""
"649046","PEND ACTIVE","20 | 0","07/28/2023","02/29/2024","DBA: BILLS PLACE                        BILL'S PLACE MART                         16374 SIERRA HWY,                         CANYON COUNTRY, CA  91351-1412","","20-564371","7,8","UNITED ESCROW CO 3440 WILSHIRE BLVD STE 600 LOS ANGELES, CA  90010","5","1900","16374 SIERRA HWY","CANYON COUNTRY","19","91351","","","",""
"649061","PEND ACTIVE","02 | 0","07/28/2023","06/30/2024","DBA: MERRY EDWARDS WINERY                        SONOMA VINEYARD COMPANY, INC.                         9201 HIGHWAY 128,                         PHILO, CA  95466","383 4TH ST, STE 400                              OAKLAND, CA  94607","","","","27","2300","9201 HIGHWAY 128","PHILO","23","95466","383 4TH ST, STE 400","OAKLAND","94607","CA"
"649069","PEND ACTIVE","41 | 0","07/28/2023","06/30/2024","DBA: DOG HAUS BIERGARTEN NORTH BURBANK                        BURBANK AVION DH, LP                         3019 HOLLYWOOD WAY STE 301F,                         BURBANK, CA  91505-1082","121 E CHESTNUT AVE                              MONROVIA, CA  91016-3411","","","","5","1910","3019 HOLLYWOOD WAY STE 301F","BURBANK","19","91505","121 E CHESTNUT AVE","MONROVIA","91016","CA"
"649103","PEND ACTIVE","41 | 0","07/28/2023","06/30/2024","DBA: BLAZE PIZZA                        EKTA OUTLETS LLC                         48650 SEMINOLE DR., #1108,                         CABAZON, CA  92230-2161","11873 VALLEY VIEW ST. #188                              GARDEN GROVE, CA  92845","41-543341","","CITYWIDE ESCROW SERVICES INC 12501 SEAL BEACH BLVD STE 130 SEAL BEACH, CA  90740-2755","8","3300","48650 SEMINOLE DR., #1108","CABAZON","33","92230","11873 VALLEY VIEW ST. #188","GARDEN GROVE","92845","CA"
"649350","PEND ACTIVE","47 | 0","07/28/2023","06/30/2024","DBA: SUNFLOWER GARDEN                        LIN, XIAOFANG                         436 FERRY ST,                         MARTINEZ, CA  94553","","47-506771","7","OLD REPUBLIC TITLE 1000 BURNETT AVE STE 400 CONCORD, CA  94520-2088","22","0706","436 FERRY ST","MARTINEZ","07","94553","","","",""
"649445","PEND ACTIVE","41 | 0","07/28/2023","06/30/2024","DBA: BARZAR EATERY                        FOODIE S&Y CORP                         136 A PEABODY RD,                         VACAVILLE, CA  95687-4729","","","","","22","4806","136 A PEABODY RD","VACAVILLE","48","95687","","","",""
"649486","PEND ACTIVE","20 | 0","07/31/2023","06/30/2024","DBA: A1 IMPORTED GROCERIES                        A1 ITALIAN DELI, LLC                         348 W 8TH ST,                         SAN PEDRO, CA  90731","","20-263363","","OLD REPUBLIC TITLE 1000 BURNETT AVE STE 400 CONCORD, CA  94520-2088","3","1933","348 W 8TH ST","SAN PEDRO","19","90731","","","",""
"649658","PEND ACTIVE","20 | 0","07/31/2023","06/30/2024","DBA: FAMILY FOOD MARKET                        QASEM, GANAH MOQBELALI                         1105 E BELMONT AVE,                         FRESNO, CA  93701-1728","","20-553989","","","21","1005","1105 E BELMONT AVE","FRESNO","10","93701","","","",""
"650482","PEND WITHDRAWN","21 | 0","","","DBA: CRAZY LIQUOR #2                        LAHAM AND SONS INC                         10582 GARDEN GROVE BLVD,                         GARDEN GROVE, CA  92843-1163","8604 GARDEN GROVE BLVD                              GARDEN GROVE, CA  92844-1143","600498","7","LUCKY TEAM ESCROW INC 13305 BROOKHURST ST GARDEN GROVE, CA  92843-3117","11","3009","10582 GARDEN GROVE BLVD","GARDEN GROVE","30","92843","8604 GARDEN GROVE BLVD","GARDEN GROVE","92844","CA"