"License Number","Status Changed From/To","Type| Dup","Original Issue Date","Expir. Date","Primary Owner and Premises Addr.","Mailing Addr.","Transfer-From/To","Conditions","Escrow","District Code","Geo Code","Prem Street","City","County","Zip Code","Mailing Street","Mailing City","Mailing Zip Code","Mailing State"
"56749","ACTIVE CANCEL","21 | 0","01/01/1994","06/30/2024","DBA: RITE AID STORE 6073                        THRIFTY PAYLESS, INC.                         5712 FOLSOM BLVD,                         SACRAMENTO, CA  95819","560 MISSION ST STE 1900, C/O HOLLAND & KNIGHT                              ATTN: JBROWN RCANTER, SAN FRANCISCO, CA  94105","","","","23","3405","5712 FOLSOM BLVD","SACRAMENTO","34","95819","560 MISSION ST STE 1900, C/O HOLLAND & KNIGHT","SAN FRANCISCO","94105","CA"
"385579","REVPEN ACTIVE","41 | 0","04/02/2002","03/31/2024","DBA: LAMPPOST PIZZA                        CORRIE, BRYAN TAKEO                         8065 ELK GROVE FLORIN RD, STE 100,                         SACRAMENTO, CA  95829","","41-338652","7","","23","3400","8065 ELK GROVE FLORIN RD, STE 100","SACRAMENTO","34","95829","","","",""
"385579","REVPEN ACTIVE","41 | 0","04/02/2002","03/31/2024","DBA: LAMPPOST PIZZA                        CORRIE, BRYAN TAKEO                         8065 ELK GROVE FLORIN RD, STE 100,                         SACRAMENTO, CA  95829","","41-338652","7","","23","3400","8065 ELK GROVE FLORIN RD, STE 100","SACRAMENTO","34","95829","","","",""
"403341","ACTIVE CANCEL","41 | 0","09/10/2003","08/31/2023","DBA: KINOKAWA RESTAURANT                        LEE, YONG HOON                         1607-11 E WARDLOW RD,                         LONG BEACH, CA  90807","","41-220142","7","","3","1932","1607-11 E WARDLOW RD","LONG BEACH","19","90807","","","",""
"416278","ACTIVE CANCEL","47 | 0","10/25/2004","09/30/2023","DBA: 3 THIRTY 3 WATERFRONT RESTAURANT                        3 THIRTY 3 NEWPORT BEACH L-PSHIP                         333 BAYSIDE DR,                         NEWPORT BEACH, CA  92660-7230","","47-310162/ 47-647700","","","11","3013","333 BAYSIDE DR","NEWPORT BEACH","30","92660","","","",""
"420449","SUREND CANCEL","47 | 0","03/24/2005","02/29/2024","DBA: CALIFORNIA PIZZA KITCHEN                         CALIFORNIA PIZZA KITCHEN INC                         330 S HOPE ST, STE 40,                         LOS ANGELES, CA  90071","575 ANTON BLVD, STE 100                              COSTA MESA, CA  92626","47-319516/ 47-646732","7","","4","1933","330 S HOPE ST, STE 40","LOS ANGELES","19","90071","575 ANTON BLVD, STE 100","COSTA MESA","92626","CA"
"429202","ACTIVE CANCEL","20 | 0","10/20/2005","09/30/2023","DBA: GOLF COURSE PLAZA 76                        SHOMAN, TAREK MUHAMAD                         4649 GOLF COURSE RD,                         ANTIOCH, CA  94531-8375","","","","","22","0701","4649 GOLF COURSE RD","ANTIOCH","07","94531","","","",""
"441867","ACTIVE CANCEL","41 | 0","09/25/2006","08/31/2023","DBA: LA PRIMAVERA                        GUZMAN, GERARDO JAVIER                         1311 PINE ST,                         MARTINEZ, CA  94553","P O BOX 763                              MARTINEZ, CA  94553","41-292890/ 41-649122","7","","22","0706","1311 PINE ST","MARTINEZ","07","94553","P O BOX 763","MARTINEZ","94553","CA"
"482928","ACTIVE CANCEL","47 | 0","12/29/2011","11/30/2023","DBA: NORMAN ROSE TAVERN                        THREE BLUE INC                         1401 1ST ST,                         NAPA, CA  94559-2815","","","5","","27","2802","1401 1ST ST","NAPA","28","94559","","","",""
"501307","ACTIVE CANCEL","41 | 0","10/19/2010","09/30/2023","DBA: KOYOMI                        KOYOMI INC                         2652 CASTRO VALLEY BLVD,                         CASTRO VALLEY, CA  94546-5410","","41-466220/ 41-648783","7","FIDELITY NATIONAL TITLE COMPANY 2099 GATEWAY PL STE 100 SAN JOSE, CA  95110","22","0100","2652 CASTRO VALLEY BLVD","CASTRO VALLEY","01","94546","","","",""
"518589","PEND ACTIVE","02 | 0","07/11/2023","06/30/2024","DBA: VANGONE ESTATE                        MAD WINES INC                         3206 SITIO OCEANO,                         CARLSBAD, CA  92009-2001","","","7","","9","3701","3206 SITIO OCEANO","CARLSBAD","37","92009","","","",""
"536606","SUREND NREN","23 | 0","09/05/2018","08/31/2023","DBA: BOUCHEE CAFE & DELI                        DEGROSS ENTERPRISES, LLC                         72785 HIGHWAY 111, STE B1,                         PALM DESERT, CA  92260-3343","","","","","8","3318","72785 HIGHWAY 111, STE B1","PALM DESERT","33","92260","","","",""
"558891","SUREND CANCEL","47 | 4","11/17/2015","10/31/2023","DBA: HOTEL IRVINE                        HOTEL IRVINE FINANCE LLC                         17900 JAMBOREE RD,                         IRVINE, CA  92614-6211","550 NEWPORT CENTER DR                              NEWPORT BEACH, CA  92660-7011","47-444316/ 47-644250","7","","11","3026","17900 JAMBOREE RD","IRVINE","30","92614","550 NEWPORT CENTER DR","NEWPORT BEACH","92660","CA"
"558891","SUREND CANCEL","21 | 0","11/17/2015","10/31/2023","DBA: HOTEL IRVINE                        HOTEL IRVINE FINANCE LLC                         17900 JAMBOREE RD,                         IRVINE, CA  92614-6211","550 NEWPORT CENTER DR                              NEWPORT BEACH, CA  92660-7011","21-444316/ 21-644250","7","","11","3026","17900 JAMBOREE RD","IRVINE","30","92614","550 NEWPORT CENTER DR","NEWPORT BEACH","92660","CA"
"558891","SUREND CANCEL","47 | 4","11/17/2015","10/31/2023","DBA: HOTEL IRVINE                        HOTEL IRVINE FINANCE LLC                         17900 JAMBOREE RD,                         IRVINE, CA  92614-6211","550 NEWPORT CENTER DR                              NEWPORT BEACH, CA  92660-7011","47-444316/ 47-644250","7","","11","3026","17900 JAMBOREE RD","IRVINE","30","92614","550 NEWPORT CENTER DR","NEWPORT BEACH","92660","CA"
"558891","SUREND CANCEL","58 | 4","11/17/2015","10/31/2023","DBA: HOTEL IRVINE                        HOTEL IRVINE FINANCE LLC                         17900 JAMBOREE RD,                         IRVINE, CA  92614-6211","550 NEWPORT CENTER DR                              NEWPORT BEACH, CA  92660-7011","47-444316/ 47-644250","7","","11","3026","17900 JAMBOREE RD","IRVINE","30","92614","550 NEWPORT CENTER DR","NEWPORT BEACH","92660","CA"
"558891","SUREND CANCEL","77 | 4","11/17/2015","10/31/2023","DBA: HOTEL IRVINE                        HOTEL IRVINE FINANCE LLC                         17900 JAMBOREE RD,                         IRVINE, CA  92614-6211","550 NEWPORT CENTER DR                              NEWPORT BEACH, CA  92660-7011","47-444316/ 47-644250","7","","11","3026","17900 JAMBOREE RD","IRVINE","30","92614","550 NEWPORT CENTER DR","NEWPORT BEACH","92660","CA"
"558891","SUREND CANCEL","66 | 4","11/17/2015","10/31/2023","DBA: HOTEL IRVINE                        HOTEL IRVINE FINANCE LLC                         17900 JAMBOREE RD,                         IRVINE, CA  92614-6211","550 NEWPORT CENTER DR                              NEWPORT BEACH, CA  92660-7011","47-444316/ 47-644250","7","","11","3026","17900 JAMBOREE RD","IRVINE","30","92614","550 NEWPORT CENTER DR","NEWPORT BEACH","92660","CA"
"558891","SUREND CANCEL","68 | 4","11/17/2015","10/31/2023","DBA: HOTEL IRVINE                        HOTEL IRVINE FINANCE LLC                         17900 JAMBOREE RD,                         IRVINE, CA  92614-6211","550 NEWPORT CENTER DR                              NEWPORT BEACH, CA  92660-7011","47-444316/ 47-644250","7","","11","3026","17900 JAMBOREE RD","IRVINE","30","92614","550 NEWPORT CENTER DR","NEWPORT BEACH","92660","CA"
"559829","ACTIVE CANCEL","02 | 1","11/06/2015","06/30/2024","DBA: WARGIN WINES                        WARGIN WINES LLC                         11 HANGAR WY,                         WATSONVILLE, CA  95076","PO BOX 1151                              SOQUEL, CA  95073-1151","02-527392/ 02-629183","","","26","4403","11 HANGAR WY","WATSONVILLE","44","95076","PO BOX 1151","SOQUEL","95073","CA"
"559829","ACTIVE CANCEL","81 | 1","11/06/2015","06/30/2024","DBA: WARGIN WINES                        WARGIN WINES LLC                         11 HANGAR WY,                         WATSONVILLE, CA  95076","PO BOX 1151                              SOQUEL, CA  95073-1151","02-527392/ 02-629183","","","26","4403","11 HANGAR WY","WATSONVILLE","44","95076","PO BOX 1151","SOQUEL","95073","CA"
"574533","CANCEL ACTIVE","47 | 1","06/02/2017","05/31/2024","DBA: OGGIS PIZZA & BREWING CO                        SAB TERRA INC                         24042 ALICIA PKWY,                         MISSION VIEJO, CA  92691-3903","","","5","","11","3027","24042 ALICIA PKWY","MISSION VIEJO","30","92691","","","",""
"574533","CANCEL ACTIVE","58 | 1","06/02/2017","05/31/2024","DBA: OGGIS PIZZA & BREWING CO                        SAB TERRA INC                         24042 ALICIA PKWY,                         MISSION VIEJO, CA  92691-3903","","","5","","11","3027","24042 ALICIA PKWY","MISSION VIEJO","30","92691","","","",""
"577504","ACTIVE CANCEL","48 | 0","01/27/2017","06/30/2023","DBA: SHADY BRADY'S                        TRUE-INLOW CORPORATION                          4271-73 E LIVE OAK AVE,                         ARCADIA, CA  91006-5503","1031 BECKLEE RD                              GLENDORA, CA  91741","48-569112/ 48-646970","8","","2","1900","4271-73 E LIVE OAK AVE","ARCADIA","19","91006","1031 BECKLEE RD","GLENDORA","91741","CA"
"580985","SUREND CANCEL","47 | 0","12/05/2017","11/30/2023","DBA: PUBLIC HOUSE THE                        EBC PUBLIC HOUSE INC.                         7511 EDINGER AVE, STE 101,                         HUNTINGTON BEACH, CA  92647-3587","2440 RAILROAD ST, STE A                              CORONA, CA  92880-5418","47-512954/ 47-635090","7","","11","3010","7511 EDINGER AVE, STE 101","HUNTINGTON BEACH","30","92647","2440 RAILROAD ST, STE A","CORONA","92880","CA"
"584087","ACTIVE CANCEL","47 | 2","05/11/2018","04/30/2024","DBA: YOST & 1912                        24 CARROTS LLC                         305 & 307 N SPURGEON ST,                         SANTA ANA, CA  92701-4856","150 BAKER ST                              COSTA MESA, CA  92626-4503","47-504224/ 47-636670","5,7","ABC ESCROW 2222 DAMON STREET  LOS ANGELES, CA  90021","11","3017","305 & 307 N SPURGEON ST","SANTA ANA","30","92701","150 BAKER ST","COSTA MESA","92626","CA"
"584087","ACTIVE CANCEL","58 | 2","05/11/2018","04/30/2024","DBA: YOST & 1912                        24 CARROTS LLC                         305 & 307 N SPURGEON ST,                         SANTA ANA, CA  92701-4856","150 BAKER ST                              COSTA MESA, CA  92626-4503","47-504224/ 47-636670","5,7","ABC ESCROW 2222 DAMON STREET  LOS ANGELES, CA  90021","11","3017","305 & 307 N SPURGEON ST","SANTA ANA","30","92701","150 BAKER ST","COSTA MESA","92626","CA"
"584087","ACTIVE CANCEL","77 | 2","05/11/2018","04/30/2024","DBA: YOST & 1912                        24 CARROTS LLC                         305 & 307 N SPURGEON ST,                         SANTA ANA, CA  92701-4856","150 BAKER ST                              COSTA MESA, CA  92626-4503","47-504224/ 47-636670","5,7","ABC ESCROW 2222 DAMON STREET  LOS ANGELES, CA  90021","11","3017","305 & 307 N SPURGEON ST","SANTA ANA","30","92701","150 BAKER ST","COSTA MESA","92626","CA"
"584087","ACTIVE CANCEL","47 | 2","05/11/2018","04/30/2024","DBA: YOST & 1912                        24 CARROTS LLC                         305 & 307 N SPURGEON ST,                         SANTA ANA, CA  92701-4856","150 BAKER ST                              COSTA MESA, CA  92626-4503","47-504224/ 47-636670","5,7","ABC ESCROW 2222 DAMON STREET  LOS ANGELES, CA  90021","11","3017","305 & 307 N SPURGEON ST","SANTA ANA","30","92701","150 BAKER ST","COSTA MESA","92626","CA"
"586873","SUREND CANCEL","21 | 0","03/14/2018","02/29/2024","DBA: COST PLUS WORLD MARKET                        COST PLUS INC                         1120 GALLERIA BLVD, STE 100,                         ROSEVILLE, CA  95678-4118","1201 MARINA VILLAGE PKWY                              ALAMEDA, CA  94501-1087","","","","23","3105","1120 GALLERIA BLVD, STE 100","ROSEVILLE","31","95678","1201 MARINA VILLAGE PKWY","ALAMEDA","94501","CA"
"589280","ACTIVE CANCEL","20 | 0","03/19/2018","06/30/2024","DBA: 7 ELEVEN STORE 34470C                        7 ELEVEN INC                         16975 SIERRA LAKES PKWY , UNIT 101,                         FONTANA, CA  92336-1272","PO BOX 139044, ATTN: LICENSING DEPARTMENT                              DALLAS, TX  75313-9044","20-552049/ 20-617008","7","7 ELEVEN INC P O BOX 219088 DALLAS, TX  75221-9088","7","3604","16975 SIERRA LAKES PKWY , UNIT 101","FONTANA","36","92336","PO BOX 139044, ATTN: LICENSING DEPARTMENT","DALLAS","75313","TX"
"597381","ACTIVE SUREND","40 | 0","10/15/2019","04/30/2024","DBA: HABIBI HOOKAH LOUNGE                         WILLIAM , ROODI                          3322 MCHENRY AVE,                         MODESTO, CA  95350","301 E COOLIDGE AVE, APT 14                              MODESTO, CA  95355","40-591765","7","","29","5002","3322 MCHENRY AVE","MODESTO","50","95350","301 E COOLIDGE AVE, APT 14","MODESTO","95355","CA"
"600430","AUTREV ACTIVE","40 | 0","01/14/2020","12/31/2023","DBA: FLIGHT LINE TAP ROOM                        FLIGHT LINE TAP ROOM LLC                         259 BALSAM ST,                         RIDGECREST, CA  93555-3857","","","7","","6","1510","259 BALSAM ST","RIDGECREST","15","93555","","","",""
"601101","ACTIVE CANCEL","47 | 0","01/28/2019","12/31/2023","DBA: GARLIC CRAB THE                        PNN FOOD ENTERPRISE                          1230 LAKES DR, STE 107,                         WEST COVINA, CA  91790-3077","2643 SAN GABRIEL BLVD                              ROSEMEAD, CA  91770-3253","47-576249/ 47-646335","7","VIVA ESCROW INC 136 W WALNUT AVE MONROVIA, CA  91016-3444","2","1960","1230 LAKES DR, STE 107","WEST COVINA","19","91790","2643 SAN GABRIEL BLVD","ROSEMEAD","91770","CA"
"609297","ACTIVE CANCEL","41 | 0","11/12/2019","10/31/2023","DBA: W CAFE AND BAR                        MSAC INC                         1818 L ST,                         BAKERSFIELD, CA  93301-4514","","","7","","6","1501","1818 L ST","BAKERSFIELD","15","93301","","","",""
"609398","SUSPEN ACTIVE","20 | 0","03/11/2020","02/29/2024","DBA: T&SONS SUNRISE MARKET                        OBAID, TALAL ALI HAMOOD                         1348 SUNRISE AVE,                         MODESTO, CA  95350","","20-257761","","CALIFORNIA BUSINESS ESCROW INC 1748 MAIN ST ESCALON, CA  95320-1927","29","5002","1348 SUNRISE AVE","MODESTO","50","95350","","","",""
"609398","SUSPEN ACTIVE","20 | 0","03/11/2020","02/29/2024","DBA: T&SONS SUNRISE MARKET                        OBAID, TALAL ALI HAMOOD                         1348 SUNRISE AVE,                         MODESTO, CA  95350","","20-257761","","CALIFORNIA BUSINESS ESCROW INC 1748 MAIN ST ESCALON, CA  95320-1927","29","5002","1348 SUNRISE AVE","MODESTO","50","95350","","","",""
"610111","PEND ACTIVE","47 | 0","07/12/2023","06/30/2024","DBA: JAVIS FINE MEXICAN FOOD RESTAURANT                        JAVIER'S MEXICAN RESTAURANTS, INC.                         50 S DEL PUERTO AVE,                         PATTERSON, CA  95363","201 NEEDHAM ST                              MODESTO, CA  95354","","5","","29","5005","50 S DEL PUERTO AVE","PATTERSON","50","95363","201 NEEDHAM ST","MODESTO","95354","CA"
"611406","SUREND CANCEL","20 | 0","11/06/2019","10/31/2023","DBA: RIVERLAND MARKET                        KLAIR, JOSHUN                         6910 RIVERLAND DR,                         REDDING, CA  96002-4583","691 MARAGLIA ST, STE B                              REDDING, CA  96002","20-592744/ 20-645890","","FIDELITY NATIONAL TITLE COMPANY 8525 MADISON AVE # 110 FAIR OAKS, CA  95628-3854","31","4500","6910 RIVERLAND DR","REDDING","45","96002","691 MARAGLIA ST, STE B","REDDING","96002","CA"
"611767","ACTIVE CANCEL","41 | 0","12/16/2019","11/30/2023","DBA: SECRET PHO                        SECRET PNR, INC                         8762 GARDEN GROVE BLVD, STE 104,                         GARDEN GROVE, CA  92844-3501","12651 PEARCE ST                              GARDEN GROVE, CA  92843-3023","","7","","11","3009","8762 GARDEN GROVE BLVD, STE 104","GARDEN GROVE","30","92844","12651 PEARCE ST","GARDEN GROVE","92843","CA"
"612589","ACTIVE CANCEL","21 | 0","02/03/2020","01/31/2024","DBA: OM LIQUOR & GROCERIES                        OM LIQUOR & GROCERIES INC                         4962 PASEO PADRE PKWY,                         FREMONT, CA  94555","4962 PASEO PADRE PKWY                              FREMONT, CA  94555","21-427309/ 21-647816","","BUSINESS & COMMERICAL SERVICE CENTER 3031 TISCH WY STE 310 SAN JOSE, CA  95128","22","0105","4962 PASEO PADRE PKWY","FREMONT","01","94555","4962 PASEO PADRE PKWY","FREMONT","94555","CA"
"615565","ACTIVE CANCEL","41 | 1","12/08/2020","11/30/2023","DBA: CANNERY GROUP LLC THE                        CANNERY GROUP LLC THE                          3295 CASTRO VALLEY BLVD,                         CASTRO VALLEY, CA  94546","3303 SAN PABLO AVE                              OAKLAND, CA  94608-4235","41-538271","","","22","0100","3295 CASTRO VALLEY BLVD","CASTRO VALLEY","01","94546","3303 SAN PABLO AVE","OAKLAND","94608","CA"
"615565","ACTIVE CANCEL","58 | 1","12/08/2020","11/30/2023","DBA: CANNERY GROUP LLC THE                        CANNERY GROUP LLC THE                          3295 CASTRO VALLEY BLVD,                         CASTRO VALLEY, CA  94546","3303 SAN PABLO AVE                              OAKLAND, CA  94608-4235","41-538271","","","22","0100","3295 CASTRO VALLEY BLVD","CASTRO VALLEY","01","94546","3303 SAN PABLO AVE","OAKLAND","94608","CA"
"617008","PEND ACTIVE","20 | 0","07/11/2023","06/30/2024","DBA: 7 ELEVEN STORE 41549A                        7 ELEVEN INC                         17064 SIERRA LAKES PKWY,                         FONTANA, CA  92336","PO BOX 139044, ATTN: LICENSING DEPARTMENT                              DALLAS, TX  75313-9044","20-589280","7","FIDELITY NATIONAL TITLE COMPANY 8525 MADISON AVE # 110 FAIR OAKS, CA  95628-3854","7","3604","17064 SIERRA LAKES PKWY","FONTANA","36","92336","PO BOX 139044, ATTN: LICENSING DEPARTMENT","DALLAS","75313","TX"
"626310","PEND ACTIVE","20 | 0","07/12/2023","06/30/2024","RIGNA INVESTMENTS INC.                         1147 N ST,                         NEWMAN, CA  95360","62 N SIERRA MADRE ST                              TRACY, CA  95391","","7","","29","5003","1147 N ST","NEWMAN","50","95360","62 N SIERRA MADRE ST","TRACY","95391","CA"
"627714","PEND ACTIVE","47 | 0","07/12/2023","04/30/2024","DBA: MURILLOS RESTAURANT                        MURILLO'S RESTAURANT, INC                         1435 ARY LN,                         DIXON, CA  95620-4200","","47-548696","8","","22","4802","1435 ARY LN","DIXON","48","95620","","","",""
"628693","PEND ACTIVE","41 | 0","07/11/2023","06/30/2024","DBA: BILL & BALI'S PIZZA & PINTS                        SANGHA RESTAURANT GROUP, INC.                         7011 SUNNE LN, #120,                         WALNUT CREEK, CA  94597-3623","6055 CONTRA COSTA RD                              OAKLAND, CA  94618","","7","","22","0711","7011 SUNNE LN, #120","WALNUT CREEK","07","94597","6055 CONTRA COSTA RD","OAKLAND","94618","CA"
"629183","PEND ACTIVE","02 | 0","07/11/2023","06/30/2024","DBA: WARGIN WINES                        WARGIN WINES LLC                         6500 BREM LN,                         GILROY, CA  95020-7001","PO BOX 1151                              SOQUEL, CA  95073-1151","02-559829","","","25","4304","6500 BREM LN","GILROY","43","95020","PO BOX 1151","SOQUEL","95073","CA"
"629692","SUSPEN ACTIVE","47 | 0","11/22/2021","10/31/2023","DBA: VIBE EVENT CENTER THE                        VIBE EVENT CENTER LLC THE                         721 W MAIN ST,                         EL CENTRO, CA  92243-2921","837 ORANGE AVE                              HOLTVILLE, CA  92250-1241","47-577458","7","CHICAGO TITLE COMPANY 364 S INDIAN CANYON DR PALM SPRINGS, CA  92262-7827","8","1304","721 W MAIN ST","EL CENTRO","13","92243","837 ORANGE AVE","HOLTVILLE","92250","CA"
"629692","SUSPEN ACTIVE","47 | 0","11/22/2021","10/31/2023","DBA: VIBE EVENT CENTER THE                        VIBE EVENT CENTER LLC THE                         721 W MAIN ST,                         EL CENTRO, CA  92243-2921","837 ORANGE AVE                              HOLTVILLE, CA  92250-1241","47-577458","7","CHICAGO TITLE COMPANY 364 S INDIAN CANYON DR PALM SPRINGS, CA  92262-7827","8","1304","721 W MAIN ST","EL CENTRO","13","92243","837 ORANGE AVE","HOLTVILLE","92250","CA"
"630606","PEND ACTIVE","21 | 0","07/11/2023","06/30/2024","DBA: MEADOW VISTA MARKET                        MEADOW VISTA MARKET INC                         16893-16895 PLACER HILLS RD,                         MEADOW VISTA, CA  95722-9531","987 STERLING CIR                              FOLSOM, CA  95630-7502","21-586873","7","","23","3100","16893-16895 PLACER HILLS RD","MEADOW VISTA","31","95722","987 STERLING CIR","FOLSOM","95630","CA"
"632733","PEND ACTIVE","86 | 0","07/12/2023","07/31/2024","DBA: LITTLE VICTORY WINE MARKET                        LITTLE VICTORY LLC                         960 S COAST HWY 101, STE 108,                         ENCINITAS, CA  92024-4433","5615 VIA MONTELLANO                              BONSALL, CA  92003","","","","9","3718","960 S COAST HWY 101, STE 108","ENCINITAS","37","92024","5615 VIA MONTELLANO","BONSALL","92003","CA"
"633185","PEND ACTIVE","20 | 0","07/12/2023","06/30/2024","DBA: GROCERY OUTLET                        GROCERY OUTLET INC                         2900 SPERRY AVE,                         PATTERSON, CA  95363","5650 HOLLIS ST                              EMERYVILLE, CA  94608-2597","20-532628","","","29","5005","2900 SPERRY AVE","PATTERSON","50","95363","5650 HOLLIS ST","EMERYVILLE","94608","CA"
"633922","PEND ACTIVE","20 | 0","07/11/2023","06/30/2024","DBA: ALDI                        AI CALIFORNIA LLC                         24865 IRIS AVE,                         MORENO VALLEY, CA  92553","12661 ALDI PL                              MORENO VALLEY, CA  92555-6703","","","","7","3321","24865 IRIS AVE","MORENO VALLEY","33","92553","12661 ALDI PL","MORENO VALLEY","92555","CA"
"634749","PEND ACTIVE","20 | 0","07/12/2023","06/30/2024","DBA: JUICY LADIES CAFE & JUICE BAR                        JUICY LADIES PACIFIC PALISADES, LLC                         17361 W SUNSET BLVD,                         PACIFIC PALISADES, CA  90272-4101","4223 CANOGA DR                              CANOGA PARK, CA  90272","","7","","4","1933","17361 W SUNSET BLVD","PACIFIC PALISADES","19","90272","4223 CANOGA DR","CANOGA PARK","90272","CA"
"635090","PEND ACTIVE","47 | 0","07/11/2023","06/30/2024","DBA: XCLUSIVE MEXICAN SEAFOOD                        XCLUSIVE MEXICAN SEAFOOD INC                         25571 JERONIMO RD, STE 1 & 2,                         MISSION VIEJO, CA  92691-2726","","47-580985","7","","11","3027","25571 JERONIMO RD, STE 1 & 2","MISSION VIEJO","30","92691","","","",""
"635543","REVPEN SUREND","47 | 0","08/22/2022","07/31/2024","STASHVENTURES LLC                         12819 BEACH BLVD,                         STANTON, CA  90680-4002","2401 PACIFIC COAST HWY, STE 206                              HERMOSA BEACH, CA  90254-2735","48-590046","","ABC ESCROW 2222 DAMON STREET  LOS ANGELES, CA  90021","11","3019","12819 BEACH BLVD","STANTON","30","90680","2401 PACIFIC COAST HWY, STE 206","HERMOSA BEACH","90254","CA"
"636327","PEND ACTIVE","75 | 0","07/24/2023","06/30/2024","DBA: UNION, THE                        POUR LIFE LLC                         112 PACIFIC ST,                         ROSEVILLE, CA  95678-2259","","75-410831","7","CAPITAL CITY ESCROW INC 3838 WATT AVE  STE F-610 SACRAMENTO, CA  95821-2697","23","3105","112 PACIFIC ST","ROSEVILLE","31","95678","","","",""
"636327","PEND ACTIVE","75 | 0","07/24/2023","06/30/2024","DBA: UNION, THE                        POUR LIFE LLC                         112 PACIFIC ST,                         ROSEVILLE, CA  95678-2259","","75-410831","7","CAPITAL CITY ESCROW INC 3838 WATT AVE  STE F-610 SACRAMENTO, CA  95821-2697","23","3105","112 PACIFIC ST","ROSEVILLE","31","95678","","","",""
"636670","PEND ACTIVE","47 | 2","07/11/2023","06/30/2024","DBA: YOST THEATER THE                        YOST VENTURES, INC.                         305 & 307 N SPURGEON ST,                         SANTA ANA, CA  92701-4856","48 MAXWELL                              IRVINE, CA  92618-4641","47-584087","7","ALISO ESCROW 4522 MARKET ST VENTURA, CA  93003","11","3017","305 & 307 N SPURGEON ST","SANTA ANA","30","92701","48 MAXWELL","IRVINE","92618","CA"
"636670","PEND ACTIVE","77 | 2","07/11/2023","06/30/2024","DBA: YOST THEATER THE                        YOST VENTURES, INC.                         305 & 307 N SPURGEON ST,                         SANTA ANA, CA  92701-4856","48 MAXWELL                              IRVINE, CA  92618-4641","47-584087","7","ALISO ESCROW 4522 MARKET ST VENTURA, CA  93003","11","3017","305 & 307 N SPURGEON ST","SANTA ANA","30","92701","48 MAXWELL","IRVINE","92618","CA"
"636670","PEND ACTIVE","58 | 2","07/11/2023","06/30/2024","DBA: YOST THEATER THE                        YOST VENTURES, INC.                         305 & 307 N SPURGEON ST,                         SANTA ANA, CA  92701-4856","48 MAXWELL                              IRVINE, CA  92618-4641","47-584087","7","ALISO ESCROW 4522 MARKET ST VENTURA, CA  93003","11","3017","305 & 307 N SPURGEON ST","SANTA ANA","30","92701","48 MAXWELL","IRVINE","92618","CA"
"636670","PEND ACTIVE","47 | 2","07/11/2023","06/30/2024","DBA: YOST THEATER THE                        YOST VENTURES, INC.                         305 & 307 N SPURGEON ST,                         SANTA ANA, CA  92701-4856","48 MAXWELL                              IRVINE, CA  92618-4641","47-584087","7","ALISO ESCROW 4522 MARKET ST VENTURA, CA  93003","11","3017","305 & 307 N SPURGEON ST","SANTA ANA","30","92701","48 MAXWELL","IRVINE","92618","CA"
"637184","PEND ACTIVE","41 | 0","07/11/2023","06/30/2024","DBA: TORO FUSION GRILL                        MICHAEL C RESTAURANT INC.                         1818 L ST,                         BAKERSFIELD, CA  93301-4514","","41-609297/ 41-653595","7","","6","1501","1818 L ST","BAKERSFIELD","15","93301","","","",""
"637940","PEND ACTIVE","47 | 0","07/12/2023","06/30/2024","SHADOW LAKES GOLF, LP                         401 W COUNTRY CLUB DR,                         BRENTWOOD, CA  94513-5058","","47-449676","","ABC ESCROW 2222 DAMON STREET  LOS ANGELES, CA  90021","22","0702","401 W COUNTRY CLUB DR","BRENTWOOD","07","94513","","","",""
"639426","PEND ACTIVE","48 | 0","07/12/2023","06/30/2024","DBA: ANSWER SPORTS BAR & GRILL THE                         MCCARVER, EDDIE RAY                         4519 WALTERS RD,                         FAIRFIELD, CA  94533-6004","","48-627455","7","BAY AREA ESCROW COMPANY 2817 CROW CANYON RD STE 102 SAN RAMON, CA  94583","22","4800","4519 WALTERS RD","FAIRFIELD","48","94533","","","",""
"639768","ACTIVE CANCEL","47 | 1","12/19/2022","11/30/2023","DEMINIE, BRYAN COOPER                         113 HARBOR WAY, STE 180,                         SANTA BARBARA, CA  93109-2344","5726 W SWEET DR.                              VISALIA, CA  93291","47-622175/ 47-646829","","INNOVATIVE ESCROW 28212 KELLY JOHNSON PKWY STE 110 VALENCIA, CA  91355","12","4203","113 HARBOR WAY, STE 180","SANTA BARBARA","42","93109","5726 W SWEET DR.","VISALIA","93291","CA"
"639768","ACTIVE CANCEL","58 | 1","12/19/2022","11/30/2023","DEMINIE, BRYAN COOPER                         113 HARBOR WAY, STE 180,                         SANTA BARBARA, CA  93109-2344","5726 W SWEET DR.                              VISALIA, CA  93291","47-622175/ 47-646829","","INNOVATIVE ESCROW 28212 KELLY JOHNSON PKWY STE 110 VALENCIA, CA  91355","12","4203","113 HARBOR WAY, STE 180","SANTA BARBARA","42","93109","5726 W SWEET DR.","VISALIA","93291","CA"
"640530","PEND ACTIVE","40 | 0","07/12/2023","06/30/2024","DBA: OUT OF ORDER ARCADE                        IRONWHEEL AMUSEMENTS LLC                         13320 LINCOLN WAY,                         AUBURN, CA  95603-3225","PO BOX 6045                              AUBURN, CA  95604","40-607203","","CAPITOL CITY ESCROW 3838 WATT AVE #F610 SACRAMENTO, CA  95821","23","3100","13320 LINCOLN WAY","AUBURN","31","95603","PO BOX 6045","AUBURN","95604","CA"
"640691","PEND ACTIVE","12 | 1","07/12/2023","06/30/2024","DBA: US LEAF FOOD INC                         US LEAF FOOD INC                          9730 VAL ST ,                         TEMPLE CITY, CA  91780-1439","","","7","","2","1969","9730 VAL ST","TEMPLE CITY","19","91780","","","",""
"640691","PEND ACTIVE","18 | 1","07/12/2023","06/30/2024","DBA: US LEAF FOOD INC                         US LEAF FOOD INC                          9730 VAL ST ,                         TEMPLE CITY, CA  91780-1439","","","7","","2","1969","9730 VAL ST","TEMPLE CITY","19","91780","","","",""
"641213","SUREND CANCEL","21 | 0","11/08/2022","10/31/2023","DBA: BROWN JUG LIQUOR STORE                        CHAVEZ EVENTS CORP                         83041 INDIO BLVD,                         INDIO, CA  92201-4713","373 PASEO VISTA CIR                              PALM DESERT, CA  92260-5295","21-217837/ 21-647956","","THE ESCROW CONNECTION 1111 E TAHQUITZ CANYON WAY #101 PALM SPRINGS, CA  92262","8","3309","83041 INDIO BLVD","INDIO","33","92201","373 PASEO VISTA CIR","PALM DESERT","92260","CA"
"641225","PEND ACTIVE","02 | 0","07/11/2023","06/30/2024","DBA: SHINDIG CIDER                        SHINDIG CIDER LLC                         3055 DUNCAN RD, STE D,                         SAN LUIS OBISPO, CA  93401-6823","1170 BUCHON ST                              SAN LUIS OBISPO, CA  93401-3704","","","","13","4004","3055 DUNCAN RD, STE D","SAN LUIS OBISPO","40","93401","1170 BUCHON ST","SAN LUIS OBISPO","93401","CA"
"641766","PEND ACTIVE","21 | 0","07/12/2023","06/30/2024","DBA: MIKES MARKET INC                        MIKES MARKET INC                         18918 VALLEY BLVD,                         BLOOMINGTON, CA  92316-2213","","","5,7","","7","3600","18918 VALLEY BLVD","BLOOMINGTON","36","92316","","","",""
"642741","PEND ACTIVE","21 | 0","07/12/2023","06/30/2024","DBA: ARCO AMPM                        GURKIRPA PROPERTY LLC                         18762 VALLEY BLVD,                         BLOOMINGTON, CA  92316-2209","","","5","","7","3600","18762 VALLEY BLVD","BLOOMINGTON","36","92316","","","",""
"642820","PEND ACTIVE","47 | 0","07/12/2023","06/30/2024","DBA: BELLE EPOQUE                        BELLE EPOQUE SOCIETY                         265 AVENIDA DEL NORTE,                         REDONDO BEACH, CA  90277-5702","265 AVENIDA DEL NORTE                              REDONDO BEACH, CA  90277-5702","","5","","3","1946","265 AVENIDA DEL NORTE","REDONDO BEACH","19","90277","265 AVENIDA DEL NORTE","REDONDO BEACH","90277","CA"
"643394","ACTIVE CANCEL","41 | 0","12/23/2022","11/30/2023","DBA: FONDITA MEXICAN RESTAURANT                        ALVARADO DIAZ, MARIA                         2708 COUNTRY CLUB BLVD,                         STOCKTON, CA  95204","","","","","29","3905","2708 COUNTRY CLUB BLVD","STOCKTON","39","95204","","","",""
"643459","PEND ACTIVE","02 | 0","07/11/2023","06/30/2024","DBA: VANGONE ESTATE                        MAD WINES INC                         335 WEST LN,                         ANGWIN, CA  94508-9606","3207 SITIO OCEANO                              CARLSBAD, CA  92009","","","","27","2800","335 WEST LN","ANGWIN","28","94508","3207 SITIO OCEANO","CARLSBAD","92009","CA"
"644221","PEND ACTIVE","48 | 0","07/12/2023","06/30/2024","DBA: CONTINENTAL BAR LOUNGE & PATIO  THE                        TCSJ LLC                         349 S 1ST ST,                         SAN JOSE, CA  95113-2804","","48-545597","7","PAUL NAHAL ESQ 2021 THE ALAMEDA SAN JOSE, CA  95126","25","4313","349 S 1ST ST","SAN JOSE","43","95113","","","",""
"644250","PEND ACTIVE","47 | 0","07/11/2023","06/30/2024","DBA: HYATT REGENCY IRVINE                        HYATT CORPORATION                         17900 JAMBOREE RD,                         IRVINE, CA  92614-6211","317 E CARSON ST, STE 333                              C/O FLAHERTY & O'HARA, PITTSBURGH, PA  15219","47-558891","7","CALIFORNIA BUSINESS ESCROW 1748 MAIN ST ESCALON, CA  95320-1927","11","3026","17900 JAMBOREE RD","IRVINE","30","92614","317 E CARSON ST, STE 333","PITTSBURGH","15219","PA"
"644250","PEND ACTIVE","47 | 0","07/11/2023","06/30/2024","DBA: HYATT REGENCY IRVINE                        HYATT CORPORATION                         17900 JAMBOREE RD,                         IRVINE, CA  92614-6211","317 E CARSON ST, STE 333                              C/O FLAHERTY & O'HARA, PITTSBURGH, PA  15219","47-558891","7","CALIFORNIA BUSINESS ESCROW 1748 MAIN ST ESCALON, CA  95320-1927","11","3026","17900 JAMBOREE RD","IRVINE","30","92614","317 E CARSON ST, STE 333","PITTSBURGH","15219","PA"
"644250","PEND ACTIVE","21 | 0","07/11/2023","06/30/2024","DBA: HYATT REGENCY IRVINE                        HYATT CORPORATION                         17900 JAMBOREE RD,                         IRVINE, CA  92614-6211","317 E CARSON ST, STE 333                              C/O FLAHERTY & O'HARA, PITTSBURGH, PA  15219","21-558891","7","CALIFORNIA BUSINESS ESCROW 1748 MAIN ST ESCALON, CA  95320-1927","11","3026","17900 JAMBOREE RD","IRVINE","30","92614","317 E CARSON ST, STE 333","PITTSBURGH","15219","PA"
"644853","PEND ACTIVE","21 | 0","07/11/2023","06/30/2024","DBA: 7-ELEVEN #41227                        7 ELEVEN INC                         8100 SHELDON RD,                         ELK GROVE, CA  95758-5963","PO BOX 139044, ATTN: LICENSING DEPARTMENT                              DALLAS, TX  75313-9044","21-56749","7","CALIFORNIA BUSINESS ESCROW","23","3407","8100 SHELDON RD","ELK GROVE","34","95758","PO BOX 139044, ATTN: LICENSING DEPARTMENT","DALLAS","75313","TX"
"645131","PEND ACTIVE","12 | 1","07/12/2023","06/30/2024","DBA: SAN MARTIN IMPORTS LLC                        SAN MARTIN IMPORTS, LLC                         1200 4TH ST,                         BERKELEY, CA  94710-1303","","","","","22","0103","1200 4TH ST","BERKELEY","01","94710","","","",""
"645131","PEND ACTIVE","05 | 1","07/12/2023","06/30/2024","DBA: SAN MARTIN IMPORTS LLC                        SAN MARTIN IMPORTS, LLC                         1200 4TH ST,                         BERKELEY, CA  94710-1303","","","","","22","0103","1200 4TH ST","BERKELEY","01","94710","","","",""
"645134","PEND ACTIVE","82 | 0","07/12/2023","06/30/2024","DBA: TENNESSEE HOMEMADE WINES                        TENNESSEE HOMEMADE WINES, LLC                         643 PARKWAY,                         GATLINBURG, TN  37738","","","","","75","9999","643 PARKWAY","GATLINBURG","","37738","","","",""
"645445","PEND ACTIVE","20 | 0","07/12/2023","06/30/2024","DBA: ARCADIA VALERO                        MADAIN, JERRY                         102 E DUARTE RD,                         ARCADIA, CA  91006-3934","","20-615404","7","SECURITY LAND ESCROW CO 10805 PARAMOUNT BLVD STE A DOWNEY, CA  90241-3308","2","1902","102 E DUARTE RD","ARCADIA","19","91006","","","",""
"645466","PEND ACTIVE","20 | 0","07/12/2023","06/30/2024","DBA: FAST & EASY MART UPPERLAKE                        AASIM CORPORATION                         105 E HIGHWAY 20,                         UPPER LAKE, CA  95485-9216","5000 E 2ND ST, STE G                              BENICIA, CA  94510-1019","20-511133","7","BAY AREA ESCROW SERVICES 2817 CROW CANYON RD STE 102 SAN RAMON, CA  94583","27","1700","105 E HIGHWAY 20","UPPER LAKE","17","95485","5000 E 2ND ST, STE G","BENICIA","94510","CA"
"645616","PEND ACTIVE","18 | 1","07/13/2023","06/30/2024","DBA: US LEAF FOOD INC                        US LEAF FOOD INC                          1981 E 213TH ST,                         CARSON, CA  90810-1202","9730 VAL ST                               TEMPLE CITY, CA  91780-1439","","","","3","1977","1981 E 213TH ST","CARSON","19","90810","9730 VAL ST","TEMPLE CITY","91780","CA"
"645616","PEND ACTIVE","12 | 1","07/13/2023","06/30/2024","DBA: US LEAF FOOD INC                        US LEAF FOOD INC                          1981 E 213TH ST,                         CARSON, CA  90810-1202","9730 VAL ST                               TEMPLE CITY, CA  91780-1439","","","","3","1977","1981 E 213TH ST","CARSON","19","90810","9730 VAL ST","TEMPLE CITY","91780","CA"
"645681","PEND ACTIVE","12 | 1","07/12/2023","05/31/2024","DBA: VAMPROSE GLOBAL INC.                        VAMPROSE GLOBAL INC.                          24404 S VERMONT AVE, STE 307I,                         HARBOR CITY, CA  90710-2313","","18-633925","7","","3","1933","24404 S VERMONT AVE, STE 307I","HARBOR CITY","19","90710","","","",""
"645681","PEND ACTIVE","18 | 1","07/12/2023","05/31/2024","DBA: VAMPROSE GLOBAL INC.                        VAMPROSE GLOBAL INC.                          24404 S VERMONT AVE, STE 307I,                         HARBOR CITY, CA  90710-2313","","18-633925","7","","3","1933","24404 S VERMONT AVE, STE 307I","HARBOR CITY","19","90710","","","",""
"645681","PEND ACTIVE","16 | 0","07/12/2023","05/31/2024","DBA: VAMPROSE GLOBAL INC.                        VAMPROSE GLOBAL INC.                          24404 S VERMONT AVE, STE 307I,                         HARBOR CITY, CA  90710-2313","","16-633925","7","","3","1933","24404 S VERMONT AVE, STE 307I","HARBOR CITY","19","90710","","","",""
"645686","PEND ACTIVE","02 | 0","07/11/2023","06/30/2024","DBA: WILD WEST MEAD COMPANY                        WILD WEST MEAD COMPANY LLC                         2332 LA MIRADA DR., STE 700,                         VISTA, CA  92081-7864","","","","","9","3713","2332 LA MIRADA DR., STE 700","VISTA","37","92081","","","",""
"645839","ACTIVE R64B","47 | 0","07/12/2023","06/30/2024","DBA: AMALFI LLAMA                         AMALFI LLAMA SD LLC                         4575 LA JOLLA VILLAGE DR, STE 1150,                         SAN DIEGO, CA  92122-1299","12101 S CRENSHAW BLVD, STE 400                              HAWTHORNE, CA  90250-3469","48-564713","7","INNOVATIVE ESCROW 28212 KELLY JOHNSON PKWY STE 110 VALENCIA, CA  91355","10","3710","4575 LA JOLLA VILLAGE DR, STE 1150","SAN DIEGO","37","92122","12101 S CRENSHAW BLVD, STE 400","HAWTHORNE","90250","CA"
"645890","PEND ACTIVE","20 | 0","07/11/2023","06/30/2024","DBA: CIRCLE K                        SUNNY & KARAN LLC                         40965 JEFFERSON ST,                         INDIO, CA  92203","42270 SPECTRUM ST                              INDIO, CA  92203-9513","20-611406","","","8","3309","40965 JEFFERSON ST","INDIO","33","92203","42270 SPECTRUM ST","INDIO","92203","CA"
"645939","PEND ACTIVE","17 | 0","07/12/2023","06/30/2024","DBA: NOIR WINES                        NOIR WINES LLC                         990 BENITO CT,                         PACIFIC GROVE, CA  93950-5333","PO BOX 761                              PEBBLE BEACH, CA  93953-0761","","7","","26","2707","990 BENITO CT","PACIFIC GROVE","27","93950","PO BOX 761","PEBBLE BEACH","93953","CA"
"645939","PEND ACTIVE","20 | 0","07/12/2023","06/30/2024","DBA: NOIR WINES                        NOIR WINES LLC                         990 BENITO CT,                         PACIFIC GROVE, CA  93950-5333","PO BOX 761                              PEBBLE BEACH, CA  93953-0761","","7,I","","26","2707","990 BENITO CT","PACIFIC GROVE","27","93950","PO BOX 761","PEBBLE BEACH","93953","CA"
"646295","PEND ACTIVE","41 | 0","07/11/2023","06/30/2024","DBA: SEAL BEACH FISH CO                        118 WEST FISH CO.                          1025 PACIFIC COAST HWY,                         SEAL BEACH, CA  90740-6214","","","","","11","3018","1025 PACIFIC COAST HWY","SEAL BEACH","30","90740","","","",""
"646296","PEND ACTIVE","02 | 0","07/11/2023","06/30/2024","DBA: SUNCRU WINES LLC                        SUNCRU WINES LLC                         902 ENTERPRISE WAY, STE O,                         NAPA, CA  94558-7559","150 CHERRY CREEK RD                              CLOVERDALE, CA  95425-3808","","7","","27","2802","902 ENTERPRISE WAY, STE O","NAPA","28","94558","150 CHERRY CREEK RD","CLOVERDALE","95425","CA"
"646335","PEND ACTIVE","47 | 0","07/11/2023","06/30/2024","DEROSSI MELROSE LLC                         7469 MELROSE AVE,                         LOS ANGELES, CA  90046-7565","445 E 6TH STREET                               NEW YORK, NY  10009","47-601101","7","CALIFORNIA BUSINESS ESCROW 1748 MAIN ST ESCALON, CA  95320-1927","4","1933","7469 MELROSE AVE","LOS ANGELES","19","90046","445 E 6TH STREET","NEW YORK","10009","NY"
"646437","PEND ACTIVE","20 | 0","07/12/2023","06/30/2024","DBA: LOPAI CELLARS                        LOPAI CELLARS LLC                         5170 VINEYARD DR,                         PASO ROBLES, CA  93446-8673","","","7,I","","13","4000","5170 VINEYARD DR","PASO ROBLES","40","93446","","","",""
"646437","PEND ACTIVE","17 | 0","07/12/2023","06/30/2024","DBA: LOPAI CELLARS                        LOPAI CELLARS LLC                         5170 VINEYARD DR,                         PASO ROBLES, CA  93446-8673","","","7","","13","4000","5170 VINEYARD DR","PASO ROBLES","40","93446","","","",""
"646584","PEND ACTIVE","47 | 0","07/12/2023","06/30/2024","DBA: PEZ MODERN COASTAL KITCHEN                         PEZ PASADENA LLC                         61 N RAYMOND AVE,                         PASADENA, CA  91103-3919","","47-582845","","CALIFORNIA BUSINESS ESCROW INC 1748 MAIN ST ESCALON, CA  95320-1927","2","1943","61 N RAYMOND AVE","PASADENA","19","91103","","","",""
"646595","PEND ACTIVE","02 | 0","07/12/2023","06/30/2024","DBA: TURTLE ROCK VINEYARDS                        TURTLE ROCK VINEYARDS                         3075 BLUE ROCK RD, UNIT C,                         PASO ROBLES, CA  93446-5999","3075 BLUE ROCK RD, UNIT A                              PASO ROBLES, CA  93446-5999","02-620789","","","13","4000","3075 BLUE ROCK RD, UNIT C","PASO ROBLES","40","93446","3075 BLUE ROCK RD, UNIT A","PASO ROBLES","93446","CA"
"646732","PEND ACTIVE","47 | 0","07/11/2023","06/30/2024","DBA: YAHIR'S                        YAHIR'S LLC                          12400 W WASHINGTON BLVD,                         CULVER CITY, CA  90066-5504","12400 WASHINGTON BLVD, #6                              CULVER CITY, CA  90066","47-420449","7","ABC ESCROW 2222 DAMON STREET  LOS ANGELES, CA  90021","4","1914","12400 W WASHINGTON BLVD","CULVER CITY","19","90066","12400 WASHINGTON BLVD, #6","CULVER CITY","90066","CA"
"646796","PEND ACTIVE","17 | 1","07/12/2023","09/30/2023","DBA: BBCA                        JF & K, INC                         1436 N HUNDLEY ST,                         ANAHEIM, CA  92806-1322","","17-621751","","","11","3001","1436 N HUNDLEY ST","ANAHEIM","30","92806","","","",""
"646796","PEND ACTIVE","18 | 1","07/12/2023","11/30/2023","DBA: BBCA                        JF & K, INC                         1436 N HUNDLEY ST,                         ANAHEIM, CA  92806-1322","","18-621751","","","11","3001","1436 N HUNDLEY ST","ANAHEIM","30","92806","","","",""
"646796","PEND ACTIVE","12 | 1","07/12/2023","11/30/2023","DBA: BBCA                        JF & K, INC                         1436 N HUNDLEY ST,                         ANAHEIM, CA  92806-1322","","18-621751","","","11","3001","1436 N HUNDLEY ST","ANAHEIM","30","92806","","","",""
"646796","PEND ACTIVE","09 | 1","07/12/2023","09/30/2023","DBA: BBCA                        JF & K, INC                         1436 N HUNDLEY ST,                         ANAHEIM, CA  92806-1322","","17-621751","","","11","3001","1436 N HUNDLEY ST","ANAHEIM","30","92806","","","",""
"646829","PEND ACTIVE","47 | 1","07/11/2023","11/30/2023","DBA: ANCHOR ROSE THE                        CAPTAIN'S COVE LLC                          113 HARBOR WAY, STE 180,                         SANTA BARBARA, CA  93109-2344","","47-639768","A","","12","4203","113 HARBOR WAY, STE 180","SANTA BARBARA","42","93109","","","",""
"646829","PEND ACTIVE","58 | 1","07/11/2023","11/30/2023","DBA: ANCHOR ROSE THE                        CAPTAIN'S COVE LLC                          113 HARBOR WAY, STE 180,                         SANTA BARBARA, CA  93109-2344","","47-639768","A","","12","4203","113 HARBOR WAY, STE 180","SANTA BARBARA","42","93109","","","",""
"646970","PEND ACTIVE","48 | 0","07/11/2023","06/30/2024","DBA: SHADY BRADY'S                        SHADY BROTHERS LLC                         4271-73 E LIVE OAK AVE,                         ARCADIA, CA  91006-5503","4273 E LIVE OAK AVE                              ARCADIA, CA  91006","48-577504","8","ESCROW WORLD INC 416 S SPRING ST STE 408 LOS ANGELES, CA  90013","2","1900","4271-73 E LIVE OAK AVE","ARCADIA","19","91006","4273 E LIVE OAK AVE","ARCADIA","91006","CA"
"647361","PEND ACTIVE","12 | 1","07/12/2023","06/30/2024","TMA LIQUOR INC                         16633 GALE AVE,                         CITY OF INDUSTRY, CA  91745-1802","","","","","2","1926","16633 GALE AVE","CITY OF INDUSTRY","19","91745","","","",""
"647361","PEND ACTIVE","09 | 1","07/12/2023","06/30/2024","TMA LIQUOR INC                         16633 GALE AVE,                         CITY OF INDUSTRY, CA  91745-1802","","","","","2","1926","16633 GALE AVE","CITY OF INDUSTRY","19","91745","","","",""
"647361","PEND ACTIVE","18 | 1","07/12/2023","06/30/2024","TMA LIQUOR INC                         16633 GALE AVE,                         CITY OF INDUSTRY, CA  91745-1802","","","","","2","1926","16633 GALE AVE","CITY OF INDUSTRY","19","91745","","","",""
"647361","PEND ACTIVE","17 | 1","07/12/2023","06/30/2024","TMA LIQUOR INC                         16633 GALE AVE,                         CITY OF INDUSTRY, CA  91745-1802","","","","","2","1926","16633 GALE AVE","CITY OF INDUSTRY","19","91745","","","",""
"647512","PEND ACTIVE","48 | 0","07/12/2023","06/30/2024","DBA: ELBO ROOM                        ZODIAC BAR 311 LLC                          311 BROADWAY,                         OAKLAND, CA  94607-3804","553 CORNELL ST                              SAN LORENZO, CA  94580","48-589367","7","OLD REPUBLIC TITLE 1000 BURNETT AVE STE 400 CONCORD, CA  94520-2088","22","0109","311 BROADWAY","OAKLAND","01","94607","553 CORNELL ST","SAN LORENZO","94580","CA"
"647512","PEND ACTIVE","48 | 0","07/12/2023","06/30/2024","DBA: ELBO ROOM                        ZODIAC BAR 311 LLC                          311 BROADWAY,                         OAKLAND, CA  94607-3804","553 CORNELL ST                              SAN LORENZO, CA  94580","48-589367","7","OLD REPUBLIC TITLE 1000 BURNETT AVE STE 400 CONCORD, CA  94520-2088","22","0109","311 BROADWAY","OAKLAND","01","94607","553 CORNELL ST","SAN LORENZO","94580","CA"
"647695","PEND ACTIVE","41 | 0","07/12/2023","06/30/2024","DBA: MASALA EXPRESS                        MASALA EXPRESS                         560 W OLIVE AVE,                         MERCED, CA  95348","2435 VALDES DR                              MERCED, CA  95348","","","","29","2406","560 W OLIVE AVE","MERCED","24","95348","2435 VALDES DR","MERCED","95348","CA"
"647700","PEND ACTIVE","47 | 0","07/11/2023","06/30/2024","DBA: TAVERN HOUSE KITCHEN & BAR                        D&G RESTAURANTS LLC                         333 BAYSIDE DR,                         NEWPORT BEACH, CA  92660-7230","33427 PASEO EL LAZO                              SAN JUAN CAPISTRANO, CA  92675-1003","47-416278","","COMMONWEALTH LAND TITLE COMPANY 4100 NEWPORT PLACE DR #120 NEWPORT BEACH, CA  92660","11","3013","333 BAYSIDE DR","NEWPORT BEACH","30","92660","33427 PASEO EL LAZO","SAN JUAN CAPISTRANO","92675","CA"
"647704","PEND ACTIVE","47 | 0","07/12/2023","06/30/2024","PHO MEX INC.                         3848 MCHENRY AVE, STE 410,                         MODESTO, CA  95356-1521","","47-403072","7","FIDELITY NATIONAL TITLE COMPANY 2099 GATEWAY PL STE 500 SAN JOSE, CA  95110","29","5002","3848 MCHENRY AVE, STE 410","MODESTO","50","95356","","","",""
"647723","PEND ACTIVE","41 | 0","07/11/2023","11/30/2023","DBA: FONDITA MEXICAN RESTAURANT                        GONZALEZ DE SANCHEZ, LILIA                         2708 COUNTRY CLUB BLVD,                         STOCKTON, CA  95204","","41-643394","","","29","3905","2708 COUNTRY CLUB BLVD","STOCKTON","39","95204","","","",""
"647816","PEND ACTIVE","21 | 0","07/11/2023","06/30/2024","DBA: BOSS LIQUOR 1                        DIAMOND INVESTMENT COMPANY, LLC                         4962 PASEO PADRE PKWY,                         FREMONT, CA  94555","","21-612589","","BUSINESS & ESCROW SERVICE CENTER 3031 TISCH WAY STE 310 SAN JOSE, CA  95128","22","0105","4962 PASEO PADRE PKWY","FREMONT","01","94555","","","",""
"647912","PEND ACTIVE","41 | 0","07/12/2023","06/30/2024","DBA: TAQUERIA LAS AVES                        MATA, NORMA VIRIDIANA                         1702 ROBERTSON BLVD,                         CHOWCHILLA, CA  93610-9016","","","","","21","2001","1702 ROBERTSON BLVD","CHOWCHILLA","20","93610","","","",""
"647956","PEND ACTIVE","21 | 0","07/11/2023","06/30/2024","DBA: UNION 76 & FOOD MARKET                         SHIVAH, INC                         25020 ALESSANDRO BLVD,                         MORENO VALLEY, CA  92553-4388","","21-641213","","ABC ESCROW 2222 DAMON STREET  LOS ANGELES, CA  90021","7","3321","25020 ALESSANDRO BLVD","MORENO VALLEY","33","92553","","","",""
"648011","PEND ACTIVE","23 | 0","07/12/2023","06/30/2024","DBA: PHIELLA BEER                        HANNA, SOPHIA OLLIE EMMALINE                         202 E STEVENS AVE, STE G,                         SANTA ANA, CA  92707-8702","","","","","11","3017","202 E STEVENS AVE, STE G","SANTA ANA","30","92707","","","",""
"648271","PEND ACTIVE","17 | 0","07/12/2023","10/31/2024","DBA: C WAVE DISTRIBUTION                        STCC WAVE INC                         1349 64TH ST,                         EMERYVILLE, CA  94608-1106","1033 MENTE LINDA LOOP                              MILPITAS, CA  95035-8643","17-642115","","","22","0104","1349 64TH ST","EMERYVILLE","01","94608","1033 MENTE LINDA LOOP","MILPITAS","95035","CA"
"648271","PEND ACTIVE","18 | 0","07/12/2023","10/31/2024","DBA: C WAVE DISTRIBUTION                        STCC WAVE INC                         1349 64TH ST,                         EMERYVILLE, CA  94608-1106","1033 MENTE LINDA LOOP                              MILPITAS, CA  95035-8643","18-642115","","","22","0104","1349 64TH ST","EMERYVILLE","01","94608","1033 MENTE LINDA LOOP","MILPITAS","95035","CA"
"648285","PEND ACTIVE","41 | 0","07/12/2023","06/30/2024","DBA: ROUND TABLE PIZZA #1310                        LIVERMORE RTP LLC                          4098 EAST AVE,                         LIVERMORE, CA  94550","231 MARKET PL, STE 353                              SAN RAMON, CA  94583","","","","22","0107","4098 EAST AVE","LIVERMORE","01","94550","231 MARKET PL, STE 353","SAN RAMON","94583","CA"
"648380","PEND ACTIVE","41 | 0","07/11/2023","06/30/2024","DBA: CC CROCKETT COCINA                        CC CROCKET COCINA, LLC                         1207 POMONA ST,                         CROCKETT, CA  94525-1127","","","7","","22","0700","1207 POMONA ST","CROCKETT","07","94525","","","",""
"648410","PEND ACTIVE","20 | 0","07/11/2023","06/30/2024","DBA: FOOD MART                        GC GAS, INC                         4649 GOLF COURSE RD,                         ANTIOCH, CA  94531-8375","729 SUNRISE AVE, STE 600                              ROSEVILLE, CA  95661-4542","20-429202","","BUSINESS & ESCROW SERVICE CENTER 3031 TISCH WAY STE 310 SAN JOSE, CA  95128","22","0701","4649 GOLF COURSE RD","ANTIOCH","07","94531","729 SUNRISE AVE, STE 600","ROSEVILLE","95661","CA"
"648621","PEND ACTIVE","47 | 0","07/11/2023","06/30/2024","DBA: NORMAN ROSE TAVERN                        GARRIS GLOBAL HOSPITALITY LLC                         1401 1ST ST,                         NAPA, CA  94559-2815","10872 HARBOR RD                              KELSEYVILLE, CA  95451","47-482928","","OLD REPUBLIC TITLE COMPANY 1000 BURNETT AVE 400 CONCORD, CA  94520","27","2802","1401 1ST ST","NAPA","28","94559","10872 HARBOR RD","KELSEYVILLE","95451","CA"
"648777","PEND ACTIVE","41 | 0","07/11/2023","06/30/2024","DBA: A NU QUAN                        T&L BROTHERS FINE CUISINE LLC                         8762 GARDEN GROVE BLVD, STE 104,                         GARDEN GROVE, CA  92844-3501","","41-611767","7","","11","3009","8762 GARDEN GROVE BLVD, STE 104","GARDEN GROVE","30","92844","","","",""
"648783","PEND ACTIVE","41 | 0","07/11/2023","06/30/2024","DBA: KOYOMI                        KOYOMI SUSHI INC                         2652 CASTRO VALLEY BLVD,                         CASTRO VALLEY, CA  94546-5410","","41-501307","7","REDWOOD ESCROW SERVICES INC 19131 REDWOOD RD # E & F CASTRO VALLEY, CA  94546","22","0100","2652 CASTRO VALLEY BLVD","CASTRO VALLEY","01","94546","","","",""
"648866","PEND ACTIVE","41 | 0","07/12/2023","06/30/2024","DBA: BK MIYABI                        JBK COOPERATIONS INC.                         1950 GRANT ST, STE B,                         CONCORD, CA  94520-2684","","41-643906","7","OLD REPUBLIC TITLE 1000 BURNETT AVE STE 400 CONCORD, CA  94520-2088","22","0703","1950 GRANT ST, STE B","CONCORD","07","94520","","","",""
"649114","PEND ACTIVE","14 | 0","07/11/2023","06/30/2024","DBA: ALL CRAFT DIRECT LLC                        ALL CRAFT DIRECT LLC                         6386 INDUSTRY WAY,                         WESTMINSTER, CA  92683-3608","3281 CAMINITO AMECA                              LA JOLLA, CA  92037-2902","","","","11","3021","6386 INDUSTRY WAY","WESTMINSTER","30","92683","3281 CAMINITO AMECA","LA JOLLA","92037","CA"
"649122","PEND ACTIVE","41 | 0","07/11/2023","06/30/2024","DBA: L A PRIMAVERA PRODUCTS SERVICES, INC                        L A PRIMAVERA PRODUCTS SERVICES, INC                         1311 PINE ST,                         MARTINEZ, CA  94553","","41-441867","7","","22","0706","1311 PINE ST","MARTINEZ","07","94553","","","",""
"649968","PEND ACTIVE","28 | 0","07/12/2023","06/30/2024","THE WANDERING BARMAN LLC                         315 MESEROLE STREET,                         BROOKLYN, NY  11206","","","","","75","9999","315 MESEROLE STREET","BROOKLYN","","11206","","","",""