"License Number","Status Changed From/To","Type| Dup","Original Issue Date","Expir. Date","Primary Owner and Premises Addr.","Mailing Addr.","Transfer-From/To","Conditions","Escrow","District Code","Geo Code","Prem Street","City","County","Zip Code","Mailing Street","Mailing City","Mailing Zip Code","Mailing State"
"268080","ACTIVE CANCEL","21 | 0","05/26/1992","06/30/2024","DBA: SAFEWAY INC #3121                        SAFEWAY INC                         2237 W CLEVELAND AVE,                         MADERA, CA  93637","PO BOX 29096, MAIL STOP #6516                              PHOENIX, AZ  85038-9096","","","","21","2002","2237 W CLEVELAND AVE","MADERA","20","93637","PO BOX 29096, MAIL STOP #6516","PHOENIX","85038","AZ"
"281590","ACTIVE CANCEL","47 | 0","03/11/1993","02/29/2024","DBA: DONATOS ITALIAN RESTAURANT                        DONATOS INC                         2654 ALPINE BLVD,                         ALPINE, CA  91901","","","7","","10","3700","2654 ALPINE BLVD","ALPINE","37","91901","","","",""
"321962","ACTIVE CANCEL","20 | 0","09/09/1996","08/31/2024","DBA: ELTAREB MARKET 1                        ELTAREB, FAWAS THAHER                         561 W 8TH ST,                         MERCED, CA  95340","","20-153385/ 20-650581","","","29","2406","561 W 8TH ST","MERCED","24","95340","","","",""
"347109","ACTIVE CANCEL","41 | 0","11/05/1998","10/31/2024","DBA: BOARD AND DRINK                        DANG, JOANIE                         1329 COLUMBUS AVE,                         SAN FRANCISCO, CA  94133","","41-300786/ 41-650859","","","24","3800","1329 COLUMBUS AVE","SAN FRANCISCO","38","94133","","","",""
"350408","ACTIVE NREN","41 | 0","01/27/1999","08/31/2023","DBA: FUNG WONG CHINESE RESTAURANT                        WU, WAYNE YOUNGFU                         427 GELLERT BLVD,                         DALY CITY, CA  94015","","41-334256","","","25","4105","427 GELLERT BLVD","DALY CITY","41","94015","","","",""
"399268","AUTREV ACTIVE","47 | 0","06/17/2003","05/31/2024","DBA: CIBO RESTAURANT & BAR                        ARIANA INC                         3398 EL CAMINO REAL,                         PALO ALTO, CA  94306","","47-374311","","","25","4312","3398 EL CAMINO REAL","PALO ALTO","43","94306","","","",""
"399268","AUTREV ACTIVE","47 | 0","06/17/2003","05/31/2024","DBA: CIBO RESTAURANT & BAR                        ARIANA INC                         3398 EL CAMINO REAL,                         PALO ALTO, CA  94306","","47-374311","","","25","4312","3398 EL CAMINO REAL","PALO ALTO","43","94306","","","",""
"402645","ACTIVE NREN","41 | 0","09/22/2003","08/31/2023","DBA: HONEYBAKED HAM                        HONEY BAKED HAM INC                         18540 DEVONSHIRE ST,                         NORTHRIDGE, CA  91324","29 MUSICK ST                              IRVINE, CA  92618-1638","41-375773","","","5","1933","18540 DEVONSHIRE ST","NORTHRIDGE","19","91324","29 MUSICK ST","IRVINE","92618","CA"
"506517","NREN CANCEL","17 | 1","11/07/2011","10/31/2013","DBA: GOOD TIME BEVERAGES, LLC                        GOOD TIME BEVERAGES, LLC                         9234 HALL RD,                         DOWNEY, CA  90241-5308","","","","","2","1916","9234 HALL RD","DOWNEY","19","90241","","","",""
"506517","AUTREV CANCEL","14 | 0","01/26/2011","12/31/2014","DBA: GOOD TIME BEVERAGES, LLC                        GOOD TIME BEVERAGES, LLC                         9234 HALL RD,                         DOWNEY, CA  90241-5308","","14-489421","","","2","1916","9234 HALL RD","DOWNEY","19","90241","","","",""
"506517","AUTREV CANCEL","18 | 1","01/26/2011","12/31/2014","DBA: GOOD TIME BEVERAGES, LLC                        GOOD TIME BEVERAGES, LLC                         9234 HALL RD,                         DOWNEY, CA  90241-5308","","18-489421","","","2","1916","9234 HALL RD","DOWNEY","19","90241","","","",""
"506517","ACTIVE CANCEL","07 | 0","01/26/2011","12/31/2023","DBA: GOOD TIME BEVERAGES, LLC                        GOOD TIME BEVERAGES, LLC                         9234 HALL RD,                         DOWNEY, CA  90241-5308","","07-489421","","","2","1916","9234 HALL RD","DOWNEY","19","90241","","","",""
"506517","AUTREV CANCEL","12 | 1","01/26/2011","12/31/2014","DBA: GOOD TIME BEVERAGES, LLC                        GOOD TIME BEVERAGES, LLC                         9234 HALL RD,                         DOWNEY, CA  90241-5308","","18-489421","","","2","1916","9234 HALL RD","DOWNEY","19","90241","","","",""
"506517","NREN CANCEL","09 | 1","11/07/2011","10/31/2013","DBA: GOOD TIME BEVERAGES, LLC                        GOOD TIME BEVERAGES, LLC                         9234 HALL RD,                         DOWNEY, CA  90241-5308","","","","","2","1916","9234 HALL RD","DOWNEY","19","90241","","","",""
"515031","ACTIVE CANCEL","47 | 0","05/04/2012","04/30/2024","DBA: DARABAR SECRET THAI CUISINE                        SEESOD, PRAKOPSUP                         5112 HOLLYWOOD BLVD, #108-109,                         LOS ANGELES, CA  90027-6124","847 N HOBART BLVD                              LOS ANGELES, CA  90029","47-401725/ 47-650564","2,7","ABC ESCROW COMPANY 12304 SANTA MONICA BLVD STE 100 LOS ANGELES, CA  90025-2586","4","1933","5112 HOLLYWOOD BLVD, #108-109","LOS ANGELES","19","90027","847 N HOBART BLVD","LOS ANGELES","90029","CA"
"519287","REVPEN SUREND","21 | 0","08/01/2012","07/31/2023","DBA: SUPER IRVINE                        SUPER IRVINE II                         2505 EL CAMINO REAL,                         TUSTIN, CA  92782-8920","14120 CULVER DR B-D                              IRVINE, CA  92714","21-337507","","ABC ESCROW 12304 SANTA MONICA BLVD STE 100 LOS ANGELES, CA  90025-2586","11","3020","2505 EL CAMINO REAL","TUSTIN","30","92782","14120 CULVER DR B-D","IRVINE","92714","CA"
"552167","ACTIVE CANCEL","21 | 0","03/18/2015","02/29/2024","DBA: M & M LIQUOR                        SHIVANG INVESTMENTS INC                         113 W GRAHAM AVE,                         LAKE ELSINORE, CA  92530","","21-344592/ 21-648565","","METRO ESCROW INC 3600 WILSHIRE BLVD  STE 336 LOS ANGELES, CA  90010","7","3307","113 W GRAHAM AVE","LAKE ELSINORE","33","92530","","","",""
"557407","PEND WITHDRAWN","47 | 0","","","DBA: PR ENTERTAINMENT VENUE & RESTAURANT                        HERNANDEZ, ROBERTO                         8825 WASHINGTON BLVD,                         PICO RIVERA, CA  90660-3727","11028 ELMCROFT AVE                              DOWNEY, CA  90241-3135","485826","7","","2","1944","8825 WASHINGTON BLVD","PICO RIVERA","19","90660","11028 ELMCROFT AVE","DOWNEY","90241","CA"
"560855","ACTIVE CANCEL","17 | 0","10/26/2015","09/30/2024","CRU9 LLC                         824 HEALDSBURG AVE, #B,                         HEALDSBURG, CA  95448-3613","PO BOX 3595                              YOUNTVILLE, CA  94599-3595","","7","","27","4902","824 HEALDSBURG AVE, #B","HEALDSBURG","49","95448","PO BOX 3595","YOUNTVILLE","94599","CA"
"560855","ACTIVE CANCEL","20 | 0","10/26/2015","09/30/2024","CRU9 LLC                         824 HEALDSBURG AVE, #B,                         HEALDSBURG, CA  95448-3613","PO BOX 3595                              YOUNTVILLE, CA  94599-3595","","7,I","","27","4902","824 HEALDSBURG AVE, #B","HEALDSBURG","49","95448","PO BOX 3595","YOUNTVILLE","94599","CA"
"562879","REVPEN ACTIVE","40 | 0","05/27/2016","07/31/2024","DBA: MARISCOS COLIMA                        COLIMA'S MEXICAN GRILL, INC.                         420 N 11TH AVE, STE 101,                         HANFORD, CA  93230-4698","","40-557573","","","21","1602","420 N 11TH AVE, STE 101","HANFORD","16","93230","","","",""
"562879","REVPEN ACTIVE","40 | 0","05/27/2016","07/31/2024","DBA: MARISCOS COLIMA                        COLIMA'S MEXICAN GRILL, INC.                         420 N 11TH AVE, STE 101,                         HANFORD, CA  93230-4698","","40-557573","","","21","1602","420 N 11TH AVE, STE 101","HANFORD","16","93230","","","",""
"570693","REVPEN NREN","41 | 0","08/08/2016","07/31/2023","DBA: TAQUERIA ZAPATA                        ROMAN'S, LLC                         39459 FREMONT BLVD,                         FREMONT, CA  94538","","41-426035","","BAY AREA ESCROW COMPANY 2817 CROW CANYON RD STE 102 SAN RAMON, CA  94583","22","0105","39459 FREMONT BLVD","FREMONT","01","94538","","","",""
"578158","AUTREV ACTIVE","41 | 0","04/04/2017","03/31/2024","DBA: MOUNTAIN MIKES PIZZA                        ABORN PIZZA INC                         1170 N CAPITOL AVE,                         SAN JOSE, CA  95132-2522","","","","","25","4313","1170 N CAPITOL AVE","SAN JOSE","43","95132","","","",""
"578158","AUTREV ACTIVE","41 | 0","04/04/2017","03/31/2024","DBA: MOUNTAIN MIKES PIZZA                        ABORN PIZZA INC                         1170 N CAPITOL AVE,                         SAN JOSE, CA  95132-2522","","","","","25","4313","1170 N CAPITOL AVE","SAN JOSE","43","95132","","","",""
"579644","SUREND NREN","41 | 1","09/22/2018","08/31/2023","DBA: HARAJUKU TAPROOM                        HARAJUKU TAPROOM 1 LLC                         4410 SEPULVEDA BLVD,                         CULVER CITY, CA  90230-4801","10866 WASHINGTON BLVD, #128                              CULVER CITY, CA  90232-3610","","7","","4","1914","4410 SEPULVEDA BLVD","CULVER CITY","19","90230","10866 WASHINGTON BLVD, #128","CULVER CITY","90232","CA"
"579644","SUREND NREN","58 | 1","09/22/2018","08/31/2023","DBA: HARAJUKU TAPROOM                        HARAJUKU TAPROOM 1 LLC                         4410 SEPULVEDA BLVD,                         CULVER CITY, CA  90230-4801","10866 WASHINGTON BLVD, #128                              CULVER CITY, CA  90232-3610","","7","","4","1914","4410 SEPULVEDA BLVD","CULVER CITY","19","90230","10866 WASHINGTON BLVD, #128","CULVER CITY","90232","CA"
"583053","REVPEN NREN","41 | 0","09/05/2017","07/31/2023","DBA: FISH'S WILD ISLAND GRILL                        MTC FOODS INC                         514 2ND ST, SPC B,                         DAVIS, CA  95616-4585","","41-516149","7","","23","5701","514 2ND ST, SPC B","DAVIS","57","95616","","","",""
"587023","ACTIVE CANCEL","21 | 0","03/03/2020","02/29/2024","DBA: CARNICERIA SAN MIGUEL                        LOZA, CRUZ ROMO                         72450 RAMON RD, STE 104-105,                         THOUSAND PALMS, CA  92276-3399","72450 RAMON RD, STE 105                              THOUSAND PALMS, CA  92276-3399","","5","","8","3300","72450 RAMON RD, STE 104-105","THOUSAND PALMS","33","92276","72450 RAMON RD, STE 105","THOUSAND PALMS","92276","CA"
"590233","ACTIVE CANCEL","47 | 1","03/19/2018","02/29/2024","DBA: TAQUERIA SAN MIGUEL #2                        LOZA, CRUZ ROMO                         72450 RAMON RD, STE 101-103,                         THOUSAND PALMS, CA  92276-3399","","47-370349/ 47-654075","","","8","3300","72450 RAMON RD, STE 101-103","THOUSAND PALMS","33","92276","","","",""
"590233","ACTIVE CANCEL","58 | 1","03/19/2018","02/29/2024","DBA: TAQUERIA SAN MIGUEL #2                        LOZA, CRUZ ROMO                         72450 RAMON RD, STE 101-103,                         THOUSAND PALMS, CA  92276-3399","","47-370349/ 47-654075","","","8","3300","72450 RAMON RD, STE 101-103","THOUSAND PALMS","33","92276","","","",""
"590777","ACTIVE CANCEL","41 | 0","04/04/2018","03/31/2024","DBA: NANAMI SUSHI INC                        NANAMI SUSHI INC                         263 N SANDERSON AVE,                         HEMET, CA  92545-3609","3108 W FLORIDA AVE                              HEMET, CA  92545-3621","","","","7","3308","263 N SANDERSON AVE","HEMET","33","92545","3108 W FLORIDA AVE","HEMET","92545","CA"
"594106","REVPEN ACTIVE","41 | 0","08/06/2018","07/31/2024","DBA: PREMO PIZZA                        ROACH, NEAL DOUGLAS                         8887 N CHESTNUT AVE,                         FRESNO, CA  93720-5367","","","","","21","1005","8887 N CHESTNUT AVE","FRESNO","10","93720","","","",""
"594106","REVPEN ACTIVE","41 | 0","08/06/2018","07/31/2024","DBA: PREMO PIZZA                        ROACH, NEAL DOUGLAS                         8887 N CHESTNUT AVE,                         FRESNO, CA  93720-5367","","","","","21","1005","8887 N CHESTNUT AVE","FRESNO","10","93720","","","",""
"595620","REVPEN ACTIVE","41 | 0","08/23/2018","07/31/2024","DBA: CABANAS RESTAURANT                        DIAZ, MARIA ANGELA                         1000 PARK BLVD,                         ORANGE COVE, CA  93646-2234","","","","","21","1010","1000 PARK BLVD","ORANGE COVE","10","93646","","","",""
"595620","REVPEN ACTIVE","41 | 0","08/23/2018","07/31/2024","DBA: CABANAS RESTAURANT                        DIAZ, MARIA ANGELA                         1000 PARK BLVD,                         ORANGE COVE, CA  93646-2234","","","","","21","1010","1000 PARK BLVD","ORANGE COVE","10","93646","","","",""
"600764","ACTIVE SUREND","21 | 0","12/13/2019","11/30/2023","DBA: TARGET T3297                        TARGET CORPORATION                         1690 FOLSOM ST,                         SAN FRANCISCO, CA  94103-3723","PO BOX 9471, TPS-3010, BUSINESS LICENSING                              MINNEAPOLIS, MN  55440-9471","21-538878","7","CALIFORNIA BUSINESS ESCROW INC 1748 MAIN ST ESCALON, CA  95320-1927","24","3800","1690 FOLSOM ST","SAN FRANCISCO","38","94103","PO BOX 9471, TPS-3010, BUSINESS LICENSING","MINNEAPOLIS","55440","MN"
"603027","ACTIVE CANCEL","47 | 1","04/15/2019","03/31/2024","DBA: HOMESTATE                        HOMESTATE PLAYA, LLC                         12105 W WATERFRONT DR, STE B,                         PLAYA VISTA, CA  90094-3070","5619 N FIGUEROA ST STE 211                              LOS ANGELES, CA  90042","47-523955/ 47-651101","7","ABC ESCROW 2222 DAMON STREET  LOS ANGELES, CA  90021","3","1933","12105 W WATERFRONT DR, STE B","PLAYA VISTA","19","90094","5619 N FIGUEROA ST STE 211","LOS ANGELES","90042","CA"
"603027","ACTIVE CANCEL","58 | 1","04/15/2019","03/31/2024","DBA: HOMESTATE                        HOMESTATE PLAYA, LLC                         12105 W WATERFRONT DR, STE B,                         PLAYA VISTA, CA  90094-3070","5619 N FIGUEROA ST STE 211                              LOS ANGELES, CA  90042","47-523955/ 47-651101","7","ABC ESCROW 2222 DAMON STREET  LOS ANGELES, CA  90021","3","1933","12105 W WATERFRONT DR, STE B","PLAYA VISTA","19","90094","5619 N FIGUEROA ST STE 211","LOS ANGELES","90042","CA"
"604720","AUTREV ACTIVE","41 | 0","05/16/2019","04/30/2024","DBA: VERRAZZANO PIZZA                        PIZZERIA WEST LLC                         20 STONE PINE RD, SPC D,                         HALF MOON BAY, CA  94019-1777","","","","","25","4116","20 STONE PINE RD, SPC D","HALF MOON BAY","41","94019","","","",""
"604720","AUTREV ACTIVE","41 | 0","05/16/2019","04/30/2024","DBA: VERRAZZANO PIZZA                        PIZZERIA WEST LLC                         20 STONE PINE RD, SPC D,                         HALF MOON BAY, CA  94019-1777","","","","","25","4116","20 STONE PINE RD, SPC D","HALF MOON BAY","41","94019","","","",""
"605136","AUTREV ACTIVE","41 | 0","07/22/2019","06/30/2024","DBA: LUPITAS RESTAURANT                        BLAS, ARTURO M                         1690 STORY RD, STE 157,                         SAN JOSE, CA  95122-2119","","","7","","25","4313","1690 STORY RD, STE 157","SAN JOSE","43","95122","","","",""
"605136","AUTREV ACTIVE","41 | 0","07/22/2019","06/30/2024","DBA: LUPITAS RESTAURANT                        BLAS, ARTURO M                         1690 STORY RD, STE 157,                         SAN JOSE, CA  95122-2119","","","7","","25","4313","1690 STORY RD, STE 157","SAN JOSE","43","95122","","","",""
"617004","ACTIVE CANCEL","02 | 0","08/27/2020","06/30/2024","DBA: SOPHIE JAMES WINES                        SOPHIE JAMES LLC                         6705 CRISTO LN,                         SANTA ROSA, CA  95409-6494","PO BOX 355                              ROSS, CA  94957-0355","","7","","27","4900","6705 CRISTO LN","SANTA ROSA","49","95409","PO BOX 355","ROSS","94957","CA"
"625112","ACTIVE CANCEL","41 | 0","07/07/2021","06/30/2024","DBA: TASTE CARMEL VALLEY                        MUNSINGER, GARY  DOUGLAS                         9 DEL FINO PL , STE 101,                         CARMEL VALLEY, CA  93924-9568","PO BOX 1261                              CARMEL VALLEY, CA  93924","","7","","26","2700","9 DEL FINO PL , STE 101","CARMEL VALLEY","27","93924","PO BOX 1261","CARMEL VALLEY","93924","CA"
"626658","ACTIVE CANCEL","18 | 1","09/14/2021","08/31/2024","DBA: TRACY ANN ELLISON AKA ELLISON ENTERPRISES                        ELLISON, TRACY ANN                         6501 AVENAL AVE,                         OAKLAND, CA  94605-1927","","","7","","22","0109","6501 AVENAL AVE","OAKLAND","01","94605","","","",""
"626658","ACTIVE CANCEL","12 | 1","09/14/2021","08/31/2024","DBA: TRACY ANN ELLISON AKA ELLISON ENTERPRISES                        ELLISON, TRACY ANN                         6501 AVENAL AVE,                         OAKLAND, CA  94605-1927","","","7","","22","0109","6501 AVENAL AVE","OAKLAND","01","94605","","","",""
"626661","ACTIVE CANCEL","18 | 1","09/14/2021","08/31/2024","DBA: TRACY ANN ELLISON AKA ELLISON ENTERPRISES                        ELLISON, TRACY ANN                         25811 CLAWITER RD,                         HAYWARD, CA  94545-3217","6501 AVENAL AVE                              OAKLAND, CA  94605-1927","","","","22","0106","25811 CLAWITER RD","HAYWARD","01","94545","6501 AVENAL AVE","OAKLAND","94605","CA"
"626661","ACTIVE CANCEL","12 | 1","09/14/2021","08/31/2024","DBA: TRACY ANN ELLISON AKA ELLISON ENTERPRISES                        ELLISON, TRACY ANN                         25811 CLAWITER RD,                         HAYWARD, CA  94545-3217","6501 AVENAL AVE                              OAKLAND, CA  94605-1927","","","","22","0106","25811 CLAWITER RD","HAYWARD","01","94545","6501 AVENAL AVE","OAKLAND","94605","CA"
"627224","ACTIVE CANCEL","20 | 0","10/06/2021","09/30/2024","DBA: MUNCHIES                        MILLENNIAL CONFECTIONS                         8859 W PICO BLVD,                         LOS ANGELES, CA  90035-3335","","20-583739/ 20-651342","7","","4","1933","8859 W PICO BLVD","LOS ANGELES","19","90035","","","",""
"634009","ACTIVE CANCEL","41 | 0","01/31/2022","12/31/2023","DBA: NEW SHANGHAI RESTAURANT                        LIU, YONG LIANG                         6041 PACIFIC AVE,                         STOCKTON, CA  95207","","41-394582/ 41-650393","7","JIMMY N YEE, ATTORNEY AT LAW 930 ALHAMBRA BLVD STE 200 SACRAMENTO, CA  95816","29","3905","6041 PACIFIC AVE","STOCKTON","39","95207","","","",""
"637370","ACTIVE NREN","18 | 1","11/17/2022","10/31/2023","DBA: VINUM ITALIA                        VINUM ITALIA, LLC                          220 CALDECOTT LN, #307,                         OAKLAND, CA  94618-2408","","","7","","22","0109","220 CALDECOTT LN, #307","OAKLAND","01","94618","","","",""
"637370","ACTIVE NREN","12 | 1","11/17/2022","10/31/2023","DBA: VINUM ITALIA                        VINUM ITALIA, LLC                          220 CALDECOTT LN, #307,                         OAKLAND, CA  94618-2408","","","7","","22","0109","220 CALDECOTT LN, #307","OAKLAND","01","94618","","","",""
"638030","ACTIVE CANCEL","41 | 0","08/29/2022","07/31/2024","DBA: GUE JIP RESTAURANT/ THE PLACE                        BK GJH INC                          15435 S WESTERN AVE, STE 109,                         GARDENA, CA  90249-4331","","41-617726/ 41-649766","7","PRIMA ESCROW INC 3600 WILSHIRE BL STE 1028 LOS ANGELES, CA  90010","3","1920","15435 S WESTERN AVE, STE 109","GARDENA","19","90249","","","",""
"638342","ACTIVE CANCEL","41 | 0","08/04/2022","07/31/2024","DBA: BACKYARD THE                        BACKYARD SB 2 LLC THE                         136-136 1/2 MAIN ST,                         SEAL BEACH, CA  90740-6317","4500 LOS FELIZ BLVD, STE A                              LOS ANGELES, CA  90027","41-604620/ 41-650856","7","ADVANTAGE ONE ESCROW 19671 BEACH BLVD STE 103 HUNTINGTON BEACH, CA  92648","11","3018","136-136 1/2 MAIN ST","SEAL BEACH","30","90740","4500 LOS FELIZ BLVD, STE A","LOS ANGELES","90027","CA"
"641934","PEND ACTIVE","21 | 0","11/02/2023","10/31/2024","SIM SHIV TRAVEL PLAZA INC.                         72083 BAKER BLVD ,                         BAKER, CA  92309","PO BOX 729                              BAKER, CA  92309","","5,7","","7","3600","72083 BAKER BLVD","BAKER","36","92309","PO BOX 729","BAKER","92309","CA"
"644102","REVPEN ACTIVE","41 | 0","03/01/2023","07/31/2024","DBA: VILLAGE CAFE THE                        VILLAGE CAFÉ LLC THE                         1550 CALIFORNIA ST, 1ST FLR,                         SAN FRANCISCO, CA  94109-4783","","41-627907","7","","24","3800","1550 CALIFORNIA ST, 1ST FLR","SAN FRANCISCO","38","94109","","","",""
"644102","REVPEN ACTIVE","41 | 0","03/01/2023","07/31/2024","DBA: VILLAGE CAFE THE                        VILLAGE CAFÉ LLC THE                         1550 CALIFORNIA ST, 1ST FLR,                         SAN FRANCISCO, CA  94109-4783","","41-627907","7","","24","3800","1550 CALIFORNIA ST, 1ST FLR","SAN FRANCISCO","38","94109","","","",""
"644116","ACTIVE CANCEL","41 | 0","03/15/2023","02/29/2024","DBA: KAI RAMEN                        KAI RAMEN MONTANA CORP                         729 MONTANA AVE, UNIT 3 & 4 ,                         SANTA MONICA, CA  90403-1369","","","7","","3","1953","729 MONTANA AVE, UNIT 3 & 4","SANTA MONICA","19","90403","","","",""
"645547","PEND ACTIVE","41 | 0","11/02/2023","10/31/2024","DBA: MESTIZA                        BLISSFUL PIG PRODUCTIONS LLC                         214 TOWNSEND ST,                         SAN FRANCISCO, CA  94107-1722","360 RITCH ST, STE 200                              SAN FRANCISCO, CA  94107-1747","","7","","24","3800","214 TOWNSEND ST","SAN FRANCISCO","38","94107","360 RITCH ST, STE 200","SAN FRANCISCO","94107","CA"
"645675","PEND ACTIVE","21 | 0","11/02/2023","06/30/2024","DBA: SMART & FINAL                        SMART & FINAL STORES LLC                         2237 W CLEVELAND AVE,                         MADERA, CA  93637","600 CITADEL DR                              LOS ANGELES, CA  90040-1562","21-268080","","ABC ESCROW 2222 DAMON STREET  LOS ANGELES, CA  90021","21","2002","2237 W CLEVELAND AVE","MADERA","20","93637","600 CITADEL DR","LOS ANGELES","90040","CA"
"645675","PEND ACTIVE","86 | 0","11/02/2023","06/30/2024","DBA: SMART & FINAL                        SMART & FINAL STORES LLC                         2237 W CLEVELAND AVE,                         MADERA, CA  93637","600 CITADEL DR                              LOS ANGELES, CA  90040-1562","","","ABC ESCROW 2222 DAMON STREET  LOS ANGELES, CA  90021","21","2002","2237 W CLEVELAND AVE","MADERA","20","93637","600 CITADEL DR","LOS ANGELES","90040","CA"
"646981","PEND WITHDRAWN","41 | 0","","","DBA: TBD                        TRIPLE BBB6 INC                          9615 FOOTHILL BLVD,                         RANCHO CUCAMONGA, CA  91730-3507","661 E FOOTHILL BLVD                               UPLAND, CA  91786-3958","612695","7","","7","3615","9615 FOOTHILL BLVD","RANCHO CUCAMONGA","36","91730","661 E FOOTHILL BLVD","UPLAND","91786","CA"
"647302","PEND ACTIVE","41 | 0","11/02/2023","10/31/2024","DBA: FOX & KIT                        W DESIGN LLC                         1031 C ST,                         SAN RAFAEL, CA  94901-2807","","","","","27","2108","1031 C ST","SAN RAFAEL","21","94901","","","",""
"647437","PEND ACTIVE","41 | 0","11/02/2023","10/31/2024","DBA: URBAN PLATES                        URBAN PLATES LLC                         18050 BROOKHURST ST,                         FOUNTAIN VALLEY, CA  92708-6742","420 STEVENS AVE, STE 150                              SOLANA BEACH, CA  92075","","","","11","3007","18050 BROOKHURST ST","FOUNTAIN VALLEY","30","92708","420 STEVENS AVE, STE 150","SOLANA BEACH","92075","CA"
"647834","PEND ACTIVE","41 | 0","11/02/2023","10/31/2024","DBA: SIMPANG ASIA                        SIMPANG ASIA LLC                         10433 NATIONAL BLVD , STE 2,                         LOS ANGELES, CA  90034-4681","","","7","","4","1933","10433 NATIONAL BLVD , STE 2","LOS ANGELES","19","90034","","","",""
"648033","PEND ACTIVE","41 | 0","11/02/2023","10/31/2024","DBA: ONE HOUSE                        ONE LOVELY HOUSE LLC                         2468 SAN RAMON VALLEY BLVD,                         SAN RAMON, CA  94583","686 CHARLES CT                              BENICIA, CA  94510","","","","22","0717","2468 SAN RAMON VALLEY BLVD","SAN RAMON","07","94583","686 CHARLES CT","BENICIA","94510","CA"
"648316","PEND ACTIVE","41 | 0","11/02/2023","10/31/2024","DBA: YOSHIOISHI SUSHI AND RAMEN                         YOSHIOISHI LLC                         510 HIDDEN VALLEY PARKWAY, STE 104,                         CORONA, CA  92879-8609","1928 E 5TH ST                               ONTARIO, CA  91764","","","","7","3306","510 HIDDEN VALLEY PARKWAY, STE 104","CORONA","33","92879","1928 E 5TH ST","ONTARIO","91764","CA"
"648452","PEND ACTIVE","02 | 0","11/02/2023","06/30/2024","ST. AVALO, INC.                         5230 TEPUSQUET RD,                         SANTA MARIA, CA  93454","PO BOX 505                               SANTA YNEZ, CA  93460","","7","","13","4200","5230 TEPUSQUET RD","SANTA MARIA","42","93454","PO BOX 505","SANTA YNEZ","93460","CA"
"648486","PEND ACTIVE","02 | 0","11/02/2023","06/30/2024","DBA: SOPHIE JAMES WINES                        SOPHIE JAMES LLC                         21684 8TH ST E, STE 400,                         SONOMA, CA  95476-2816","PO BOX 355                              ROSS, CA  94957-0355","02-617004","7","","27","4900","21684 8TH ST E, STE 400","SONOMA","49","95476","PO BOX 355","ROSS","94957","CA"
"648565","PEND ACTIVE","21 | 0","11/02/2023","10/31/2024","DBA: M&M LIQUOR                         SANTUR RETAIL INC.                         113 W GRAHAM AVE,                         LAKE ELSINORE, CA  92530","4085 ELDERBERRY RIDGE                               LAKE ELSINORE, CA  92530","21-552167","","CALIFORNIA BUSINESS ESCROW INC 1748 MAIN ST ESCALON, CA  95320-1927","7","3307","113 W GRAHAM AVE","LAKE ELSINORE","33","92530","4085 ELDERBERRY RIDGE","LAKE ELSINORE","92530","CA"
"648585","PEND ACTIVE","23 | 0","11/02/2023","10/31/2024","DBA: BREWERY X                        BREWERY X ONT, LLC                          2500 E AIRPORT DR, UNIT 2333 TERMINAL 2,                         ONTARIO INTERNATIONAL AIRPORT, ONTARIO, CA  91761-2131","3191 E LA PALMA AVE                              ANAHEIM, CA  92806-2803","","","","7","3607","2500 E AIRPORT DR, UNIT 2333 TERMINAL 2","ONTARIO","36","91761","3191 E LA PALMA AVE","ANAHEIM","92806","CA"
"648784","PEND ACTIVE","41 | 0","11/02/2023","10/31/2024","DBA: MUJIRI                        MUJIRI LLC                         22530 MAIN ST,                         HAYWARD, CA  94541","","","","","22","0106","22530 MAIN ST","HAYWARD","01","94541","","","",""
"648914","PEND ACTIVE","18 | 1","11/02/2023","10/31/2024","DBA: LP IMPORTS/EXPORT LLC                        LP IMPORT/EXPORT LLC                         6405 EIDER ST,                         SAN DIEGO, CA  92114","","","7","","10","3710","6405 EIDER ST","SAN DIEGO","37","92114","","","",""
"648914","PEND ACTIVE","12 | 1","11/02/2023","10/31/2024","DBA: LP IMPORTS/EXPORT LLC                        LP IMPORT/EXPORT LLC                         6405 EIDER ST,                         SAN DIEGO, CA  92114","","","7","","10","3710","6405 EIDER ST","SAN DIEGO","37","92114","","","",""
"649056","PEND ACTIVE","47 | 0","11/02/2023","10/31/2024","DBA: FRANCAS ITALIAN KITCHEN                        J AND D ENTERPRISES INC                         2654 ALPINE BLVD,                         ALPINE, CA  91901","","47-281590","7","ALISON MCLOSKEY ESCROW 4820 EL CAJON BLVD SAN DIEGO, CA  92115-4695","10","3700","2654 ALPINE BLVD","ALPINE","37","91901","","","",""
"649184","ACTIVE CANCEL","20 | 0","08/15/2023","07/31/2024","DBA: BIG BEAR ARCO AMPM                        ASCO ENTERPRISES, INC.                         42185 BIG BEAR BLVD,                         BIG BEAR LAKE, CA  92315","5170 LOS ALTOS DR                               YORBA LINDA, CA  92886","20-371176/ 20-651385","7","","7","3617","42185 BIG BEAR BLVD","BIG BEAR LAKE","36","92315","5170 LOS ALTOS DR","YORBA LINDA","92886","CA"
"649741","PEND ACTIVE","18 | 1","11/02/2023","08/31/2024","DBA: ELLISON ENTERPRISE G17 LLC                         ELLISON ENTERPRISE G17 LLC                          6501 AVENAL AVE,                         OAKLAND, CA  94605-1927","","18-626658","7,8","","22","0109","6501 AVENAL AVE","OAKLAND","01","94605","","","",""
"649741","PEND ACTIVE","12 | 1","11/02/2023","08/31/2024","DBA: ELLISON ENTERPRISE G17 LLC                         ELLISON ENTERPRISE G17 LLC                          6501 AVENAL AVE,                         OAKLAND, CA  94605-1927","","18-626658","7,8","","22","0109","6501 AVENAL AVE","OAKLAND","01","94605","","","",""
"649742","PEND ACTIVE","18 | 1","11/02/2023","08/31/2024","DBA: ELLISON ENTERPRISE G17 LLC                         ELLISON ENTERPRISE G17 LLC                          25811 CLAWITER RD,                         HAYWARD, CA  94545-3217","6501 AVENAL AVE                              OAKLAND, CA  94605-1927","18-626661","8","","22","0106","25811 CLAWITER RD","HAYWARD","01","94545","6501 AVENAL AVE","OAKLAND","94605","CA"
"649742","PEND ACTIVE","12 | 1","11/02/2023","08/31/2024","DBA: ELLISON ENTERPRISE G17 LLC                         ELLISON ENTERPRISE G17 LLC                          25811 CLAWITER RD,                         HAYWARD, CA  94545-3217","6501 AVENAL AVE                              OAKLAND, CA  94605-1927","18-626661","8","","22","0106","25811 CLAWITER RD","HAYWARD","01","94545","6501 AVENAL AVE","OAKLAND","94605","CA"
"649766","PEND ACTIVE","41 | 0","11/02/2023","10/31/2024","DBA: GUE JIP RESTAURANT/THE PLACE                        S & JAY, INC.                         15435 S WESTERN AVE, STE 109,                         GARDENA, CA  90249-4331","","41-638030","7","PRIMA ESCROW INC 3600 WILSHIRE BL STE 1028 LOS ANGELES, CA  90010","3","1920","15435 S WESTERN AVE, STE 109","GARDENA","19","90249","","","",""
"649813","PEND WITHDRAWN","47 | 0","","","DBA: MAXIMO'S TAQUERIA                        MAXIMO'S INC.                         3718 S MOONEY BLVD,                         VISALIA, CA  93277-8021","168 S MAIN ST                              PORTERVILLE, CA  93257-4763","459338","","CAPITAL CITY ESCROW 3838 WATT AVE #F610 SACRAMENTO, CA  95821","21","5406","3718 S MOONEY BLVD","VISALIA","54","93277","168 S MAIN ST","PORTERVILLE","93257","CA"
"650393","PEND ACTIVE","41 | 0","11/02/2023","10/31/2024","DBA: NEW SHANGHAI RESTAURANT                        HONG AND BO LLC                         6041 PACIFIC AVE,                         STOCKTON, CA  95207","6038 SAXTON CT                              STOCKTON, CA  95212","41-634009","7","CAPITOL CITY ESCROW INC 3838 WATT AVE #F610 SACRAMENTO, CA  95821","29","3905","6041 PACIFIC AVE","STOCKTON","39","95207","6038 SAXTON CT","STOCKTON","95212","CA"
"650400","PEND ACTIVE","41 | 0","11/02/2023","10/31/2024","GRETA AND FAMILY LLC                         7467 GIRARD AVE,                         LA JOLLA, CA  92037-5147","","","7","","10","3710","7467 GIRARD AVE","LA JOLLA","37","92037","","","",""
"650564","PEND ACTIVE","47 | 0","11/02/2023","10/31/2024","DBA: BACARI                        BACARI OPERATIONS, LLC                          9601 BRIGHTON WAY,                         BEVERLY HILLS, CA  90210-5109","1926 E 7TH ST                               LOS ANGELES, CA  90021","47-515031","7","INNOVATIVE ESCROW, INC 28212 KELLY JOHNSON PKWY STE 110 VALENCIA, CA  91355","4","1908","9601 BRIGHTON WAY","BEVERLY HILLS","19","90210","1926 E 7TH ST","LOS ANGELES","90021","CA"
"650581","PEND ACTIVE","20 | 0","11/02/2023","10/31/2024","DBA: ELTAREB MARKET #3                        ELTAREB, HOUD                         561 W 8TH ST,                         MERCED, CA  95340","","20-321962","","","29","2406","561 W 8TH ST","MERCED","24","95340","","","",""
"650741","PEND ACTIVE","02 | 0","11/02/2023","06/30/2024","DBA: JAM CELLARS                        JAM CELLARS INC                         5573 W WOODBRIDGE RD,                         LODI, CA  95242-9497","PO BOX 120                              NAPA, CA  94559","","","","29","3900","5573 W WOODBRIDGE RD","LODI","39","95242","PO BOX 120","NAPA","94559","CA"
"650856","PEND ACTIVE","41 | 0","11/02/2023","10/31/2024","DBA: IALC RESTAURANT & BAR                        SAVEFAVOR INC.                         136-136 1/2 MAIN ST,                         SEAL BEACH, CA  90740-6317","13217 JAMBOREE RD, UNIT 160                              TUSTIN, CA  92782-9158","41-638342","7","ADVANTAGE ONE ESCROW 19671 BEACH BLVD STE 103 HUNTINGTON BEACH, CA  92648","11","3018","136-136 1/2 MAIN ST","SEAL BEACH","30","90740","13217 JAMBOREE RD, UNIT 160","TUSTIN","92782","CA"
"650859","PEND ACTIVE","41 | 0","11/02/2023","10/31/2024","DBA: BOARD AND DRINK                        JOANIE'S DINER, INC.                         1329 COLUMBUS AVE,                         SAN FRANCISCO, CA  94133","","41-347109","","","24","3800","1329 COLUMBUS AVE","SAN FRANCISCO","38","94133","","","",""
"651035","PEND ACTIVE","41 | 0","11/02/2023","10/31/2024","DBA: KAI RAMEN                        KAY SM, INC.                         729 MONTANA AVE, UNIT 3 & 4 ,                         SANTA MONICA, CA  90403-1369","","41-644116","7","METRO ESCROW, INC.  3600 WILSHIRE BLVD  STE 326 LOS ANGELES, CA  90010","3","1953","729 MONTANA AVE, UNIT 3 & 4","SANTA MONICA","19","90403","","","",""
"651101","PEND ACTIVE","47 | 1","11/02/2023","10/31/2024","DBA: HOMESTATE                        HOMESTATE KITCHEN, LLC                         12105 W WATERFRONT DR, STE B,                         PLAYA VISTA, CA  90094-3070","5619 N FIGUEROA ST, STE 211                              LOS ANGELES, CA  90042-4978","47-603027","7","","3","1933","12105 W WATERFRONT DR, STE B","PLAYA VISTA","19","90094","5619 N FIGUEROA ST, STE 211","LOS ANGELES","90042","CA"
"651101","PEND ACTIVE","58 | 1","11/02/2023","10/31/2024","DBA: HOMESTATE                        HOMESTATE KITCHEN, LLC                         12105 W WATERFRONT DR, STE B,                         PLAYA VISTA, CA  90094-3070","5619 N FIGUEROA ST, STE 211                              LOS ANGELES, CA  90042-4978","47-603027","7","","3","1933","12105 W WATERFRONT DR, STE B","PLAYA VISTA","19","90094","5619 N FIGUEROA ST, STE 211","LOS ANGELES","90042","CA"
"651342","PEND ACTIVE","20 | 0","11/02/2023","10/31/2024","DBA: MUNCHIES LA                        KCANDY INC                         8859 W PICO BLVD,                         LOS ANGELES, CA  90035-3335","","20-627224","7","","4","1933","8859 W PICO BLVD","LOS ANGELES","19","90035","","","",""
"651385","PEND ACTIVE","20 | 0","11/02/2023","10/31/2024","DBA: BIG BEAR ARCO                        BIG BEAR PETROLEUM INC                         42185 BIG BEAR BLVD,                         BIG BEAR LAKE, CA  92315","33343 GOLD MOUNTAIN RD                              YUCAIPA, CA  92399","20-649184","7","EMERALD ESCROW INC EMERALD ESCROW INC 2275 S MAIN ST STE 101A CORONA, CA  92882-5303","7","3617","42185 BIG BEAR BLVD","BIG BEAR LAKE","36","92315","33343 GOLD MOUNTAIN RD","YUCAIPA","92399","CA"
"651447","PEND ACTIVE","41 | 0","11/02/2023","10/31/2024","DBA: TWISTED INDIAN STREET FOOD                        P&H BEDI INC                         236 HEINLEN ST,                         LEMOORE, CA  93245-2947","","","7","","21","1603","236 HEINLEN ST","LEMOORE","16","93245","","","",""
"651848","PEND ACTIVE","41 | 0","11/02/2023","10/31/2024","DBA: NANAMI SUSHI LLC                        NANAMI SUSHI, LLC                         263 N SANDERSON AVE,                         HEMET, CA  92545-3609","","41-590777","","WFG NATIONAL TITLE COMPANY OF CALIFORNIA  25240 HANCOCK AVE  STE 405 MURRIETA, CA  92562","7","3308","263 N SANDERSON AVE","HEMET","33","92545","","","",""
"652006","PEND ACTIVE","41 | 0","11/02/2023","10/31/2024","DBA: CALI CAFE                        CALI CAFE INC                         38180 DEL WEBB BLVD, BLDG B STE A,                         PALM DESERT, CA  92211-1256","35989 FRANKLIN DR                              PALM DESERT, CA  92211-0889","","","","8","3318","38180 DEL WEBB BLVD, BLDG B STE A","PALM DESERT","33","92211","35989 FRANKLIN DR","PALM DESERT","92211","CA"
"652973","PEND ACTIVE","41 | 0","11/02/2023","10/31/2024","DBA: LADY AND LARDER                        PRECIOUS FRUITS LLC                         9 DEL FINO PL , STE 101,                         CARMEL VALLEY, CA  93924-9568","PO BOX 222459                              CARMEL, CA  93923","41-625112","7","","26","2700","9 DEL FINO PL , STE 101","CARMEL VALLEY","27","93924","PO BOX 222459","CARMEL","93923","CA"
"653441","PEND WITHDRAWN","85 | 0","","","DBA: ARTISAN STYLE (CA ALTERNATE NAME FOR HONU VENTURES INC)                        ARTISAN STYLE                         315 MONTGOMERY ST, #909,                         SAN FRANCISCO, CA  94104","","","","","24","3800","315 MONTGOMERY ST, #909","SAN FRANCISCO","38","94104","","","",""
"653959","PEND ACTIVE","79 | 0","11/02/2023","06/30/2024","DBA: NORSEMAN@PETALUMA WALNUT PARK FARMERS MARKET, THE                        DOOKIE BROTHERS LLC, THE                         4TH AND D ST,                         PETALUMA, CA  94952","3890 CHEMISE MOUNTAIN RD                              WHITETHORN, CA  95589-8800","","","","27","4903","4TH AND D ST","PETALUMA","49","94952","3890 CHEMISE MOUNTAIN RD","WHITETHORN","95589","CA"
"654027","PEND ACTIVE","82 | 0","11/02/2023","10/31/2024","DBA: LUNDEEN WINES                        GENIUS LOCI LLC                         475 NE 17TH ST,                         MCMINNVILLE, OR  97128-3326","","","","","75","9999","475 NE 17TH ST","MCMINNVILLE","","97128","","","",""
"654073","PEND ACTIVE","21 | 0","11/02/2023","02/29/2024","DBA: CARNICERIA SAN MIGUEL                        ROMO MARTINEZ, CARLOS                         72450 RAMON RD, STE 104-105,                         THOUSAND PALMS, CA  92276-3399","72450 RAMON RD, STE 101                              THOUSAND PALMS, CA  92276-3399","21-587023","","","8","3300","72450 RAMON RD, STE 104-105","THOUSAND PALMS","33","92276","72450 RAMON RD, STE 101","THOUSAND PALMS","92276","CA"
"654075","PEND ACTIVE","47 | 1","11/02/2023","02/29/2024","DBA: TAQUERIA SAN MIGUEL #2                        ROMO MARTINEZ, CARLOS                         72450 RAMON RD, STE 101-103,                         THOUSAND PALMS, CA  92276-3399","72450 RAMON RD, STE 101                              THOUSAND PALMS, CA  92276-3399","47-590233","","","8","3300","72450 RAMON RD, STE 101-103","THOUSAND PALMS","33","92276","72450 RAMON RD, STE 101","THOUSAND PALMS","92276","CA"
"654075","PEND ACTIVE","58 | 1","11/02/2023","02/29/2024","DBA: TAQUERIA SAN MIGUEL #2                        ROMO MARTINEZ, CARLOS                         72450 RAMON RD, STE 101-103,                         THOUSAND PALMS, CA  92276-3399","72450 RAMON RD, STE 101                              THOUSAND PALMS, CA  92276-3399","47-590233","","","8","3300","72450 RAMON RD, STE 101-103","THOUSAND PALMS","33","92276","72450 RAMON RD, STE 101","THOUSAND PALMS","92276","CA"