"License Number","Status Changed From/To","Type| Dup","Original Issue Date","Expir. Date","Primary Owner and Premises Addr.","Mailing Addr.","Transfer-From/To","Conditions","Escrow","District Code","Geo Code","Prem Street","City","County","Zip Code","Mailing Street","Mailing City","Mailing Zip Code","Mailing State"
"407329","PEND CANCEL","20 | 0","11/19/2003","10/31/2024","WORLD OIL MARKETING COMPANY                         2310 MCKEE RD,                         SAN JOSE, CA  95116","9302 S GARFIELD AVE                              SOUTH GATE, CA  90280-3805","20-273290/ 20-650888","7","","25","4313","2310 MCKEE RD","SAN JOSE","43","95116","9302 S GARFIELD AVE","SOUTH GATE","90280","CA"
"447950","ACTIVE CANCEL","47 | 0","03/18/2008","02/29/2024","DBA: SOUTHWEST GRILL                        CANO, DAVID ALFREDO                         1326 W HILLSDALE BLVD,                         SAN MATEO, CA  94403-3125","","","7","","25","4113","1326 W HILLSDALE BLVD","SAN MATEO","41","94403","","","",""
"458363","ACTIVE CANCEL","47 | 1","02/08/2008","01/31/2024","DBA: BANK - PLATES & POURS, THE                        CNC PUMA CORPORATION                         28645 OLD TOWN FRONT ST,                         TEMECULA, CA  92590-1819","C/O MICHAEL CHO, PALMIERI TYLER, 1900 MAIN ST                              STE 700, IRVINE, CA  92614-7328","","7","","7","3322","28645 OLD TOWN FRONT ST","TEMECULA","33","92590","C/O MICHAEL CHO, PALMIERI TYLER, 1900 MAIN ST","IRVINE","92614","CA"
"458363","ACTIVE CANCEL","47 | 1","02/08/2008","01/31/2024","DBA: BANK - PLATES & POURS, THE                        CNC PUMA CORPORATION                         28645 OLD TOWN FRONT ST,                         TEMECULA, CA  92590-1819","C/O MICHAEL CHO, PALMIERI TYLER, 1900 MAIN ST                              STE 700, IRVINE, CA  92614-7328","","7","","7","3322","28645 OLD TOWN FRONT ST","TEMECULA","33","92590","C/O MICHAEL CHO, PALMIERI TYLER, 1900 MAIN ST","IRVINE","92614","CA"
"458363","ACTIVE CANCEL","58 | 1","02/08/2008","01/31/2024","DBA: BANK - PLATES & POURS, THE                        CNC PUMA CORPORATION                         28645 OLD TOWN FRONT ST,                         TEMECULA, CA  92590-1819","C/O MICHAEL CHO, PALMIERI TYLER, 1900 MAIN ST                              STE 700, IRVINE, CA  92614-7328","","7","","7","3322","28645 OLD TOWN FRONT ST","TEMECULA","33","92590","C/O MICHAEL CHO, PALMIERI TYLER, 1900 MAIN ST","IRVINE","92614","CA"
"467860","ACTIVE CANCEL","47 | 3","08/18/2008","07/31/2024","DBA: GEORGES GREEK CAFE                        GEORGES GREEK CAFE PINE INC                         100 W BROADWAY, STE 1200,                         LONG BEACH, CA  90802-9412","5316 E 2ND ST                              LONG BEACH, CA  90803-5324","47-393317/ 47-650265","7","","3","1932","100 W BROADWAY, STE 1200","LONG BEACH","19","90802","5316 E 2ND ST","LONG BEACH","90803","CA"
"467860","ACTIVE CANCEL","58 | 3","08/18/2008","07/31/2024","DBA: GEORGES GREEK CAFE                        GEORGES GREEK CAFE PINE INC                         100 W BROADWAY, STE 1200,                         LONG BEACH, CA  90802-9412","5316 E 2ND ST                              LONG BEACH, CA  90803-5324","47-393317/ 47-650265","7","","3","1932","100 W BROADWAY, STE 1200","LONG BEACH","19","90802","5316 E 2ND ST","LONG BEACH","90803","CA"
"467860","ACTIVE CANCEL","68 | 3","08/18/2008","07/31/2024","DBA: GEORGES GREEK CAFE                        GEORGES GREEK CAFE PINE INC                         100 W BROADWAY, STE 1200,                         LONG BEACH, CA  90802-9412","5316 E 2ND ST                              LONG BEACH, CA  90803-5324","47-393317/ 47-650265","7","","3","1932","100 W BROADWAY, STE 1200","LONG BEACH","19","90802","5316 E 2ND ST","LONG BEACH","90803","CA"
"467860","ACTIVE CANCEL","77 | 3","08/18/2008","07/31/2024","DBA: GEORGES GREEK CAFE                        GEORGES GREEK CAFE PINE INC                         100 W BROADWAY, STE 1200,                         LONG BEACH, CA  90802-9412","5316 E 2ND ST                              LONG BEACH, CA  90803-5324","47-393317/ 47-650265","7","","3","1932","100 W BROADWAY, STE 1200","LONG BEACH","19","90802","5316 E 2ND ST","LONG BEACH","90803","CA"
"475244","SUREND CANCEL","47 | 0","08/24/2009","07/31/2024","DBA: SHORECLIFFS GOLF CLUB                        SAN CLEMENTE BEACH COUNTRY CLUB                         501 AVENIDA VAQUERO,                         SAN CLEMENTE, CA  92672-3613","","47-379714/ 47-650865","","","11","3016","501 AVENIDA VAQUERO","SAN CLEMENTE","30","92672","","","",""
"477007","ACTIVE CANCEL","41 | 0","06/16/2009","05/31/2024","DBA: UPLAND ARENA SPORTS LLC                        UPLAND ARENA SPORTS LLC                         1721 W 11TH ST,                         UPLAND, CA  91786-3504","","41-429008/ 41-648752","7","","7","3600","1721 W 11TH ST","UPLAND","36","91786","","","",""
"503540","ACTIVE CANCEL","21 | 0","11/18/2010","10/31/2023","DBA: SUPERETTE MARKET                        ASFOUR, SALIM KAMEL                         901 HAIGHT ST,                         SAN FRANCISCO, CA  94117-3106","","21-363723/ 21-650364","7","JAMEEL SHIHADEH 333 GELLERT BLVD STE 145 DALY CITY, CA  94015","24","3800","901 HAIGHT ST","SAN FRANCISCO","38","94117","","","",""
"531020","ACTIVE SUREND","47 | 2","06/20/2013","05/31/2024","DBA: BROWNS BAR & GRILL                        BROWN'S BAR & GRILL, INC.                         5020 19 1/2 AVE,                         RIVERDALE, CA  93656-9505","PO BOX 278                              RIVERDALE, CA  93656-0278","47-504156/ 47-631877","7","CHICAGO TITLE CO 1460 W SEVENTH ST STE 102 HANFORD, CA  93230","21","1600","5020 19 1/2 AVE","RIVERDALE","16","93656","PO BOX 278","RIVERDALE","93656","CA"
"531020","ACTIVE SUREND","77 | 2","06/20/2013","05/31/2024","DBA: BROWNS BAR & GRILL                        BROWN'S BAR & GRILL, INC.                         5020 19 1/2 AVE,                         RIVERDALE, CA  93656-9505","PO BOX 278                              RIVERDALE, CA  93656-0278","47-504156/ 47-631877","7","CHICAGO TITLE CO 1460 W SEVENTH ST STE 102 HANFORD, CA  93230","21","1600","5020 19 1/2 AVE","RIVERDALE","16","93656","PO BOX 278","RIVERDALE","93656","CA"
"531020","ACTIVE SUREND","58 | 2","06/20/2013","05/31/2024","DBA: BROWNS BAR & GRILL                        BROWN'S BAR & GRILL, INC.                         5020 19 1/2 AVE,                         RIVERDALE, CA  93656-9505","PO BOX 278                              RIVERDALE, CA  93656-0278","47-504156/ 47-631877","7","CHICAGO TITLE CO 1460 W SEVENTH ST STE 102 HANFORD, CA  93230","21","1600","5020 19 1/2 AVE","RIVERDALE","16","93656","PO BOX 278","RIVERDALE","93656","CA"
"572794","SUSPEN ACTIVE","48 | 0","10/01/2018","03/31/2024","DBA: TARASCO BAR                        TARASCO BAR ENTERTAINMENT INC                         4523 GAGE AVE,                         BELL, CA  90201-1308","","48-461559","8","","2","1906","4523 GAGE AVE","BELL","19","90201","","","",""
"572794","SUSPEN ACTIVE","48 | 0","10/01/2018","03/31/2024","DBA: TARASCO BAR                        TARASCO BAR ENTERTAINMENT INC                         4523 GAGE AVE,                         BELL, CA  90201-1308","","48-461559","8","","2","1906","4523 GAGE AVE","BELL","19","90201","","","",""
"585313","ACTIVE SUREND","41 | 0","12/07/2017","11/30/2023","DBA: CASA DE SILVIA                        MEZA CAMPUZANO, ISAURO                         82720 MILES AVE,                         INDIO, CA  92201-4230","","","","","8","3309","82720 MILES AVE","INDIO","33","92201","","","",""
"588866","PEND ACTIVE","74 | 1","10/26/2023","09/30/2024","DBA: LUNA SEA SPIRITS                        WEK, DEVEN LESHEK                         815 ALMAR AVE, #14,                         SANTA CRUZ, CA  95060-5874","","","7","","26","4402","815 ALMAR AVE, #14","SANTA CRUZ","44","95060","","","",""
"588866","PEND ACTIVE","06 | 0","10/26/2023","09/30/2024","DBA: LUNA SEA SPIRITS                        WEK, DEVEN LESHEK                         815 ALMAR AVE, #14,                         SANTA CRUZ, CA  95060-5874","","","7","","26","4402","815 ALMAR AVE, #14","SANTA CRUZ","44","95060","","","",""
"588866","PEND ACTIVE","12 | 1","10/26/2023","09/30/2024","DBA: LUNA SEA SPIRITS                        WEK, DEVEN LESHEK                         815 ALMAR AVE, #14,                         SANTA CRUZ, CA  95060-5874","","","7","","26","4402","815 ALMAR AVE, #14","SANTA CRUZ","44","95060","","","",""
"591837","ACTIVE CANCEL","41 | 0","09/13/2018","08/31/2024","DBA: SAN PEDRO FISH MARKET                        SPFGRILLE, LLC                          1313 W SEPULVEDA BLVD,                         LOS ANGELES, CA  90501-5002","1190 NAGOYA WAY                              SAN PEDRO, CA  90731-4408","","","","3","1933","1313 W SEPULVEDA BLVD","LOS ANGELES","19","90501","1190 NAGOYA WAY","SAN PEDRO","90731","CA"
"595148","ACTIVE CANCEL","47 | 0","08/06/2018","07/31/2024","DBA: MAGOO'S GRILL AND BAR                        SAS JUGGERNAUT PARTNERS LLC                         1250 CONTRA COSTA BLVD,                         PLEASANT HILL, CA  94523","224 JEANNE DR                              PLEASANT HILL, CA  94523","47-287177/ 47-651659","7","UNITED BUSINESS BANK 500 YGNACIO VALLEY RD STE 200 WALNUT CREEK, CA  94596","22","0712","1250 CONTRA COSTA BLVD","PLEASANT HILL","07","94523","224 JEANNE DR","PLEASANT HILL","94523","CA"
"597062","REVPEN ACTIVE","41 | 0","08/22/2019","07/31/2024","KUANG RESTAURANT CORP                         452 MANOR PLZ,                         PACIFICA, CA  94044-1839","333 3RD AVE                              DALY CITY, CA  94014-2911","","7","","25","4109","452 MANOR PLZ","PACIFICA","41","94044","333 3RD AVE","DALY CITY","94014","CA"
"597062","REVPEN ACTIVE","41 | 0","08/22/2019","07/31/2024","KUANG RESTAURANT CORP                         452 MANOR PLZ,                         PACIFICA, CA  94044-1839","333 3RD AVE                              DALY CITY, CA  94014-2911","","7","","25","4109","452 MANOR PLZ","PACIFICA","41","94044","333 3RD AVE","DALY CITY","94014","CA"
"606466","R64B ACTIVE","47 | 0","10/10/2022","09/30/2024","DBA: 9TH & OLIVE                        9TH & OLIVE LLC                         908-912  S OLIVE ST,                         LOS ANGELES, CA  90015-1604","912 S OLIVE ST                              LOS ANGELES, CA  90015-1604","47-553673","7","ABC ESCROW 2222 DAMON STREET  LOS ANGELES, CA  90021","4","1933","908-912  S OLIVE ST","LOS ANGELES","19","90015","912 S OLIVE ST","LOS ANGELES","90015","CA"
"606913","ACTIVE CANCEL","41 | 0","08/25/2019","07/31/2024","DBA: HOT SALSA RESTAURANT                        HOT SALSA ENTERPRISE INC.                          14327 GARFIELD AVE,                         PARAMOUNT, CA  90723","310 N HELIOTROPE DR, #207                              LOS ANGELES, CA  90004","41-584431/ 41-650568","","ACE ESCROW INC 1725 S NOGALES ST STE 104 ROWLAND HEIGHTS, CA  91748","3","1942","14327 GARFIELD AVE","PARAMOUNT","19","90723","310 N HELIOTROPE DR, #207","LOS ANGELES","90004","CA"
"607257","ACTIVE CANCEL","41 | 0","09/30/2019","08/31/2023","DBA: TACOS EL PARIENTE #2                        TREJO, JOSE A                         400 E LAKE AVE,                         WATSONVILLE, CA  95076","","","","","26","4403","400 E LAKE AVE","WATSONVILLE","44","95076","","","",""
"610812","PEND WITHDRAWN","21 | 0","","","DBA: J R MARKET                        PRAMUKH ANAND INC                         5780 ETIWANDA AVE,                         JURUPA VALLEY, CA  91752-2260","5780 ETIWANDA AVE                              JURUPA VALLEY, CA  91752-2260","","5","","7","3329","5780 ETIWANDA AVE","JURUPA VALLEY","33","91752","5780 ETIWANDA AVE","JURUPA VALLEY","91752","CA"
"614293","ACTIVE CANCEL","21 | 0","04/01/2020","03/31/2024","DBA: NUMERO UNO #115                        NUMERO UNO ACQUISITIONS LLC                         9900 GARVEY AVE,                         EL MONTE, CA  91733-1230","15510 CARMENITA RD                              SANTA FE SPRINGS, CA  90670-5610","21-388796/ 21-650242","","","2","1918","9900 GARVEY AVE","EL MONTE","19","91733","15510 CARMENITA RD","SANTA FE SPRINGS","90670","CA"
"616018","SUSPEN ACTIVE","21 | 0","05/15/2020","04/30/2024","DBA: GOLDEN HOURS LIQUOR                        RUBIN'S MARKET                         3201 INTERNATIONAL BLVD,                         OAKLAND, CA  94601-2903","","21-556607","7","JAMEEL M SHIHADEH 333 GELLERT BLVD STE 145 DALY CITY, CA  94015","22","0109","3201 INTERNATIONAL BLVD","OAKLAND","01","94601","","","",""
"616018","SUSPEN ACTIVE","21 | 0","05/15/2020","04/30/2024","DBA: GOLDEN HOURS LIQUOR                        RUBIN'S MARKET                         3201 INTERNATIONAL BLVD,                         OAKLAND, CA  94601-2903","","21-556607","7","JAMEEL M SHIHADEH 333 GELLERT BLVD STE 145 DALY CITY, CA  94015","22","0109","3201 INTERNATIONAL BLVD","OAKLAND","01","94601","","","",""
"627636","REVPEN ACTIVE","41 | 0","08/02/2021","07/31/2024","DBA: LEFT  WING                        LEFT WING INC                         3090 OLSEN DR, STE 11015,                         SAN JOSE, CA  95128-2139","","","7","","25","4313","3090 OLSEN DR, STE 11015","SAN JOSE","43","95128","","","",""
"627636","REVPEN ACTIVE","41 | 0","08/02/2021","07/31/2024","DBA: LEFT  WING                        LEFT WING INC                         3090 OLSEN DR, STE 11015,                         SAN JOSE, CA  95128-2139","","","7","","25","4313","3090 OLSEN DR, STE 11015","SAN JOSE","43","95128","","","",""
"628149","AUTREV ACTIVE","41 | 0","02/09/2022","01/31/2024","DBA: ESTABLISHMINT, THE                        ESTABLISHMINT, LLC                           11088 OLSON DR, STE A,                         RANCHO CORDOVA, CA  95670-5650","11088 OLSON DR, STE A                              RANCHO CORDOVA, CA  95670-5650","41-460155/ 41-641487","7","CAPITOL CITY ESCROW  3838 WATT AVE  STE F-610  SACRAMENTO, CA  95821","23","3408","11088 OLSON DR, STE A","RANCHO CORDOVA","34","95670","11088 OLSON DR, STE A","RANCHO CORDOVA","95670","CA"
"628149","AUTREV ACTIVE","41 | 0","02/09/2022","01/31/2024","DBA: ESTABLISHMINT, THE                        ESTABLISHMINT, LLC                           11088 OLSON DR, STE A,                         RANCHO CORDOVA, CA  95670-5650","11088 OLSON DR, STE A                              RANCHO CORDOVA, CA  95670-5650","41-460155/ 41-641487","7","CAPITOL CITY ESCROW  3838 WATT AVE  STE F-610  SACRAMENTO, CA  95821","23","3408","11088 OLSON DR, STE A","RANCHO CORDOVA","34","95670","11088 OLSON DR, STE A","RANCHO CORDOVA","95670","CA"
"633741","PEND ACTIVE","47 | 0","10/26/2023","09/30/2024","DBA: MIA                        DOMINGUEZ, ALFONSO                         439 WATER ST,                         OAKLAND, CA  94607-3740","98 SELKIRK ST                              OAKLAND, CA  94619","","7,A","","22","0109","439 WATER ST","OAKLAND","01","94607","98 SELKIRK ST","OAKLAND","94619","CA"
"636849","REVPEN ACTIVE","41 | 0","08/10/2022","07/31/2024","DBA: CHAUPAIN BAKERY                        SEFB COMPANY                         211 AVENIDA DEL MAR, STE B,                         SAN CLEMENTE, CA  92672-5562","23552 COMMERCE CENTER DR , STE 1                              LAGUNA HILLS, CA  92653-1514","","","","11","3016","211 AVENIDA DEL MAR, STE B","SAN CLEMENTE","30","92672","23552 COMMERCE CENTER DR , STE 1","LAGUNA HILLS","92653","CA"
"636849","REVPEN ACTIVE","41 | 0","08/10/2022","07/31/2024","DBA: CHAUPAIN BAKERY                        SEFB COMPANY                         211 AVENIDA DEL MAR, STE B,                         SAN CLEMENTE, CA  92672-5562","23552 COMMERCE CENTER DR , STE 1                              LAGUNA HILLS, CA  92653-1514","","","","11","3016","211 AVENIDA DEL MAR, STE B","SAN CLEMENTE","30","92672","23552 COMMERCE CENTER DR , STE 1","LAGUNA HILLS","92653","CA"
"639803","AUTREV ACTIVE","28 | 0","08/01/2022","06/30/2024","AGUA DE LAS DULCES MATAS, S.A. DE C.V.                         CALLE AGUILAR FIGUEROA 55, INTERIOR 86, COLONIA LOMA BONITA,                         ZAPOPAN, JALISCO 45086, MEXICO","","","","","75","9999","CALLE AGUILAR FIGUEROA 55, INTERIOR 86, COLONIA LOMA BONITA","","","","","","",""
"639803","AUTREV ACTIVE","28 | 0","08/01/2022","06/30/2024","AGUA DE LAS DULCES MATAS, S.A. DE C.V.                         CALLE AGUILAR FIGUEROA 55, INTERIOR 86, COLONIA LOMA BONITA,                         ZAPOPAN, JALISCO 45086, MEXICO","","","","","75","9999","CALLE AGUILAR FIGUEROA 55, INTERIOR 86, COLONIA LOMA BONITA","","","","","","",""
"642308","PEND ACTIVE","21 | 0","10/26/2023","09/30/2024","DBA: JACKSON 212                        JACKSONS FOOD STORES INC                         2281 W CASMALIA ST,                         RIALTO, CA  92377-4470","3450 E COMMERCIAL CT                              MERIDIAN, ID  83642-8915","","5","","7","3609","2281 W CASMALIA ST","RIALTO","36","92377","3450 E COMMERCIAL CT","MERIDIAN","83642","ID"
"644266","REVPEN ACTIVE","28 | 0","11/23/2022","06/30/2024","BAUM WINE IMPORTS, INC.                         5999 BUTTERFIELD RD,                         HILLSIDE, IL  60162","54476 MARIAH RD                              MYRTLE POINT, OR  97458-8762","","","","75","9999","5999 BUTTERFIELD RD","HILLSIDE","","60162","54476 MARIAH RD","MYRTLE POINT","97458","OR"
"644266","REVPEN ACTIVE","28 | 0","11/23/2022","06/30/2024","BAUM WINE IMPORTS, INC.                         5999 BUTTERFIELD RD,                         HILLSIDE, IL  60162","54476 MARIAH RD                              MYRTLE POINT, OR  97458-8762","","","","75","9999","5999 BUTTERFIELD RD","HILLSIDE","","60162","54476 MARIAH RD","MYRTLE POINT","97458","OR"
"646411","PEND ACTIVE","41 | 0","10/27/2023","09/30/2024","DBA: SWEET ANGELS                        DAVIDSHDS LLC                         421 N RODEO DR, STE 11,                         BEVERLY HILLS, CA  90210-4514","","","","","4","1908","421 N RODEO DR, STE 11","BEVERLY HILLS","19","90210","","","",""
"646840","PEND ACTIVE","41 | 0","10/27/2023","09/30/2024","DBA: POOR RICHARD'S PIZZA                        RAYANI EMPIRE #2 CORP.                         19668 ORANGE BELT DR,                         STRATHMORE, CA  93267","6651 PICADILLY LN                              PORTERVILLE, CA  93257","","","","21","5400","19668 ORANGE BELT DR","STRATHMORE","54","93267","6651 PICADILLY LN","PORTERVILLE","93257","CA"
"646937","PEND ACTIVE","58 | 2","10/27/2023","09/30/2024","DBA: LIVING OUT                        ALICEB, LLC                         1122 E TAHQUITZ CANYON WAY,                         PALM SPRINGS, CA  92262","","47-458363","","ABC ESCROW 2222 DAMON ST  LOS ANGELES, CA  90021","8","3310","1122 E TAHQUITZ CANYON WAY","PALM SPRINGS","33","92262","","","",""
"646937","PEND ACTIVE","47 | 2","10/27/2023","09/30/2024","DBA: LIVING OUT                        ALICEB, LLC                         1122 E TAHQUITZ CANYON WAY,                         PALM SPRINGS, CA  92262","","47-458363","","ABC ESCROW 2222 DAMON ST  LOS ANGELES, CA  90021","8","3310","1122 E TAHQUITZ CANYON WAY","PALM SPRINGS","33","92262","","","",""
"646937","PEND ACTIVE","68 | 2","10/27/2023","09/30/2024","DBA: LIVING OUT                        ALICEB, LLC                         1122 E TAHQUITZ CANYON WAY,                         PALM SPRINGS, CA  92262","","47-458363","","ABC ESCROW 2222 DAMON ST  LOS ANGELES, CA  90021","8","3310","1122 E TAHQUITZ CANYON WAY","PALM SPRINGS","33","92262","","","",""
"646937","PEND ACTIVE","47 | 2","10/27/2023","09/30/2024","DBA: LIVING OUT                        ALICEB, LLC                         1122 E TAHQUITZ CANYON WAY,                         PALM SPRINGS, CA  92262","","47-458363","","ABC ESCROW 2222 DAMON ST  LOS ANGELES, CA  90021","8","3310","1122 E TAHQUITZ CANYON WAY","PALM SPRINGS","33","92262","","","",""
"647459","ACTIVE R64B","57 | 0","10/27/2023","09/30/2024","SAMO LIQUOR LICENSEE LLC                          1401 OCEAN AVE, STE 300,                         ROOFTOP, SANTA MONICA, CA  90401-2163","401 CONGRESS AVE, SUITE 2750                              AUSTIN, TX  78801","","7","CALIFORNIA BUSINESS ESCROW 1748 MAIN ST ESCALON, CA  95320-1927","3","1953","1401 OCEAN AVE, STE 300","SANTA MONICA","19","90401","401 CONGRESS AVE, SUITE 2750","AUSTIN","78801","TX"
"647459","ACTIVE R64B","57 | 0","10/27/2023","09/30/2024","SAMO LIQUOR LICENSEE LLC                          1401 OCEAN AVE, STE 300,                         ROOFTOP, SANTA MONICA, CA  90401-2163","401 CONGRESS AVE, SUITE 2750                              AUSTIN, TX  78801","","7","CALIFORNIA BUSINESS ESCROW 1748 MAIN ST ESCALON, CA  95320-1927","3","1953","1401 OCEAN AVE, STE 300","SANTA MONICA","19","90401","401 CONGRESS AVE, SUITE 2750","AUSTIN","78801","TX"
"647765","PEND ACTIVE","20 | 0","10/27/2023","09/30/2024","DBA: GOLDEN MARKET                        WESTERN & FLORENCE 7223 LLC                         7219 S WESTERN AVE,                         LOS ANGELES, CA  90047-2252","934 S SANTEE BLVD                               LOS ANGELES, CA  90015","20-548506","","ACE ESCROW INC 3030 W 8TH ST #408 LOS ANGELES, CA  90005","4","1933","7219 S WESTERN AVE","LOS ANGELES","19","90047","934 S SANTEE BLVD","LOS ANGELES","90015","CA"
"647951","PEND WITHDRAWN","85 | 0","","","DBA: CORK & STEM                        CORK & STEM LLC                          3692 MISSION MESA WAY,                         SAN DIEGO, CA  92120-1563","","638896","7","","10","3710","3692 MISSION MESA WAY","SAN DIEGO","37","92120","","","",""
"648255","PEND ACTIVE","09 | 1","10/27/2023","09/30/2024","DBA: ELITE BUZZ                        MERLAN, EMILEDE SUSANA                         6774 CALLE DE LINEA, STE 106,                         SAN DIEGO, CA  92154","4740 MISSION GORGE PL, PO BOX 600414                              SAN DIEGO, CA  92160","","","","10","3710","6774 CALLE DE LINEA, STE 106","SAN DIEGO","37","92154","4740 MISSION GORGE PL, PO BOX 600414","SAN DIEGO","92160","CA"
"648255","PEND ACTIVE","17 | 1","10/27/2023","09/30/2024","DBA: ELITE BUZZ                        MERLAN, EMILEDE SUSANA                         6774 CALLE DE LINEA, STE 106,                         SAN DIEGO, CA  92154","4740 MISSION GORGE PL, PO BOX 600414                              SAN DIEGO, CA  92160","","","","10","3710","6774 CALLE DE LINEA, STE 106","SAN DIEGO","37","92154","4740 MISSION GORGE PL, PO BOX 600414","SAN DIEGO","92160","CA"
"648261","PEND ACTIVE","41 | 0","10/27/2023","09/30/2024","DBA: SURF POINT COFFEEHOUSE                        SURF POINT COFFEE AND PLANTS LLC                         10 SEAL DR,                         WHITETHORN, CA  95589-9140","","","","","28","1200","10 SEAL DR","WHITETHORN","12","95589","","","",""
"648398","PEND ACTIVE","21 | 0","10/27/2023","09/30/2024","DBA: SAM'S LIQUOR & GROCERY                        NASHER, ABDULALIM SALEH                         2 WILBUR AVE,                         ANTIOCH, CA  94509-1812","","21-339108","","","22","0701","2 WILBUR AVE","ANTIOCH","07","94509","","","",""
"648432","PEND ACTIVE","47 | 1","10/27/2023","09/30/2024","DBA: DA BOCCERY                        DA BOCCERY LLC                         175 E VINEYARD AVE,                         LIVERMORE, CA  94550","2300 FIRST ST, STE 220                              LIVERMORE, CA  94550","47-437189","","OLD REPUBLIC TITLE 1000 BURNETT AVE STE 400 CONCORD, CA  94520-2088","22","0107","175 E VINEYARD AVE","LIVERMORE","01","94550","2300 FIRST ST, STE 220","LIVERMORE","94550","CA"
"648432","PEND ACTIVE","58 | 1","10/27/2023","09/30/2024","DBA: DA BOCCERY                        DA BOCCERY LLC                         175 E VINEYARD AVE,                         LIVERMORE, CA  94550","2300 FIRST ST, STE 220                              LIVERMORE, CA  94550","47-437189","","OLD REPUBLIC TITLE 1000 BURNETT AVE STE 400 CONCORD, CA  94520-2088","22","0107","175 E VINEYARD AVE","LIVERMORE","01","94550","2300 FIRST ST, STE 220","LIVERMORE","94550","CA"
"648432","PEND ACTIVE","47 | 1","10/27/2023","09/30/2024","DBA: DA BOCCERY                        DA BOCCERY LLC                         175 E VINEYARD AVE,                         LIVERMORE, CA  94550","2300 FIRST ST, STE 220                              LIVERMORE, CA  94550","47-437189","","OLD REPUBLIC TITLE 1000 BURNETT AVE STE 400 CONCORD, CA  94520-2088","22","0107","175 E VINEYARD AVE","LIVERMORE","01","94550","2300 FIRST ST, STE 220","LIVERMORE","94550","CA"
"648488","PEND ACTIVE","02 | 0","10/27/2023","06/30/2024","MARCELAIS MINE LLC                         4921 MARCELAIS RD,                         EL DORADO, CA  95623-4000","1230 SANDRA CIR                              PLACERVILLE, CA  95667-4842","","","","23","0900","4921 MARCELAIS RD","EL DORADO","09","95623","1230 SANDRA CIR","PLACERVILLE","95667","CA"
"648489","PEND ACTIVE","41 | 0","10/27/2023","09/30/2024","DBA: RED CHICKZ THE                        AKAMM INC                         2525 EL CAMINO REAL, STE 217,                         CARLSBAD, CA  92008-1208","","","","","9","3701","2525 EL CAMINO REAL, STE 217","CARLSBAD","37","92008","","","",""
"648752","PEND ACTIVE","41 | 0","10/26/2023","09/30/2024","DBA: SOFIVE                         CJD 2L CALIFORNIA LLC                         1721 W 11TH ST,                         UPLAND, CA  91786-3504","2015 PITKIN AVE                               BROOKLYN , NY  11207-3424","41-477007","7","CALIFORNIA BUSINESS ESCROW INC 1748 MAIN ST ESCALON, CA  95320-1927","7","3600","1721 W 11TH ST","UPLAND","36","91786","2015 PITKIN AVE","BROOKLYN","11207","NY"
"648897","PEND ACTIVE","20 | 0","10/26/2023","09/30/2024","FIESTA LATINA MARKET LLC                         110 DEMPSEY RD, STE 112,                         MILPITAS, CA  95035-5550","","","7","","25","4308","110 DEMPSEY RD, STE 112","MILPITAS","43","95035","","","",""
"648909","PEND ACTIVE","20 | 0","10/27/2023","09/30/2024","DBA: CALIFORNIA ETCHING                        PRYSM GROUP, INC                         1952 IROQUOIS ST,                         NAPA, CA  94559-1328","5098 MONACO DR                              PLEASANTON, CA  94566","20-397871","7,I","BUSINESS ESCROW SERVICE CENTER 3031 TISCH WAY STE 310 SAN JOSE, CA  95128","27","2802","1952 IROQUOIS ST","NAPA","28","94559","5098 MONACO DR","PLEASANTON","94566","CA"
"648909","PEND ACTIVE","17 | 0","10/27/2023","09/30/2024","DBA: CALIFORNIA ETCHING                        PRYSM GROUP, INC                         1952 IROQUOIS ST,                         NAPA, CA  94559-1328","5098 MONACO DR                              PLEASANTON, CA  94566","","7","BUSINESS ESCROW SERVICE CENTER 3031 TISCH WAY STE 310 SAN JOSE, CA  95128","27","2802","1952 IROQUOIS ST","NAPA","28","94559","5098 MONACO DR","PLEASANTON","94566","CA"
"649072","PEND ACTIVE","47 | 0","10/27/2023","09/30/2024","DBA: MOXIE                         UP ON PARK LLC                         1640 PARK ST,                         ALAMEDA, CA  94501","1201 SHERMAN ST                              ALAMEDA, CA  94501","47-582820","7","SUPREME ESCROW INC 3701 WILSHIRE BLVD STE 535 LOS ANGELES, CA  90010","22","0101","1640 PARK ST","ALAMEDA","01","94501","1201 SHERMAN ST","ALAMEDA","94501","CA"
"649203","PEND ACTIVE","41 | 0","10/26/2023","09/30/2024","DBA: TAQUERIA ZAVALA 2                        TAQUERIA MI RANCHITO LLC                         11907 LAKEWOOD BLVD,                         DOWNEY, CA  90241-5424","8042 ALBIA ST                              DOWNEY, CA  90242-2402","","","","2","1916","11907 LAKEWOOD BLVD","DOWNEY","19","90241","8042 ALBIA ST","DOWNEY","90242","CA"
"649215","PEND ACTIVE","41 | 0","10/26/2023","09/30/2024","DBA: YUPDDUK LA                        ALMG INVESTMENTS, LLC                          3603 W 6TH ST ,                         LOS ANGELES, CA  90020-3003","","","7","","4","1933","3603 W 6TH ST","LOS ANGELES","19","90020","","","",""
"649305","PEND ACTIVE","47 | 0","10/26/2023","09/30/2024","CASA NATALIA INC                         2091 N OXNARD BLVD,                         OXNARD, CA  93036-2964","","47-560113","7","ABC ESCROW 2222 DAMON ST  LOS ANGELES, CA  90021","12","5603","2091 N OXNARD BLVD","OXNARD","56","93036","","","",""
"649386","PEND ACTIVE","41 | 0","10/27/2023","09/30/2024","DBA: ZINGO'S CAFE INC.                        ZINGO'S CAFE INC.                          3201 BUCK OWENS BLVD, ZINGOS CAFE,                         BAKERSFIELD, CA  93308-6321","","","7","","6","1501","3201 BUCK OWENS BLVD, ZINGOS CAFE","BAKERSFIELD","15","93308","","","",""
"649676","PEND ACTIVE","41 | 0","10/26/2023","09/30/2024","DBA: BLUE BIRD HAUS                        BLUEBIRD HAUS, INC.                         1532 E BROADWAY,                         LONG BEACH, CA  90802-4034","","","7","","3","1932","1532 E BROADWAY","LONG BEACH","19","90802","","","",""
"649710","PEND ACTIVE","41 | 0","10/27/2023","09/30/2024","DBA: ALTAN'S PLACE                        MONGOLD LLC                         1782 SHATTUCK AVE,                         BERKELEY, CA  94709-1750","","","","","22","0103","1782 SHATTUCK AVE","BERKELEY","01","94709","","","",""
"649712","PEND ACTIVE","70 | 0","10/27/2023","09/30/2024","DBA: HOSTELING INTERNATIONAL SAN DIEGO DOWNTOWN                        AMERICAN YOUTH HOSTELS, INC                         521 MARKET ST,                         SAN DIEGO, CA  92101-7024","8455 COLESVILLE RD, STE 1225                              SILVER SPRING, MD  20910","","","","10","3710","521 MARKET ST","SAN DIEGO","37","92101","8455 COLESVILLE RD, STE 1225","SILVER SPRING","20910","MD"
"649733","PEND ACTIVE","41 | 0","10/26/2023","09/30/2024","GARDUNO RESTAURANTS #2, INC                         1313 W SEPULVEDA BLVD,                         LOS ANGELES, CA  90501-5002","","41-591837","","","3","1933","1313 W SEPULVEDA BLVD","LOS ANGELES","19","90501","","","",""
"649825","PEND ACTIVE","77 | 1","10/27/2023","09/30/2024","DBA: K & L WINE MERCHANTS                        BBCK ENTERPRISES INC                         4235 SEPULVEDA BLVD,                         CULVER CITY, CA  90230-4708","3005 EL CAMINO REAL                              REDWOOD CITY, CA  94061-4004","","7","CALIFORNIA BUSINESS ESCROW 1748 MAIN ST ESCALON, CA  95320-1927","4","1914","4235 SEPULVEDA BLVD","CULVER CITY","19","90230","3005 EL CAMINO REAL","REDWOOD CITY","94061","CA"
"649825","PEND ACTIVE","21 | 0","10/27/2023","09/30/2024","DBA: K & L WINE MERCHANTS                        BBCK ENTERPRISES INC                         4235 SEPULVEDA BLVD,                         CULVER CITY, CA  90230-4708","3005 EL CAMINO REAL                              REDWOOD CITY, CA  94061-4004","21-556489","7","CALIFORNIA BUSINESS ESCROW 1748 MAIN ST ESCALON, CA  95320-1927","4","1914","4235 SEPULVEDA BLVD","CULVER CITY","19","90230","3005 EL CAMINO REAL","REDWOOD CITY","94061","CA"
"649825","PEND ACTIVE","42 | 1","10/27/2023","09/30/2024","DBA: K & L WINE MERCHANTS                        BBCK ENTERPRISES INC                         4235 SEPULVEDA BLVD,                         CULVER CITY, CA  90230-4708","3005 EL CAMINO REAL                              REDWOOD CITY, CA  94061-4004","","7","CALIFORNIA BUSINESS ESCROW 1748 MAIN ST ESCALON, CA  95320-1927","4","1914","4235 SEPULVEDA BLVD","CULVER CITY","19","90230","3005 EL CAMINO REAL","REDWOOD CITY","94061","CA"
"649825","PEND ACTIVE","86 | 0","10/27/2023","09/30/2024","DBA: K & L WINE MERCHANTS                        BBCK ENTERPRISES INC                         4235 SEPULVEDA BLVD,                         CULVER CITY, CA  90230-4708","3005 EL CAMINO REAL                              REDWOOD CITY, CA  94061-4004","","","CALIFORNIA BUSINESS ESCROW 1748 MAIN ST ESCALON, CA  95320-1927","4","1914","4235 SEPULVEDA BLVD","CULVER CITY","19","90230","3005 EL CAMINO REAL","REDWOOD CITY","94061","CA"
"650085","PEND ACTIVE","20 | 0","10/27/2023","09/30/2024","DBA: FIRST & FAIR MARKET                        KAUR, DALJIT                         2715 W 1ST ST, STE A,                         SANTA ANA, CA  92703","","20-411742","7","LUCKY TEAM ESCROW INC 13305 BROOKHURST ST GARDEN GROVE, CA  92843-3117","11","3017","2715 W 1ST ST, STE A","SANTA ANA","30","92703","","","",""
"650155","PEND ACTIVE","41 | 0","10/27/2023","09/30/2024","DBA: KING PLUS SHABU SHABU                        KING PLUS INVESTMENT AND MANAGEMENT INC                          903 N CATALINA AVE, #100,                         REDONDO BEACH, CA  90277-2092","6781 WARM SPRINGS AVE                              LA VERNE, CA  91750","","7","","3","1946","903 N CATALINA AVE, #100","REDONDO BEACH","19","90277","6781 WARM SPRINGS AVE","LA VERNE","91750","CA"
"650242","PEND ACTIVE","21 | 0","10/26/2023","09/30/2024","DBA: NUMERO UNO #115                        SUPER CENTER CONCEPTS INC                         9900 GARVEY AVE,                         EL MONTE, CA  91733-1230","15510 CARMENITA RD                              SANTA FE SPRINGS, CA  90670-5610","21-614293","","","2","1918","9900 GARVEY AVE","EL MONTE","19","91733","15510 CARMENITA RD","SANTA FE SPRINGS","90670","CA"
"650265","PEND ACTIVE","47 | 3","10/26/2023","09/30/2024","DBA: GEORGE'S GREEK CAFE                        GEORGE'S GREEK CAFE, INC.                         100 W BROADWAY, STE 1200,                         LONG BEACH, CA  90802-9412","","47-467860","7","ESCROW WORLD INC 416 S SPRING ST STE 408 LOS ANGELES, CA  90013","3","1932","100 W BROADWAY, STE 1200","LONG BEACH","19","90802","","","",""
"650265","PEND ACTIVE","77 | 3","10/26/2023","09/30/2024","DBA: GEORGE'S GREEK CAFE                        GEORGE'S GREEK CAFE, INC.                         100 W BROADWAY, STE 1200,                         LONG BEACH, CA  90802-9412","","47-467860","7","ESCROW WORLD INC 416 S SPRING ST STE 408 LOS ANGELES, CA  90013","3","1932","100 W BROADWAY, STE 1200","LONG BEACH","19","90802","","","",""
"650265","PEND ACTIVE","68 | 3","10/26/2023","09/30/2024","DBA: GEORGE'S GREEK CAFE                        GEORGE'S GREEK CAFE, INC.                         100 W BROADWAY, STE 1200,                         LONG BEACH, CA  90802-9412","","47-467860","7","ESCROW WORLD INC 416 S SPRING ST STE 408 LOS ANGELES, CA  90013","3","1932","100 W BROADWAY, STE 1200","LONG BEACH","19","90802","","","",""
"650265","PEND ACTIVE","58 | 3","10/26/2023","09/30/2024","DBA: GEORGE'S GREEK CAFE                        GEORGE'S GREEK CAFE, INC.                         100 W BROADWAY, STE 1200,                         LONG BEACH, CA  90802-9412","","47-467860","7","ESCROW WORLD INC 416 S SPRING ST STE 408 LOS ANGELES, CA  90013","3","1932","100 W BROADWAY, STE 1200","LONG BEACH","19","90802","","","",""
"650345","PEND ACTIVE","41 | 0","10/26/2023","09/30/2024","DBA: IL TRAMEZZINO, INC.                        IL TRAMEZZINO, INC.                         454 N CANON DR,                         BEVERLY HILLS, CA  90210-4820","","","","","4","1908","454 N CANON DR","BEVERLY HILLS","19","90210","","","",""
"650364","PEND ACTIVE","21 | 0","10/26/2023","09/30/2024","DBA: SUPERETTE MARKET                        SUPERETTE MARKET LLC                         901 HAIGHT ST,                         SAN FRANCISCO, CA  94117-3106","","21-503540","7","LAW OFFICE OF JAMEEL M SHIHADEH 333 GELLERT BLVD STE 145 DALY CITY, CA  94015","24","3800","901 HAIGHT ST","SAN FRANCISCO","38","94117","","","",""
"650508","PEND ACTIVE","47 | 0","10/27/2023","09/30/2024","DBA: PRESS CLUB                        YBL HOSPITALITY PARTNERS LLC                         20 YERBA BUENA LN,                         SAN FRANCISCO, CA  94103-3183","1995 BROADWAY ST, STE 1201                              NEW YORK, NY  10023","47-646206","7","CALIFORNIA BUSINESS ESCROW","24","3800","20 YERBA BUENA LN","SAN FRANCISCO","38","94103","1995 BROADWAY ST, STE 1201","NEW YORK","10023","NY"
"650568","PEND ACTIVE","41 | 0","10/26/2023","09/30/2024","DBA: PANCHI'S RESTAURANT                        PANCHI'S RESTAURANT, INC.                         14327 GARFIELD AVE,                         PARAMOUNT, CA  90723","","41-606913","","HANA ESCROW COMPANY INC 6281 BEACH BLVD #333 BUENA PARK, CA  90621","3","1942","14327 GARFIELD AVE","PARAMOUNT","19","90723","","","",""
"650685","PEND ACTIVE","77 | 2","10/27/2023","09/30/2024","DBA: REVOLVER                        BOB'S GARAGE BAR, LLC                         8851 SANTA MONICA BLVD,                         WEST HOLLYWOOD, CA  90069-4534","","48-513464","","CALIFORNIA BUSINESS ESCROW 1748 MAIN ST ESCALON, CA  95320-1927","4","1983","8851 SANTA MONICA BLVD","WEST HOLLYWOOD","19","90069","","","",""
"650685","PEND ACTIVE","58 | 2","10/27/2023","09/30/2024","DBA: REVOLVER                        BOB'S GARAGE BAR, LLC                         8851 SANTA MONICA BLVD,                         WEST HOLLYWOOD, CA  90069-4534","","48-513464","","CALIFORNIA BUSINESS ESCROW 1748 MAIN ST ESCALON, CA  95320-1927","4","1983","8851 SANTA MONICA BLVD","WEST HOLLYWOOD","19","90069","","","",""
"650685","PEND ACTIVE","48 | 2","10/27/2023","09/30/2024","DBA: REVOLVER                        BOB'S GARAGE BAR, LLC                         8851 SANTA MONICA BLVD,                         WEST HOLLYWOOD, CA  90069-4534","","48-513464","","CALIFORNIA BUSINESS ESCROW 1748 MAIN ST ESCALON, CA  95320-1927","4","1983","8851 SANTA MONICA BLVD","WEST HOLLYWOOD","19","90069","","","",""
"650716","PEND ACTIVE","41 | 0","10/27/2023","09/30/2024","DBA: CHUCK E CHEESE'S                        CEC ENTERTAINMENT, LLC                         17069 VALLEY BLVD, STE D,                         FONTANA, CA  92335-6830","1707 MARKET PLACE BLVD, STE 200                              C/O LICENSING DEPT , IRVING, TX  75063-8049","41-176181","","","7","3604","17069 VALLEY BLVD, STE D","FONTANA","36","92335","1707 MARKET PLACE BLVD, STE 200","IRVING","75063","TX"
"650723","PEND ACTIVE","41 | 0","10/27/2023","09/30/2024","DBA: CHUCK E CHEESE'S                        CEC ENTERTAINMENT, LLC                         777 E HOSPITALITY LN,                         SAN BERNARDINO, CA  92408-3578","1707 MARKET PLACE BLVD, STE 200                              C/O LICENSING DEPT , IRVING, TX  75063-8049","41-397592","","","7","3610","777 E HOSPITALITY LN","SAN BERNARDINO","36","92408","1707 MARKET PLACE BLVD, STE 200","IRVING","75063","TX"
"650794","PEND ACTIVE","86 | 0","10/27/2023","09/30/2024","DBA: GROW THE PRODUCE SHOP                        CHEEMA INVESTMENTS, LLC                          300 S SANTA FE AVE, SUITE C,                         LOS ANGELES, CA  90013-3100","2726 PALO ALTO AVE                              CLOVIS, CA  93611-6827","86-554468","7","ESCROW WORLD INC 416 S SPRING ST STE 408 LOS ANGELES, CA  90013","4","1933","300 S SANTA FE AVE, SUITE C","LOS ANGELES","19","90013","2726 PALO ALTO AVE","CLOVIS","93611","CA"
"650794","PEND ACTIVE","21 | 0","10/27/2023","09/30/2024","DBA: GROW THE PRODUCE SHOP                        CHEEMA INVESTMENTS, LLC                          300 S SANTA FE AVE, SUITE C,                         LOS ANGELES, CA  90013-3100","2726 PALO ALTO AVE                              CLOVIS, CA  93611-6827","21-554468","7","ESCROW WORLD INC 416 S SPRING ST STE 408 LOS ANGELES, CA  90013","4","1933","300 S SANTA FE AVE, SUITE C","LOS ANGELES","19","90013","2726 PALO ALTO AVE","CLOVIS","93611","CA"
"650865","PEND ACTIVE","47 | 0","10/26/2023","09/30/2024","DBA: SHORECLIFFS GOLF MANAGEMENT INC                        SHORECLIFFS GOLF MANAGEMENT INC                         501 AVENIDA VAQUERO,                         SAN CLEMENTE, CA  92672-3613","","47-475244","","","11","3016","501 AVENIDA VAQUERO","SAN CLEMENTE","30","92672","","","",""
"650888","PEND ACTIVE","20 | 0","10/26/2023","09/30/2024","DBA: RFALCO,LLC&SINGH MANAGEMENT 075                        RFALCO LLC                         2310 MCKEE RD,                         SAN JOSE, CA  95116","9302 GARFIELD AVE                              SOUTH GATE, CA  90280-3805","20-407329","7","INNOVATIVE ESCROW 28212 KELLY JOHNSON PKWY STE 110 VALENCIA, CA  91355","25","4313","2310 MCKEE RD","SAN JOSE","43","95116","9302 GARFIELD AVE","SOUTH GATE","90280","CA"
"650925","PEND ACTIVE","41 | 0","10/26/2023","09/30/2024","DBA: JAVA EXPRESS LLC                        JAVA EXPRESS, LLC                         35692 BRIDGE DR,                         SPRINGVILLE, CA  93265","32033 PLEASANT OAK DR                              SPRINGVILLE, CA  93265-9373","","7","","21","5400","35692 BRIDGE DR","SPRINGVILLE","54","93265","32033 PLEASANT OAK DR","SPRINGVILLE","93265","CA"
"651050","PEND ACTIVE","23 | 0","10/26/2023","05/31/2024","DBA: ARMISTICE BREWING COMPANY                        ARMISTICE BREWING COMPANY, LLC                         1040 CLINTON ST,                         NAPA, CA  94559-2546","845 MARINA BAY PKWY, STE 1                              RICHMOND, CA  94804-6420","","7","","27","2802","1040 CLINTON ST","NAPA","28","94559","845 MARINA BAY PKWY, STE 1","RICHMOND","94804","CA"
"651090","PEND ACTIVE","47 | 0","10/26/2023","09/30/2024","DBA: CITIZENM                        MPK MENLO PARK BEVERAGE OPERATIONS LLC                         2 META WAY,                         MENLO PARK, CA  94025-1442","148 MADISON AVE, 2ND FLOOR                              NEW YORK, NY  10016-6784","47-447950","","CALIFORNIA BUSINESS ESCROW 1748 MAIN ST ESCALON, CA  95320-1927","25","4107","2 META WAY","MENLO PARK","41","94025","148 MADISON AVE, 2ND FLOOR","NEW YORK","10016","NY"
"651090","PEND ACTIVE","47 | 0","10/26/2023","09/30/2024","DBA: CITIZENM                        MPK MENLO PARK BEVERAGE OPERATIONS LLC                         2 META WAY,                         MENLO PARK, CA  94025-1442","148 MADISON AVE, 2ND FLOOR                              NEW YORK, NY  10016-6784","47-447950","","CALIFORNIA BUSINESS ESCROW 1748 MAIN ST ESCALON, CA  95320-1927","25","4107","2 META WAY","MENLO PARK","41","94025","148 MADISON AVE, 2ND FLOOR","NEW YORK","10016","NY"
"651123","PEND ACTIVE","02 | 1","10/26/2023","06/30/2024","DBA: GALANTE WINERY                        GALANTE FAMILY WINERY INC                         20300 CACHAGUA RD,                         CARMEL VALLEY, CA  93924-9372","PO BOX 223279                              CARMEL, CA  93922-3279","","","","26","2700","20300 CACHAGUA RD","CARMEL VALLEY","27","93924","PO BOX 223279","CARMEL","93922","CA"
"651123","PEND ACTIVE","81 | 1","10/26/2023","06/30/2024","DBA: GALANTE WINERY                        GALANTE FAMILY WINERY INC                         20300 CACHAGUA RD,                         CARMEL VALLEY, CA  93924-9372","PO BOX 223279                              CARMEL, CA  93922-3279","","","","26","2700","20300 CACHAGUA RD","CARMEL VALLEY","27","93924","PO BOX 223279","CARMEL","93922","CA"
"651245","PEND ACTIVE","02 | 0","10/27/2023","06/30/2024","DBA: ARROW & BRANCH                        LITTLE CREEK VINEYARD LLC                         1299 MAIN ST, STE A,                         SAINT HELENA, CA  94574-1957","PO BOX 1006                              COBB, CA  95426-1006","","7","","27","2803","1299 MAIN ST, STE A","SAINT HELENA","28","94574","PO BOX 1006","COBB","95426","CA"
"651314","PEND ACTIVE","02 | 0","10/26/2023","06/30/2024","DBA: TARPON CELLARS                        REBIRTH WINE BRANDS, LLC                         2731 & 2747 NAPA VALLEY CORPORATE DR,                         NAPA, CA  94558-6216","1632 NW ADISYN LN                              MCMINNVILLE, OR  97128-6690","","","","27","2802","2731 & 2747 NAPA VALLEY CORPORATE DR","NAPA","28","94558","1632 NW ADISYN LN","MCMINNVILLE","97128","OR"
"651457","PEND WITHDRAWN","23 | 0","","","DBA: COACHELLA VALLEY BREWING CO                        C.V. BREWING CO.                         155 S PALM CANYON DR , #B21,                         PALM SPRINGS, CA  92262-8302","30640 GUNTHER ST                              THOUSAND PALMS, CA  92276-2333","","","","8","3310","155 S PALM CANYON DR , #B21","PALM SPRINGS","33","92262","30640 GUNTHER ST","THOUSAND PALMS","92276","CA"
"651501","PEND ACTIVE","41 | 0","10/27/2023","09/30/2024","DBA: SALTY PEARL THE                        SALTY PEARL LLC THE                         550 2ND ST,                         OAKLAND, CA  94607","","","","","22","0109","550 2ND ST","OAKLAND","01","94607","","","",""
"651502","PEND ACTIVE","85 | 0","10/26/2023","09/30/2024","DBA: DOC'S WINE SHOP                        DOC'S WINE & CHEESE REVIVAL LLC                         22558 CANYON RIDGE PLACE,                         CASTRO VALLEY, CA  94552","","","7","","22","0100","22558 CANYON RIDGE PLACE","CASTRO VALLEY","01","94552","","","",""
"651533","PEND ACTIVE","41 | 0","10/26/2023","09/30/2024","DBA: GEORGE'S  COUNTRY CAFE                        COUNTRY CAFE FOODS INC                         18700 N HIGHWAY 88, STE B,                         LOCKEFORD, CA  95237","8858 LATIGO CT                              ROSEVILLE, CA  95747-8903","","","","29","3900","18700 N HIGHWAY 88, STE B","LOCKEFORD","39","95237","8858 LATIGO CT","ROSEVILLE","95747","CA"
"651604","PEND ACTIVE","41 | 0","10/27/2023","09/30/2024","DBA: PHO TAI                        PHO TAI CALI LLC                         151 W JACKSON ST,                         HAYWARD, CA  94544","","","","","22","0106","151 W JACKSON ST","HAYWARD","01","94544","","","",""
"651659","PEND ACTIVE","47 | 0","10/26/2023","09/30/2024","DBA: MAGOO'S BAR AND GRILL                        SALEMSBREWS LLC                         1250 CONTRA COSTA BLVD,                         PLEASANT HILL, CA  94523","1764 WOODCREST DR                              CONCORD, CA  94521","47-595148","7","CRESCENT LAND TITLE COMPANY 890 3RD ST CRESCENT CITY, CA  95531","22","0712","1250 CONTRA COSTA BLVD","PLEASANT HILL","07","94523","1764 WOODCREST DR","CONCORD","94521","CA"
"651673","PEND WITHDRAWN","47 | 0","","","HAPPY PLACE EATERY, LLC                         ,","1500 LOS ANGELES AVE                              VENTURA, CA  93004-3216","","","","12","","","","","","1500 LOS ANGELES AVE","VENTURA","93004","CA"
"651685","PEND WITHDRAWN","47 | 0","","","HISTORIC LODGE DEVELOPMENT, LP                         ,","PO BOX 23277                              VENTURA, CA  93002","","","","12","","","","","","PO BOX 23277","VENTURA","93002","CA"
"651767","PEND ACTIVE","40 | 0","10/27/2023","09/30/2024","DBA: NORTENO BAR AND GRILL                         NORTENO BAR & GRILL LLC                          7717 COMPTON AVE,                         LOS ANGELES, CA  90001-2611","8780 19TH ST #517, C/O ABL CONSULTING                              ALTA LOMA, CA  91701","40-556813","","SECURITY LAND ESCROW 10805 PARAMOUNT BLVD STE A DOWNEY, CA  90241-3308","4","1900","7717 COMPTON AVE","LOS ANGELES","19","90001","8780 19TH ST #517, C/O ABL CONSULTING","ALTA LOMA","91701","CA"
"651818","PEND WITHDRAWN","47 | 0","","","CALIFORNIA FISH GRILL INVESTMENTS, LLC                         ,","4041 MACARTHUR BLVD, STE 250                              NEWPORT BEACH, CA  92660","","","","12","","","","","","4041 MACARTHUR BLVD, STE 250","NEWPORT BEACH","92660","CA"
"651846","PEND ACTIVE","20 | 0","10/30/2023","06/30/2024","DBA: 7-ELEVEN STORE 38766A                        7 ELEVEN INC                         6291 ARCHIBALD AVE,                         EASTVALE, CA  92880","PO BOX 139044, ATTEN: LICENSING DEPARTMENT                              DALLAS, TX  75313-9044","20-621563","","7 ELEVEN INC PO BOX 139044 ATTN: LICENSING DEPARTMENT DALLAS, TX  75313-9044","7","3328","6291 ARCHIBALD AVE","EASTVALE","33","92880","PO BOX 139044, ATTEN: LICENSING DEPARTMENT","DALLAS","75313","TX"
"652080","PEND WITHDRAWN","47 | 0","","","PATRONYK, RYAN MATTHEW                         ,","3645 LA ENTRADA                              SANTA BARBARA, CA  93105","","","","12","","","","","","3645 LA ENTRADA","SANTA BARBARA","93105","CA"
"652088","PEND WITHDRAWN","47 | 0","","","MOGHADAM, GEORGE HARIRI                         ,","530 VINE PL                              OXNARD, CA  93033","","","","12","","","","","","530 VINE PL","OXNARD","93033","CA"
"652091","PEND WITHDRAWN","47 | 0","","","WEDGEWOOD BEVERAGE INC                         ,","43385 BUSINESS PARK DRIVE, SUITE 210                              TEMECULA, CA  92590","","","","12","","","","","","43385 BUSINESS PARK DRIVE, SUITE 210","TEMECULA","92590","CA"
"652145","PEND WITHDRAWN","47 | 0","","","RUFF HOUSE HOSPITALITY, INC                         ,","1390 FLYNN RD, STE H                              CAMARILLO, CA  93012","","","","12","","","","","","1390 FLYNN RD, STE H","CAMARILLO","93012","CA"
"652416","PEND WITHDRAWN","47 | 0","","","OCHOA, SILVIA TERESA SANDOVAL                         ,","2042 AVILA PL                              OXNARD, CA  93036","","","","12","","","","","","2042 AVILA PL","OXNARD","93036","CA"
"652427","PEND WITHDRAWN","47 | 0","","","NOVEEN, ALEXANDER                          ,","351 CORTEZ CIR                              CAMARILLO, CA  93012","","","","12","","","","","","351 CORTEZ CIR","CAMARILLO","93012","CA"
"652431","PEND WITHDRAWN","47 | 0","","","MOUTHFUL EATERY, LLC                         ,","2626 E THOUSAND OAKS BLVD                              THOUSAND OAKS, CA  91362-3254","","","","12","","","","","","2626 E THOUSAND OAKS BLVD","THOUSAND OAKS","91362","CA"
"652534","PEND WITHDRAWN","47 | 0","","","OJAI PLAYHOUSE, LLC                         ,","PO BOX 97                              OJAI, CA  93023-3209","","","","12","","","","","","PO BOX 97","OJAI","93023","CA"
"652590","PEND WITHDRAWN","47 | 0","","","Z A RESTAURANT GROUP LLC                         ,","100 WILSHIRE BLVD , STE 700                              SANTA MONICA, CA  90401-3602","","","","12","","","","","","100 WILSHIRE BLVD , STE 700","SANTA MONICA","90401","CA"
"652606","PEND WITHDRAWN","47 | 0","","","FIERRO CAFE INC                         ,","2248 TAPO ST                              SIMI VALLEY, CA  93063-3022","","","","12","","","","","","2248 TAPO ST","SIMI VALLEY","93063","CA"
"653821","PEND ACTIVE","82 | 0","10/26/2023","09/30/2024","DBA: HONEY MALCOM WINERY                        HONEY MALCOM WINERY INC                         2318 E 18TH ST,                         BREMERTON, WA  98310","","","","","75","9999","2318 E 18TH ST","BREMERTON","","98310","","","",""
"653918","PEND ACTIVE","20 | 0","10/27/2023","09/30/2024","DBA: M & M GROCERY                        ALSHAIBI, AREF KASSIM MOHAMED                         225 MARIE ST,                         MENDOTA, CA  93640","","20-512822","","","21","1009","225 MARIE ST","MENDOTA","10","93640","","","",""
"653988","PEND ACTIVE","26 | 0","10/26/2023","06/30/2024","DBA: HOWDY BEER                        1380 BREWING COMPANY, LLC                         1380 HORIZON AVE UNIT B,                         LAFAYETTE, CO  80026","","","","","75","9999","1380 HORIZON AVE UNIT B","LAFAYETTE","","80026","","","",""